Unity Editor version:    6000.5.6f1 (0e0577a1a2ac)
Branch:                  6000.5/staging
Build type:              Release
Batch mode:              YES
macOS version:           Version 15.5 (Build 24F74)
Darwin version:          24.5.0
Architecture:            arm64
Running under Rosetta:   NO
Available memory:        65536 MB
Date:                    2026-08-24T19:38:17Z
[Licensing::Module] Trying to connect to existing licensing client channel...
[Licensing::IpcConnector] Successfully connected to: "LicenseClient-jlashmet" at "2026-08-24T19:38:17.83153Z"
Launching external process: /Applications/Unity/Hub/Editor/6000.5.6f1/Unity.app/Contents/Helpers/PackageManager/Server/UnityPackageManager

COMMAND LINE ARGUMENTS:
/Applications/Unity/Hub/Editor/6000.5.6f1/Unity.app/Contents/MacOS/Unity
-projectPath
/Users/jlashmet/code/voxel
-batchmode
-runTests
-testPlatform
PlayMode
-testFilter
VoxelEngine.Tests.PlayMode.KentridgePubExitPlayTests.ProductionCatalogueCompositionLeavesOpeningTorsoVoxelClear;VoxelEngine.Tests.PlayMode.KentridgeOpeningCameraReadabilityTests.CapturedOpeningCameraHasAuthoritativeLineOfSightToInitialCast
-testResults
/Users/jlashmet/code/voxel/SceneIssues/20260824-024358-011-KentridgePlayableSlice/verification-final-focused-clean-results.xml
-logFile
/Users/jlashmet/code/voxel/SceneIssues/20260824-024358-011-KentridgePlayableSlice/verification-final-focused-clean-unity.log
Successfully changed project path to: /Users/jlashmet/code/voxel
/Users/jlashmet/code/voxel
[UnityMemory] Configuration Parameters - Can be set up in boot.config
    "memorysetup-temp-allocator-size-gi-baking-worker=262144"
    "memorysetup-temp-allocator-size-gi-baking-worker=262144"
    "memorysetup-temp-allocator-size-gi-baking-worker=262144"
    "memorysetup-temp-allocator-size-gi-baking-worker=262144"
    "memorysetup-temp-allocator-size-gi-baking-worker=262144"
    "memorysetup-temp-allocator-size-nav-mesh-worker=65536"
    "memorysetup-temp-allocator-size-audio-worker=65536"
    "memorysetup-temp-allocator-size-cloud-worker=32768"
    "memorysetup-allocator-temp-initial-block-size-main=262144"
    "memorysetup-allocator-temp-initial-block-size-worker=262144"
    "memorysetup-temp-allocator-size-preload-manager=33554432"
    "memorysetup-temp-allocator-size-gfx=262144"
    "memorysetup-temp-allocator-size-background-worker=32768"
    "memorysetup-temp-allocator-size-job-worker=262144"
    "memorysetup-bucket-allocator-granularity=16"
    "memorysetup-bucket-allocator-bucket-count=8"
    "memorysetup-bucket-allocator-block-size=33554432"
    "memorysetup-bucket-allocator-block-count=8"
    "memorysetup-main-allocator-block-size=16777216"
    "memorysetup-thread-allocator-block-size=16777216"
    "memorysetup-main-allocator-mimalloc-enabled=0"
    "memorysetup-gfx-main-allocator-block-size=16777216"
    "memorysetup-gfx-thread-allocator-block-size=16777216"
    "memorysetup-cache-allocator-block-size=4194304"
    "memorysetup-typetree-allocator-block-size=2097152"
    "memorysetup-profiler-bucket-allocator-granularity=16"
    "memorysetup-profiler-bucket-allocator-bucket-count=8"
    "memorysetup-profiler-bucket-allocator-block-size=33554432"
    "memorysetup-profiler-bucket-allocator-block-count=8"
    "memorysetup-profiler-allocator-block-size=16777216"
    "memorysetup-profiler-editor-allocator-block-size=1048576"
    "memorysetup-temp-allocator-size-main=16777216"
    "memorysetup-job-temp-allocator-block-size=2097152"
    "memorysetup-job-temp-allocator-block-size-background=1048576"
    "memorysetup-job-temp-allocator-reduction-small-platforms=262144"
Logging is directed to a specific file, skipping project log.Player connection [8495210240]  Target information:

Player connection [8495210240]  * "[IP] 192.168.68.59 [Port] 55504 [Flags] 2 [Guid] 506238417 [EditorId] 506238417 [Version] 1048832 [Id] OSXEditor(0,Jasons-MacBook-Pro.local) [Debug] 1 [PackageName] OSXEditor [ProjectName] Editor"

Player connection [8495210240] Host joined multi-casting on [225.0.0.222:54997]...
Player connection [8495210240] Host joined alternative multi-casting on [225.0.0.222:34997]...
Input System module state changed to: Initialized.
[Physics::Module] Initialized fallback backend.
[Physics::Module] Id: 0xdecafbad
[Licensing::Client] Error: HandshakeResponse reported an error:
	ResponseCode: 505
	ResponseStatus: Unsupported protocol version '1.18.1'.
[Licensing::Module] Error: Failed to handshake to channel: "LicenseClient-jlashmet"
[Licensing::IpcConnector] LicenseClient-jlashmet channel disconnected successfully.
[Licensing::IpcConnector] Channel LicenseClient-jlashmet-6000.5.6 doesn't exist
Launching external process: /Applications/Unity/Hub/Editor/6000.5.6f1/Unity.app/Contents/Helpers/UnityLicensingClient.app/Contents/MacOS/Unity.Licensing.Client
[Licensing::Module] Successfully launched the LicensingClient (PId: 60005)
[Package Manager] Connected to IPC stream "Upm-59957" after 0.1 seconds.
[Licensing::Module] Licensing is not yet initialized.
[Licensing::IpcConnector] Successfully connected to: "LicenseClient-jlashmet-6000.5.6" at "2026-08-24T19:38:18.094183Z"
[Licensing::Client] Handshaking with LicensingClient:
  Version:                 1.18.1+9fbee8e
  Session Id:              bb29ff31525447b0ae014fc37b0d1fc1
  Correlation Id:          6a9a262877521c6832fe14eaec1229b8
  External correlation Id: 3988251683451239503
  Machine Id:              +RIQ8xEkJcR9okhzEI7uTO1sGwM=
[Licensing::Module] Successfully connected to LicensingClient on channel: "LicenseClient-jlashmet-6000.5.6" (connect: 0.11s, validation: 0.01s, handshake: 0.15s)
[Licensing::IpcConnector] Successfully connected to: "LicenseClient-jlashmet-6000.5.6-notifications" at "2026-08-24T19:38:18.254959Z"
[Licensing::Module] Connected to LicensingClient (PId: 60005, launch time: 0.00, total connection time: 0.27s)
[Licensing::Module] Error: Access token is unavailable; failed to update
[Licensing::Client] Successfully resolved entitlement details
[Licensing::Module] License group:
  Id: 3465641-UnityPersXXXX
  Product: Unity Personal
  Type: Assigned
  Expiration: Unlimited
[Licensing::Client] Successfully updated license, isAsync: True, time: 0.00
[Licensing::Module] Licensing Background thread has ended after 0.43s
[Licensing::Module] Licensing is initialized (took 0.25s).
[Licensing::Client] Successfully resolved entitlement details
Library Redirect Path: Library/
[Physics::Module] Selected backend.
[Physics::Module] Name: PhysX
[Physics::Module] Id: 0xf2b8ea05
[Physics::Module] SDK Version: 4.1.2
[Physics::Module] Integration Version: 1.0.0
[Physics::Module] Threading Mode: Multi-Threaded
Initialize engine version: 6000.5.6f1 (0e0577a1a2ac)
[Subsystems] Discovering subsystems at path /Applications/Unity/Hub/Editor/6000.5.6f1/Unity.app/Contents/Resources/UnitySubsystems
[Subsystems] Discovering subsystems at path /Users/jlashmet/code/voxel/Assets
GfxDevice: creating device client; kGfxThreadingModeNonThreaded
 preferred device: Apple M4 Max (high power)
Metal devices available: 1
0: Apple M4 Max (high power)
Using device Apple M4 Max (high power)
Initializing Metal device caps: Apple M4 Max
Mac GPU Family: 2
Apple GPU Family: 9
MSL Version: 3.0
Has Float MSAA: 1
Has Float Filtering: 1
ReadWrite Texture Tier: 2
Initialize mono
Mono path[0] = '/Applications/Unity/Hub/Editor/6000.5.6f1/Unity.app/Contents/Resources/Scripting/Managed'
Mono path[1] = '/Applications/Unity/Hub/Editor/6000.5.6f1/Unity.app/Contents/Resources/Scripting/BCLExtensions/runtime/netstandard2.1'
Mono path[2] = '/Applications/Unity/Hub/Editor/6000.5.6f1/Unity.app/Contents/Resources/Scripting/MonoBleedingEdge/lib/mono/unityjit-macos'
Mono config path = '/Applications/Unity/Hub/Editor/6000.5.6f1/Unity.app/Contents/Resources/Scripting/MonoBleedingEdge/etc'
Using monoOptions --debugger-agent=transport=dt_socket,embedding=1,server=y,suspend=n,address=127.0.0.1:56957
CodeReloadManager initialized
ImportWorker Server TCP listen port: 0
AcceleratorClientConnectionCallback - disconnected - :0
Begin MonoManager ReloadAssembly
Registering precompiled unity dll's ...
Register platform support module: /Applications/Unity/Hub/Editor/6000.5.6f1/PlaybackEngines/WebGLSupport/UnityEditor.WebGL.Extensions.dll
Register platform support module: /Applications/Unity/Hub/Editor/6000.5.6f1/PlaybackEngines/MacStandaloneSupport/UnityEditor.OSXStandalone.Extensions.dll
Registered in 0.000294 seconds.
Native extension for OSXStandalone target not found
Native extension for WebGL target not found
Package Manager log level set to [2]
ScheduleIndexationOnStartup MainProcess:False IndexOnStartup:True
Mono: successfully reloaded assembly
- Finished resetting the current domain, in  0.179 seconds
Domain Reload Profiling: 370ms
	BeginReloadAssembly (33ms)
	RebuildNativeTypeToScriptingClass (8ms)
	initialDomainReloadingComplete (22ms)
	LoadAllAssembliesAndSetupDomain (126ms)
		LoadAssemblies (31ms)
		AnalyzeDomain (96ms)
			TypeCache.Refresh (95ms)
				TypeCache.ScanAssembly (89ms)
	FinalizeReload (179ms)
		SetupLoadedEditorAssemblies (0ms)
			BeforeProcessingInitializeOnLoad (41ms)
			ProcessInitializeOnLoadAttributes (42ms)
			ProcessInitializeOnLoadMethodAttributes (61ms)
[Licensing::Client] Successfully resolved entitlement details
Application.AssetDatabase Initial Refresh Start
[Package Manager] Restoring resolved packages state from cache
[Licensing::Client] Successfully resolved entitlement details
[Package Manager] Registered 66 packages:
  Packages from [https://packages.unity.com]:
    com.unity.ai.navigation@2.0.14 (location: /Users/jlashmet/code/voxel/Library/PackageCache/com.unity.ai.navigation@134dd6a3b97b)
    com.unity.analytics@3.8.2 (location: /Users/jlashmet/code/voxel/Library/PackageCache/com.unity.analytics@c9d14a6bdec6)
    com.unity.burst@1.8.29 (location: /Users/jlashmet/code/voxel/Library/PackageCache/com.unity.burst@6bb9aca3ef38)
    com.unity.collab-proxy@2.13.3 (location: /Users/jlashmet/code/voxel/Library/PackageCache/com.unity.collab-proxy@4f3be89e8675)
    com.unity.ide.rider@3.0.38 (location: /Users/jlashmet/code/voxel/Library/PackageCache/com.unity.ide.rider@1f60b3138684)
    com.unity.ide.visualstudio@2.0.26 (location: /Users/jlashmet/code/voxel/Library/PackageCache/com.unity.ide.visualstudio@a99d56dec63f)
    com.unity.purchasing@5.4.2 (location: /Users/jlashmet/code/voxel/Library/PackageCache/com.unity.purchasing@290a16a9a099)
    com.unity.timeline@1.8.12 (location: /Users/jlashmet/code/voxel/Library/PackageCache/com.unity.timeline@8cd8509afae5)
    com.unity.xr.legacyinputhelpers@3.0.1 (location: /Users/jlashmet/code/voxel/Library/PackageCache/com.unity.xr.legacyinputhelpers@3f62d634f63b)
    com.unity.services.core@1.18.0 (location: /Users/jlashmet/code/voxel/Library/PackageCache/com.unity.services.core@3464cb68d709)
    com.unity.nuget.mono-cecil@1.11.6 (location: /Users/jlashmet/code/voxel/Library/PackageCache/com.unity.nuget.mono-cecil@ecb9724e46ff)
    com.unity.test-framework.performance@3.5.0 (location: /Users/jlashmet/code/voxel/Library/PackageCache/com.unity.test-framework.performance@8b56083ec0f0)
    com.unity.services.analytics@6.3.0 (location: /Users/jlashmet/code/voxel/Library/PackageCache/com.unity.services.analytics@cde4e6cf92f9)
    com.unity.nuget.newtonsoft-json@3.2.2 (location: /Users/jlashmet/code/voxel/Library/PackageCache/com.unity.nuget.newtonsoft-json@4dfd81071c64)
    com.unity.searcher@4.9.4 (location: /Users/jlashmet/code/voxel/Library/PackageCache/com.unity.searcher@d45a78918735)
  Built-in packages:
    com.unity.2d.sprite@1.0.0 (location: /Users/jlashmet/code/voxel/Library/PackageCache/com.unity.2d.sprite@053a968eab56)
    com.unity.2d.tilemap@1.0.0 (location: /Users/jlashmet/code/voxel/Library/PackageCache/com.unity.2d.tilemap@b959501fd678)
    com.unity.collections@6.5.0 (location: /Users/jlashmet/code/voxel/Library/PackageCache/com.unity.collections@a43cabe808ca)
    com.unity.mathematics@1.4.0 (location: /Users/jlashmet/code/voxel/Library/PackageCache/com.unity.mathematics@981956d94fb6)
    com.unity.multiplayer.center@1.0.1 (location: /Users/jlashmet/code/voxel/Library/PackageCache/com.unity.multiplayer.center@b860850997d0)
    com.unity.render-pipelines.universal@17.5.0 (location: /Users/jlashmet/code/voxel/Library/PackageCache/com.unity.render-pipelines.universal@73b4c4ff130e)
    com.unity.test-framework@1.7.0 (location: /Users/jlashmet/code/voxel/Library/PackageCache/com.unity.test-framework@1405238725ab)
    com.unity.transport@6.5.0 (location: /Users/jlashmet/code/voxel/Library/PackageCache/com.unity.transport@0c07c94c2861)
    com.unity.ugui@2.5.0 (location: /Users/jlashmet/code/voxel/Library/PackageCache/com.unity.ugui@67707a67a4ab)
    com.unity.modules.accessibility@1.0.0 (location: /Users/jlashmet/code/voxel/Library/PackageCache/com.unity.modules.accessibility)
    com.unity.modules.adaptiveperformance@1.0.0 (location: /Users/jlashmet/code/voxel/Library/PackageCache/com.unity.modules.adaptiveperformance)
    com.unity.modules.ai@1.0.0 (location: /Users/jlashmet/code/voxel/Library/PackageCache/com.unity.modules.ai)
    com.unity.modules.androidjni@1.0.0 (location: /Users/jlashmet/code/voxel/Library/PackageCache/com.unity.modules.androidjni)
    com.unity.modules.animation@1.0.0 (location: /Users/jlashmet/code/voxel/Library/PackageCache/com.unity.modules.animation)
    com.unity.modules.assetbundle@1.0.0 (location: /Users/jlashmet/code/voxel/Library/PackageCache/com.unity.modules.assetbundle)
    com.unity.modules.audio@1.0.0 (location: /Users/jlashmet/code/voxel/Library/PackageCache/com.unity.modules.audio)
    com.unity.modules.cloth@1.0.0 (location: /Users/jlashmet/code/voxel/Library/PackageCache/com.unity.modules.cloth)
    com.unity.modules.director@1.0.0 (location: /Users/jlashmet/code/voxel/Library/PackageCache/com.unity.modules.director)
    com.unity.modules.imageconversion@1.0.0 (location: /Users/jlashmet/code/voxel/Library/PackageCache/com.unity.modules.imageconversion)
    com.unity.modules.imgui@1.0.0 (location: /Users/jlashmet/code/voxel/Library/PackageCache/com.unity.modules.imgui)
    com.unity.modules.jsonserialize@1.0.0 (location: /Users/jlashmet/code/voxel/Library/PackageCache/com.unity.modules.jsonserialize)
    com.unity.modules.particlesystem@1.0.0 (location: /Users/jlashmet/code/voxel/Library/PackageCache/com.unity.modules.particlesystem)
    com.unity.modules.physics@1.0.0 (location: /Users/jlashmet/code/voxel/Library/PackageCache/com.unity.modules.physics)
    com.unity.modules.physics2d@1.0.0 (location: /Users/jlashmet/code/voxel/Library/PackageCache/com.unity.modules.physics2d)
    com.unity.modules.physicscore2d@1.0.0 (location: /Users/jlashmet/code/voxel/Library/PackageCache/com.unity.modules.physicscore2d)
    com.unity.modules.screencapture@1.0.0 (location: /Users/jlashmet/code/voxel/Library/PackageCache/com.unity.modules.screencapture)
    com.unity.modules.terrain@1.0.0 (location: /Users/jlashmet/code/voxel/Library/PackageCache/com.unity.modules.terrain)
    com.unity.modules.terrainphysics@1.0.0 (location: /Users/jlashmet/code/voxel/Library/PackageCache/com.unity.modules.terrainphysics)
    com.unity.modules.tilemap@1.0.0 (location: /Users/jlashmet/code/voxel/Library/PackageCache/com.unity.modules.tilemap)
    com.unity.modules.ui@1.0.0 (location: /Users/jlashmet/code/voxel/Library/PackageCache/com.unity.modules.ui)
    com.unity.modules.uielements@1.0.0 (location: /Users/jlashmet/code/voxel/Library/PackageCache/com.unity.modules.uielements)
    com.unity.modules.umbra@1.0.0 (location: /Users/jlashmet/code/voxel/Library/PackageCache/com.unity.modules.umbra)
    com.unity.modules.unityanalytics@1.0.0 (location: /Users/jlashmet/code/voxel/Library/PackageCache/com.unity.modules.unityanalytics)
    com.unity.modules.unitywebrequest@1.0.0 (location: /Users/jlashmet/code/voxel/Library/PackageCache/com.unity.modules.unitywebrequest)
    com.unity.modules.unitywebrequestassetbundle@1.0.0 (location: /Users/jlashmet/code/voxel/Library/PackageCache/com.unity.modules.unitywebrequestassetbundle)
    com.unity.modules.unitywebrequestaudio@1.0.0 (location: /Users/jlashmet/code/voxel/Library/PackageCache/com.unity.modules.unitywebrequestaudio)
    com.unity.modules.unitywebrequesttexture@1.0.0 (location: /Users/jlashmet/code/voxel/Library/PackageCache/com.unity.modules.unitywebrequesttexture)
    com.unity.modules.unitywebrequestwww@1.0.0 (location: /Users/jlashmet/code/voxel/Library/PackageCache/com.unity.modules.unitywebrequestwww)
    com.unity.modules.vectorgraphics@1.0.0 (location: /Users/jlashmet/code/voxel/Library/PackageCache/com.unity.modules.vectorgraphics)
    com.unity.modules.vehicles@1.0.0 (location: /Users/jlashmet/code/voxel/Library/PackageCache/com.unity.modules.vehicles)
    com.unity.modules.video@1.0.0 (location: /Users/jlashmet/code/voxel/Library/PackageCache/com.unity.modules.video)
    com.unity.modules.wind@1.0.0 (location: /Users/jlashmet/code/voxel/Library/PackageCache/com.unity.modules.wind)
    com.unity.modules.xr@1.0.0 (location: /Users/jlashmet/code/voxel/Library/PackageCache/com.unity.modules.xr)
    com.unity.modules.subsystems@1.0.0 (location: /Users/jlashmet/code/voxel/Library/PackageCache/com.unity.modules.subsystems)
    com.unity.modules.hierarchycore@1.0.0 (location: /Users/jlashmet/code/voxel/Library/PackageCache/com.unity.modules.hierarchycore)
    com.unity.ext.nunit@2.1.0 (location: /Users/jlashmet/code/voxel/Library/PackageCache/com.unity.ext.nunit@44f7d31723bd)
    com.unity.render-pipelines.core@17.5.0 (location: /Users/jlashmet/code/voxel/Library/PackageCache/com.unity.render-pipelines.core@645717f21c5f)
    com.unity.shadergraph@17.5.0 (location: /Users/jlashmet/code/voxel/Library/PackageCache/com.unity.shadergraph@8d7376ec43ee)
    com.unity.render-pipelines.universal-config@17.5.0 (location: /Users/jlashmet/code/voxel/Library/PackageCache/com.unity.render-pipelines.universal-config@fdda01c80fe3)
  Embedded packages:
    com.mountingforce.worldgen@file:/Users/jlashmet/code/voxel/Packages/com.mountingforce.worldgen (location: /Users/jlashmet/code/voxel/Packages/com.mountingforce.worldgen)
  Git packages:
    com.coplaydev.unity-mcp@https://github.com/CoplayDev/unity-mcp.git?path=/MCPForUnity#main (location: /Users/jlashmet/code/voxel/Library/PackageCache/com.coplaydev.unity-mcp@8bd91ce7bd3a)
[Subsystems] No new subsystems found in resolved package list.
[Package Manager] Done registering packages in 0.01 seconds
[ScriptCompilation] Requested script compilation because: AssetDatabase observed changes in script compilation related files
Assembly for Assembly Definition File 'Assets/VoxelEngine/StructuralIntegrity/Api/VoxelEngine.StructuralIntegrity.Api.asmdef' will not be compiled, because it has no scripts associated with it.
UnityEngine.Debug:ExtractStackTraceNoAlloc (byte*,int,string)
UnityEngine.StackTraceUtility:ExtractStackTrace () (at /Users/bokken/build/output/unity/unity/Runtime/Export/Scripting/StackTrace.cs:35)
UnityEngine.DebugLogHandler:Internal_Log (UnityEngine.LogType,UnityEngine.LogOption,string,UnityEngine.Object)
UnityEngine.DebugLogHandler:LogFormat (UnityEngine.LogType,UnityEngine.Object,string,object[])
UnityEngine.Logger:LogFormat (UnityEngine.LogType,string,object[])
UnityEngine.Debug:LogWarningFormat (string,object[])
UnityEditor.Scripting.ScriptCompilation.EditorCompilation:WarnIfThereAreAssembliesWithoutAnyScripts (UnityEditor.Scripting.ScriptCompilation.ScriptAssemblySettings,UnityEditor.Scripting.ScriptCompilation.ScriptAssembly[]) (at /Users/bokken/build/output/unity/unity/Editor/Mono/Scripting/ScriptCompilation/EditorCompilation.cs:814)
UnityEditor.Scripting.ScriptCompilation.EditorCompilation:CompileScriptsWithSettings (UnityEditor.Scripting.ScriptCompilation.ScriptAssemblySettings) (at /Users/bokken/build/output/unity/unity/Editor/Mono/Scripting/ScriptCompilation/EditorCompilation.cs:871)
UnityEditor.Scripting.ScriptCompilation.EditorCompilation:CompileScripts (UnityEditor.Scripting.ScriptCompilation.EditorScriptCompilationOptions,UnityEditor.BuildTarget,int,string[]) (at /Users/bokken/build/output/unity/unity/Editor/Mono/Scripting/ScriptCompilation/EditorCompilation.cs:748)
UnityEditor.Scripting.ScriptCompilation.EditorCompilationInterface/<>c__DisplayClass21_0:<CompileScripts>b__0 () (at /Users/bokken/build/output/unity/unity/Editor/Mono/Scripting/ScriptCompilation/EditorCompilationInterface.cs:187)
UnityEditor.Scripting.ScriptCompilation.EditorCompilationInterface:EmitExceptionAsError<UnityEditor.Scripting.ScriptCompilation.EditorCompilation/CompileStatus> (System.Func`1<UnityEditor.Scripting.ScriptCompilation.EditorCompilation/CompileStatus>,UnityEditor.Scripting.ScriptCompilation.EditorCompilation/CompileStatus) (at /Users/bokken/build/output/unity/unity/Editor/Mono/Scripting/ScriptCompilation/EditorCompilationInterface.cs:52)
UnityEditor.Scripting.ScriptCompilation.EditorCompilationInterface:CompileScripts (UnityEditor.Scripting.ScriptCompilation.EditorScriptCompilationOptions,UnityEditor.BuildTarget,int,string[]) (at /Users/bokken/build/output/unity/unity/Editor/Mono/Scripting/ScriptCompilation/EditorCompilationInterface.cs:187)

(Filename: /Users/bokken/build/output/unity/unity/Editor/Mono/Scripting/ScriptCompilation/EditorCompilation.cs Line: 814)

Assembly for Assembly Definition File 'Assets/VoxelEngine/Net/Api/VoxelEngine.Net.Api.asmdef' will not be compiled, because it has no scripts associated with it.
UnityEngine.Debug:ExtractStackTraceNoAlloc (byte*,int,string)
UnityEngine.StackTraceUtility:ExtractStackTrace () (at /Users/bokken/build/output/unity/unity/Runtime/Export/Scripting/StackTrace.cs:35)
UnityEngine.DebugLogHandler:Internal_Log (UnityEngine.LogType,UnityEngine.LogOption,string,UnityEngine.Object)
UnityEngine.DebugLogHandler:LogFormat (UnityEngine.LogType,UnityEngine.Object,string,object[])
UnityEngine.Logger:LogFormat (UnityEngine.LogType,string,object[])
UnityEngine.Debug:LogWarningFormat (string,object[])
UnityEditor.Scripting.ScriptCompilation.EditorCompilation:WarnIfThereAreAssembliesWithoutAnyScripts (UnityEditor.Scripting.ScriptCompilation.ScriptAssemblySettings,UnityEditor.Scripting.ScriptCompilation.ScriptAssembly[]) (at /Users/bokken/build/output/unity/unity/Editor/Mono/Scripting/ScriptCompilation/EditorCompilation.cs:814)
UnityEditor.Scripting.ScriptCompilation.EditorCompilation:CompileScriptsWithSettings (UnityEditor.Scripting.ScriptCompilation.ScriptAssemblySettings) (at /Users/bokken/build/output/unity/unity/Editor/Mono/Scripting/ScriptCompilation/EditorCompilation.cs:871)
UnityEditor.Scripting.ScriptCompilation.EditorCompilation:CompileScripts (UnityEditor.Scripting.ScriptCompilation.EditorScriptCompilationOptions,UnityEditor.BuildTarget,int,string[]) (at /Users/bokken/build/output/unity/unity/Editor/Mono/Scripting/ScriptCompilation/EditorCompilation.cs:748)
UnityEditor.Scripting.ScriptCompilation.EditorCompilationInterface/<>c__DisplayClass21_0:<CompileScripts>b__0 () (at /Users/bokken/build/output/unity/unity/Editor/Mono/Scripting/ScriptCompilation/EditorCompilationInterface.cs:187)
UnityEditor.Scripting.ScriptCompilation.EditorCompilationInterface:EmitExceptionAsError<UnityEditor.Scripting.ScriptCompilation.EditorCompilation/CompileStatus> (System.Func`1<UnityEditor.Scripting.ScriptCompilation.EditorCompilation/CompileStatus>,UnityEditor.Scripting.ScriptCompilation.EditorCompilation/CompileStatus) (at /Users/bokken/build/output/unity/unity/Editor/Mono/Scripting/ScriptCompilation/EditorCompilationInterface.cs:52)
UnityEditor.Scripting.ScriptCompilation.EditorCompilationInterface:CompileScripts (UnityEditor.Scripting.ScriptCompilation.EditorScriptCompilationOptions,UnityEditor.BuildTarget,int,string[]) (at /Users/bokken/build/output/unity/unity/Editor/Mono/Scripting/ScriptCompilation/EditorCompilationInterface.cs:187)

(Filename: /Users/bokken/build/output/unity/unity/Editor/Mono/Scripting/ScriptCompilation/EditorCompilation.cs Line: 814)

info: Microsoft.Hosting.Lifetime[14]
      Now listening on: http://unix:/tmp/ilpp.sock-c3b432dd611250ca5bcc2f17f61b6832
info: Microsoft.Hosting.Lifetime[0]
      Application started. Press Ctrl+C to shut down.
info: Microsoft.Hosting.Lifetime[0]
      Hosting environment: Production
info: Microsoft.Hosting.Lifetime[0]
      Content root path: /Users/jlashmet/code/voxel
info: Microsoft.AspNetCore.Hosting.Diagnostics[1]
      Request starting HTTP/2 POST http://ilpp/UnityILPP.PostProcessing/Ping - application/grpc -
info: Microsoft.AspNetCore.Routing.EndpointMiddleware[0]
      Executing endpoint 'gRPC - /UnityILPP.PostProcessing/Ping'
info: Microsoft.AspNetCore.Routing.EndpointMiddleware[1]
      Executed endpoint 'gRPC - /UnityILPP.PostProcessing/Ping'
info: Microsoft.AspNetCore.Hosting.Diagnostics[2]
      Request finished HTTP/2 POST http://ilpp/UnityILPP.PostProcessing/Ping - 200 - application/grpc 12.7137ms
Starting: /Applications/Unity/Hub/Editor/6000.5.6f1/Unity.app/Contents/Resources/BuildPipeline/bee_backend --ipc --defer-dag-verification --dagfile="Library/Bee/200b0aE.dag" --continue-on-failure --profile="Library/Bee/backend1.traceevents" ScriptAssemblies
WorkingDir: /Users/jlashmet/code/voxel
DisplayProgressbar: Compiling Scripts
info: Microsoft.AspNetCore.Hosting.Diagnostics[1]
      Request starting HTTP/2 POST http://ilpp/UnityILPP.PostProcessing/ConfigurePostProcessors - application/grpc -
info: Microsoft.AspNetCore.Routing.EndpointMiddleware[0]
      Executing endpoint 'gRPC - /UnityILPP.PostProcessing/ConfigurePostProcessors'
warn: Unity.ILPP.Runner.PostProcessingAssemblyLoadContext[0]
      Assembly system.runtime.interopservices.windowsruntime has duplicate hint path. Ignoring "/Applications/Unity/Hub/Editor/6000.5.6f1/Unity.app/Contents/Resources/Scripting/UnityReferenceAssemblies/unity-4.8-api/Facades/System.Runtime.InteropServices.WindowsRuntime.dll" in favor of "/Applications/Unity/Hub/Editor/6000.5.6f1/Unity.app/Contents/Resources/Scripting/NetStandard/Extensions/2.0.0/System.Runtime.InteropServices.WindowsRuntime.dll"
warn: Unity.ILPP.Runner.PostProcessingAssemblyLoadContext[0]
      Assembly system.componentmodel.composition has duplicate hint path. Ignoring "/Applications/Unity/Hub/Editor/6000.5.6f1/Unity.app/Contents/Resources/Scripting/UnityReferenceAssemblies/unity-4.8-api/System.ComponentModel.Composition.dll" in favor of "/Applications/Unity/Hub/Editor/6000.5.6f1/Unity.app/Contents/Resources/Scripting/NetStandard/compat/2.1.0/shims/netfx/System.ComponentModel.Composition.dll"
info: Unity.ILPP.Runner.PostProcessingAssemblyLoadContext[0]
      Resolved Unity.Burst.Cecil, Version=0.11.6.0, Culture=neutral, PublicKeyToken=50cebf1cceb9d05e with Library/PackageCache/com.unity.burst@6bb9aca3ef38/Unity.Burst.CodeGen/Unity.Burst.Cecil.dll
info: Unity.ILPP.Runner.PostProcessingAssemblyLoadContext[0]
      Resolved Mono.Cecil, Version=0.11.5.0, Culture=neutral, PublicKeyToken=50cebf1cceb9d05e with Library/PackageCache/com.unity.nuget.mono-cecil@ecb9724e46ff/Mono.Cecil.dll
info: Microsoft.AspNetCore.Routing.EndpointMiddleware[1]
      Executed endpoint 'gRPC - /UnityILPP.PostProcessing/ConfigurePostProcessors'
info: Microsoft.AspNetCore.Hosting.Diagnostics[2]
      Request finished HTTP/2 POST http://ilpp/UnityILPP.PostProcessing/ConfigurePostProcessors - 200 - application/grpc 12.4000ms
info: Microsoft.AspNetCore.Hosting.Diagnostics[1]
      Request starting HTTP/2 POST http://ilpp/UnityILPP.PostProcessing/PostProcessAssembly - application/grpc -
info: Microsoft.AspNetCore.Routing.EndpointMiddleware[0]
      Executing endpoint 'gRPC - /UnityILPP.PostProcessing/PostProcessAssembly'
info: Unity.ILPP.Runner.PostProcessingPipeline[0]
      Processing assembly Library/Bee/artifacts/200b0aE.dag/VoxelEngine.Tests.PlayMode.dll, with 136 defines and 325 references
info: Unity.ILPP.Runner.PostProcessingPipeline[0]
      processors: Unity.Jobs.CodeGen.JobsILPostProcessor, zzzUnity.Burst.CodeGen.BurstILPostProcessor
info: Unity.ILPP.Runner.PostProcessingPipeline[0]
      running Unity.Jobs.CodeGen.JobsILPostProcessor
info: Unity.ILPP.Runner.PostProcessingAssemblyLoadContext[0]
      Resolved Unity.Collections, Version=0.0.0.0, Culture=neutral, PublicKeyToken=null with Library/Bee/artifacts/200b0aE.dag/Unity.Collections.dll
info: Unity.ILPP.Runner.PostProcessingAssemblyLoadContext[0]
      Resolved UnityEditor.CoreModule, Version=0.0.0.0, Culture=neutral, PublicKeyToken=null with /Applications/Unity/Hub/Editor/6000.5.6f1/Unity.app/Contents/Resources/Scripting/Managed/UnityEngine/UnityEditor.CoreModule.dll
info: Unity.ILPP.Runner.PostProcessingAssemblyLoadContext[0]
      Resolved UnityEngine.CoreModule, Version=0.0.0.0, Culture=neutral, PublicKeyToken=null with /Applications/Unity/Hub/Editor/6000.5.6f1/Unity.app/Contents/Resources/Scripting/Managed/UnityEngine/UnityEngine.CoreModule.dll
info: Unity.ILPP.Runner.PostProcessingAssemblyLoadContext[0]
      Resolved Unity.Scripting, Version=0.0.0.0, Culture=neutral, PublicKeyToken=null with /Applications/Unity/Hub/Editor/6000.5.6f1/Unity.app/Contents/Resources/Scripting/Managed/UnityEngine/Unity.Scripting.dll
info: Unity.ILPP.Runner.PostProcessingPipeline[0]
      running zzzUnity.Burst.CodeGen.BurstILPostProcessor
info: Unity.ILPP.Runner.PostProcessingAssemblyLoadContext[0]
      Resolved Unity.Burst.Cecil.Rocks, Version=0.11.6.0, Culture=neutral, PublicKeyToken=50cebf1cceb9d05e with Library/PackageCache/com.unity.burst@6bb9aca3ef38/Unity.Burst.CodeGen/Unity.Burst.Cecil.Rocks.dll
info: Microsoft.AspNetCore.Routing.EndpointMiddleware[1]
      Executed endpoint 'gRPC - /UnityILPP.PostProcessing/PostProcessAssembly'
info: Microsoft.AspNetCore.Hosting.Diagnostics[2]
      Request finished HTTP/2 POST http://ilpp/UnityILPP.PostProcessing/PostProcessAssembly - 200 - application/grpc 194.5075ms
ExitCode: 0 Duration: 2s137ms
[1334/1852  0s] ILPP-Configuration Library/ilpp-configuration.nevergeneratedoutput
[1848/1852  1s] Csc Library/Bee/artifacts/200b0aE.dag/VoxelEngine.Tests.PlayMode.dll (+2 others)
Assets/Tests/PlayMode/CastleExteriorLookdevTests.cs(48,28): warning CS0618: 'Object.FindFirstObjectByType<T>()' is obsolete: 'FindFirstObjectByType has been deprecated because it relies on instance ID ordering. Use FindAnyObjectByType instead, which does not depend on ordering.'
Assets/Tests/PlayMode/FarFieldMovementSafetyTests.cs(29,38): warning CS0618: 'Object.FindFirstObjectByType<T>()' is obsolete: 'FindFirstObjectByType has been deprecated because it relies on instance ID ordering. Use FindAnyObjectByType instead, which does not depend on ordering.'
Assets/Tests/PlayMode/FarFieldMovementSafetyTests.cs(30,35): warning CS0618: 'Object.FindFirstObjectByType<T>()' is obsolete: 'FindFirstObjectByType has been deprecated because it relies on instance ID ordering. Use FindAnyObjectByType instead, which does not depend on ordering.'
Assets/Tests/PlayMode/CastleScreenshotTests.cs(41,28): warning CS0618: 'Object.FindFirstObjectByType<T>()' is obsolete: 'FindFirstObjectByType has been deprecated because it relies on instance ID ordering. Use FindAnyObjectByType instead, which does not depend on ordering.'
Assets/Tests/PlayMode/CastleAccessTests.cs(44,28): warning CS0618: 'Object.FindFirstObjectByType<T>()' is obsolete: 'FindFirstObjectByType has been deprecated because it relies on instance ID ordering. Use FindAnyObjectByType instead, which does not depend on ordering.'
Assets/Tests/PlayMode/FarFieldCoverageAndColourTests.cs(50,52): warning CS0618: 'Object.FindFirstObjectByType<T>()' is obsolete: 'FindFirstObjectByType has been deprecated because it relies on instance ID ordering. Use FindAnyObjectByType instead, which does not depend on ordering.'
Assets/Tests/PlayMode/FarFieldCoverageAndColourTests.cs(52,49): warning CS0618: 'Object.FindFirstObjectByType<T>()' is obsolete: 'FindFirstObjectByType has been deprecated because it relies on instance ID ordering. Use FindAnyObjectByType instead, which does not depend on ordering.'
Assets/Tests/PlayMode/FarFieldMovementSafetyTests.cs(95,38): warning CS0618: 'Object.FindFirstObjectByType<T>()' is obsolete: 'FindFirstObjectByType has been deprecated because it relies on instance ID ordering. Use FindAnyObjectByType instead, which does not depend on ordering.'
Assets/Tests/PlayMode/FarFieldMovementSafetyTests.cs(96,35): warning CS0618: 'Object.FindFirstObjectByType<T>()' is obsolete: 'FindFirstObjectByType has been deprecated because it relies on instance ID ordering. Use FindAnyObjectByType instead, which does not depend on ordering.'
Assets/Tests/PlayMode/CastleAccessTests.cs(61,28): warning CS0618: 'Object.FindFirstObjectByType<T>()' is obsolete: 'FindFirstObjectByType has been deprecated because it relies on instance ID ordering. Use FindAnyObjectByType instead, which does not depend on ordering.'
Assets/Tests/PlayMode/FarFieldMovementSafetyTests.cs(145,23): warning CS0618: 'Object.FindFirstObjectByType<T>()' is obsolete: 'FindFirstObjectByType has been deprecated because it relies on instance ID ordering. Use FindAnyObjectByType instead, which does not depend on ordering.'
Assets/Tests/PlayMode/FarFieldCoverageInvariantTests.cs(158,42): warning CS0618: 'Object.FindFirstObjectByType<T>()' is obsolete: 'FindFirstObjectByType has been deprecated because it relies on instance ID ordering. Use FindAnyObjectByType instead, which does not depend on ordering.'
Assets/Tests/PlayMode/FarFieldCoverageInvariantTests.cs(159,39): warning CS0618: 'Object.FindFirstObjectByType<T>()' is obsolete: 'FindFirstObjectByType has been deprecated because it relies on instance ID ordering. Use FindAnyObjectByType instead, which does not depend on ordering.'
Assets/Tests/PlayMode/FarFieldCoverageInvariantTests.cs(188,38): warning CS0618: 'Object.FindFirstObjectByType<T>()' is obsolete: 'FindFirstObjectByType has been deprecated because it relies on instance ID ordering. Use FindAnyObjectByType instead, which does not depend on ordering.'
Assets/Tests/PlayMode/FarFieldCoverageInvariantTests.cs(189,35): warning CS0618: 'Object.FindFirstObjectByType<T>()' is obsolete: 'FindFirstObjectByType has been deprecated because it relies on instance ID ordering. Use FindAnyObjectByType instead, which does not depend on ordering.'
Assets/Tests/PlayMode/CastleAccessTests.cs(92,28): warning CS0618: 'Object.FindFirstObjectByType<T>()' is obsolete: 'FindFirstObjectByType has been deprecated because it relies on instance ID ordering. Use FindAnyObjectByType instead, which does not depend on ordering.'
Assets/Tests/PlayMode/FarFieldCoverageInvariantTests.cs(283,38): warning CS0618: 'Object.FindFirstObjectByType<T>()' is obsolete: 'FindFirstObjectByType has been deprecated because it relies on instance ID ordering. Use FindAnyObjectByType instead, which does not depend on ordering.'
Assets/Tests/PlayMode/FarFieldCoverageInvariantTests.cs(284,35): warning CS0618: 'Object.FindFirstObjectByType<T>()' is obsolete: 'FindFirstObjectByType has been deprecated because it relies on instance ID ordering. Use FindAnyObjectByType instead, which does not depend on ordering.'
Assets/Tests/PlayMode/CastleAccessTests.cs(134,28): warning CS0618: 'Object.FindFirstObjectByType<T>()' is obsolete: 'FindFirstObjectByType has been deprecated because it relies on instance ID ordering. Use FindAnyObjectByType instead, which does not depend on ordering.'
Assets/Tests/PlayMode/CastleAccessTests.cs(225,28): warning CS0618: 'Object.FindFirstObjectByType<T>()' is obsolete: 'FindFirstObjectByType has been deprecated because it relies on instance ID ordering. Use FindAnyObjectByType instead, which does not depend on ordering.'
Assets/Tests/PlayMode/CastleAccessTests.cs(272,28): warning CS0618: 'Object.FindFirstObjectByType<T>()' is obsolete: 'FindFirstObjectByType has been deprecated because it relies on instance ID ordering. Use FindAnyObjectByType instead, which does not depend on ordering.'
Assets/Tests/PlayMode/FallingVoxelPhysicsTests.cs(536,28): warning CS0618: 'Object.FindFirstObjectByType<T>()' is obsolete: 'FindFirstObjectByType has been deprecated because it relies on instance ID ordering. Use FindAnyObjectByType instead, which does not depend on ordering.'
Assets/Tests/PlayMode/AsyncGeometryStressTests.cs(622,28): warning CS0618: 'Object.FindFirstObjectByType<T>()' is obsolete: 'FindFirstObjectByType has been deprecated because it relies on instance ID ordering. Use FindAnyObjectByType instead, which does not depend on ordering.'
Assets/Tests/PlayMode/FallingVoxelPhysicsTests.cs(566,28): warning CS0618: 'Object.FindFirstObjectByType<T>()' is obsolete: 'FindFirstObjectByType has been deprecated because it relies on instance ID ordering. Use FindAnyObjectByType instead, which does not depend on ordering.'
Assets/Tests/PlayMode/AsyncGeometryStressTests.cs(648,24): warning CS0618: 'Object.FindFirstObjectByType<T>()' is obsolete: 'FindFirstObjectByType has been deprecated because it relies on instance ID ordering. Use FindAnyObjectByType instead, which does not depend on ordering.'
Assets/Tests/PlayMode/FallingVoxelPhysicsTests.cs(593,28): warning CS0618: 'Object.FindFirstObjectByType<T>()' is obsolete: 'FindFirstObjectByType has been deprecated because it relies on instance ID ordering. Use FindAnyObjectByType instead, which does not depend on ordering.'
Assets/Tests/PlayMode/LodRenderingTests.cs(43,28): warning CS0618: 'Object.FindFirstObjectByType<T>()' is obsolete: 'FindFirstObjectByType has been deprecated because it relies on instance ID ordering. Use FindAnyObjectByType instead, which does not depend on ordering.'
Assets/Tests/PlayMode/ShowcaseAllocationAndThrashTests.cs(30,38): warning CS0618: 'Object.FindFirstObjectByType<T>()' is obsolete: 'FindFirstObjectByType has been deprecated because it relies on instance ID ordering. Use FindAnyObjectByType instead, which does not depend on ordering.'
Assets/Tests/PlayMode/LodVisualFidelityTests.cs(39,38): warning CS0618: 'Object.FindFirstObjectByType<T>()' is obsolete: 'FindFirstObjectByType has been deprecated because it relies on instance ID ordering. Use FindAnyObjectByType instead, which does not depend on ordering.'
Assets/Tests/PlayMode/LodRenderingTests.cs(250,28): warning CS0618: 'Object.FindFirstObjectByType<T>()' is obsolete: 'FindFirstObjectByType has been deprecated because it relies on instance ID ordering. Use FindAnyObjectByType instead, which does not depend on ordering.'
Assets/Tests/PlayMode/ShowcaseAllocationAndThrashTests.cs(81,38): warning CS0618: 'Object.FindFirstObjectByType<T>()' is obsolete: 'FindFirstObjectByType has been deprecated because it relies on instance ID ordering. Use FindAnyObjectByType instead, which does not depend on ordering.'
Assets/Tests/PlayMode/ShowcaseAllocationAndThrashTests.cs(82,35): warning CS0618: 'Object.FindFirstObjectByType<T>()' is obsolete: 'FindFirstObjectByType has been deprecated because it relies on instance ID ordering. Use FindAnyObjectByType instead, which does not depend on ordering.'
Assets/Tests/PlayMode/LodRenderingTests.cs(334,28): warning CS0618: 'Object.FindFirstObjectByType<T>()' is obsolete: 'FindFirstObjectByType has been deprecated because it relies on instance ID ordering. Use FindAnyObjectByType instead, which does not depend on ordering.'
Assets/Tests/PlayMode/CastleAccessTests.cs(299,28): warning CS0618: 'Object.FindFirstObjectByType<T>()' is obsolete: 'FindFirstObjectByType has been deprecated because it relies on instance ID ordering. Use FindAnyObjectByType instead, which does not depend on ordering.'
Assets/Tests/PlayMode/ShowcaseAllocationAndThrashTests.cs(169,39): warning CS0618: 'Object.FindFirstObjectByType<T>()' is obsolete: 'FindFirstObjectByType has been deprecated because it relies on instance ID ordering. Use FindAnyObjectByType instead, which does not depend on ordering.'
Assets/Tests/PlayMode/ShowcaseSkyAndFarTerrainTests.cs(37,52): warning CS0618: 'Object.FindFirstObjectByType<T>()' is obsolete: 'FindFirstObjectByType has been deprecated because it relies on instance ID ordering. Use FindAnyObjectByType instead, which does not depend on ordering.'
Assets/Tests/PlayMode/ShowcaseSkyAndFarTerrainTestsLifecycle.cs(27,38): warning CS0618: 'Object.FindFirstObjectByType<T>()' is obsolete: 'FindFirstObjectByType has been deprecated because it relies on instance ID ordering. Use FindAnyObjectByType instead, which does not depend on ordering.'
Assets/Tests/PlayMode/ShowcaseSkyAndFarTerrainTestsLifecycle.cs(31,17): warning CS0618: 'FindObjectsSortMode' is obsolete: 'FindObjectsSortMode has been deprecated. Use the FindObjectsByType overloads that do not take a FindObjectsSortMode parameter.'
Assets/Tests/PlayMode/ShowcaseSkyAndFarTerrainTestsLifecycle.cs(30,41): warning CS0618: 'Object.FindObjectsByType<T>(FindObjectsSortMode)' is obsolete: 'FindObjectsByType with FindObjectsSortMode parameter has been deprecated. Use FindObjectsByType<T>() or FindObjectsByType<T>(FindObjectsInactive) instead. InstanceID will be replaced in the future with EntityId and previous sort order cannot be maintained.'
Assets/Tests/PlayMode/ShowcaseSkyAndFarTerrainTestsLifecycle.cs(46,17): warning CS0618: 'FindObjectsSortMode' is obsolete: 'FindObjectsSortMode has been deprecated. Use the FindObjectsByType overloads that do not take a FindObjectsSortMode parameter.'
Assets/Tests/PlayMode/ShowcaseSkyAndFarTerrainTestsLifecycle.cs(45,42): warning CS0618: 'Object.FindObjectsByType<T>(FindObjectsSortMode)' is obsolete: 'FindObjectsByType with FindObjectsSortMode parameter has been deprecated. Use FindObjectsByType<T>() or FindObjectsByType<T>(FindObjectsInactive) instead. InstanceID will be replaced in the future with EntityId and previous sort order cannot be maintained.'
Assets/Tests/PlayMode/ShowcaseSkyAndFarTerrainTestsLifecycle.cs(61,17): warning CS0618: 'FindObjectsSortMode' is obsolete: 'FindObjectsSortMode has been deprecated. Use the FindObjectsByType overloads that do not take a FindObjectsSortMode parameter.'
Assets/Tests/PlayMode/ShowcaseSkyAndFarTerrainTestsLifecycle.cs(60,43): warning CS0618: 'Object.FindObjectsByType<T>(FindObjectsSortMode)' is obsolete: 'FindObjectsByType with FindObjectsSortMode parameter has been deprecated. Use FindObjectsByType<T>() or FindObjectsByType<T>(FindObjectsInactive) instead. InstanceID will be replaced in the future with EntityId and previous sort order cannot be maintained.'
Assets/Tests/PlayMode/ShowcaseSkyAndFarTerrainTests.cs(115,23): warning CS0618: 'Object.FindFirstObjectByType<T>()' is obsolete: 'FindFirstObjectByType has been deprecated because it relies on instance ID ordering. Use FindAnyObjectByType instead, which does not depend on ordering.'
Assets/Tests/PlayMode/ShowcaseSkyAndFarTerrainTests.cs(128,23): warning CS0618: 'Object.FindFirstObjectByType<T>()' is obsolete: 'FindFirstObjectByType has been deprecated because it relies on instance ID ordering. Use FindAnyObjectByType instead, which does not depend on ordering.'
Assets/Tests/PlayMode/ShowcaseTraversalPerformanceTests.cs(47,38): warning CS0618: 'Object.FindFirstObjectByType<T>()' is obsolete: 'FindFirstObjectByType has been deprecated because it relies on instance ID ordering. Use FindAnyObjectByType instead, which does not depend on ordering.'
Assets/Tests/PlayMode/ShowcaseTraversalPerformanceTests.cs(48,35): warning CS0618: 'Object.FindFirstObjectByType<T>()' is obsolete: 'FindFirstObjectByType has been deprecated because it relies on instance ID ordering. Use FindAnyObjectByType instead, which does not depend on ordering.'
Assets/Tests/PlayMode/ShowcasePerformanceTests.cs(27,38): warning CS0618: 'Object.FindFirstObjectByType<T>()' is obsolete: 'FindFirstObjectByType has been deprecated because it relies on instance ID ordering. Use FindAnyObjectByType instead, which does not depend on ordering.'
Assets/Tests/PlayMode/ShowcaseSkyAndFarTerrainTests.cs(138,23): warning CS0618: 'Object.FindFirstObjectByType<T>()' is obsolete: 'FindFirstObjectByType has been deprecated because it relies on instance ID ordering. Use FindAnyObjectByType instead, which does not depend on ordering.'
Assets/Tests/PlayMode/Step4CoreResidencyAdmissionTests.cs(42,38): warning CS0618: 'Object.FindFirstObjectByType<T>()' is obsolete: 'FindFirstObjectByType has been deprecated because it relies on instance ID ordering. Use FindAnyObjectByType instead, which does not depend on ordering.'
Assets/Tests/PlayMode/Step4FalseEmptyLifecycleTests.cs(42,38): warning CS0618: 'Object.FindFirstObjectByType<T>()' is obsolete: 'FindFirstObjectByType has been deprecated because it relies on instance ID ordering. Use FindAnyObjectByType instead, which does not depend on ordering.'
Assets/Tests/PlayMode/SilhouetteHoleRegressionTests.cs(32,38): warning CS0618: 'Object.FindFirstObjectByType<T>()' is obsolete: 'FindFirstObjectByType has been deprecated because it relies on instance ID ordering. Use FindAnyObjectByType instead, which does not depend on ordering.'
Assets/Tests/PlayMode/ShowcaseSkyAndFarTerrainTests.cs(162,23): warning CS0618: 'Object.FindFirstObjectByType<T>()' is obsolete: 'FindFirstObjectByType has been deprecated because it relies on instance ID ordering. Use FindAnyObjectByType instead, which does not depend on ordering.'
Assets/Tests/PlayMode/ShowcaseNoStutterTests.cs(40,38): warning CS0618: 'Object.FindFirstObjectByType<T>()' is obsolete: 'FindFirstObjectByType has been deprecated because it relies on instance ID ordering. Use FindAnyObjectByType instead, which does not depend on ordering.'
Assets/Tests/PlayMode/ShowcaseSpawnTests.cs(22,28): warning CS0618: 'Object.FindFirstObjectByType<T>()' is obsolete: 'FindFirstObjectByType has been deprecated because it relies on instance ID ordering. Use FindAnyObjectByType instead, which does not depend on ordering.'
Assets/Tests/PlayMode/Step4LifecycleDiagnosticsTests.cs(39,38): warning CS0618: 'Object.FindFirstObjectByType<T>()' is obsolete: 'FindFirstObjectByType has been deprecated because it relies on instance ID ordering. Use FindAnyObjectByType instead, which does not depend on ordering.'
Assets/Tests/PlayMode/ShowcaseSkyAndFarTerrainTests.cs(176,23): warning CS0618: 'Object.FindFirstObjectByType<T>()' is obsolete: 'FindFirstObjectByType has been deprecated because it relies on instance ID ordering. Use FindAnyObjectByType instead, which does not depend on ordering.'
Assets/Tests/PlayMode/ShowcaseSkyAndFarTerrainTests.cs(216,23): warning CS0618: 'Object.FindFirstObjectByType<T>()' is obsolete: 'FindFirstObjectByType has been deprecated because it relies on instance ID ordering. Use FindAnyObjectByType instead, which does not depend on ordering.'
Assets/Tests/PlayMode/ShowcaseTraversalPerformanceTests.cs(151,38): warning CS0618: 'Object.FindFirstObjectByType<T>()' is obsolete: 'FindFirstObjectByType has been deprecated because it relies on instance ID ordering. Use FindAnyObjectByType instead, which does not depend on ordering.'
Assets/Tests/PlayMode/ShowcaseTraversalPerformanceTests.cs(152,35): warning CS0618: 'Object.FindFirstObjectByType<T>()' is obsolete: 'FindFirstObjectByType has been deprecated because it relies on instance ID ordering. Use FindAnyObjectByType instead, which does not depend on ordering.'
Assets/Tests/PlayMode/ShowcaseSkyAndFarTerrainTests.cs(230,23): warning CS0618: 'Object.FindFirstObjectByType<T>()' is obsolete: 'FindFirstObjectByType has been deprecated because it relies on instance ID ordering. Use FindAnyObjectByType instead, which does not depend on ordering.'
Assets/Tests/PlayMode/ShowcaseSkyAndFarTerrainTests.cs(265,23): warning CS0618: 'Object.FindFirstObjectByType<T>()' is obsolete: 'FindFirstObjectByType has been deprecated because it relies on instance ID ordering. Use FindAnyObjectByType instead, which does not depend on ordering.'
Assets/Tests/PlayMode/ShowcaseFrameBudgetDiagnosticTests.cs(243,30): warning CS0618: 'FindObjectsSortMode' is obsolete: 'FindObjectsSortMode has been deprecated. Use the FindObjectsByType overloads that do not take a FindObjectsSortMode parameter.'
Assets/Tests/PlayMode/ShowcaseFrameBudgetDiagnosticTests.cs(242,49): warning CS0618: 'Object.FindObjectsByType<T>(FindObjectsSortMode)' is obsolete: 'FindObjectsByType with FindObjectsSortMode parameter has been deprecated. Use FindObjectsByType<T>() or FindObjectsByType<T>(FindObjectsInactive) instead. InstanceID will be replaced in the future with EntityId and previous sort order cannot be maintained.'
Assets/Tests/PlayMode/ShowcaseFrameBudgetDiagnosticTests.cs(312,34): warning CS0618: 'FindObjectsSortMode' is obsolete: 'FindObjectsSortMode has been deprecated. Use the FindObjectsByType overloads that do not take a FindObjectsSortMode parameter.'
Assets/Tests/PlayMode/ShowcaseFrameBudgetDiagnosticTests.cs(311,53): warning CS0618: 'Object.FindObjectsByType<T>(FindObjectsSortMode)' is obsolete: 'FindObjectsByType with FindObjectsSortMode parameter has been deprecated. Use FindObjectsByType<T>() or FindObjectsByType<T>(FindObjectsInactive) instead. InstanceID will be replaced in the future with EntityId and previous sort order cannot be maintained.'
Assets/Tests/PlayMode/ShowcaseFrameBudgetDiagnosticTests.cs(325,34): warning CS0618: 'FindObjectsSortMode' is obsolete: 'FindObjectsSortMode has been deprecated. Use the FindObjectsByType overloads that do not take a FindObjectsSortMode parameter.'
Assets/Tests/PlayMode/ShowcaseFrameBudgetDiagnosticTests.cs(324,45): warning CS0618: 'Object.FindObjectsByType<T>(FindObjectsSortMode)' is obsolete: 'FindObjectsByType with FindObjectsSortMode parameter has been deprecated. Use FindObjectsByType<T>() or FindObjectsByType<T>(FindObjectsInactive) instead. InstanceID will be replaced in the future with EntityId and previous sort order cannot be maintained.'
Assets/Tests/PlayMode/ShowcaseFrameBudgetDiagnosticTests.cs(332,36): warning CS0618: 'Object.FindFirstObjectByType<T>()' is obsolete: 'FindFirstObjectByType has been deprecated because it relies on instance ID ordering. Use FindAnyObjectByType instead, which does not depend on ordering.'
Assets/Tests/PlayMode/ShowcaseFrameBudgetDiagnosticTests.cs(371,26): warning CS0618: 'Object.FindFirstObjectByType<T>()' is obsolete: 'FindFirstObjectByType has been deprecated because it relies on instance ID ordering. Use FindAnyObjectByType instead, which does not depend on ordering.'
Assets/Tests/PlayMode/ShowcaseSkyAndFarTerrainTests.cs(386,23): warning CS0618: 'Object.FindFirstObjectByType<T>()' is obsolete: 'FindFirstObjectByType has been deprecated because it relies on instance ID ordering. Use FindAnyObjectByType instead, which does not depend on ordering.'
Assets/Tests/PlayMode/ShowcaseSkyAndFarTerrainTests.cs(413,23): warning CS0618: 'Object.FindFirstObjectByType<T>()' is obsolete: 'FindFirstObjectByType has been deprecated because it relies on instance ID ordering. Use FindAnyObjectByType instead, which does not depend on ordering.'
Assets/Tests/PlayMode/ShowcaseFrameBudgetDiagnosticTests.cs(466,26): warning CS0618: 'Object.FindFirstObjectByType<T>()' is obsolete: 'FindFirstObjectByType has been deprecated because it relies on instance ID ordering. Use FindAnyObjectByType instead, which does not depend on ordering.'
Assets/Tests/PlayMode/ShowcaseSkyAndFarTerrainTests.cs(506,23): warning CS0618: 'Object.FindFirstObjectByType<T>()' is obsolete: 'FindFirstObjectByType has been deprecated because it relies on instance ID ordering. Use FindAnyObjectByType instead, which does not depend on ordering.'
Assets/Tests/PlayMode/ShowcaseFrameBudgetDiagnosticTests.cs(552,26): warning CS0618: 'Object.FindFirstObjectByType<T>()' is obsolete: 'FindFirstObjectByType has been deprecated because it relies on instance ID ordering. Use FindAnyObjectByType instead, which does not depend on ordering.'
[1849/1852  0s] ILPostProcess Library/Bee/artifacts/200b0aE.dag/post-processed/VoxelEngine.Tests.PlayMode.dll (+pdb)
Processing assembly Library/Bee/artifacts/200b0aE.dag/VoxelEngine.Tests.PlayMode.dll, with 136 defines and 325 references
processors: Unity.Jobs.CodeGen.JobsILPostProcessor, zzzUnity.Burst.CodeGen.BurstILPostProcessor
running Unity.Jobs.CodeGen.JobsILPostProcessor
running zzzUnity.Burst.CodeGen.BurstILPostProcessor
[1850/1852  0s] CopyFiles Library/ScriptAssemblies/VoxelEngine.Tests.PlayMode.pdb
[1851/1852  0s] CopyFiles Library/ScriptAssemblies/VoxelEngine.Tests.PlayMode.dll
*** Tundra build success (2.12 seconds), 5 items updated, 1852 evaluated
Assets/Tests/PlayMode/CastleExteriorLookdevTests.cs(48,28): warning CS0618: 'Object.FindFirstObjectByType<T>()' is obsolete: 'FindFirstObjectByType has been deprecated because it relies on instance ID ordering. Use FindAnyObjectByType instead, which does not depend on ordering.'
Assets/Tests/PlayMode/FarFieldMovementSafetyTests.cs(29,38): warning CS0618: 'Object.FindFirstObjectByType<T>()' is obsolete: 'FindFirstObjectByType has been deprecated because it relies on instance ID ordering. Use FindAnyObjectByType instead, which does not depend on ordering.'
Assets/Tests/PlayMode/FarFieldMovementSafetyTests.cs(30,35): warning CS0618: 'Object.FindFirstObjectByType<T>()' is obsolete: 'FindFirstObjectByType has been deprecated because it relies on instance ID ordering. Use FindAnyObjectByType instead, which does not depend on ordering.'
Assets/Tests/PlayMode/CastleScreenshotTests.cs(41,28): warning CS0618: 'Object.FindFirstObjectByType<T>()' is obsolete: 'FindFirstObjectByType has been deprecated because it relies on instance ID ordering. Use FindAnyObjectByType instead, which does not depend on ordering.'
Assets/Tests/PlayMode/CastleAccessTests.cs(44,28): warning CS0618: 'Object.FindFirstObjectByType<T>()' is obsolete: 'FindFirstObjectByType has been deprecated because it relies on instance ID ordering. Use FindAnyObjectByType instead, which does not depend on ordering.'
Assets/Tests/PlayMode/FarFieldCoverageAndColourTests.cs(50,52): warning CS0618: 'Object.FindFirstObjectByType<T>()' is obsolete: 'FindFirstObjectByType has been deprecated because it relies on instance ID ordering. Use FindAnyObjectByType instead, which does not depend on ordering.'
Assets/Tests/PlayMode/FarFieldCoverageAndColourTests.cs(52,49): warning CS0618: 'Object.FindFirstObjectByType<T>()' is obsolete: 'FindFirstObjectByType has been deprecated because it relies on instance ID ordering. Use FindAnyObjectByType instead, which does not depend on ordering.'
Assets/Tests/PlayMode/FarFieldMovementSafetyTests.cs(95,38): warning CS0618: 'Object.FindFirstObjectByType<T>()' is obsolete: 'FindFirstObjectByType has been deprecated because it relies on instance ID ordering. Use FindAnyObjectByType instead, which does not depend on ordering.'
Assets/Tests/PlayMode/FarFieldMovementSafetyTests.cs(96,35): warning CS0618: 'Object.FindFirstObjectByType<T>()' is obsolete: 'FindFirstObjectByType has been deprecated because it relies on instance ID ordering. Use FindAnyObjectByType instead, which does not depend on ordering.'
Assets/Tests/PlayMode/CastleAccessTests.cs(61,28): warning CS0618: 'Object.FindFirstObjectByType<T>()' is obsolete: 'FindFirstObjectByType has been deprecated because it relies on instance ID ordering. Use FindAnyObjectByType instead, which does not depend on ordering.'
Assets/Tests/PlayMode/FarFieldMovementSafetyTests.cs(145,23): warning CS0618: 'Object.FindFirstObjectByType<T>()' is obsolete: 'FindFirstObjectByType has been deprecated because it relies on instance ID ordering. Use FindAnyObjectByType instead, which does not depend on ordering.'
Assets/Tests/PlayMode/FarFieldCoverageInvariantTests.cs(158,42): warning CS0618: 'Object.FindFirstObjectByType<T>()' is obsolete: 'FindFirstObjectByType has been deprecated because it relies on instance ID ordering. Use FindAnyObjectByType instead, which does not depend on ordering.'
Assets/Tests/PlayMode/FarFieldCoverageInvariantTests.cs(159,39): warning CS0618: 'Object.FindFirstObjectByType<T>()' is obsolete: 'FindFirstObjectByType has been deprecated because it relies on instance ID ordering. Use FindAnyObjectByType instead, which does not depend on ordering.'
Assets/Tests/PlayMode/FarFieldCoverageInvariantTests.cs(188,38): warning CS0618: 'Object.FindFirstObjectByType<T>()' is obsolete: 'FindFirstObjectByType has been deprecated because it relies on instance ID ordering. Use FindAnyObjectByType instead, which does not depend on ordering.'
Assets/Tests/PlayMode/FarFieldCoverageInvariantTests.cs(189,35): warning CS0618: 'Object.FindFirstObjectByType<T>()' is obsolete: 'FindFirstObjectByType has been deprecated because it relies on instance ID ordering. Use FindAnyObjectByType instead, which does not depend on ordering.'
Assets/Tests/PlayMode/CastleAccessTests.cs(92,28): warning CS0618: 'Object.FindFirstObjectByType<T>()' is obsolete: 'FindFirstObjectByType has been deprecated because it relies on instance ID ordering. Use FindAnyObjectByType instead, which does not depend on ordering.'
Assets/Tests/PlayMode/FarFieldCoverageInvariantTests.cs(283,38): warning CS0618: 'Object.FindFirstObjectByType<T>()' is obsolete: 'FindFirstObjectByType has been deprecated because it relies on instance ID ordering. Use FindAnyObjectByType instead, which does not depend on ordering.'
Assets/Tests/PlayMode/FarFieldCoverageInvariantTests.cs(284,35): warning CS0618: 'Object.FindFirstObjectByType<T>()' is obsolete: 'FindFirstObjectByType has been deprecated because it relies on instance ID ordering. Use FindAnyObjectByType instead, which does not depend on ordering.'
Assets/Tests/PlayMode/CastleAccessTests.cs(134,28): warning CS0618: 'Object.FindFirstObjectByType<T>()' is obsolete: 'FindFirstObjectByType has been deprecated because it relies on instance ID ordering. Use FindAnyObjectByType instead, which does not depend on ordering.'
Assets/Tests/PlayMode/CastleAccessTests.cs(225,28): warning CS0618: 'Object.FindFirstObjectByType<T>()' is obsolete: 'FindFirstObjectByType has been deprecated because it relies on instance ID ordering. Use FindAnyObjectByType instead, which does not depend on ordering.'
Assets/Tests/PlayMode/CastleAccessTests.cs(272,28): warning CS0618: 'Object.FindFirstObjectByType<T>()' is obsolete: 'FindFirstObjectByType has been deprecated because it relies on instance ID ordering. Use FindAnyObjectByType instead, which does not depend on ordering.'
Assets/Tests/PlayMode/FallingVoxelPhysicsTests.cs(536,28): warning CS0618: 'Object.FindFirstObjectByType<T>()' is obsolete: 'FindFirstObjectByType has been deprecated because it relies on instance ID ordering. Use FindAnyObjectByType instead, which does not depend on ordering.'
Assets/Tests/PlayMode/AsyncGeometryStressTests.cs(622,28): warning CS0618: 'Object.FindFirstObjectByType<T>()' is obsolete: 'FindFirstObjectByType has been deprecated because it relies on instance ID ordering. Use FindAnyObjectByType instead, which does not depend on ordering.'
Assets/Tests/PlayMode/FallingVoxelPhysicsTests.cs(566,28): warning CS0618: 'Object.FindFirstObjectByType<T>()' is obsolete: 'FindFirstObjectByType has been deprecated because it relies on instance ID ordering. Use FindAnyObjectByType instead, which does not depend on ordering.'
Assets/Tests/PlayMode/AsyncGeometryStressTests.cs(648,24): warning CS0618: 'Object.FindFirstObjectByType<T>()' is obsolete: 'FindFirstObjectByType has been deprecated because it relies on instance ID ordering. Use FindAnyObjectByType instead, which does not depend on ordering.'
Assets/Tests/PlayMode/FallingVoxelPhysicsTests.cs(593,28): warning CS0618: 'Object.FindFirstObjectByType<T>()' is obsolete: 'FindFirstObjectByType has been deprecated because it relies on instance ID ordering. Use FindAnyObjectByType instead, which does not depend on ordering.'
Assets/Tests/PlayMode/LodRenderingTests.cs(43,28): warning CS0618: 'Object.FindFirstObjectByType<T>()' is obsolete: 'FindFirstObjectByType has been deprecated because it relies on instance ID ordering. Use FindAnyObjectByType instead, which does not depend on ordering.'
Assets/Tests/PlayMode/ShowcaseAllocationAndThrashTests.cs(30,38): warning CS0618: 'Object.FindFirstObjectByType<T>()' is obsolete: 'FindFirstObjectByType has been deprecated because it relies on instance ID ordering. Use FindAnyObjectByType instead, which does not depend on ordering.'
Assets/Tests/PlayMode/LodVisualFidelityTests.cs(39,38): warning CS0618: 'Object.FindFirstObjectByType<T>()' is obsolete: 'FindFirstObjectByType has been deprecated because it relies on instance ID ordering. Use FindAnyObjectByType instead, which does not depend on ordering.'
Assets/Tests/PlayMode/LodRenderingTests.cs(250,28): warning CS0618: 'Object.FindFirstObjectByType<T>()' is obsolete: 'FindFirstObjectByType has been deprecated because it relies on instance ID ordering. Use FindAnyObjectByType instead, which does not depend on ordering.'
Assets/Tests/PlayMode/ShowcaseAllocationAndThrashTests.cs(81,38): warning CS0618: 'Object.FindFirstObjectByType<T>()' is obsolete: 'FindFirstObjectByType has been deprecated because it relies on instance ID ordering. Use FindAnyObjectByType instead, which does not depend on ordering.'
Assets/Tests/PlayMode/ShowcaseAllocationAndThrashTests.cs(82,35): warning CS0618: 'Object.FindFirstObjectByType<T>()' is obsolete: 'FindFirstObjectByType has been deprecated because it relies on instance ID ordering. Use FindAnyObjectByType instead, which does not depend on ordering.'
Assets/Tests/PlayMode/LodRenderingTests.cs(334,28): warning CS0618: 'Object.FindFirstObjectByType<T>()' is obsolete: 'FindFirstObjectByType has been deprecated because it relies on instance ID ordering. Use FindAnyObjectByType instead, which does not depend on ordering.'
Assets/Tests/PlayMode/CastleAccessTests.cs(299,28): warning CS0618: 'Object.FindFirstObjectByType<T>()' is obsolete: 'FindFirstObjectByType has been deprecated because it relies on instance ID ordering. Use FindAnyObjectByType instead, which does not depend on ordering.'
Assets/Tests/PlayMode/ShowcaseAllocationAndThrashTests.cs(169,39): warning CS0618: 'Object.FindFirstObjectByType<T>()' is obsolete: 'FindFirstObjectByType has been deprecated because it relies on instance ID ordering. Use FindAnyObjectByType instead, which does not depend on ordering.'
Assets/Tests/PlayMode/ShowcaseSkyAndFarTerrainTests.cs(37,52): warning CS0618: 'Object.FindFirstObjectByType<T>()' is obsolete: 'FindFirstObjectByType has been deprecated because it relies on instance ID ordering. Use FindAnyObjectByType instead, which does not depend on ordering.'
Assets/Tests/PlayMode/ShowcaseSkyAndFarTerrainTestsLifecycle.cs(27,38): warning CS0618: 'Object.FindFirstObjectByType<T>()' is obsolete: 'FindFirstObjectByType has been deprecated because it relies on instance ID ordering. Use FindAnyObjectByType instead, which does not depend on ordering.'
Assets/Tests/PlayMode/ShowcaseSkyAndFarTerrainTestsLifecycle.cs(31,17): warning CS0618: 'FindObjectsSortMode' is obsolete: 'FindObjectsSortMode has been deprecated. Use the FindObjectsByType overloads that do not take a FindObjectsSortMode parameter.'
Assets/Tests/PlayMode/ShowcaseSkyAndFarTerrainTestsLifecycle.cs(30,41): warning CS0618: 'Object.FindObjectsByType<T>(FindObjectsSortMode)' is obsolete: 'FindObjectsByType with FindObjectsSortMode parameter has been deprecated. Use FindObjectsByType<T>() or FindObjectsByType<T>(FindObjectsInactive) instead. InstanceID will be replaced in the future with EntityId and previous sort order cannot be maintained.'
Assets/Tests/PlayMode/ShowcaseSkyAndFarTerrainTestsLifecycle.cs(46,17): warning CS0618: 'FindObjectsSortMode' is obsolete: 'FindObjectsSortMode has been deprecated. Use the FindObjectsByType overloads that do not take a FindObjectsSortMode parameter.'
Assets/Tests/PlayMode/ShowcaseSkyAndFarTerrainTestsLifecycle.cs(45,42): warning CS0618: 'Object.FindObjectsByType<T>(FindObjectsSortMode)' is obsolete: 'FindObjectsByType with FindObjectsSortMode parameter has been deprecated. Use FindObjectsByType<T>() or FindObjectsByType<T>(FindObjectsInactive) instead. InstanceID will be replaced in the future with EntityId and previous sort order cannot be maintained.'
Assets/Tests/PlayMode/ShowcaseSkyAndFarTerrainTestsLifecycle.cs(61,17): warning CS0618: 'FindObjectsSortMode' is obsolete: 'FindObjectsSortMode has been deprecated. Use the FindObjectsByType overloads that do not take a FindObjectsSortMode parameter.'
Assets/Tests/PlayMode/ShowcaseSkyAndFarTerrainTestsLifecycle.cs(60,43): warning CS0618: 'Object.FindObjectsByType<T>(FindObjectsSortMode)' is obsolete: 'FindObjectsByType with FindObjectsSortMode parameter has been deprecated. Use FindObjectsByType<T>() or FindObjectsByType<T>(FindObjectsInactive) instead. InstanceID will be replaced in the future with EntityId and previous sort order cannot be maintained.'
Assets/Tests/PlayMode/ShowcaseSkyAndFarTerrainTests.cs(115,23): warning CS0618: 'Object.FindFirstObjectByType<T>()' is obsolete: 'FindFirstObjectByType has been deprecated because it relies on instance ID ordering. Use FindAnyObjectByType instead, which does not depend on ordering.'
Assets/Tests/PlayMode/ShowcaseSkyAndFarTerrainTests.cs(128,23): warning CS0618: 'Object.FindFirstObjectByType<T>()' is obsolete: 'FindFirstObjectByType has been deprecated because it relies on instance ID ordering. Use FindAnyObjectByType instead, which does not depend on ordering.'
Assets/Tests/PlayMode/ShowcaseTraversalPerformanceTests.cs(47,38): warning CS0618: 'Object.FindFirstObjectByType<T>()' is obsolete: 'FindFirstObjectByType has been deprecated because it relies on instance ID ordering. Use FindAnyObjectByType instead, which does not depend on ordering.'
Assets/Tests/PlayMode/ShowcaseTraversalPerformanceTests.cs(48,35): warning CS0618: 'Object.FindFirstObjectByType<T>()' is obsolete: 'FindFirstObjectByType has been deprecated because it relies on instance ID ordering. Use FindAnyObjectByType instead, which does not depend on ordering.'
Assets/Tests/PlayMode/ShowcasePerformanceTests.cs(27,38): warning CS0618: 'Object.FindFirstObjectByType<T>()' is obsolete: 'FindFirstObjectByType has been deprecated because it relies on instance ID ordering. Use FindAnyObjectByType instead, which does not depend on ordering.'
Assets/Tests/PlayMode/ShowcaseSkyAndFarTerrainTests.cs(138,23): warning CS0618: 'Object.FindFirstObjectByType<T>()' is obsolete: 'FindFirstObjectByType has been deprecated because it relies on instance ID ordering. Use FindAnyObjectByType instead, which does not depend on ordering.'
Assets/Tests/PlayMode/Step4CoreResidencyAdmissionTests.cs(42,38): warning CS0618: 'Object.FindFirstObjectByType<T>()' is obsolete: 'FindFirstObjectByType has been deprecated because it relies on instance ID ordering. Use FindAnyObjectByType instead, which does not depend on ordering.'
Assets/Tests/PlayMode/Step4FalseEmptyLifecycleTests.cs(42,38): warning CS0618: 'Object.FindFirstObjectByType<T>()' is obsolete: 'FindFirstObjectByType has been deprecated because it relies on instance ID ordering. Use FindAnyObjectByType instead, which does not depend on ordering.'
Assets/Tests/PlayMode/SilhouetteHoleRegressionTests.cs(32,38): warning CS0618: 'Object.FindFirstObjectByType<T>()' is obsolete: 'FindFirstObjectByType has been deprecated because it relies on instance ID ordering. Use FindAnyObjectByType instead, which does not depend on ordering.'
Assets/Tests/PlayMode/ShowcaseSkyAndFarTerrainTests.cs(162,23): warning CS0618: 'Object.FindFirstObjectByType<T>()' is obsolete: 'FindFirstObjectByType has been deprecated because it relies on instance ID ordering. Use FindAnyObjectByType instead, which does not depend on ordering.'
Assets/Tests/PlayMode/ShowcaseNoStutterTests.cs(40,38): warning CS0618: 'Object.FindFirstObjectByType<T>()' is obsolete: 'FindFirstObjectByType has been deprecated because it relies on instance ID ordering. Use FindAnyObjectByType instead, which does not depend on ordering.'
Assets/Tests/PlayMode/ShowcaseSpawnTests.cs(22,28): warning CS0618: 'Object.FindFirstObjectByType<T>()' is obsolete: 'FindFirstObjectByType has been deprecated because it relies on instance ID ordering. Use FindAnyObjectByType instead, which does not depend on ordering.'
Assets/Tests/PlayMode/Step4LifecycleDiagnosticsTests.cs(39,38): warning CS0618: 'Object.FindFirstObjectByType<T>()' is obsolete: 'FindFirstObjectByType has been deprecated because it relies on instance ID ordering. Use FindAnyObjectByType instead, which does not depend on ordering.'
Assets/Tests/PlayMode/ShowcaseSkyAndFarTerrainTests.cs(176,23): warning CS0618: 'Object.FindFirstObjectByType<T>()' is obsolete: 'FindFirstObjectByType has been deprecated because it relies on instance ID ordering. Use FindAnyObjectByType instead, which does not depend on ordering.'
Assets/Tests/PlayMode/ShowcaseSkyAndFarTerrainTests.cs(216,23): warning CS0618: 'Object.FindFirstObjectByType<T>()' is obsolete: 'FindFirstObjectByType has been deprecated because it relies on instance ID ordering. Use FindAnyObjectByType instead, which does not depend on ordering.'
Assets/Tests/PlayMode/ShowcaseTraversalPerformanceTests.cs(151,38): warning CS0618: 'Object.FindFirstObjectByType<T>()' is obsolete: 'FindFirstObjectByType has been deprecated because it relies on instance ID ordering. Use FindAnyObjectByType instead, which does not depend on ordering.'
Assets/Tests/PlayMode/ShowcaseTraversalPerformanceTests.cs(152,35): warning CS0618: 'Object.FindFirstObjectByType<T>()' is obsolete: 'FindFirstObjectByType has been deprecated because it relies on instance ID ordering. Use FindAnyObjectByType instead, which does not depend on ordering.'
Assets/Tests/PlayMode/ShowcaseSkyAndFarTerrainTests.cs(230,23): warning CS0618: 'Object.FindFirstObjectByType<T>()' is obsolete: 'FindFirstObjectByType has been deprecated because it relies on instance ID ordering. Use FindAnyObjectByType instead, which does not depend on ordering.'
Assets/Tests/PlayMode/ShowcaseSkyAndFarTerrainTests.cs(265,23): warning CS0618: 'Object.FindFirstObjectByType<T>()' is obsolete: 'FindFirstObjectByType has been deprecated because it relies on instance ID ordering. Use FindAnyObjectByType instead, which does not depend on ordering.'
Assets/Tests/PlayMode/ShowcaseFrameBudgetDiagnosticTests.cs(243,30): warning CS0618: 'FindObjectsSortMode' is obsolete: 'FindObjectsSortMode has been deprecated. Use the FindObjectsByType overloads that do not take a FindObjectsSortMode parameter.'
Assets/Tests/PlayMode/ShowcaseFrameBudgetDiagnosticTests.cs(242,49): warning CS0618: 'Object.FindObjectsByType<T>(FindObjectsSortMode)' is obsolete: 'FindObjectsByType with FindObjectsSortMode parameter has been deprecated. Use FindObjectsByType<T>() or FindObjectsByType<T>(FindObjectsInactive) instead. InstanceID will be replaced in the future with EntityId and previous sort order cannot be maintained.'
Assets/Tests/PlayMode/ShowcaseFrameBudgetDiagnosticTests.cs(312,34): warning CS0618: 'FindObjectsSortMode' is obsolete: 'FindObjectsSortMode has been deprecated. Use the FindObjectsByType overloads that do not take a FindObjectsSortMode parameter.'
Assets/Tests/PlayMode/ShowcaseFrameBudgetDiagnosticTests.cs(311,53): warning CS0618: 'Object.FindObjectsByType<T>(FindObjectsSortMode)' is obsolete: 'FindObjectsByType with FindObjectsSortMode parameter has been deprecated. Use FindObjectsByType<T>() or FindObjectsByType<T>(FindObjectsInactive) instead. InstanceID will be replaced in the future with EntityId and previous sort order cannot be maintained.'
Assets/Tests/PlayMode/ShowcaseFrameBudgetDiagnosticTests.cs(325,34): warning CS0618: 'FindObjectsSortMode' is obsolete: 'FindObjectsSortMode has been deprecated. Use the FindObjectsByType overloads that do not take a FindObjectsSortMode parameter.'
Assets/Tests/PlayMode/ShowcaseFrameBudgetDiagnosticTests.cs(324,45): warning CS0618: 'Object.FindObjectsByType<T>(FindObjectsSortMode)' is obsolete: 'FindObjectsByType with FindObjectsSortMode parameter has been deprecated. Use FindObjectsByType<T>() or FindObjectsByType<T>(FindObjectsInactive) instead. InstanceID will be replaced in the future with EntityId and previous sort order cannot be maintained.'
Assets/Tests/PlayMode/ShowcaseFrameBudgetDiagnosticTests.cs(332,36): warning CS0618: 'Object.FindFirstObjectByType<T>()' is obsolete: 'FindFirstObjectByType has been deprecated because it relies on instance ID ordering. Use FindAnyObjectByType instead, which does not depend on ordering.'
Assets/Tests/PlayMode/ShowcaseFrameBudgetDiagnosticTests.cs(371,26): warning CS0618: 'Object.FindFirstObjectByType<T>()' is obsolete: 'FindFirstObjectByType has been deprecated because it relies on instance ID ordering. Use FindAnyObjectByType instead, which does not depend on ordering.'
Assets/Tests/PlayMode/ShowcaseSkyAndFarTerrainTests.cs(386,23): warning CS0618: 'Object.FindFirstObjectByType<T>()' is obsolete: 'FindFirstObjectByType has been deprecated because it relies on instance ID ordering. Use FindAnyObjectByType instead, which does not depend on ordering.'
Assets/Tests/PlayMode/ShowcaseSkyAndFarTerrainTests.cs(413,23): warning CS0618: 'Object.FindFirstObjectByType<T>()' is obsolete: 'FindFirstObjectByType has been deprecated because it relies on instance ID ordering. Use FindAnyObjectByType instead, which does not depend on ordering.'
Assets/Tests/PlayMode/ShowcaseFrameBudgetDiagnosticTests.cs(466,26): warning CS0618: 'Object.FindFirstObjectByType<T>()' is obsolete: 'FindFirstObjectByType has been deprecated because it relies on instance ID ordering. Use FindAnyObjectByType instead, which does not depend on ordering.'
Assets/Tests/PlayMode/ShowcaseSkyAndFarTerrainTests.cs(506,23): warning CS0618: 'Object.FindFirstObjectByType<T>()' is obsolete: 'FindFirstObjectByType has been deprecated because it relies on instance ID ordering. Use FindAnyObjectByType instead, which does not depend on ordering.'
Assets/Tests/PlayMode/ShowcaseFrameBudgetDiagnosticTests.cs(552,26): warning CS0618: 'Object.FindFirstObjectByType<T>()' is obsolete: 'FindFirstObjectByType has been deprecated because it relies on instance ID ordering. Use FindAnyObjectByType instead, which does not depend on ordering.'
Assets/Tests/PlayMode/FarFieldCoverageInvariantTests.cs(283,38): warning CS0618: 'Object.FindFirstObjectByType<T>()' is obsolete: 'FindFirstObjectByType has been deprecated because it relies on instance ID ordering. Use FindAnyObjectByType instead, which does not depend on ordering.'
Assets/Tests/PlayMode/FarFieldCoverageInvariantTests.cs(284,35): warning CS0618: 'Object.FindFirstObjectByType<T>()' is obsolete: 'FindFirstObjectByType has been deprecated because it relies on instance ID ordering. Use FindAnyObjectByType instead, which does not depend on ordering.'
Assets/Tests/PlayMode/CastleAccessTests.cs(134,28): warning CS0618: 'Object.FindFirstObjectByType<T>()' is obsolete: 'FindFirstObjectByType has been deprecated because it relies on instance ID ordering. Use FindAnyObjectByType instead, which does not depend on ordering.'
Assets/Tests/PlayMode/CastleAccessTests.cs(225,28):
AssetDatabase: script compilation time: 2.434023s
Begin MonoManager ReloadAssembly
Total cache size 241825375
Symbol file LoadedFromMemory is not a mono symbol file
Refreshing native plugins compatible for Editor in 2.08 ms, found 2 plugins.
Native extension for OSXStandalone target not found
Native extension for WebGL target not found
ScheduleIndexationOnStartup MainProcess:True IndexOnStartup:True
Mono: successfully reloaded assembly
- Finished resetting the current domain, in  2.513 seconds
Domain Reload Profiling: 3017ms
	BeginReloadAssembly (190ms)
		DisableScriptedObjects (8ms)
		CreateAndSetChildDomain (129ms)
	RebuildCommonClasses (4ms)
	RebuildNativeTypeToScriptingClass (8ms)
	initialDomainReloadingComplete (21ms)
	LoadAllAssembliesAndSetupDomain (280ms)
		LoadAssemblies (121ms)
		AnalyzeDomain (127ms)
			TypeCache.Refresh (92ms)
				TypeCache.ScanAssembly (83ms)
			BuildScriptInfoCaches (31ms)
			ResolveRequiredComponents (3ms)
	FinalizeReload (2514ms)
		SetupLoadedEditorAssemblies (0ms)
			BeforeProcessingInitializeOnLoad (40ms)
			ProcessInitializeOnLoadAttributes (2196ms)
			ProcessInitializeOnLoadMethodAttributes (127ms)
		AwakeInstancesAfterBackupRestoration (51ms)
Starting new worker id: 0 with log in /Users/jlashmet/code/voxel/Logs/AssetImportWorkerHW0.log

Asset Pipeline Refresh (id=bb2b7161f6ce942a39135e3c6736ba21): Total: 6.516 seconds - Initiated by InitialRefreshV2(ForceSynchronousImport)
	(Values over 0.05ms)
	Summary:
		Imports: total=0 (actual=0, local cache=0, cache server=0)
		Asset DB Process Time: managed=0 ms, native=3159 ms
		Asset DB Callback time: managed=351 ms, native=13 ms
		Scripting: domain reloads=1, domain reload time=522 ms, compile time=2435 ms, other=34 ms
		Project Asset Count: scripts=1883, non-scripts=2585
		Asset File Changes: new=0, changed=1, moved=0, deleted=0
		Scan Filter Count: 1
	InvokePackagesCallback: 9.719ms
	ApplyChangesToAssetFolders: 0.183ms
	Scan: 444.967ms
	Collect global state as custom dependencies: 7.917ms
	OnSourceAssetsModified: 0.305ms
	CategorizeScriptCompilationAssets: 20.316ms
	ProcessAssetsWithTransientArtifactChanges: 40.313ms
	CategorizeAssets: 34.471ms
	CompileScripts: 2434.589ms
	ImportOutOfDateAssets: 2554.664ms (2528.627ms without children)
		UnloadImportedAssets: 0.528ms
		EnsureUptoDateAssetsAreRegisteredWithGuidPM: 0.420ms
		ImportSchedulerStart: 25.064ms
	PostProcessAllAssets: 351.916ms
		VCAutoAddAssetPostprocess 0.519ms
		XRBuildSystem.XRAssetImported 0.329ms
		MonoPostProcessAllAssets: 350.847ms
			AssetPostprocessor.OnPostprocessAllAssets 153.327ms
			UniversalRenderPipelineGlobalSettingsPostprocessor.OnPostprocessAllAssets 84.299ms
			StyleCatalogPostProcessor.OnPostprocessAllAssets 26.565ms
			BuilderAssetPostprocessor.OnPostprocessAllAssets 6.099ms
			SpriteSlicePostprocessor.OnPostprocessAllAssets 1.202ms
			WindowAssetPostprocessingWatcher.OnPostprocessAllAssets 1.075ms
			SpeedTree9Postprocessor.OnPostprocessAllAssets 1.020ms
			ShaderGraphAssetPostProcessor.OnPostprocessAllAssets 0.926ms
			RenderPipelineGlobalSettingsPostprocessor.OnPostprocessAllAssets 0.849ms
			AssetChangedListener.OnPostprocessAllAssets 0.739ms
			RetainedModeAssetPostprocessor.OnPostprocessAllAssets 0.656ms
			EditModeScopePostprocessor.OnPostprocessAllAssets 0.504ms
			MaterialPostprocessor.OnPostprocessAllAssets 0.385ms
			ArtifactBrowserPostProcessor.OnPostprocessAllAssets 0.329ms
			AssetProcessor.OnPostprocessAllAssets 0.310ms
			SpriteEditorTexturePostprocessor.OnPostprocessAllAssets 0.281ms
			AudioMixerPostprocessor.OnPostprocessAllAssets 0.251ms
			PlaceholderHumanoidAnimationConfigurator.OnPostprocessAllAssets 0.231ms
			CharacterFactoryAssetImporter.OnPostprocessAllAssets 0.219ms
			ReferencedClipsPostProcessor.OnPostprocessAllAssets 0.200ms
			UVCSAssetPostprocessor.OnPostprocessAllAssets 0.187ms
			TextAssetPostProcessor.OnPostprocessAllAssets 0.172ms
			ShaderReflectionAssetPostProcessor.OnPostprocessAllAssets 0.171ms
			SampleDependencyImporterPostProcessor.OnPostprocessAllAssets 0.157ms
			PostProcessor.OnPostprocessAllAssets 0.148ms
			AssetEvents.OnPostprocessAllAssets 0.148ms
			TMPro_TexturePostProcessor.OnPostprocessAllAssets 0.130ms
			TerrainToolbarOverlayPostProcessor.OnPostprocessAllAssets 0.104ms
			AssetDatabaseCallbacks.OnPostprocessAllAssets 0.085ms
			SamplePostprocessor.OnPostprocessAllAssets 0.077ms
			SpeedTreePostProcessor.OnPostprocessAllAssets 0.076ms
			CharacterFactoryCharacterPrefabCleanup.OnPostprocessAllAssets 0.072ms
			AssetPostprocessorProxy.OnPostprocessAllAssets 0.066ms
			AudioContainerPostProcessor.OnPostprocessAllAssets 0.056ms
			CharacterFactoryCharacterPrefabImporter.OnPostprocessAllAssets 0.051ms
			ScenarioDriftAssetsTracker.OnPostprocessAllAssets 0.051ms
			ConfigAssetsTracker.OnPostprocessAllAssets 0.051ms
	PostAssetChangesProfiler: 3.608ms
	UnloadStreamsBegin: 0.937ms
	PersistCurrentRevisions: 0.092ms
	GenerateScriptTypeHashes: 0.935ms
	GenerateScriptTypeSerializationHashes: 1.977ms
	Untracked: 610.911ms

Application.AssetDatabase Initial Refresh End
Shader Hidden/ChartRasterizerHardware is not supported: GPU does not support conservative rasterization
Launching external process: /Applications/Unity/Hub/Editor/6000.5.6f1/Unity.app/Contents/Helpers/UnityShaderCompiler
Launched and connected shader compiler UnityShaderCompiler after 0.02 seconds
Shader Hidden/ChartRasterizerHardware is not supported: GPU does not support conservative rasterization
Scanning for USB devices : 0.334ms
Initializing Unity extensions:
[MODES] ModeService[none].Initialize
[MODES] ModeService[none].LoadModes
[MODES] Loading mode Default (0) for mode-current-id-voxel
2026-08-24 12:38:25.668 Unity[59957:133740398] NSEventModifierFlagFunction specified to -setKeyEquivalentModifierMask: for item <NSMenuItem: 0x6000026d4690 SDF, ke='Command-F12'>, but is only supported for system-provided menu items; will not be used
Unloading 53 Unused Serialized files (Serialized files now loaded: 0)
Unloading 8018 unused Assets / (7.1 MB). Loaded Objects now: 8848.
Memory consumption went from 278.9 MB to 271.8 MB.
Total: 8.524250 ms (FindLiveObjects: 0.346083 ms CreateObjectMapping: 1.620334 ms MarkObjects: 4.416166 ms  DeleteObjects: 2.141291 ms)

2026-08-24 12:38:25.722 Unity[59957:133740398] NSEventModifierFlagFunction specified to -setKeyEquivalentModifierMask: for item <NSMenuItem: 0x6000026136b0 SDF, ke='Command-F12'>, but is only supported for system-provided menu items; will not be used
[Project] Loading completed in 7.894 seconds
	Project init time: 				7.756 seconds
		Template init time: 		0.000 seconds
		Package Manager init time: 		0.363 seconds
		Asset Database init time: 		0.225 seconds
		Global illumination init time: 	0.001 seconds
		Assemblies load time: 			0.381 seconds
		Unity extensions init time: 	0.012 seconds
		Asset Database refresh time: 	6.516 seconds
	Scene opening time: 			0.091 seconds
##utp:{"type":"ProjectInfo","version":2,"phase":"Immediate","time":1787600305723,"processId":59957,"projectLoad":7.894457125000001,"projectInit":7.755998458,"templateInit":0.0,"packageManagerInit":0.362562875,"assetDatabaseInit":0.225449,"globalIlluminationInit":0.000517708,"assembliesLoad":0.381227042,"unityExtensionsInit":0.01211975,"assetDatabaseRefresh":6.5163105,"sceneOpening":0.090602209}
##utp:{"type":"EditorInfo","version":2,"phase":"Immediate","time":1787600305723,"processId":59957,"editorVersion":"6000.5.6f1 (0e0577a1a2ac)","branch":"6000.5/staging","buildType":"Release","platform":"OSX"}
Subscribe to USB device events
Scanning for USB devices : 0.292ms
[Licensing::Client] Successfully resolved entitlement details
Running tests for ExecutionSettings with details:
targetPlatform =
playerHeartbeatTimeout = 600
filters[0] =
   Filter with settings:
   testMode = PlayMode
   targetPlatform =
   testNames = null
   groupNames = VoxelEngine.Tests.PlayMode.KentridgePubExitPlayTests.ProductionCatalogueCompositionLeavesOpeningTorsoVoxelClear, VoxelEngine.Tests.PlayMode.KentridgeOpeningCameraReadabilityTests.CapturedOpeningCameraHasAuthoritativeLineOfSightToInitialCast
   categoryNames = null
   assemblyNames = null
ignoreTests = {}
featureFlags = null

UnityEngine.Debug:ExtractStackTraceNoAlloc (byte*,int,string)
UnityEngine.StackTraceUtility:ExtractStackTrace () (at /Users/bokken/build/output/unity/unity/Runtime/Export/Scripting/StackTrace.cs:35)
UnityEngine.DebugLogHandler:Internal_Log (UnityEngine.LogType,UnityEngine.LogOption,string,UnityEngine.Object)
UnityEngine.DebugLogHandler:LogFormat (UnityEngine.LogType,UnityEngine.Object,string,object[])
UnityEngine.Logger:Log (UnityEngine.LogType,object)
UnityEngine.Debug:Log (object)
UnityEditor.TestTools.TestRunner.CommandLineTest.Executer:InitializeAndExecuteRun (string[]) (at ./Library/PackageCache/com.unity.test-framework@1405238725ab/UnityEditor.TestRunner/CommandLineTest/Executer.cs:53)
UnityEditor.TestTools.TestRunner.CommandLineTest.TestStarter:InitializeAndExecuteRun () (at ./Library/PackageCache/com.unity.test-framework@1405238725ab/UnityEditor.TestRunner/CommandLineTest/TestStarter.cs:64)
UnityEditor.EditorApplication:Internal_CallUpdateFunctions () (at /Users/bokken/build/output/unity/unity/Editor/Mono/EditorApplication.cs:403)

(Filename: ./Library/PackageCache/com.unity.test-framework@1405238725ab/UnityEditor.TestRunner/CommandLineTest/Executer.cs Line: 53)

Worker ready: AssetImportWorkerHW0 0
Start Indexing on Editor startup
[Indexing] Starting Initial Indexing for Assets
[UnityConnectServicesConfig] config is NOT valid, switching to default
Created GICache directory at /Users/jlashmet/Library/Caches/com.unity3d.UnityEditor/GiCache. Took: 0.003s, timestamps: [7.896 - 7.899]
[Licensing::Client] Successfully resolved entitlement details
Unloading 3 Unused Serialized files (Serialized files now loaded: 0)
Unloading 1 unused Assets / (60.1 KB). Loaded Objects now: 8868.
Memory consumption went from 248.7 MB to 248.6 MB.
Total: 6.227500 ms (FindLiveObjects: 0.135667 ms CreateObjectMapping: 0.526625 ms MarkObjects: 5.552959 ms  DeleteObjects: 0.012000 ms)

Importing 'GUID: 08ca9ace9cd6c4fa3a0d5dcb5c44ac96 - Path: Assets/InitTestScene4f174458-4c4b-42b2-8c0c-14acb8f7a024.unity' with importer (DefaultImporter)
Imported 'GUID: 08ca9ace9cd6c4fa3a0d5dcb5c44ac96' -> (Import Result ID: 'cb6ce8df6bb3f55d2cef32b114e6526e') in 0.002 seconds [static dependencies only]. Details - ImportResultOutputID=318e2797da678c22dadd84c40cf6aad0 DependenciesID=97607dc2d51c61372792da86cdccd328 StaticDependenciesID=31ce7386c4a218992be002a9d7b5fd4e
Asset Pipeline Refresh (id=b5372de1b9a1b47bcb99232ec33b0163): Total: 0.065 seconds - Initiated by StopAssetImportingV2(NoUpdateAssetOptions)
Executing IPrebuildSetup for: Unity.PerformanceTesting.Editor.TestRunBuilder.
UnityEngine.Debug:ExtractStackTraceNoAlloc (byte*,int,string)
UnityEngine.StackTraceUtility:ExtractStackTrace () (at /Users/bokken/build/output/unity/unity/Runtime/Export/Scripting/StackTrace.cs:35)
UnityEngine.DebugLogHandler:Internal_Log (UnityEngine.LogType,UnityEngine.LogOption,string,UnityEngine.Object)
UnityEngine.DebugLogHandler:LogFormat (UnityEngine.LogType,UnityEngine.Object,string,object[])
UnityEngine.Logger:Log (UnityEngine.LogType,object)
UnityEngine.Debug:Log (object)
UnityEditor.TestTools.TestRunner.TestRun.Tasks.BuildActionTaskBase`1/<ExecuteMethods>d__8<UnityEngine.TestTools.IPrebuildSetup>:MoveNext () (at ./Library/PackageCache/com.unity.test-framework@1405238725ab/UnityEditor.TestRunner/TestRun/Tasks/BuildActionTaskBase.cs:48)
UnityEditor.TestTools.TestRunner.TestRun.Tasks.BuildActionTaskBase`1/<Execute>d__7<UnityEngine.TestTools.IPrebuildSetup>:MoveNext () (at ./Library/PackageCache/com.unity.test-framework@1405238725ab/UnityEditor.TestRunner/TestRun/Tasks/BuildActionTaskBase.cs:34)
UnityEditor.TestTools.TestRunner.TestRun.TestJobRunner:ExecuteStep () (at ./Library/PackageCache/com.unity.test-framework@1405238725ab/UnityEditor.TestRunner/TestRun/TestJobRunner.cs:194)
UnityEditor.TestTools.TestRunner.TestRun.TestJobRunner:ExecuteCallback () (at ./Library/PackageCache/com.unity.test-framework@1405238725ab/UnityEditor.TestRunner/TestRun/TestJobRunner.cs:129)
UnityEditor.EditorApplication:Internal_CallUpdateFunctions () (at /Users/bokken/build/output/unity/unity/Editor/Mono/EditorApplication.cs:403)

(Filename: ./Library/PackageCache/com.unity.test-framework@1405238725ab/UnityEditor.TestRunner/TestRun/Tasks/BuildActionTaskBase.cs Line: 48)

Thread 0x336467000 may have been prematurely finalized
Reloading assemblies for play mode.
Reloading assemblies after forced synchronous recompile.
Begin MonoManager ReloadAssembly
2026-08-24 12:38:26.596 Unity[59957:133740398] NSEventModifierFlagFunction specified to -setKeyEquivalentModifierMask: for item <NSMenuItem: 0x60000262c690 SDF, ke='Command-F12'>, but is only supported for system-provided menu items; will not be used
2026-08-24 12:38:26.598 Unity[59957:133740398] NSEventModifierFlagFunction specified to -setKeyEquivalentModifierMask: for item <NSMenuItem: 0x6000026409a0 SDF, ke='Command-F12'>, but is only supported for system-provided menu items; will not be used
Symbol file LoadedFromMemory is not a mono symbol file
Native extension for OSXStandalone target not found
Native extension for WebGL target not found
ScheduleIndexationOnStartup MainProcess:True IndexOnStartup:True
Mono: successfully reloaded assembly
- Finished resetting the current domain, in  0.859 seconds
Domain Reload Profiling: 1213ms
	BeginReloadAssembly (220ms)
		DisableScriptedObjects (10ms)
		CreateAndSetChildDomain (159ms)
	RebuildCommonClasses (4ms)
	RebuildNativeTypeToScriptingClass (9ms)
	initialDomainReloadingComplete (22ms)
	LoadAllAssembliesAndSetupDomain (99ms)
		LoadAssemblies (49ms)
		AnalyzeDomain (18ms)
			TypeCache.Refresh (5ms)
			ResolveRequiredComponents (11ms)
	FinalizeReload (859ms)
		SetupLoadedEditorAssemblies (0ms)
			BeforeProcessingInitializeOnLoad (37ms)
			ProcessInitializeOnLoadAttributes (531ms)
			ProcessInitializeOnLoadMethodAttributes (113ms)
		AwakeInstancesAfterBackupRestoration (16ms)
No restricted APIs configured; Validation skipped.
Checking 23 assemblies for restricted APIs found 0 usage(s) in 1 ms

Asset Pipeline Refresh (id=8bb0ee97d3fb847d9846541ef764cf25): Total: 1.799 seconds - Initiated by StopAssetImportingV2(ForceSynchronousImport | ForceDomainReload)
	(Values over 0.05ms)
	Summary:
		Imports: total=0 (actual=0, local cache=0, cache server=0)
		Asset DB Process Time: managed=0 ms, native=1029 ms
		Asset DB Callback time: managed=284 ms, native=117 ms
		Scripting: domain reloads=1, domain reload time=366 ms, compile time=0 ms, other=0 ms
		Project Asset Count: scripts=1883, non-scripts=2586
		Asset File Changes: new=0, changed=0, moved=0, deleted=0
		Scan Filter Count: 0
	InvokePackagesCallback: 0.481ms
	ApplyChangesToAssetFolders: 0.160ms
	Collect global state as custom dependencies: 1.018ms
	ProcessAssetsWithTransientArtifactChanges: 80.237ms
	CategorizeAssets: 38.885ms
	CompileScripts: 0.483ms
	ImportOutOfDateAssets: 892.635ms (870.207ms without children)
		CollectScriptTypesHashes: 0.900ms
		ReloadNativeAssets: 0.603ms
		UnloadImportedAssets: 0.084ms
		EnsureUptoDateAssetsAreRegisteredWithGuidPM: 0.412ms
		ImportSchedulerStart: 21.318ms
	PostProcessAllAssets: 395.612ms
		PostProcessCallbackCreateDeferredMaterials 21.878ms
		AssemblyValidation.PostprocessAllAssets 15.680ms
		ShaderAssetModifiedCallback 11.168ms
		RaytracingShaderImportPostprocess 6.071ms
		ComputeShaderImportPostprocess 5.700ms
		SpeedTreeImporter.PostprocessAllAssets 5.173ms
		BlockShaderImporter.PostprocessAllAssets 2.774ms
		LocalizationDatabase.AssetDatabasePostprocessCallback 2.533ms
		XRBuildSystem.XRAssetImported 0.398ms
		MonoPostProcessAllAssets: 284.164ms
			ShaderGraphAssetPostProcessor.OnPostprocessAllAssets 117.183ms
			PostProcessor.OnPostprocessAllAssets 30.221ms
			AssetPostprocessor.OnPostprocessAllAssets 21.292ms
			MaterialPostprocessor.OnPostprocessAllAssets 20.502ms
			TextAssetPostProcessor.OnPostprocessAllAssets 14.364ms
			SpriteSlicePostprocessor.OnPostprocessAllAssets 12.835ms
			StyleCatalogPostProcessor.OnPostprocessAllAssets 8.956ms
			AssetChangedListener.OnPostprocessAllAssets 8.822ms
			UniversalRenderPipelineGlobalSettingsPostprocessor.OnPostprocessAllAssets 4.967ms
			BuilderAssetPostprocessor.OnPostprocessAllAssets 3.409ms
			RenderPipelineGlobalSettingsPostprocessor.OnPostprocessAllAssets 2.868ms
			SpeedTree9Postprocessor.OnPostprocessAllAssets 2.039ms
			PlaceholderHumanoidAnimationConfigurator.OnPostprocessAllAssets 2.038ms
			RetainedModeAssetPostprocessor.OnPostprocessAllAssets 0.875ms
			WindowAssetPostprocessingWatcher.OnPostprocessAllAssets 0.749ms
			SpriteEditorTexturePostprocessor.OnPostprocessAllAssets 0.294ms
			CharacterFactoryAssetImporter.OnPostprocessAllAssets 0.277ms
			ShaderReflectionAssetPostProcessor.OnPostprocessAllAssets 0.240ms
			ArtifactBrowserPostProcessor.OnPostprocessAllAssets 0.207ms
			CharacterFactoryCharacterPrefabImporter.OnPostprocessAllAssets 0.186ms
			SpeedTreePostProcessor.OnPostprocessAllAssets 0.184ms
			AssetEvents.OnPostprocessAllAssets 0.159ms
			SampleDependencyImporterPostProcessor.OnPostprocessAllAssets 0.146ms
			UVCSAssetPostprocessor.OnPostprocessAllAssets 0.146ms
			ReferencedClipsPostProcessor.OnPostprocessAllAssets 0.142ms
			TMPro_TexturePostProcessor.OnPostprocessAllAssets 0.136ms
			AudioMixerPostprocessor.OnPostprocessAllAssets 0.123ms
			EditModeScopePostprocessor.OnPostprocessAllAssets 0.114ms
			SamplePostprocessor.OnPostprocessAllAssets 0.088ms
			TerrainToolbarOverlayPostProcessor.OnPostprocessAllAssets 0.081ms
			AssetPostprocessorProxy.OnPostprocessAllAssets 0.063ms
			CharacterFactoryCharacterPrefabCleanup.OnPostprocessAllAssets 0.063ms
			SyncVS.PostprocessSyncProject 0.058ms
			AssetDatabaseCallbacks.OnPostprocessAllAssets 0.053ms
	PostAssetChangesProfiler: 6.385ms
	GatherAllCurrentPrimaryImportResultRevisions: 0.092ms
	UnloadStreamsBegin: 0.089ms
	PersistCurrentRevisions: 0.081ms
	GenerateScriptTypeHashes: 1.957ms
	GenerateScriptTypeSerializationHashes: 3.329ms
	Untracked: 381.379ms

Loaded scene 'Temp/__Backupscenes/0.backup'
	Deserialize:            0.407 ms
	Integration:            190.898 ms
	Integration of assets:  0.000 ms
	Thread Wait Time:       0.006 ms
	Total Operation Time:   191.311 ms
[MODES] ModeService[none].Initialize
[MODES] ModeService[none].LoadModes
[Licensing::Client] Successfully resolved entitlement details
[Licensing::Client] Successfully resolved entitlement details
<b><color=#2EA3FF>MCP-FOR-UNITY</color></b>: [TestRunnerNoThrottle] Applied No Throttling for test run.
UnityEngine.Debug:ExtractStackTraceNoAlloc (byte*,int,string)
UnityEngine.StackTraceUtility:ExtractStackTrace () (at /Users/bokken/build/output/unity/unity/Runtime/Export/Scripting/StackTrace.cs:35)
UnityEngine.DebugLogHandler:Internal_Log (UnityEngine.LogType,UnityEngine.LogOption,string,UnityEngine.Object)
UnityEngine.DebugLogHandler:LogFormat (UnityEngine.LogType,UnityEngine.Object,string,object[])
UnityEngine.Logger:Log (UnityEngine.LogType,object)
UnityEngine.Debug:Log (object)
MCPForUnity.Editor.Helpers.McpLog:Info (string,bool) (at ./Library/PackageCache/com.coplaydev.unity-mcp@8bd91ce7bd3a/Editor/Helpers/McpLog.cs:40)
MCPForUnity.Editor.Services.TestRunnerNoThrottle:ApplyNoThrottling () (at ./Library/PackageCache/com.coplaydev.unity-mcp@8bd91ce7bd3a/Editor/Services/TestRunnerNoThrottle.cs:101)
MCPForUnity.Editor.Services.TestRunnerNoThrottle/TestCallbacks:RunStarted (UnityEditor.TestTools.TestRunner.Api.ITestAdaptor) (at ./Library/PackageCache/com.coplaydev.unity-mcp@8bd91ce7bd3a/Editor/Services/TestRunnerNoThrottle.cs:138)
UnityEditor.TestTools.TestRunner.Api.CallbacksDelegator/<>c__DisplayClass7_0:<RunStarted>b__0 (UnityEditor.TestTools.TestRunner.Api.ICallbacks) (at ./Library/PackageCache/com.unity.test-framework@1405238725ab/UnityEditor.TestRunner/Api/CallbacksDelegator.cs:42)
UnityEditor.TestTools.TestRunner.Api.CallbacksDelegator:TryInvokeAllCallbacks (System.Action`1<UnityEditor.TestTools.TestRunner.Api.ICallbacks>) (at ./Library/PackageCache/com.unity.test-framework@1405238725ab/UnityEditor.TestRunner/Api/CallbacksDelegator.cs:135)
UnityEditor.TestTools.TestRunner.Api.CallbacksDelegator:RunStarted (NUnit.Framework.Interfaces.ITest) (at ./Library/PackageCache/com.unity.test-framework@1405238725ab/UnityEditor.TestRunner/Api/CallbacksDelegator.cs:42)
UnityEngine.Events.InvokableCall`1<NUnit.Framework.Interfaces.ITest>:Invoke (NUnit.Framework.Interfaces.ITest) (at /Users/bokken/build/output/unity/unity/Runtime/Export/UnityEvent/UnityEvent.cs:222)
UnityEngine.Events.UnityEvent`1<NUnit.Framework.Interfaces.ITest>:Invoke (NUnit.Framework.Interfaces.ITest) (at /Users/bokken/build/output/unity/unity/artifacts/generated/UnityEvent/UnityEvent_1.cs:59)
UnityEngine.Events.InvokableCall`1<NUnit.Framework.Interfaces.ITest>:Invoke (NUnit.Framework.Interfaces.ITest) (at /Users/bokken/build/output/unity/unity/Runtime/Export/UnityEvent/UnityEvent.cs:222)
UnityEngine.Events.UnityEvent`1<NUnit.Framework.Interfaces.ITest>:Invoke (NUnit.Framework.Interfaces.ITest) (at /Users/bokken/build/output/unity/unity/artifacts/generated/UnityEvent/UnityEvent_1.cs:59)
UnityEngine.TestTools.TestRunner.PlaymodeTestsController/<Run>d__25:MoveNext () (at ./Library/PackageCache/com.unity.test-framework@1405238725ab/UnityEngine.TestRunner/TestRunner/PlaymodeTestsController.cs:140)
UnityEngine.SetupCoroutine:InvokeMoveNext (System.Collections.IEnumerator,intptr) (at /Users/bokken/build/output/unity/unity/Runtime/Export/Scripting/Coroutines.cs:17)

(Filename: ./Library/PackageCache/com.coplaydev.unity-mcp@8bd91ce7bd3a/Editor/Helpers/McpLog.cs Line: 40)

Kentridge region life: 823 trees, 3435 ground cover, 32 wildlife clusters.
UnityEngine.Debug:ExtractStackTraceNoAlloc (byte*,int,string)
UnityEngine.StackTraceUtility:ExtractStackTrace () (at /Users/bokken/build/output/unity/unity/Runtime/Export/Scripting/StackTrace.cs:35)
UnityEngine.DebugLogHandler:Internal_Log (UnityEngine.LogType,UnityEngine.LogOption,string,UnityEngine.Object)
UnityEngine.DebugLogHandler:LogFormat (UnityEngine.LogType,UnityEngine.Object,string,object[])
UnityEngine.Logger:Log (UnityEngine.LogType,object)
UnityEngine.Debug:Log (object)
Game.Kentridge.PlayableSlice.KentridgeRegionLife:Populate (VoxelEngine.Showcase.ShowcaseWorld,MountingForce.WorldGen.RegionThemeMap,single,single,single,single) (at Assets/Scenes/Kentridge/KentridgeRegionLife.cs:81)
Game.Kentridge.PlayableSlice.KentridgePlayableSlice:OnEnable () (at Assets/Scenes/Kentridge/KentridgePlayableSlice.cs:262)

(Filename: Assets/Scenes/Kentridge/KentridgeRegionLife.cs Line: 81)

Loaded scene 'Assets/Scenes/KentridgePlayableSlice.unity'
	Deserialize:            0.928 ms
	Integration:            12162.107 ms
	Integration of assets:  0.001 ms
	Thread Wait Time:       0.557 ms
	Total Operation Time:   12163.593 ms
[VoxelResidency] residentRegions=16 mixed=70,588/262,144 evicted=0 reclaimedMixed=0
UnityEngine.Debug:ExtractStackTraceNoAlloc (byte*,int,string)
UnityEngine.StackTraceUtility:ExtractStackTrace () (at /Users/bokken/build/output/unity/unity/Runtime/Export/Scripting/StackTrace.cs:35)
UnityEngine.DebugLogHandler:Internal_Log (UnityEngine.LogType,UnityEngine.LogOption,string,UnityEngine.Object)
UnityEngine.DebugLogHandler:LogFormat (UnityEngine.LogType,UnityEngine.Object,string,object[])
UnityEngine.Logger:Log (UnityEngine.LogType,object)
UnityEngine.Debug:Log (object)
VoxelEngine.Storage.Runtime.RegionResidencyStore:Refresh (VoxelEngine.Storage.Runtime.RegionTable&,VoxelEngine.Storage.Runtime.BrickPool&) (at Assets/VoxelEngine/Storage/Runtime/RegionResidencyStore.cs:46)
VoxelEngine.Composition.VoxelEngineBootstrap/StorageRuntimeLifetime:get_ResidencyStore () (at Assets/VoxelEngine/Composition/VoxelEngineBootstrap.cs:322)
VoxelEngine.Showcase.ShowcaseWorld:get__residencyStore () (at Assets/Game/Composition/Showcase/ShowcaseWorld.cs:96)
VoxelEngine.Showcase.ShowcaseWorld:EvictDistantRegions (Unity.Mathematics.int3) (at Assets/Game/Composition/Showcase/ShowcaseWorld.cs:709)
VoxelEngine.Showcase.ShowcaseWorld:StepStreaming (Unity.Mathematics.float3,double) (at Assets/Game/Composition/Showcase/ShowcaseWorld.cs:453)
Game.Kentridge.PlayableSlice.KentridgePlayableSlice:Update () (at Assets/Scenes/Kentridge/KentridgePlayableSlice.cs:440)

(Filename: Assets/VoxelEngine/Storage/Runtime/RegionResidencyStore.cs Line: 46)

KENTRIDGE_TORSO_COMPOSITION voxel=int3(1339, 231, 757) k=0 kh=0 kc=0 khc=0
UnityEngine.Debug:ExtractStackTraceNoAlloc (byte*,int,string)
UnityEngine.StackTraceUtility:ExtractStackTrace () (at /Users/bokken/build/output/unity/unity/Runtime/Export/Scripting/StackTrace.cs:35)
UnityEngine.DebugLogHandler:Internal_Log (UnityEngine.LogType,UnityEngine.LogOption,string,UnityEngine.Object)
UnityEngine.DebugLogHandler:LogFormat (UnityEngine.LogType,UnityEngine.Object,string,object[])
UnityEngine.Logger:Log (UnityEngine.LogType,object)
UnityEngine.Debug:Log (object)
VoxelEngine.Tests.PlayMode.KentridgePubExitPlayTests:ProductionCatalogueCompositionLeavesOpeningTorsoVoxelClear () (at Assets/Tests/PlayMode/KentridgePubExitPlayTests.cs:250)
System.Reflection.RuntimeMethodInfo:Invoke (object,System.Reflection.BindingFlags,System.Reflection.Binder,object[],System.Globalization.CultureInfo)
System.Reflection.MethodBase:Invoke (object,object[])
NUnit.Framework.Internal.Reflect:InvokeMethod (System.Reflection.MethodInfo,object,object[])
NUnit.Framework.Internal.MethodWrapper:Invoke (object,object[])
NUnit.Framework.Internal.Commands.TestMethodCommand:RunNonAsyncTestMethod (NUnit.Framework.Internal.ITestExecutionContext)
NUnit.Framework.Internal.Commands.TestMethodCommand:RunTestMethod (NUnit.Framework.Internal.ITestExecutionContext)
NUnit.Framework.Internal.Commands.TestMethodCommand:Execute (NUnit.Framework.Internal.ITestExecutionContext)
UnityEngine.TestTools.UnityTestMethodCommand:Execute (NUnit.Framework.Internal.ITestExecutionContext) (at ./Library/PackageCache/com.unity.test-framework@1405238725ab/UnityEngine.TestRunner/NUnitExtensions/Commands/UnityTestMethodCommand.cs:19)
UnityEngine.TestRunner.NUnitExtensions.Runner.UnityLogCheckDelegatingCommand/<>c__DisplayClass2_0:<Execute>b__0 () (at ./Library/PackageCache/com.unity.test-framework@1405238725ab/UnityEngine.TestRunner/NUnitExtensions/Runner/UnityLogCheckDelegatingCommand.cs:24)
UnityEngine.TestRunner.NUnitExtensions.Runner.UnityLogCheckDelegatingCommand:CaptureException (NUnit.Framework.Internal.TestResult,System.Action) (at ./Library/PackageCache/com.unity.test-framework@1405238725ab/UnityEngine.TestRunner/NUnitExtensions/Runner/UnityLogCheckDelegatingCommand.cs:72)
UnityEngine.TestRunner.NUnitExtensions.Runner.UnityLogCheckDelegatingCommand:ExecuteAndCheckLog (UnityEngine.TestTools.Logging.LogScope,NUnit.Framework.Internal.TestResult,System.Action) (at ./Library/PackageCache/com.unity.test-framework@1405238725ab/UnityEngine.TestRunner/NUnitExtensions/Runner/UnityLogCheckDelegatingCommand.cs:83)
UnityEngine.TestRunner.NUnitExtensions.Runner.UnityLogCheckDelegatingCommand:Execute (NUnit.Framework.Internal.ITestExecutionContext) (at ./Library/PackageCache/com.unity.test-framework@1405238725ab/UnityEngine.TestRunner/NUnitExtensions/Runner/UnityLogCheckDelegatingCommand.cs:24)
UnityEngine.TestRunner.NUnitExtensions.Runner.UnityLogCheckDelegatingCommand/<ExecuteEnumerable>d__3:MoveNext () (at ./Library/PackageCache/com.unity.test-framework@1405238725ab/UnityEngine.TestRunner/NUnitExtensions/Runner/UnityLogCheckDelegatingCommand.cs:35)
UnityEngine.TestTools.BeforeAfterTestCommandBase`1/<ExecuteEnumerable>d__16<NUnit.Framework.ITestAction>:MoveNext () (at ./Library/PackageCache/com.unity.test-framework@1405238725ab/UnityEngine.TestRunner/NUnitExtensions/Commands/BeforeAfterTestCommandBase.cs:212)
UnityEngine.TestTools.ImmediateEnumerableCommand:Execute (NUnit.Framework.Internal.ITestExecutionContext) (at ./Library/PackageCache/com.unity.test-framework@1405238725ab/UnityEngine.TestRunner/NUnitExtensions/Commands/ImmediateEnumerableCommand.cs:18)
UnityEngine.TestTools.BeforeAfterTestCommandBase`1/<ExecuteEnumerable>d__16<System.Reflection.MethodInfo>:MoveNext () (at ./Library/PackageCache/com.unity.test-framework@1405238725ab/UnityEngine.TestRunner/NUnitExtensions/Commands/BeforeAfterTestCommandBase.cs:219)
UnityEngine.TestTools.BeforeAfterTestCommandBase`1/<ExecuteEnumerable>d__16<System.Reflection.MethodInfo>:MoveNext () (at ./Library/PackageCache/com.unity.test-framework@1405238725ab/UnityEngine.TestRunner/NUnitExtensions/Commands/BeforeAfterTestCommandBase.cs:212)
UnityEngine.TestTools.BeforeAfterTestCommandBase`1/<ExecuteEnumerable>d__16<UnityEngine.TestTools.IOuterUnityTestAction>:MoveNext () (at ./Library/PackageCache/com.unity.test-framework@1405238725ab/UnityEngine.TestRunner/NUnitExtensions/Commands/BeforeAfterTestCommandBase.cs:212)
UnityEngine.TestTools.RetryCommand/<ExecuteEnumerable>d__2:MoveNext () (at ./Library/PackageCache/com.unity.test-framework@1405238725ab/UnityEngine.TestRunner/NUnitExtensions/Commands/RetryCommand.cs:37)
UnityEngine.TestTools.RepeatCommand/<ExecuteEnumerable>d__2:MoveNext () (at ./Library/PackageCache/com.unity.test-framework@1405238725ab/UnityEngine.TestRunner/NUnitExtensions/Commands/RepeatCommand.cs:36)
UnityEngine.TestTools.IgnoreTestCommand/<ExecuteEnumerable>d__3:MoveNext () (at ./Library/PackageCache/com.unity.test-framework@1405238725ab/UnityEngine.TestRunner/NUnitExtensions/Commands/IgnoreTestCommand.cs:42)
UnityEngine.TestTools.StrictCheckCommand/<ExecuteEnumerable>d__2:MoveNext () (at ./Library/PackageCache/com.unity.test-framework@1405238725ab/UnityEngine.TestRunner/NUnitExtensions/Commands/StrictCheckCommand.cs:29)
UnityEngine.TestRunner.NUnitExtensions.Runner.DefaultTestWorkItem/<PerformWork>d__2:MoveNext () (at ./Library/PackageCache/com.unity.test-framework@1405238725ab/UnityEngine.TestRunner/NUnitExtensions/Runner/DefaultTestWorkItem.cs:50)
UnityEngine.TestRunner.NUnitExtensions.Runner.CompositeWorkItem/<RunChildren>d__17:MoveNext () (at ./Library/PackageCache/com.unity.test-framework@1405238725ab/UnityEngine.TestRunner/NUnitExtensions/Runner/CompositeWorkItem.cs:207)
UnityEngine.TestRunner.NUnitExtensions.Runner.CompositeWorkItem/<PerformWork>d__13:MoveNext () (at ./Library/PackageCache/com.unity.test-framework@1405238725ab/UnityEngine.TestRunner/NUnitExtensions/Runner/CompositeWorkItem.cs:82)
UnityEngine.TestRunner.NUnitExtensions.Runner.CompositeWorkItem/<RunChildren>d__17:MoveNext () (at ./Library/PackageCache/com.unity.test-framework@1405238725ab/UnityEngine.TestRunner/NUnitExtensions/Runner/CompositeWorkItem.cs:207)
UnityEngine.TestRunner.NUnitExtensions.Runner.CompositeWorkItem/<PerformWork>d__13:MoveNext () (at ./Library/PackageCache/com.unity.test-framework@1405238725ab/UnityEngine.TestRunner/NUnitExtensions/Runner/CompositeWorkItem.cs:82)
UnityEngine.TestRunner.NUnitExtensions.Runner.CompositeWorkItem/<RunChildren>d__17:MoveNext () (at ./Library/PackageCache/com.unity.test-framework@1405238725ab/UnityEngine.TestRunner/NUnitExtensions/Runner/CompositeWorkItem.cs:207)
UnityEngine.TestRunner.NUnitExtensions.Runner.CompositeWorkItem/<PerformWork>d__13:MoveNext () (at ./Library/PackageCache/com.unity.test-framework@1405238725ab/UnityEngine.TestRunner/NUnitExtensions/Runner/CompositeWorkItem.cs:82)
UnityEngine.TestRunner.NUnitExtensions.Runner.CompositeWorkItem/<RunChildren>d__17:MoveNext () (at ./Library/PackageCache/com.unity.test-framework@1405238725ab/UnityEngine.TestRunner/NUnitExtensions/Runner/CompositeWorkItem.cs:207)
UnityEngine.TestRunner.NUnitExtensions.Runner.CompositeWorkItem/<PerformWork>d__13:MoveNext () (at ./Library/PackageCache/com.unity.test-framework@1405238725ab/UnityEngine.TestRunner/NUnitExtensions/Runner/CompositeWorkItem.cs:82)
UnityEngine.TestRunner.NUnitExtensions.Runner.CompositeWorkItem/<RunChildren>d__17:MoveNext () (at ./Library/PackageCache/com.unity.test-framework@1405238725ab/UnityEngine.TestRunner/NUnitExtensions/Runner/CompositeWorkItem.cs:207)
UnityEngine.TestRunner.NUnitExtensions.Runner.CompositeWorkItem/<PerformWork>d__13:MoveNext () (at ./Library/PackageCache/com.unity.test-framework@1405238725ab/UnityEngine.TestRunner/NUnitExtensions/Runner/CompositeWorkItem.cs:82)
UnityEngine.TestRunner.NUnitExtensions.Runner.CompositeWorkItem/<RunChildren>d__17:MoveNext () (at ./Library/PackageCache/com.unity.test-framework@1405238725ab/UnityEngine.TestRunner/NUnitExtensions/Runner/CompositeWorkItem.cs:207)
UnityEngine.TestRunner.NUnitExtensions.Runner.CompositeWorkItem/<PerformWork>d__13:MoveNext () (at ./Library/PackageCache/com.unity.test-framework@1405238725ab/UnityEngine.TestRunner/NUnitExtensions/Runner/CompositeWorkItem.cs:82)
UnityEngine.TestTools.TestRunner.PlaymodeTestsController/<TestRunnerCoroutine>d__24:MoveNext () (at ./Library/PackageCache/com.unity.test-framework@1405238725ab/UnityEngine.TestRunner/TestRunner/PlaymodeTestsController.cs:94)
UnityEngine.SetupCoroutine:InvokeMoveNext (System.Collections.IEnumerator,intptr) (at /Users/bokken/build/output/unity/unity/Runtime/Export/Scripting/Coroutines.cs:17)

(Filename: Assets/Tests/PlayMode/KentridgePubExitPlayTests.cs Line: 250)

<b><color=#2EA3FF>MCP-FOR-UNITY</color></b>: [TestRunnerNoThrottle] Restored Interaction Mode after test run.
UnityEngine.Debug:ExtractStackTraceNoAlloc (byte*,int,string)
UnityEngine.StackTraceUtility:ExtractStackTrace () (at /Users/bokken/build/output/unity/unity/Runtime/Export/Scripting/StackTrace.cs:35)
UnityEngine.DebugLogHandler:Internal_Log (UnityEngine.LogType,UnityEngine.LogOption,string,UnityEngine.Object)
UnityEngine.DebugLogHandler:LogFormat (UnityEngine.LogType,UnityEngine.Object,string,object[])
UnityEngine.Logger:Log (UnityEngine.LogType,object)
UnityEngine.Debug:Log (object)
MCPForUnity.Editor.Helpers.McpLog:Info (string,bool) (at ./Library/PackageCache/com.coplaydev.unity-mcp@8bd91ce7bd3a/Editor/Helpers/McpLog.cs:40)
MCPForUnity.Editor.Services.TestRunnerNoThrottle:RestoreThrottling () (at ./Library/PackageCache/com.coplaydev.unity-mcp@8bd91ce7bd3a/Editor/Services/TestRunnerNoThrottle.cs:114)
MCPForUnity.Editor.Services.TestRunnerNoThrottle/TestCallbacks:RunFinished (UnityEditor.TestTools.TestRunner.Api.ITestResultAdaptor) (at ./Library/PackageCache/com.coplaydev.unity-mcp@8bd91ce7bd3a/Editor/Services/TestRunnerNoThrottle.cs:143)
UnityEditor.TestTools.TestRunner.Api.CallbacksDelegator/<>c__DisplayClass9_0:<RunFinished>b__0 (UnityEditor.TestTools.TestRunner.Api.ICallbacks) (at ./Library/PackageCache/com.unity.test-framework@1405238725ab/UnityEditor.TestRunner/Api/CallbacksDelegator.cs:55)
UnityEditor.TestTools.TestRunner.Api.CallbacksDelegator:TryInvokeAllCallbacks (System.Action`1<UnityEditor.TestTools.TestRunner.Api.ICallbacks>) (at ./Library/PackageCache/com.unity.test-framework@1405238725ab/UnityEditor.TestRunner/Api/CallbacksDelegator.cs:135)
UnityEditor.TestTools.TestRunner.Api.CallbacksDelegator:RunFinished (NUnit.Framework.Interfaces.ITestResult) (at ./Library/PackageCache/com.unity.test-framework@1405238725ab/UnityEditor.TestRunner/Api/CallbacksDelegator.cs:55)
UnityEngine.Events.InvokableCall`1<NUnit.Framework.Interfaces.ITestResult>:Invoke (NUnit.Framework.Interfaces.ITestResult) (at /Users/bokken/build/output/unity/unity/Runtime/Export/UnityEvent/UnityEvent.cs:222)
UnityEngine.Events.UnityEvent`1<NUnit.Framework.Interfaces.ITestResult>:Invoke (NUnit.Framework.Interfaces.ITestResult) (at /Users/bokken/build/output/unity/unity/artifacts/generated/UnityEvent/UnityEvent_1.cs:59)
UnityEngine.Events.InvokableCall`1<NUnit.Framework.Interfaces.ITestResult>:Invoke (NUnit.Framework.Interfaces.ITestResult) (at /Users/bokken/build/output/unity/unity/Runtime/Export/UnityEvent/UnityEvent.cs:222)
UnityEngine.Events.UnityEvent`1<NUnit.Framework.Interfaces.ITestResult>:Invoke (NUnit.Framework.Interfaces.ITestResult) (at /Users/bokken/build/output/unity/unity/artifacts/generated/UnityEvent/UnityEvent_1.cs:59)
UnityEngine.TestTools.TestRunner.PlaymodeTestsController/<TestRunnerCoroutine>d__24:MoveNext () (at ./Library/PackageCache/com.unity.test-framework@1405238725ab/UnityEngine.TestRunner/TestRunner/PlaymodeTestsController.cs:110)
UnityEngine.SetupCoroutine:InvokeMoveNext (System.Collections.IEnumerator,intptr) (at /Users/bokken/build/output/unity/unity/Runtime/Export/Scripting/Coroutines.cs:17)

(Filename: ./Library/PackageCache/com.coplaydev.unity-mcp@8bd91ce7bd3a/Editor/Helpers/McpLog.cs Line: 40)

Saving results to: /Users/jlashmet/Library/Application Support/DefaultCompany/voxel/TestResults.xml
Saving results to: /Users/jlashmet/code/voxel/SceneIssues/20260824-024358-011-KentridgePlayableSlice/verification-final-focused-clean-results.xml
Thread 0x35e167000 may have been prematurely finalized
Unloading 11 Unused Serialized files (Serialized files now loaded: 0)
Loaded scene 'Temp/__Backupscenes/0.backup'
	Deserialize:            0.238 ms
	Integration:            122.906 ms
	Integration of assets:  0.001 ms
	Thread Wait Time:       0.007 ms
	Total Operation Time:   123.153 ms
Unloading 7498 unused Assets / (4.1 MB). Loaded Objects now: 10285.
Memory consumption went from 0.90 GB to 0.90 GB.
Total: 9.818375 ms (FindLiveObjects: 0.396500 ms CreateObjectMapping: 1.471541 ms MarkObjects: 6.596917 ms  DeleteObjects: 1.353208 ms)

[Licensing::Client] Successfully resolved entitlement details
TrimDiskCacheJob: Current cache size 0mb
Executing IPostBuildCleanup for: Unity.PerformanceTesting.Editor.TestRunBuilder.
UnityEngine.Debug:ExtractStackTraceNoAlloc (byte*,int,string)
UnityEngine.StackTraceUtility:ExtractStackTrace () (at /Users/bokken/build/output/unity/unity/Runtime/Export/Scripting/StackTrace.cs:35)
UnityEngine.DebugLogHandler:Internal_Log (UnityEngine.LogType,UnityEngine.LogOption,string,UnityEngine.Object)
UnityEngine.DebugLogHandler:LogFormat (UnityEngine.LogType,UnityEngine.Object,string,object[])
UnityEngine.Logger:Log (UnityEngine.LogType,object)
UnityEngine.Debug:Log (object)
UnityEditor.TestTools.TestRunner.TestRun.Tasks.BuildActionTaskBase`1/<ExecuteMethods>d__8<UnityEngine.TestTools.IPostBuildCleanup>:MoveNext () (at ./Library/PackageCache/com.unity.test-framework@1405238725ab/UnityEditor.TestRunner/TestRun/Tasks/BuildActionTaskBase.cs:48)
UnityEditor.TestTools.TestRunner.TestRun.Tasks.BuildActionTaskBase`1/<Execute>d__7<UnityEngine.TestTools.IPostBuildCleanup>:MoveNext () (at ./Library/PackageCache/com.unity.test-framework@1405238725ab/UnityEditor.TestRunner/TestRun/Tasks/BuildActionTaskBase.cs:34)
UnityEditor.TestTools.TestRunner.TestRun.TestJobRunner:ExecuteStep () (at ./Library/PackageCache/com.unity.test-framework@1405238725ab/UnityEditor.TestRunner/TestRun/TestJobRunner.cs:194)
UnityEditor.TestTools.TestRunner.TestRun.TestJobRunner:ExecuteCallback () (at ./Library/PackageCache/com.unity.test-framework@1405238725ab/UnityEditor.TestRunner/TestRun/TestJobRunner.cs:129)
UnityEditor.EditorApplication:Internal_CallUpdateFunctions () (at /Users/bokken/build/output/unity/unity/Editor/Mono/EditorApplication.cs:403)

(Filename: ./Library/PackageCache/com.unity.test-framework@1405238725ab/UnityEditor.TestRunner/TestRun/Tasks/BuildActionTaskBase.cs Line: 48)

Unloading 0 Unused Serialized files (Serialized files now loaded: 0)
Unloading 0 unused Assets / (0 B). Loaded Objects now: 10290.
Memory consumption went from 0.89 GB to 0.89 GB.
Total: 8.036458 ms (FindLiveObjects: 0.163583 ms CreateObjectMapping: 0.652333 ms MarkObjects: 7.213833 ms  DeleteObjects: 0.006291 ms)

Asset Pipeline Refresh (id=ac7e7d15a205f4d5e8af62c1c5c35440): Total: 0.052 seconds - Initiated by StopAssetImportingV2(NoUpdateAssetOptions)
DisplayProgressbar: Undo
Test run completed. Exiting with code 0 (Ok). Run completed.
UnityEngine.Debug:ExtractStackTraceNoAlloc (byte*,int,string)
UnityEngine.StackTraceUtility:ExtractStackTrace () (at /Users/bokken/build/output/unity/unity/Runtime/Export/Scripting/StackTrace.cs:35)
UnityEngine.DebugLogHandler:Internal_Log (UnityEngine.LogType,UnityEngine.LogOption,string,UnityEngine.Object)
UnityEngine.DebugLogHandler:LogFormat (UnityEngine.LogType,UnityEngine.Object,string,object[])
UnityEngine.Logger:Log (UnityEngine.LogType,object)
UnityEngine.Debug:Log (object)
UnityEditor.TestTools.TestRunner.CommandLineTest.Executer:ExitApplication (UnityEditor.TestTools.TestRunner.CommandLineTest.Executer/ReturnCodes,string) (at ./Library/PackageCache/com.unity.test-framework@1405238725ab/UnityEditor.TestRunner/CommandLineTest/Executer.cs:81)
UnityEditor.TestTools.TestRunner.CommandLineTest.Executer:ExitIfRunIsCompleted () (at ./Library/PackageCache/com.unity.test-framework@1405238725ab/UnityEditor.TestRunner/CommandLineTest/Executer.cs:74)
UnityEditor.EditorApplication:Internal_CallUpdateFunctions () (at /Users/bokken/build/output/unity/unity/Editor/Mono/EditorApplication.cs:403)

(Filename: ./Library/PackageCache/com.unity.test-framework@1405238725ab/UnityEditor.TestRunner/CommandLineTest/Executer.cs Line: 81)

MonoPathRemapper: Attempts to remap: 76464; Successful remaps: 24502
Serialized file version minimum: 22, current 23
Importing 'GUID: 00000000000000004000000000000000 - Path: ProjectSettings/ProjectSettings.asset' with importer (LibraryAssetImporter)
Imported 'GUID: 00000000000000004000000000000000' -> (Import Result ID: '9ad3f3e2301e5e615432b356fa3deb55') in 0.002 seconds [static dependencies only]. Details - ImportResultOutputID=276a810dac73e1f29404d5e5f692e214 DependenciesID=761d66b4aa0627967a6c3241cbf86e3b StaticDependenciesID=7cdae28cc0dc3a7edcfa253e7bfbec6d
Refreshing native plugins compatible for Editor in 2.12 ms, found 2 plugins.
Asset Pipeline Refresh (id=c032dbd261748446d9c9f576c45b480c): Total: 0.042 seconds - Initiated by StopAssetImportingV2(NoUpdateAssetOptions)
Thread 0x35eb07000 may have been prematurely finalized
Shutting down MSBuild server...
Shutting down VB/C# compiler server...
VB/C# compiler server shut down successfully.
Input System module state changed to: ShutdownInProgress.
Input Polling Thread exited.
Input System module state changed to: Shutdown.
TreeBatch_2_3_LOD0: Destroy may not be called from edit mode! Use DestroyImmediate instead.
Destroying an object in edit mode destroys it permanently
UnityEngine.Debug:ExtractStackTraceNoAlloc (byte*,int,string)
UnityEngine.StackTraceUtility:ExtractStackTrace () (at /Users/bokken/build/output/unity/unity/Runtime/Export/Scripting/StackTrace.cs:35)
UnityEngine.Object:Destroy (UnityEngine.Object,single)
UnityEngine.Object:Destroy (UnityEngine.Object) (at /Users/bokken/build/output/unity/unity/Runtime/Export/Scripting/UnityEngineObject.bindings.cs:707)
VoxelEngine.Rendering.Runtime.Vegetation.ProceduralTreeRenderer:DestroyBatchObjects (VoxelEngine.Rendering.Runtime.Vegetation.ProceduralTreeRenderer/BatchPresentation) (at Assets/VoxelEngine/Rendering/Runtime/Vegetation/ProceduralTreeRenderer.cs:1079)
VoxelEngine.Rendering.Runtime.Vegetation.ProceduralTreeRenderer:ClearBatches () (at Assets/VoxelEngine/Rendering/Runtime/Vegetation/ProceduralTreeRenderer.cs:1092)
VoxelEngine.Rendering.Runtime.Vegetation.ProceduralTreeRenderer:ClearGenerated () (at Assets/VoxelEngine/Rendering/Runtime/Vegetation/ProceduralTreeRenderer.cs:1106)
VoxelEngine.Rendering.Runtime.Vegetation.ProceduralTreeRenderer:OnDestroy () (at Assets/VoxelEngine/Rendering/Runtime/Vegetation/ProceduralTreeRenderer.cs:1115)
UnityEditor.TestTools.TestRunner.CommandLineTest.Executer:ExitApplication (UnityEditor.TestTools.TestRunner.CommandLineTest.Executer/ReturnCodes,string) (at ./Library/PackageCache/com.unity.test-framework@1405238725ab/UnityEditor.TestRunner/CommandLineTest/Executer.cs:83)
UnityEditor.TestTools.TestRunner.CommandLineTest.Executer:ExitIfRunIsCompleted () (at ./Library/PackageCache/com.unity.test-framework@1405238725ab/UnityEditor.TestRunner/CommandLineTest/Executer.cs:74)
UnityEditor.EditorApplication:Internal_CallUpdateFunctions () (at /Users/bokken/build/output/unity/unity/Editor/Mono/EditorApplication.cs:403)

[Assets/VoxelEngine/Rendering/Runtime/Vegetation/ProceduralTreeRenderer.cs line 1079]

TreeBatch_2_3_LOD1: Destroy may not be called from edit mode! Use DestroyImmediate instead.
Destroying an object in edit mode destroys it permanently
UnityEngine.Debug:ExtractStackTraceNoAlloc (byte*,int,string)
UnityEngine.StackTraceUtility:ExtractStackTrace () (at /Users/bokken/build/output/unity/unity/Runtime/Export/Scripting/StackTrace.cs:35)
UnityEngine.Object:Destroy (UnityEngine.Object,single)
UnityEngine.Object:Destroy (UnityEngine.Object) (at /Users/bokken/build/output/unity/unity/Runtime/Export/Scripting/UnityEngineObject.bindings.cs:707)
VoxelEngine.Rendering.Runtime.Vegetation.ProceduralTreeRenderer:DestroyBatchObjects (VoxelEngine.Rendering.Runtime.Vegetation.ProceduralTreeRenderer/BatchPresentation) (at Assets/VoxelEngine/Rendering/Runtime/Vegetation/ProceduralTreeRenderer.cs:1079)
VoxelEngine.Rendering.Runtime.Vegetation.ProceduralTreeRenderer:ClearBatches () (at Assets/VoxelEngine/Rendering/Runtime/Vegetation/ProceduralTreeRenderer.cs:1092)
VoxelEngine.Rendering.Runtime.Vegetation.ProceduralTreeRenderer:ClearGenerated () (at Assets/VoxelEngine/Rendering/Runtime/Vegetation/ProceduralTreeRenderer.cs:1106)
VoxelEngine.Rendering.Runtime.Vegetation.ProceduralTreeRenderer:OnDestroy () (at Assets/VoxelEngine/Rendering/Runtime/Vegetation/ProceduralTreeRenderer.cs:1115)
UnityEditor.TestTools.TestRunner.CommandLineTest.Executer:ExitApplication (UnityEditor.TestTools.TestRunner.CommandLineTest.Executer/ReturnCodes,string) (at ./Library/PackageCache/com.unity.test-framework@1405238725ab/UnityEditor.TestRunner/CommandLineTest/Executer.cs:83)
UnityEditor.TestTools.TestRunner.CommandLineTest.Executer:ExitIfRunIsCompleted () (at ./Library/PackageCache/com.unity.test-framework@1405238725ab/UnityEditor.TestRunner/CommandLineTest/Executer.cs:74)
UnityEditor.EditorApplication:Internal_CallUpdateFunctions () (at /Users/bokken/build/output/unity/unity/Editor/Mono/EditorApplication.cs:403)

[Assets/VoxelEngine/Rendering/Runtime/Vegetation/ProceduralTreeRenderer.cs line 1079]

TreeBatch_2_3_LOD2: Destroy may not be called from edit mode! Use DestroyImmediate instead.
Destroying an object in edit mode destroys it permanently
UnityEngine.Debug:ExtractStackTraceNoAlloc (byte*,int,string)
UnityEngine.StackTraceUtility:ExtractStackTrace () (at /Users/bokken/build/output/unity/unity/Runtime/Export/Scripting/StackTrace.cs:35)
UnityEngine.Object:Destroy (UnityEngine.Object,single)
UnityEngine.Object:Destroy (UnityEngine.Object) (at /Users/bokken/build/output/unity/unity/Runtime/Export/Scripting/UnityEngineObject.bindings.cs:707)
VoxelEngine.Rendering.Runtime.Vegetation.ProceduralTreeRenderer:DestroyBatchObjects (VoxelEngine.Rendering.Runtime.Vegetation.ProceduralTreeRenderer/BatchPresentation) (at Assets/VoxelEngine/Rendering/Runtime/Vegetation/ProceduralTreeRenderer.cs:1079)
VoxelEngine.Rendering.Runtime.Vegetation.ProceduralTreeRenderer:ClearBatches () (at Assets/VoxelEngine/Rendering/Runtime/Vegetation/ProceduralTreeRenderer.cs:1092)
VoxelEngine.Rendering.Runtime.Vegetation.ProceduralTreeRenderer:ClearGenerated () (at Assets/VoxelEngine/Rendering/Runtime/Vegetation/ProceduralTreeRenderer.cs:1106)
VoxelEngine.Rendering.Runtime.Vegetation.ProceduralTreeRenderer:OnDestroy () (at Assets/VoxelEngine/Rendering/Runtime/Vegetation/ProceduralTreeRenderer.cs:1115)
UnityEditor.TestTools.TestRunner.CommandLineTest.Executer:ExitApplication (UnityEditor.TestTools.TestRunner.CommandLineTest.Executer/ReturnCodes,string) (at ./Library/PackageCache/com.unity.test-framework@1405238725ab/UnityEditor.TestRunner/CommandLineTest/Executer.cs:83)
UnityEditor.TestTools.TestRunner.CommandLineTest.Executer:ExitIfRunIsCompleted () (at ./Library/PackageCache/com.unity.test-framework@1405238725ab/UnityEditor.TestRunner/CommandLineTest/Executer.cs:74)
UnityEditor.EditorApplication:Internal_CallUpdateFunctions () (at /Users/bokken/build/output/unity/unity/Editor/Mono/EditorApplication.cs:403)

[Assets/VoxelEngine/Rendering/Runtime/Vegetation/ProceduralTreeRenderer.cs line 1079]

TreeBatch_2_3_LOD3: Destroy may not be called from edit mode! Use DestroyImmediate instead.
Destroying an object in edit mode destroys it permanently
UnityEngine.Debug:ExtractStackTraceNoAlloc (byte*,int,string)
UnityEngine.StackTraceUtility:ExtractStackTrace () (at /Users/bokken/build/output/unity/unity/Runtime/Export/Scripting/StackTrace.cs:35)
UnityEngine.Object:Destroy (UnityEngine.Object,single)
UnityEngine.Object:Destroy (UnityEngine.Object) (at /Users/bokken/build/output/unity/unity/Runtime/Export/Scripting/UnityEngineObject.bindings.cs:707)
VoxelEngine.Rendering.Runtime.Vegetation.ProceduralTreeRenderer:DestroyBatchObjects (VoxelEngine.Rendering.Runtime.Vegetation.ProceduralTreeRenderer/BatchPresentation) (at Assets/VoxelEngine/Rendering/Runtime/Vegetation/ProceduralTreeRenderer.cs:1081)
VoxelEngine.Rendering.Runtime.Vegetation.ProceduralTreeRenderer:ClearBatches () (at Assets/VoxelEngine/Rendering/Runtime/Vegetation/ProceduralTreeRenderer.cs:1092)
VoxelEngine.Rendering.Runtime.Vegetation.ProceduralTreeRenderer:ClearGenerated () (at Assets/VoxelEngine/Rendering/Runtime/Vegetation/ProceduralTreeRenderer.cs:1106)
VoxelEngine.Rendering.Runtime.Vegetation.ProceduralTreeRenderer:OnDestroy () (at Assets/VoxelEngine/Rendering/Runtime/Vegetation/ProceduralTreeRenderer.cs:1115)
UnityEditor.TestTools.TestRunner.CommandLineTest.Executer:ExitApplication (UnityEditor.TestTools.TestRunner.CommandLineTest.Executer/ReturnCodes,string) (at ./Library/PackageCache/com.unity.test-framework@1405238725ab/UnityEditor.TestRunner/CommandLineTest/Executer.cs:83)
UnityEditor.TestTools.TestRunner.CommandLineTest.Executer:ExitIfRunIsCompleted () (at ./Library/PackageCache/com.unity.test-framework@1405238725ab/UnityEditor.TestRunner/CommandLineTest/Executer.cs:74)
UnityEditor.EditorApplication:Internal_CallUpdateFunctions () (at /Users/bokken/build/output/unity/unity/Editor/Mono/EditorApplication.cs:403)

[Assets/VoxelEngine/Rendering/Runtime/Vegetation/ProceduralTreeRenderer.cs line 1081]

Tree Batch 2,3: Destroy may not be called from edit mode! Use DestroyImmediate instead.
Destroying an object in edit mode destroys it permanently
UnityEngine.Debug:ExtractStackTraceNoAlloc (byte*,int,string)
UnityEngine.StackTraceUtility:ExtractStackTrace () (at /Users/bokken/build/output/unity/unity/Runtime/Export/Scripting/StackTrace.cs:35)
UnityEngine.Object:Destroy (UnityEngine.Object,single)
UnityEngine.Object:Destroy (UnityEngine.Object) (at /Users/bokken/build/output/unity/unity/Runtime/Export/Scripting/UnityEngineObject.bindings.cs:707)
VoxelEngine.Rendering.Runtime.Vegetation.ProceduralTreeRenderer:DestroyBatchObjects (VoxelEngine.Rendering.Runtime.Vegetation.ProceduralTreeRenderer/BatchPresentation) (at Assets/VoxelEngine/Rendering/Runtime/Vegetation/ProceduralTreeRenderer.cs:1085)
VoxelEngine.Rendering.Runtime.Vegetation.ProceduralTreeRenderer:ClearBatches () (at Assets/VoxelEngine/Rendering/Runtime/Vegetation/ProceduralTreeRenderer.cs:1092)
VoxelEngine.Rendering.Runtime.Vegetation.ProceduralTreeRenderer:ClearGenerated () (at Assets/VoxelEngine/Rendering/Runtime/Vegetation/ProceduralTreeRenderer.cs:1106)
VoxelEngine.Rendering.Runtime.Vegetation.ProceduralTreeRenderer:OnDestroy () (at Assets/VoxelEngine/Rendering/Runtime/Vegetation/ProceduralTreeRenderer.cs:1115)
UnityEditor.TestTools.TestRunner.CommandLineTest.Executer:ExitApplication (UnityEditor.TestTools.TestRunner.CommandLineTest.Executer/ReturnCodes,string) (at ./Library/PackageCache/com.unity.test-framework@1405238725ab/UnityEditor.TestRunner/CommandLineTest/Executer.cs:83)
UnityEditor.TestTools.TestRunner.CommandLineTest.Executer:ExitIfRunIsCompleted () (at ./Library/PackageCache/com.unity.test-framework@1405238725ab/UnityEditor.TestRunner/CommandLineTest/Executer.cs:74)
UnityEditor.EditorApplication:Internal_CallUpdateFunctions () (at /Users/bokken/build/output/unity/unity/Editor/Mono/EditorApplication.cs:403)

[Assets/VoxelEngine/Rendering/Runtime/Vegetation/ProceduralTreeRenderer.cs line 1085]

TreeBatch_3_3_LOD0: Destroy may not be called from edit mode! Use DestroyImmediate instead.
Destroying an object in edit mode destroys it permanently
UnityEngine.Debug:ExtractStackTraceNoAlloc (byte*,int,string)
UnityEngine.StackTraceUtility:ExtractStackTrace () (at /Users/bokken/build/output/unity/unity/Runtime/Export/Scripting/StackTrace.cs:35)
UnityEngine.Object:Destroy (UnityEngine.Object,single)
UnityEngine.Object:Destroy (UnityEngine.Object) (at /Users/bokken/build/output/unity/unity/Runtime/Export/Scripting/UnityEngineObject.bindings.cs:707)
VoxelEngine.Rendering.Runtime.Vegetation.ProceduralTreeRenderer:DestroyBatchObjects (VoxelEngine.Rendering.Runtime.Vegetation.ProceduralTreeRenderer/BatchPresentation) (at Assets/VoxelEngine/Rendering/Runtime/Vegetation/ProceduralTreeRenderer.cs:1079)
VoxelEngine.Rendering.Runtime.Vegetation.ProceduralTreeRenderer:ClearBatches () (at Assets/VoxelEngine/Rendering/Runtime/Vegetation/ProceduralTreeRenderer.cs:1092)
VoxelEngine.Rendering.Runtime.Vegetation.ProceduralTreeRenderer:ClearGenerated () (at Assets/VoxelEngine/Rendering/Runtime/Vegetation/ProceduralTreeRenderer.cs:1106)
VoxelEngine.Rendering.Runtime.Vegetation.ProceduralTreeRenderer:OnDestroy () (at Assets/VoxelEngine/Rendering/Runtime/Vegetation/ProceduralTreeRenderer.cs:1115)
UnityEditor.TestTools.TestRunner.CommandLineTest.Executer:ExitApplication (UnityEditor.TestTools.TestRunner.CommandLineTest.Executer/ReturnCodes,string) (at ./Library/PackageCache/com.unity.test-framework@1405238725ab/UnityEditor.TestRunner/CommandLineTest/Executer.cs:83)
UnityEditor.TestTools.TestRunner.CommandLineTest.Executer:ExitIfRunIsCompleted () (at ./Library/PackageCache/com.unity.test-framework@1405238725ab/UnityEditor.TestRunner/CommandLineTest/Executer.cs:74)
UnityEditor.EditorApplication:Internal_CallUpdateFunctions () (at /Users/bokken/build/output/unity/unity/Editor/Mono/EditorApplication.cs:403)

[Assets/VoxelEngine/Rendering/Runtime/Vegetation/ProceduralTreeRenderer.cs line 1079]

TreeBatch_3_3_LOD1: Destroy may not be called from edit mode! Use DestroyImmediate instead.
Destroying an object in edit mode destroys it permanently
UnityEngine.Debug:ExtractStackTraceNoAlloc (byte*,int,string)
UnityEngine.StackTraceUtility:ExtractStackTrace () (at /Users/bokken/build/output/unity/unity/Runtime/Export/Scripting/StackTrace.cs:35)
UnityEngine.Object:Destroy (UnityEngine.Object,single)
UnityEngine.Object:Destroy (UnityEngine.Object) (at /Users/bokken/build/output/unity/unity/Runtime/Export/Scripting/UnityEngineObject.bindings.cs:707)
VoxelEngine.Rendering.Runtime.Vegetation.ProceduralTreeRenderer:DestroyBatchObjects (VoxelEngine.Rendering.Runtime.Vegetation.ProceduralTreeRenderer/BatchPresentation) (at Assets/VoxelEngine/Rendering/Runtime/Vegetation/ProceduralTreeRenderer.cs:1079)
VoxelEngine.Rendering.Runtime.Vegetation.ProceduralTreeRenderer:ClearBatches () (at Assets/VoxelEngine/Rendering/Runtime/Vegetation/ProceduralTreeRenderer.cs:1092)
VoxelEngine.Rendering.Runtime.Vegetation.ProceduralTreeRenderer:ClearGenerated () (at Assets/VoxelEngine/Rendering/Runtime/Vegetation/ProceduralTreeRenderer.cs:1106)
VoxelEngine.Rendering.Runtime.Vegetation.ProceduralTreeRenderer:OnDestroy () (at Assets/VoxelEngine/Rendering/Runtime/Vegetation/ProceduralTreeRenderer.cs:1115)
UnityEditor.TestTools.TestRunner.CommandLineTest.Executer:ExitApplication (UnityEditor.TestTools.TestRunner.CommandLineTest.Executer/ReturnCodes,string) (at ./Library/PackageCache/com.unity.test-framework@1405238725ab/UnityEditor.TestRunner/CommandLineTest/Executer.cs:83)
UnityEditor.TestTools.TestRunner.CommandLineTest.Executer:ExitIfRunIsCompleted () (at ./Library/PackageCache/com.unity.test-framework@1405238725ab/UnityEditor.TestRunner/CommandLineTest/Executer.cs:74)
UnityEditor.EditorApplication:Internal_CallUpdateFunctions () (at /Users/bokken/build/output/unity/unity/Editor/Mono/EditorApplication.cs:403)

[Assets/VoxelEngine/Rendering/Runtime/Vegetation/ProceduralTreeRenderer.cs line 1079]

TreeBatch_3_3_LOD2: Destroy may not be called from edit mode! Use DestroyImmediate instead.
Destroying an object in edit mode destroys it permanently
UnityEngine.Debug:ExtractStackTraceNoAlloc (byte*,int,string)
UnityEngine.StackTraceUtility:ExtractStackTrace () (at /Users/bokken/build/output/unity/unity/Runtime/Export/Scripting/StackTrace.cs:35)
UnityEngine.Object:Destroy (UnityEngine.Object,single)
UnityEngine.Object:Destroy (UnityEngine.Object) (at /Users/bokken/build/output/unity/unity/Runtime/Export/Scripting/UnityEngineObject.bindings.cs:707)
VoxelEngine.Rendering.Runtime.Vegetation.ProceduralTreeRenderer:DestroyBatchObjects (VoxelEngine.Rendering.Runtime.Vegetation.ProceduralTreeRenderer/BatchPresentation) (at Assets/VoxelEngine/Rendering/Runtime/Vegetation/ProceduralTreeRenderer.cs:1079)
VoxelEngine.Rendering.Runtime.Vegetation.ProceduralTreeRenderer:ClearBatches () (at Assets/VoxelEngine/Rendering/Runtime/Vegetation/ProceduralTreeRenderer.cs:1092)
VoxelEngine.Rendering.Runtime.Vegetation.ProceduralTreeRenderer:ClearGenerated () (at Assets/VoxelEngine/Rendering/Runtime/Vegetation/ProceduralTreeRenderer.cs:1106)
VoxelEngine.Rendering.Runtime.Vegetation.ProceduralTreeRenderer:OnDestroy () (at Assets/VoxelEngine/Rendering/Runtime/Vegetation/ProceduralTreeRenderer.cs:1115)
UnityEditor.TestTools.TestRunner.CommandLineTest.Executer:ExitApplication (UnityEditor.TestTools.TestRunner.CommandLineTest.Executer/ReturnCodes,string) (at ./Library/PackageCache/com.unity.test-framework@1405238725ab/UnityEditor.TestRunner/CommandLineTest/Executer.cs:83)
UnityEditor.TestTools.TestRunner.CommandLineTest.Executer:ExitIfRunIsCompleted () (at ./Library/PackageCache/com.unity.test-framework@1405238725ab/UnityEditor.TestRunner/CommandLineTest/Executer.cs:74)
UnityEditor.EditorApplication:Internal_CallUpdateFunctions () (at /Users/bokken/build/output/unity/unity/Editor/Mono/EditorApplication.cs:403)

[Assets/VoxelEngine/Rendering/Runtime/Vegetation/ProceduralTreeRenderer.cs line 1079]

TreeBatch_3_3_LOD3: Destroy may not be called from edit mode! Use DestroyImmediate instead.
Destroying an object in edit mode destroys it permanently
UnityEngine.Debug:ExtractStackTraceNoAlloc (byte*,int,string)
UnityEngine.StackTraceUtility:ExtractStackTrace () (at /Users/bokken/build/output/unity/unity/Runtime/Export/Scripting/StackTrace.cs:35)
UnityEngine.Object:Destroy (UnityEngine.Object,single)
UnityEngine.Object:Destroy (UnityEngine.Object) (at /Users/bokken/build/output/unity/unity/Runtime/Export/Scripting/UnityEngineObject.bindings.cs:707)
VoxelEngine.Rendering.Runtime.Vegetation.ProceduralTreeRenderer:DestroyBatchObjects (VoxelEngine.Rendering.Runtime.Vegetation.ProceduralTreeRenderer/BatchPresentation) (at Assets/VoxelEngine/Rendering/Runtime/Vegetation/ProceduralTreeRenderer.cs:1081)
VoxelEngine.Rendering.Runtime.Vegetation.ProceduralTreeRenderer:ClearBatches () (at Assets/VoxelEngine/Rendering/Runtime/Vegetation/ProceduralTreeRenderer.cs:1092)
VoxelEngine.Rendering.Runtime.Vegetation.ProceduralTreeRenderer:ClearGenerated () (at Assets/VoxelEngine/Rendering/Runtime/Vegetation/ProceduralTreeRenderer.cs:1106)
VoxelEngine.Rendering.Runtime.Vegetation.ProceduralTreeRenderer:OnDestroy () (at Assets/VoxelEngine/Rendering/Runtime/Vegetation/ProceduralTreeRenderer.cs:1115)
UnityEditor.TestTools.TestRunner.CommandLineTest.Executer:ExitApplication (UnityEditor.TestTools.TestRunner.CommandLineTest.Executer/ReturnCodes,string) (at ./Library/PackageCache/com.unity.test-framework@1405238725ab/UnityEditor.TestRunner/CommandLineTest/Executer.cs:83)
UnityEditor.TestTools.TestRunner.CommandLineTest.Executer:ExitIfRunIsCompleted () (at ./Library/PackageCache/com.unity.test-framework@1405238725ab/UnityEditor.TestRunner/CommandLineTest/Executer.cs:74)
UnityEditor.EditorApplication:Internal_CallUpdateFunctions () (at /Users/bokken/build/output/unity/unity/Editor/Mono/EditorApplication.cs:403)

[Assets/VoxelEngine/Rendering/Runtime/Vegetation/ProceduralTreeRenderer.cs line 1081]

Tree Batch 3,3: Destroy may not be called from edit mode! Use DestroyImmediate instead.
Destroying an object in edit mode destroys it permanently
UnityEngine.Debug:ExtractStackTraceNoAlloc (byte*,int,string)
UnityEngine.StackTraceUtility:ExtractStackTrace () (at /Users/bokken/build/output/unity/unity/Runtime/Export/Scripting/StackTrace.cs:35)
UnityEngine.Object:Destroy (UnityEngine.Object,single)
UnityEngine.Object:Destroy (UnityEngine.Object) (at /Users/bokken/build/output/unity/unity/Runtime/Export/Scripting/UnityEngineObject.bindings.cs:707)
VoxelEngine.Rendering.Runtime.Vegetation.ProceduralTreeRenderer:DestroyBatchObjects (VoxelEngine.Rendering.Runtime.Vegetation.ProceduralTreeRenderer/BatchPresentation) (at Assets/VoxelEngine/Rendering/Runtime/Vegetation/ProceduralTreeRenderer.cs:1085)
VoxelEngine.Rendering.Runtime.Vegetation.ProceduralTreeRenderer:ClearBatches () (at Assets/VoxelEngine/Rendering/Runtime/Vegetation/ProceduralTreeRenderer.cs:1092)
VoxelEngine.Rendering.Runtime.Vegetation.ProceduralTreeRenderer:ClearGenerated () (at Assets/VoxelEngine/Rendering/Runtime/Vegetation/ProceduralTreeRenderer.cs:1106)
VoxelEngine.Rendering.Runtime.Vegetation.ProceduralTreeRenderer:OnDestroy () (at Assets/VoxelEngine/Rendering/Runtime/Vegetation/ProceduralTreeRenderer.cs:1115)
UnityEditor.TestTools.TestRunner.CommandLineTest.Executer:ExitApplication (UnityEditor.TestTools.TestRunner.CommandLineTest.Executer/ReturnCodes,string) (at ./Library/PackageCache/com.unity.test-framework@1405238725ab/UnityEditor.TestRunner/CommandLineTest/Executer.cs:83)
UnityEditor.TestTools.TestRunner.CommandLineTest.Executer:ExitIfRunIsCompleted () (at ./Library/PackageCache/com.unity.test-framework@1405238725ab/UnityEditor.TestRunner/CommandLineTest/Executer.cs:74)
UnityEditor.EditorApplication:Internal_CallUpdateFunctions () (at /Users/bokken/build/output/unity/unity/Editor/Mono/EditorApplication.cs:403)

[Assets/VoxelEngine/Rendering/Runtime/Vegetation/ProceduralTreeRenderer.cs line 1085]

TreeBatch_4_3_LOD0: Destroy may not be called from edit mode! Use DestroyImmediate instead.
Destroying an object in edit mode destroys it permanently
UnityEngine.Debug:ExtractStackTraceNoAlloc (byte*,int,string)
UnityEngine.StackTraceUtility:ExtractStackTrace () (at /Users/bokken/build/output/unity/unity/Runtime/Export/Scripting/StackTrace.cs:35)
UnityEngine.Object:Destroy (UnityEngine.Object,single)
UnityEngine.Object:Destroy (UnityEngine.Object) (at /Users/bokken/build/output/unity/unity/Runtime/Export/Scripting/UnityEngineObject.bindings.cs:707)
VoxelEngine.Rendering.Runtime.Vegetation.ProceduralTreeRenderer:DestroyBatchObjects (VoxelEngine.Rendering.Runtime.Vegetation.ProceduralTreeRenderer/BatchPresentation) (at Assets/VoxelEngine/Rendering/Runtime/Vegetation/ProceduralTreeRenderer.cs:1079)
VoxelEngine.Rendering.Runtime.Vegetation.ProceduralTreeRenderer:ClearBatches () (at Assets/VoxelEngine/Rendering/Runtime/Vegetation/ProceduralTreeRenderer.cs:1092)
VoxelEngine.Rendering.Runtime.Vegetation.ProceduralTreeRenderer:ClearGenerated () (at Assets/VoxelEngine/Rendering/Runtime/Vegetation/ProceduralTreeRenderer.cs:1106)
VoxelEngine.Rendering.Runtime.Vegetation.ProceduralTreeRenderer:OnDestroy () (at Assets/VoxelEngine/Rendering/Runtime/Vegetation/ProceduralTreeRenderer.cs:1115)
UnityEditor.TestTools.TestRunner.CommandLineTest.Executer:ExitApplication (UnityEditor.TestTools.TestRunner.CommandLineTest.Executer/ReturnCodes,string) (at ./Library/PackageCache/com.unity.test-framework@1405238725ab/UnityEditor.TestRunner/CommandLineTest/Executer.cs:83)
UnityEditor.TestTools.TestRunner.CommandLineTest.Executer:ExitIfRunIsCompleted () (at ./Library/PackageCache/com.unity.test-framework@1405238725ab/UnityEditor.TestRunner/CommandLineTest/Executer.cs:74)
UnityEditor.EditorApplication:Internal_CallUpdateFunctions () (at /Users/bokken/build/output/unity/unity/Editor/Mono/EditorApplication.cs:403)

[Assets/VoxelEngine/Rendering/Runtime/Vegetation/ProceduralTreeRenderer.cs line 1079]

TreeBatch_4_3_LOD1: Destroy may not be called from edit mode! Use DestroyImmediate instead.
Destroying an object in edit mode destroys it permanently
UnityEngine.Debug:ExtractStackTraceNoAlloc (byte*,int,string)
UnityEngine.StackTraceUtility:ExtractStackTrace () (at /Users/bokken/build/output/unity/unity/Runtime/Export/Scripting/StackTrace.cs:35)
UnityEngine.Object:Destroy (UnityEngine.Object,single)
UnityEngine.Object:Destroy (UnityEngine.Object) (at /Users/bokken/build/output/unity/unity/Runtime/Export/Scripting/UnityEngineObject.bindings.cs:707)
VoxelEngine.Rendering.Runtime.Vegetation.ProceduralTreeRenderer:DestroyBatchObjects (VoxelEngine.Rendering.Runtime.Vegetation.ProceduralTreeRenderer/BatchPresentation) (at Assets/VoxelEngine/Rendering/Runtime/Vegetation/ProceduralTreeRenderer.cs:1079)
VoxelEngine.Rendering.Runtime.Vegetation.ProceduralTreeRenderer:ClearBatches () (at Assets/VoxelEngine/Rendering/Runtime/Vegetation/ProceduralTreeRenderer.cs:1092)
VoxelEngine.Rendering.Runtime.Vegetation.ProceduralTreeRenderer:ClearGenerated () (at Assets/VoxelEngine/Rendering/Runtime/Vegetation/ProceduralTreeRenderer.cs:1106)
VoxelEngine.Rendering.Runtime.Vegetation.ProceduralTreeRenderer:OnDestroy () (at Assets/VoxelEngine/Rendering/Runtime/Vegetation/ProceduralTreeRenderer.cs:1115)
UnityEditor.TestTools.TestRunner.CommandLineTest.Executer:ExitApplication (UnityEditor.TestTools.TestRunner.CommandLineTest.Executer/ReturnCodes,string) (at ./Library/PackageCache/com.unity.test-framework@1405238725ab/UnityEditor.TestRunner/CommandLineTest/Executer.cs:83)
UnityEditor.TestTools.TestRunner.CommandLineTest.Executer:ExitIfRunIsCompleted () (at ./Library/PackageCache/com.unity.test-framework@1405238725ab/UnityEditor.TestRunner/CommandLineTest/Executer.cs:74)
UnityEditor.EditorApplication:Internal_CallUpdateFunctions () (at /Users/bokken/build/output/unity/unity/Editor/Mono/EditorApplication.cs:403)

[Assets/VoxelEngine/Rendering/Runtime/Vegetation/ProceduralTreeRenderer.cs line 1079]

TreeBatch_4_3_LOD2: Destroy may not be called from edit mode! Use DestroyImmediate instead.
Destroying an object in edit mode destroys it permanently
UnityEngine.Debug:ExtractStackTraceNoAlloc (byte*,int,string)
UnityEngine.StackTraceUtility:ExtractStackTrace () (at /Users/bokken/build/output/unity/unity/Runtime/Export/Scripting/StackTrace.cs:35)
UnityEngine.Object:Destroy (UnityEngine.Object,single)
UnityEngine.Object:Destroy (UnityEngine.Object) (at /Users/bokken/build/output/unity/unity/Runtime/Export/Scripting/UnityEngineObject.bindings.cs:707)
VoxelEngine.Rendering.Runtime.Vegetation.ProceduralTreeRenderer:DestroyBatchObjects (VoxelEngine.Rendering.Runtime.Vegetation.ProceduralTreeRenderer/BatchPresentation) (at Assets/VoxelEngine/Rendering/Runtime/Vegetation/ProceduralTreeRenderer.cs:1079)
VoxelEngine.Rendering.Runtime.Vegetation.ProceduralTreeRenderer:ClearBatches () (at Assets/VoxelEngine/Rendering/Runtime/Vegetation/ProceduralTreeRenderer.cs:1092)
VoxelEngine.Rendering.Runtime.Vegetation.ProceduralTreeRenderer:ClearGenerated () (at Assets/VoxelEngine/Rendering/Runtime/Vegetation/ProceduralTreeRenderer.cs:1106)
VoxelEngine.Rendering.Runtime.Vegetation.ProceduralTreeRenderer:OnDestroy () (at Assets/VoxelEngine/Rendering/Runtime/Vegetation/ProceduralTreeRenderer.cs:1115)
UnityEditor.TestTools.TestRunner.CommandLineTest.Executer:ExitApplication (UnityEditor.TestTools.TestRunner.CommandLineTest.Executer/ReturnCodes,string) (at ./Library/PackageCache/com.unity.test-framework@1405238725ab/UnityEditor.TestRunner/CommandLineTest/Executer.cs:83)
UnityEditor.TestTools.TestRunner.CommandLineTest.Executer:ExitIfRunIsCompleted () (at ./Library/PackageCache/com.unity.test-framework@1405238725ab/UnityEditor.TestRunner/CommandLineTest/Executer.cs:74)
UnityEditor.EditorApplication:Internal_CallUpdateFunctions () (at /Users/bokken/build/output/unity/unity/Editor/Mono/EditorApplication.cs:403)

[Assets/VoxelEngine/Rendering/Runtime/Vegetation/ProceduralTreeRenderer.cs line 1079]

TreeBatch_4_3_LOD3: Destroy may not be called from edit mode! Use DestroyImmediate instead.
Destroying an object in edit mode destroys it permanently
UnityEngine.Debug:ExtractStackTraceNoAlloc (byte*,int,string)
UnityEngine.StackTraceUtility:ExtractStackTrace () (at /Users/bokken/build/output/unity/unity/Runtime/Export/Scripting/StackTrace.cs:35)
UnityEngine.Object:Destroy (UnityEngine.Object,single)
UnityEngine.Object:Destroy (UnityEngine.Object) (at /Users/bokken/build/output/unity/unity/Runtime/Export/Scripting/UnityEngineObject.bindings.cs:707)
VoxelEngine.Rendering.Runtime.Vegetation.ProceduralTreeRenderer:DestroyBatchObjects (VoxelEngine.Rendering.Runtime.Vegetation.ProceduralTreeRenderer/BatchPresentation) (at Assets/VoxelEngine/Rendering/Runtime/Vegetation/ProceduralTreeRenderer.cs:1081)
VoxelEngine.Rendering.Runtime.Vegetation.ProceduralTreeRenderer:ClearBatches () (at Assets/VoxelEngine/Rendering/Runtime/Vegetation/ProceduralTreeRenderer.cs:1092)
VoxelEngine.Rendering.Runtime.Vegetation.ProceduralTreeRenderer:ClearGenerated () (at Assets/VoxelEngine/Rendering/Runtime/Vegetation/ProceduralTreeRenderer.cs:1106)
VoxelEngine.Rendering.Runtime.Vegetation.ProceduralTreeRenderer:OnDestroy () (at Assets/VoxelEngine/Rendering/Runtime/Vegetation/ProceduralTreeRenderer.cs:1115)
UnityEditor.TestTools.TestRunner.CommandLineTest.Executer:ExitApplication (UnityEditor.TestTools.TestRunner.CommandLineTest.Executer/ReturnCodes,string) (at ./Library/PackageCache/com.unity.test-framework@1405238725ab/UnityEditor.TestRunner/CommandLineTest/Executer.cs:83)
UnityEditor.TestTools.TestRunner.CommandLineTest.Executer:ExitIfRunIsCompleted () (at ./Library/PackageCache/com.unity.test-framework@1405238725ab/UnityEditor.TestRunner/CommandLineTest/Executer.cs:74)
UnityEditor.EditorApplication:Internal_CallUpdateFunctions () (at /Users/bokken/build/output/unity/unity/Editor/Mono/EditorApplication.cs:403)

[Assets/VoxelEngine/Rendering/Runtime/Vegetation/ProceduralTreeRenderer.cs line 1081]

Tree Batch 4,3: Destroy may not be called from edit mode! Use DestroyImmediate instead.
Destroying an object in edit mode destroys it permanently
UnityEngine.Debug:ExtractStackTraceNoAlloc (byte*,int,string)
UnityEngine.StackTraceUtility:ExtractStackTrace () (at /Users/bokken/build/output/unity/unity/Runtime/Export/Scripting/StackTrace.cs:35)
UnityEngine.Object:Destroy (UnityEngine.Object,single)
UnityEngine.Object:Destroy (UnityEngine.Object) (at /Users/bokken/build/output/unity/unity/Runtime/Export/Scripting/UnityEngineObject.bindings.cs:707)
VoxelEngine.Rendering.Runtime.Vegetation.ProceduralTreeRenderer:DestroyBatchObjects (VoxelEngine.Rendering.Runtime.Vegetation.ProceduralTreeRenderer/BatchPresentation) (at Assets/VoxelEngine/Rendering/Runtime/Vegetation/ProceduralTreeRenderer.cs:1085)
VoxelEngine.Rendering.Runtime.Vegetation.ProceduralTreeRenderer:ClearBatches () (at Assets/VoxelEngine/Rendering/Runtime/Vegetation/ProceduralTreeRenderer.cs:1092)
VoxelEngine.Rendering.Runtime.Vegetation.ProceduralTreeRenderer:ClearGenerated () (at Assets/VoxelEngine/Rendering/Runtime/Vegetation/ProceduralTreeRenderer.cs:1106)
VoxelEngine.Rendering.Runtime.Vegetation.ProceduralTreeRenderer:OnDestroy () (at Assets/VoxelEngine/Rendering/Runtime/Vegetation/ProceduralTreeRenderer.cs:1115)
UnityEditor.TestTools.TestRunner.CommandLineTest.Executer:ExitApplication (UnityEditor.TestTools.TestRunner.CommandLineTest.Executer/ReturnCodes,string) (at ./Library/PackageCache/com.unity.test-framework@1405238725ab/UnityEditor.TestRunner/CommandLineTest/Executer.cs:83)
UnityEditor.TestTools.TestRunner.CommandLineTest.Executer:ExitIfRunIsCompleted () (at ./Library/PackageCache/com.unity.test-framework@1405238725ab/UnityEditor.TestRunner/CommandLineTest/Executer.cs:74)
UnityEditor.EditorApplication:Internal_CallUpdateFunctions () (at /Users/bokken/build/output/unity/unity/Editor/Mono/EditorApplication.cs:403)

[Assets/VoxelEngine/Rendering/Runtime/Vegetation/ProceduralTreeRenderer.cs line 1085]

TreeBatch_1_4_LOD0: Destroy may not be called from edit mode! Use DestroyImmediate instead.
Destroying an object in edit mode destroys it permanently
UnityEngine.Debug:ExtractStackTraceNoAlloc (byte*,int,string)
UnityEngine.StackTraceUtility:ExtractStackTrace () (at /Users/bokken/build/output/unity/unity/Runtime/Export/Scripting/StackTrace.cs:35)
UnityEngine.Object:Destroy (UnityEngine.Object,single)
UnityEngine.Object:Destroy (UnityEngine.Object) (at /Users/bokken/build/output/unity/unity/Runtime/Export/Scripting/UnityEngineObject.bindings.cs:707)
VoxelEngine.Rendering.Runtime.Vegetation.ProceduralTreeRenderer:DestroyBatchObjects (VoxelEngine.Rendering.Runtime.Vegetation.ProceduralTreeRenderer/BatchPresentation) (at Assets/VoxelEngine/Rendering/Runtime/Vegetation/ProceduralTreeRenderer.cs:1079)
VoxelEngine.Rendering.Runtime.Vegetation.ProceduralTreeRenderer:ClearBatches () (at Assets/VoxelEngine/Rendering/Runtime/Vegetation/ProceduralTreeRenderer.cs:1092)
VoxelEngine.Rendering.Runtime.Vegetation.ProceduralTreeRenderer:ClearGenerated () (at Assets/VoxelEngine/Rendering/Runtime/Vegetation/ProceduralTreeRenderer.cs:1106)
VoxelEngine.Rendering.Runtime.Vegetation.ProceduralTreeRenderer:OnDestroy () (at Assets/VoxelEngine/Rendering/Runtime/Vegetation/ProceduralTreeRenderer.cs:1115)
UnityEditor.TestTools.TestRunner.CommandLineTest.Executer:ExitApplication (UnityEditor.TestTools.TestRunner.CommandLineTest.Executer/ReturnCodes,string) (at ./Library/PackageCache/com.unity.test-framework@1405238725ab/UnityEditor.TestRunner/CommandLineTest/Executer.cs:83)
UnityEditor.TestTools.TestRunner.CommandLineTest.Executer:ExitIfRunIsCompleted () (at ./Library/PackageCache/com.unity.test-framework@1405238725ab/UnityEditor.TestRunner/CommandLineTest/Executer.cs:74)
UnityEditor.EditorApplication:Internal_CallUpdateFunctions () (at /Users/bokken/build/output/unity/unity/Editor/Mono/EditorApplication.cs:403)

[Assets/VoxelEngine/Rendering/Runtime/Vegetation/ProceduralTreeRenderer.cs line 1079]

TreeBatch_1_4_LOD1: Destroy may not be called from edit mode! Use DestroyImmediate instead.
Destroying an object in edit mode destroys it permanently
UnityEngine.Debug:ExtractStackTraceNoAlloc (byte*,int,string)
UnityEngine.StackTraceUtility:ExtractStackTrace () (at /Users/bokken/build/output/unity/unity/Runtime/Export/Scripting/StackTrace.cs:35)
UnityEngine.Object:Destroy (UnityEngine.Object,single)
UnityEngine.Object:Destroy (UnityEngine.Object) (at /Users/bokken/build/output/unity/unity/Runtime/Export/Scripting/UnityEngineObject.bindings.cs:707)
VoxelEngine.Rendering.Runtime.Vegetation.ProceduralTreeRenderer:DestroyBatchObjects (VoxelEngine.Rendering.Runtime.Vegetation.ProceduralTreeRenderer/BatchPresentation) (at Assets/VoxelEngine/Rendering/Runtime/Vegetation/ProceduralTreeRenderer.cs:1079)
VoxelEngine.Rendering.Runtime.Vegetation.ProceduralTreeRenderer:ClearBatches () (at Assets/VoxelEngine/Rendering/Runtime/Vegetation/ProceduralTreeRenderer.cs:1092)
VoxelEngine.Rendering.Runtime.Vegetation.ProceduralTreeRenderer:ClearGenerated () (at Assets/VoxelEngine/Rendering/Runtime/Vegetation/ProceduralTreeRenderer.cs:1106)
VoxelEngine.Rendering.Runtime.Vegetation.ProceduralTreeRenderer:OnDestroy () (at Assets/VoxelEngine/Rendering/Runtime/Vegetation/ProceduralTreeRenderer.cs:1115)
UnityEditor.TestTools.TestRunner.CommandLineTest.Executer:ExitApplication (UnityEditor.TestTools.TestRunner.CommandLineTest.Executer/ReturnCodes,string) (at ./Library/PackageCache/com.unity.test-framework@1405238725ab/UnityEditor.TestRunner/CommandLineTest/Executer.cs:83)
UnityEditor.TestTools.TestRunner.CommandLineTest.Executer:ExitIfRunIsCompleted () (at ./Library/PackageCache/com.unity.test-framework@1405238725ab/UnityEditor.TestRunner/CommandLineTest/Executer.cs:74)
UnityEditor.EditorApplication:Internal_CallUpdateFunctions () (at /Users/bokken/build/output/unity/unity/Editor/Mono/EditorApplication.cs:403)

[Assets/VoxelEngine/Rendering/Runtime/Vegetation/ProceduralTreeRenderer.cs line 1079]

TreeBatch_1_4_LOD2: Destroy may not be called from edit mode! Use DestroyImmediate instead.
Destroying an object in edit mode destroys it permanently
UnityEngine.Debug:ExtractStackTraceNoAlloc (byte*,int,string)
UnityEngine.StackTraceUtility:ExtractStackTrace () (at /Users/bokken/build/output/unity/unity/Runtime/Export/Scripting/StackTrace.cs:35)
UnityEngine.Object:Destroy (UnityEngine.Object,single)
UnityEngine.Object:Destroy (UnityEngine.Object) (at /Users/bokken/build/output/unity/unity/Runtime/Export/Scripting/UnityEngineObject.bindings.cs:707)
VoxelEngine.Rendering.Runtime.Vegetation.ProceduralTreeRenderer:DestroyBatchObjects (VoxelEngine.Rendering.Runtime.Vegetation.ProceduralTreeRenderer/BatchPresentation) (at Assets/VoxelEngine/Rendering/Runtime/Vegetation/ProceduralTreeRenderer.cs:1079)
VoxelEngine.Rendering.Runtime.Vegetation.ProceduralTreeRenderer:ClearBatches () (at Assets/VoxelEngine/Rendering/Runtime/Vegetation/ProceduralTreeRenderer.cs:1092)
VoxelEngine.Rendering.Runtime.Vegetation.ProceduralTreeRenderer:ClearGenerated () (at Assets/VoxelEngine/Rendering/Runtime/Vegetation/ProceduralTreeRenderer.cs:1106)
VoxelEngine.Rendering.Runtime.Vegetation.ProceduralTreeRenderer:OnDestroy () (at Assets/VoxelEngine/Rendering/Runtime/Vegetation/ProceduralTreeRenderer.cs:1115)
UnityEditor.TestTools.TestRunner.CommandLineTest.Executer:ExitApplication (UnityEditor.TestTools.TestRunner.CommandLineTest.Executer/ReturnCodes,string) (at ./Library/PackageCache/com.unity.test-framework@1405238725ab/UnityEditor.TestRunner/CommandLineTest/Executer.cs:83)
UnityEditor.TestTools.TestRunner.CommandLineTest.Executer:ExitIfRunIsCompleted () (at ./Library/PackageCache/com.unity.test-framework@1405238725ab/UnityEditor.TestRunner/CommandLineTest/Executer.cs:74)
UnityEditor.EditorApplication:Internal_CallUpdateFunctions () (at /Users/bokken/build/output/unity/unity/Editor/Mono/EditorApplication.cs:403)

[Assets/VoxelEngine/Rendering/Runtime/Vegetation/ProceduralTreeRenderer.cs line 1079]

TreeBatch_1_4_LOD3: Destroy may not be called from edit mode! Use DestroyImmediate instead.
Destroying an object in edit mode destroys it permanently
UnityEngine.Debug:ExtractStackTraceNoAlloc (byte*,int,string)
UnityEngine.StackTraceUtility:ExtractStackTrace () (at /Users/bokken/build/output/unity/unity/Runtime/Export/Scripting/StackTrace.cs:35)
UnityEngine.Object:Destroy (UnityEngine.Object,single)
UnityEngine.Object:Destroy (UnityEngine.Object) (at /Users/bokken/build/output/unity/unity/Runtime/Export/Scripting/UnityEngineObject.bindings.cs:707)
VoxelEngine.Rendering.Runtime.Vegetation.ProceduralTreeRenderer:DestroyBatchObjects (VoxelEngine.Rendering.Runtime.Vegetation.ProceduralTreeRenderer/BatchPresentation) (at Assets/VoxelEngine/Rendering/Runtime/Vegetation/ProceduralTreeRenderer.cs:1081)
VoxelEngine.Rendering.Runtime.Vegetation.ProceduralTreeRenderer:ClearBatches () (at Assets/VoxelEngine/Rendering/Runtime/Vegetation/ProceduralTreeRenderer.cs:1092)
VoxelEngine.Rendering.Runtime.Vegetation.ProceduralTreeRenderer:ClearGenerated () (at Assets/VoxelEngine/Rendering/Runtime/Vegetation/ProceduralTreeRenderer.cs:1106)
VoxelEngine.Rendering.Runtime.Vegetation.ProceduralTreeRenderer:OnDestroy () (at Assets/VoxelEngine/Rendering/Runtime/Vegetation/ProceduralTreeRenderer.cs:1115)
UnityEditor.TestTools.TestRunner.CommandLineTest.Executer:ExitApplication (UnityEditor.TestTools.TestRunner.CommandLineTest.Executer/ReturnCodes,string) (at ./Library/PackageCache/com.unity.test-framework@1405238725ab/UnityEditor.TestRunner/CommandLineTest/Executer.cs:83)
UnityEditor.TestTools.TestRunner.CommandLineTest.Executer:ExitIfRunIsCompleted () (at ./Library/PackageCache/com.unity.test-framework@1405238725ab/UnityEditor.TestRunner/CommandLineTest/Executer.cs:74)
UnityEditor.EditorApplication:Internal_CallUpdateFunctions () (at /Users/bokken/build/output/unity/unity/Editor/Mono/EditorApplication.cs:403)

[Assets/VoxelEngine/Rendering/Runtime/Vegetation/ProceduralTreeRenderer.cs line 1081]

Tree Batch 1,4: Destroy may not be called from edit mode! Use DestroyImmediate instead.
Destroying an object in edit mode destroys it permanently
UnityEngine.Debug:ExtractStackTraceNoAlloc (byte*,int,string)
UnityEngine.StackTraceUtility:ExtractStackTrace () (at /Users/bokken/build/output/unity/unity/Runtime/Export/Scripting/StackTrace.cs:35)
UnityEngine.Object:Destroy (UnityEngine.Object,single)
UnityEngine.Object:Destroy (UnityEngine.Object) (at /Users/bokken/build/output/unity/unity/Runtime/Export/Scripting/UnityEngineObject.bindings.cs:707)
VoxelEngine.Rendering.Runtime.Vegetation.ProceduralTreeRenderer:DestroyBatchObjects (VoxelEngine.Rendering.Runtime.Vegetation.ProceduralTreeRenderer/BatchPresentation) (at Assets/VoxelEngine/Rendering/Runtime/Vegetation/ProceduralTreeRenderer.cs:1085)
VoxelEngine.Rendering.Runtime.Vegetation.ProceduralTreeRenderer:ClearBatches () (at Assets/VoxelEngine/Rendering/Runtime/Vegetation/ProceduralTreeRenderer.cs:1092)
VoxelEngine.Rendering.Runtime.Vegetation.ProceduralTreeRenderer:ClearGenerated () (at Assets/VoxelEngine/Rendering/Runtime/Vegetation/ProceduralTreeRenderer.cs:1106)
VoxelEngine.Rendering.Runtime.Vegetation.ProceduralTreeRenderer:OnDestroy () (at Assets/VoxelEngine/Rendering/Runtime/Vegetation/ProceduralTreeRenderer.cs:1115)
UnityEditor.TestTools.TestRunner.CommandLineTest.Executer:ExitApplication (UnityEditor.TestTools.TestRunner.CommandLineTest.Executer/ReturnCodes,string) (at ./Library/PackageCache/com.unity.test-framework@1405238725ab/UnityEditor.TestRunner/CommandLineTest/Executer.cs:83)
UnityEditor.TestTools.TestRunner.CommandLineTest.Executer:ExitIfRunIsCompleted () (at ./Library/PackageCache/com.unity.test-framework@1405238725ab/UnityEditor.TestRunner/CommandLineTest/Executer.cs:74)
UnityEditor.EditorApplication:Internal_CallUpdateFunctions () (at /Users/bokken/build/output/unity/unity/Editor/Mono/EditorApplication.cs:403)

[Assets/VoxelEngine/Rendering/Runtime/Vegetation/ProceduralTreeRenderer.cs line 1085]

TreeBatch_5_3_LOD0: Destroy may not be called from edit mode! Use DestroyImmediate instead.
Destroying an object in edit mode destroys it permanently
UnityEngine.Debug:ExtractStackTraceNoAlloc (byte*,int,string)
UnityEngine.StackTraceUtility:ExtractStackTrace () (at /Users/bokken/build/output/unity/unity/Runtime/Export/Scripting/StackTrace.cs:35)
UnityEngine.Object:Destroy (UnityEngine.Object,single)
UnityEngine.Object:Destroy (UnityEngine.Object) (at /Users/bokken/build/output/unity/unity/Runtime/Export/Scripting/UnityEngineObject.bindings.cs:707)
VoxelEngine.Rendering.Runtime.Vegetation.ProceduralTreeRenderer:DestroyBatchObjects (VoxelEngine.Rendering.Runtime.Vegetation.ProceduralTreeRenderer/BatchPresentation) (at Assets/VoxelEngine/Rendering/Runtime/Vegetation/ProceduralTreeRenderer.cs:1079)
VoxelEngine.Rendering.Runtime.Vegetation.ProceduralTreeRenderer:ClearBatches () (at Assets/VoxelEngine/Rendering/Runtime/Vegetation/ProceduralTreeRenderer.cs:1092)
VoxelEngine.Rendering.Runtime.Vegetation.ProceduralTreeRenderer:ClearGenerated () (at Assets/VoxelEngine/Rendering/Runtime/Vegetation/ProceduralTreeRenderer.cs:1106)
VoxelEngine.Rendering.Runtime.Vegetation.ProceduralTreeRenderer:OnDestroy () (at Assets/VoxelEngine/Rendering/Runtime/Vegetation/ProceduralTreeRenderer.cs:1115)
UnityEditor.TestTools.TestRunner.CommandLineTest.Executer:ExitApplication (UnityEditor.TestTools.TestRunner.CommandLineTest.Executer/ReturnCodes,string) (at ./Library/PackageCache/com.unity.test-framework@1405238725ab/UnityEditor.TestRunner/CommandLineTest/Executer.cs:83)
UnityEditor.TestTools.TestRunner.CommandLineTest.Executer:ExitIfRunIsCompleted () (at ./Library/PackageCache/com.unity.test-framework@1405238725ab/UnityEditor.TestRunner/CommandLineTest/Executer.cs:74)
UnityEditor.EditorApplication:Internal_CallUpdateFunctions () (at /Users/bokken/build/output/unity/unity/Editor/Mono/EditorApplication.cs:403)

[Assets/VoxelEngine/Rendering/Runtime/Vegetation/ProceduralTreeRenderer.cs line 1079]

TreeBatch_5_3_LOD1: Destroy may not be called from edit mode! Use DestroyImmediate instead.
Destroying an object in edit mode destroys it permanently
UnityEngine.Debug:ExtractStackTraceNoAlloc (byte*,int,string)
UnityEngine.StackTraceUtility:ExtractStackTrace () (at /Users/bokken/build/output/unity/unity/Runtime/Export/Scripting/StackTrace.cs:35)
UnityEngine.Object:Destroy (UnityEngine.Object,single)
UnityEngine.Object:Destroy (UnityEngine.Object) (at /Users/bokken/build/output/unity/unity/Runtime/Export/Scripting/UnityEngineObject.bindings.cs:707)
VoxelEngine.Rendering.Runtime.Vegetation.ProceduralTreeRenderer:DestroyBatchObjects (VoxelEngine.Rendering.Runtime.Vegetation.ProceduralTreeRenderer/BatchPresentation) (at Assets/VoxelEngine/Rendering/Runtime/Vegetation/ProceduralTreeRenderer.cs:1079)
VoxelEngine.Rendering.Runtime.Vegetation.ProceduralTreeRenderer:ClearBatches () (at Assets/VoxelEngine/Rendering/Runtime/Vegetation/ProceduralTreeRenderer.cs:1092)
VoxelEngine.Rendering.Runtime.Vegetation.ProceduralTreeRenderer:ClearGenerated () (at Assets/VoxelEngine/Rendering/Runtime/Vegetation/ProceduralTreeRenderer.cs:1106)
VoxelEngine.Rendering.Runtime.Vegetation.ProceduralTreeRenderer:OnDestroy () (at Assets/VoxelEngine/Rendering/Runtime/Vegetation/ProceduralTreeRenderer.cs:1115)
UnityEditor.TestTools.TestRunner.CommandLineTest.Executer:ExitApplication (UnityEditor.TestTools.TestRunner.CommandLineTest.Executer/ReturnCodes,string) (at ./Library/PackageCache/com.unity.test-framework@1405238725ab/UnityEditor.TestRunner/CommandLineTest/Executer.cs:83)
UnityEditor.TestTools.TestRunner.CommandLineTest.Executer:ExitIfRunIsCompleted () (at ./Library/PackageCache/com.unity.test-framework@1405238725ab/UnityEditor.TestRunner/CommandLineTest/Executer.cs:74)
UnityEditor.EditorApplication:Internal_CallUpdateFunctions () (at /Users/bokken/build/output/unity/unity/Editor/Mono/EditorApplication.cs:403)

[Assets/VoxelEngine/Rendering/Runtime/Vegetation/ProceduralTreeRenderer.cs line 1079]

TreeBatch_5_3_LOD2: Destroy may not be called from edit mode! Use DestroyImmediate instead.
Destroying an object in edit mode destroys it permanently
UnityEngine.Debug:ExtractStackTraceNoAlloc (byte*,int,string)
UnityEngine.StackTraceUtility:ExtractStackTrace () (at /Users/bokken/build/output/unity/unity/Runtime/Export/Scripting/StackTrace.cs:35)
UnityEngine.Object:Destroy (UnityEngine.Object,single)
UnityEngine.Object:Destroy (UnityEngine.Object) (at /Users/bokken/build/output/unity/unity/Runtime/Export/Scripting/UnityEngineObject.bindings.cs:707)
VoxelEngine.Rendering.Runtime.Vegetation.ProceduralTreeRenderer:DestroyBatchObjects (VoxelEngine.Rendering.Runtime.Vegetation.ProceduralTreeRenderer/BatchPresentation) (at Assets/VoxelEngine/Rendering/Runtime/Vegetation/ProceduralTreeRenderer.cs:1079)
VoxelEngine.Rendering.Runtime.Vegetation.ProceduralTreeRenderer:ClearBatches () (at Assets/VoxelEngine/Rendering/Runtime/Vegetation/ProceduralTreeRenderer.cs:1092)
VoxelEngine.Rendering.Runtime.Vegetation.ProceduralTreeRenderer:ClearGenerated () (at Assets/VoxelEngine/Rendering/Runtime/Vegetation/ProceduralTreeRenderer.cs:1106)
VoxelEngine.Rendering.Runtime.Vegetation.ProceduralTreeRenderer:OnDestroy () (at Assets/VoxelEngine/Rendering/Runtime/Vegetation/ProceduralTreeRenderer.cs:1115)
UnityEditor.TestTools.TestRunner.CommandLineTest.Executer:ExitApplication (UnityEditor.TestTools.TestRunner.CommandLineTest.Executer/ReturnCodes,string) (at ./Library/PackageCache/com.unity.test-framework@1405238725ab/UnityEditor.TestRunner/CommandLineTest/Executer.cs:83)
UnityEditor.TestTools.TestRunner.CommandLineTest.Executer:ExitIfRunIsCompleted () (at ./Library/PackageCache/com.unity.test-framework@1405238725ab/UnityEditor.TestRunner/CommandLineTest/Executer.cs:74)
UnityEditor.EditorApplication:Internal_CallUpdateFunctions () (at /Users/bokken/build/output/unity/unity/Editor/Mono/EditorApplication.cs:403)

[Assets/VoxelEngine/Rendering/Runtime/Vegetation/ProceduralTreeRenderer.cs line 1079]

TreeBatch_5_3_LOD3: Destroy may not be called from edit mode! Use DestroyImmediate instead.
Destroying an object in edit mode destroys it permanently
UnityEngine.Debug:ExtractStackTraceNoAlloc (byte*,int,string)
UnityEngine.StackTraceUtility:ExtractStackTrace () (at /Users/bokken/build/output/unity/unity/Runtime/Export/Scripting/StackTrace.cs:35)
UnityEngine.Object:Destroy (UnityEngine.Object,single)
UnityEngine.Object:Destroy (UnityEngine.Object) (at /Users/bokken/build/output/unity/unity/Runtime/Export/Scripting/UnityEngineObject.bindings.cs:707)
VoxelEngine.Rendering.Runtime.Vegetation.ProceduralTreeRenderer:DestroyBatchObjects (VoxelEngine.Rendering.Runtime.Vegetation.ProceduralTreeRenderer/BatchPresentation) (at Assets/VoxelEngine/Rendering/Runtime/Vegetation/ProceduralTreeRenderer.cs:1081)
VoxelEngine.Rendering.Runtime.Vegetation.ProceduralTreeRenderer:ClearBatches () (at Assets/VoxelEngine/Rendering/Runtime/Vegetation/ProceduralTreeRenderer.cs:1092)
VoxelEngine.Rendering.Runtime.Vegetation.ProceduralTreeRenderer:ClearGenerated () (at Assets/VoxelEngine/Rendering/Runtime/Vegetation/ProceduralTreeRenderer.cs:1106)
VoxelEngine.Rendering.Runtime.Vegetation.ProceduralTreeRenderer:OnDestroy () (at Assets/VoxelEngine/Rendering/Runtime/Vegetation/ProceduralTreeRenderer.cs:1115)
UnityEditor.TestTools.TestRunner.CommandLineTest.Executer:ExitApplication (UnityEditor.TestTools.TestRunner.CommandLineTest.Executer/ReturnCodes,string) (at ./Library/PackageCache/com.unity.test-framework@1405238725ab/UnityEditor.TestRunner/CommandLineTest/Executer.cs:83)
UnityEditor.TestTools.TestRunner.CommandLineTest.Executer:ExitIfRunIsCompleted () (at ./Library/PackageCache/com.unity.test-framework@1405238725ab/UnityEditor.TestRunner/CommandLineTest/Executer.cs:74)
UnityEditor.EditorApplication:Internal_CallUpdateFunctions () (at /Users/bokken/build/output/unity/unity/Editor/Mono/EditorApplication.cs:403)

[Assets/VoxelEngine/Rendering/Runtime/Vegetation/ProceduralTreeRenderer.cs line 1081]

Tree Batch 5,3: Destroy may not be called from edit mode! Use DestroyImmediate instead.
Destroying an object in edit mode destroys it permanently
UnityEngine.Debug:ExtractStackTraceNoAlloc (byte*,int,string)
UnityEngine.StackTraceUtility:ExtractStackTrace () (at /Users/bokken/build/output/unity/unity/Runtime/Export/Scripting/StackTrace.cs:35)
UnityEngine.Object:Destroy (UnityEngine.Object,single)
UnityEngine.Object:Destroy (UnityEngine.Object) (at /Users/bokken/build/output/unity/unity/Runtime/Export/Scripting/UnityEngineObject.bindings.cs:707)
VoxelEngine.Rendering.Runtime.Vegetation.ProceduralTreeRenderer:DestroyBatchObjects (VoxelEngine.Rendering.Runtime.Vegetation.ProceduralTreeRenderer/BatchPresentation) (at Assets/VoxelEngine/Rendering/Runtime/Vegetation/ProceduralTreeRenderer.cs:1085)
VoxelEngine.Rendering.Runtime.Vegetation.ProceduralTreeRenderer:ClearBatches () (at Assets/VoxelEngine/Rendering/Runtime/Vegetation/ProceduralTreeRenderer.cs:1092)
VoxelEngine.Rendering.Runtime.Vegetation.ProceduralTreeRenderer:ClearGenerated () (at Assets/VoxelEngine/Rendering/Runtime/Vegetation/ProceduralTreeRenderer.cs:1106)
VoxelEngine.Rendering.Runtime.Vegetation.ProceduralTreeRenderer:OnDestroy () (at Assets/VoxelEngine/Rendering/Runtime/Vegetation/ProceduralTreeRenderer.cs:1115)
UnityEditor.TestTools.TestRunner.CommandLineTest.Executer:ExitApplication (UnityEditor.TestTools.TestRunner.CommandLineTest.Executer/ReturnCodes,string) (at ./Library/PackageCache/com.unity.test-framework@1405238725ab/UnityEditor.TestRunner/CommandLineTest/Executer.cs:83)
UnityEditor.TestTools.TestRunner.CommandLineTest.Executer:ExitIfRunIsCompleted () (at ./Library/PackageCache/com.unity.test-framework@1405238725ab/UnityEditor.TestRunner/CommandLineTest/Executer.cs:74)
UnityEditor.EditorApplication:Internal_CallUpdateFunctions () (at /Users/bokken/build/output/unity/unity/Editor/Mono/EditorApplication.cs:403)

[Assets/VoxelEngine/Rendering/Runtime/Vegetation/ProceduralTreeRenderer.cs line 1085]

TreeBatch_5_4_LOD0: Destroy may not be called from edit mode! Use DestroyImmediate instead.
Destroying an object in edit mode destroys it permanently
UnityEngine.Debug:ExtractStackTraceNoAlloc (byte*,int,string)
UnityEngine.StackTraceUtility:ExtractStackTrace () (at /Users/bokken/build/output/unity/unity/Runtime/Export/Scripting/StackTrace.cs:35)
UnityEngine.Object:Destroy (UnityEngine.Object,single)
UnityEngine.Object:Destroy (UnityEngine.Object) (at /Users/bokken/build/output/unity/unity/Runtime/Export/Scripting/UnityEngineObject.bindings.cs:707)
VoxelEngine.Rendering.Runtime.Vegetation.ProceduralTreeRenderer:DestroyBatchObjects (VoxelEngine.Rendering.Runtime.Vegetation.ProceduralTreeRenderer/BatchPresentation) (at Assets/VoxelEngine/Rendering/Runtime/Vegetation/ProceduralTreeRenderer.cs:1079)
VoxelEngine.Rendering.Runtime.Vegetation.ProceduralTreeRenderer:ClearBatches () (at Assets/VoxelEngine/Rendering/Runtime/Vegetation/ProceduralTreeRenderer.cs:1092)
VoxelEngine.Rendering.Runtime.Vegetation.ProceduralTreeRenderer:ClearGenerated () (at Assets/VoxelEngine/Rendering/Runtime/Vegetation/ProceduralTreeRenderer.cs:1106)
VoxelEngine.Rendering.Runtime.Vegetation.ProceduralTreeRenderer:OnDestroy () (at Assets/VoxelEngine/Rendering/Runtime/Vegetation/ProceduralTreeRenderer.cs:1115)
UnityEditor.TestTools.TestRunner.CommandLineTest.Executer:ExitApplication (UnityEditor.TestTools.TestRunner.CommandLineTest.Executer/ReturnCodes,string) (at ./Library/PackageCache/com.unity.test-framework@1405238725ab/UnityEditor.TestRunner/CommandLineTest/Executer.cs:83)
UnityEditor.TestTools.TestRunner.CommandLineTest.Executer:ExitIfRunIsCompleted () (at ./Library/PackageCache/com.unity.test-framework@1405238725ab/UnityEditor.TestRunner/CommandLineTest/Executer.cs:74)
UnityEditor.EditorApplication:Internal_CallUpdateFunctions () (at /Users/bokken/build/output/unity/unity/Editor/Mono/EditorApplication.cs:403)

[Assets/VoxelEngine/Rendering/Runtime/Vegetation/ProceduralTreeRenderer.cs line 1079]

TreeBatch_5_4_LOD1: Destroy may not be called from edit mode! Use DestroyImmediate instead.
Destroying an object in edit mode destroys it permanently
UnityEngine.Debug:ExtractStackTraceNoAlloc (byte*,int,string)
UnityEngine.StackTraceUtility:ExtractStackTrace () (at /Users/bokken/build/output/unity/unity/Runtime/Export/Scripting/StackTrace.cs:35)
UnityEngine.Object:Destroy (UnityEngine.Object,single)
UnityEngine.Object:Destroy (UnityEngine.Object) (at /Users/bokken/build/output/unity/unity/Runtime/Export/Scripting/UnityEngineObject.bindings.cs:707)
VoxelEngine.Rendering.Runtime.Vegetation.ProceduralTreeRenderer:DestroyBatchObjects (VoxelEngine.Rendering.Runtime.Vegetation.ProceduralTreeRenderer/BatchPresentation) (at Assets/VoxelEngine/Rendering/Runtime/Vegetation/ProceduralTreeRenderer.cs:1079)
VoxelEngine.Rendering.Runtime.Vegetation.ProceduralTreeRenderer:ClearBatches () (at Assets/VoxelEngine/Rendering/Runtime/Vegetation/ProceduralTreeRenderer.cs:1092)
VoxelEngine.Rendering.Runtime.Vegetation.ProceduralTreeRenderer:ClearGenerated () (at Assets/VoxelEngine/Rendering/Runtime/Vegetation/ProceduralTreeRenderer.cs:1106)
VoxelEngine.Rendering.Runtime.Vegetation.ProceduralTreeRenderer:OnDestroy () (at Assets/VoxelEngine/Rendering/Runtime/Vegetation/ProceduralTreeRenderer.cs:1115)
UnityEditor.TestTools.TestRunner.CommandLineTest.Executer:ExitApplication (UnityEditor.TestTools.TestRunner.CommandLineTest.Executer/ReturnCodes,string) (at ./Library/PackageCache/com.unity.test-framework@1405238725ab/UnityEditor.TestRunner/CommandLineTest/Executer.cs:83)
UnityEditor.TestTools.TestRunner.CommandLineTest.Executer:ExitIfRunIsCompleted () (at ./Library/PackageCache/com.unity.test-framework@1405238725ab/UnityEditor.TestRunner/CommandLineTest/Executer.cs:74)
UnityEditor.EditorApplication:Internal_CallUpdateFunctions () (at /Users/bokken/build/output/unity/unity/Editor/Mono/EditorApplication.cs:403)

[Assets/VoxelEngine/Rendering/Runtime/Vegetation/ProceduralTreeRenderer.cs line 1079]

TreeBatch_5_4_LOD2: Destroy may not be called from edit mode! Use DestroyImmediate instead.
Destroying an object in edit mode destroys it permanently
UnityEngine.Debug:ExtractStackTraceNoAlloc (byte*,int,string)
UnityEngine.StackTraceUtility:ExtractStackTrace () (at /Users/bokken/build/output/unity/unity/Runtime/Export/Scripting/StackTrace.cs:35)
UnityEngine.Object:Destroy (UnityEngine.Object,single)
UnityEngine.Object:Destroy (UnityEngine.Object) (at /Users/bokken/build/output/unity/unity/Runtime/Export/Scripting/UnityEngineObject.bindings.cs:707)
VoxelEngine.Rendering.Runtime.Vegetation.ProceduralTreeRenderer:DestroyBatchObjects (VoxelEngine.Rendering.Runtime.Vegetation.ProceduralTreeRenderer/BatchPresentation) (at Assets/VoxelEngine/Rendering/Runtime/Vegetation/ProceduralTreeRenderer.cs:1079)
VoxelEngine.Rendering.Runtime.Vegetation.ProceduralTreeRenderer:ClearBatches () (at Assets/VoxelEngine/Rendering/Runtime/Vegetation/ProceduralTreeRenderer.cs:1092)
VoxelEngine.Rendering.Runtime.Vegetation.ProceduralTreeRenderer:ClearGenerated () (at Assets/VoxelEngine/Rendering/Runtime/Vegetation/ProceduralTreeRenderer.cs:1106)
VoxelEngine.Rendering.Runtime.Vegetation.ProceduralTreeRenderer:OnDestroy () (at Assets/VoxelEngine/Rendering/Runtime/Vegetation/ProceduralTreeRenderer.cs:1115)
UnityEditor.TestTools.TestRunner.CommandLineTest.Executer:ExitApplication (UnityEditor.TestTools.TestRunner.CommandLineTest.Executer/ReturnCodes,string) (at ./Library/PackageCache/com.unity.test-framework@1405238725ab/UnityEditor.TestRunner/CommandLineTest/Executer.cs:83)
UnityEditor.TestTools.TestRunner.CommandLineTest.Executer:ExitIfRunIsCompleted () (at ./Library/PackageCache/com.unity.test-framework@1405238725ab/UnityEditor.TestRunner/CommandLineTest/Executer.cs:74)
UnityEditor.EditorApplication:Internal_CallUpdateFunctions () (at /Users/bokken/build/output/unity/unity/Editor/Mono/EditorApplication.cs:403)

[Assets/VoxelEngine/Rendering/Runtime/Vegetation/ProceduralTreeRenderer.cs line 1079]

TreeBatch_5_4_LOD3: Destroy may not be called from edit mode! Use DestroyImmediate instead.
Destroying an object in edit mode destroys it permanently
UnityEngine.Debug:ExtractStackTraceNoAlloc (byte*,int,string)
UnityEngine.StackTraceUtility:ExtractStackTrace () (at /Users/bokken/build/output/unity/unity/Runtime/Export/Scripting/StackTrace.cs:35)
UnityEngine.Object:Destroy (UnityEngine.Object,single)
UnityEngine.Object:Destroy (UnityEngine.Object) (at /Users/bokken/build/output/unity/unity/Runtime/Export/Scripting/UnityEngineObject.bindings.cs:707)
VoxelEngine.Rendering.Runtime.Vegetation.ProceduralTreeRenderer:DestroyBatchObjects (VoxelEngine.Rendering.Runtime.Vegetation.ProceduralTreeRenderer/BatchPresentation) (at Assets/VoxelEngine/Rendering/Runtime/Vegetation/ProceduralTreeRenderer.cs:1081)
VoxelEngine.Rendering.Runtime.Vegetation.ProceduralTreeRenderer:ClearBatches () (at Assets/VoxelEngine/Rendering/Runtime/Vegetation/ProceduralTreeRenderer.cs:1092)
VoxelEngine.Rendering.Runtime.Vegetation.ProceduralTreeRenderer:ClearGenerated () (at Assets/VoxelEngine/Rendering/Runtime/Vegetation/ProceduralTreeRenderer.cs:1106)
VoxelEngine.Rendering.Runtime.Vegetation.ProceduralTreeRenderer:OnDestroy () (at Assets/VoxelEngine/Rendering/Runtime/Vegetation/ProceduralTreeRenderer.cs:1115)
UnityEditor.TestTools.TestRunner.CommandLineTest.Executer:ExitApplication (UnityEditor.TestTools.TestRunner.CommandLineTest.Executer/ReturnCodes,string) (at ./Library/PackageCache/com.unity.test-framework@1405238725ab/UnityEditor.TestRunner/CommandLineTest/Executer.cs:83)
UnityEditor.TestTools.TestRunner.CommandLineTest.Executer:ExitIfRunIsCompleted () (at ./Library/PackageCache/com.unity.test-framework@1405238725ab/UnityEditor.TestRunner/CommandLineTest/Executer.cs:74)
UnityEditor.EditorApplication:Internal_CallUpdateFunctions () (at /Users/bokken/build/output/unity/unity/Editor/Mono/EditorApplication.cs:403)

[Assets/VoxelEngine/Rendering/Runtime/Vegetation/ProceduralTreeRenderer.cs line 1081]

Tree Batch 5,4: Destroy may not be called from edit mode! Use DestroyImmediate instead.
Destroying an object in edit mode destroys it permanently
UnityEngine.Debug:ExtractStackTraceNoAlloc (byte*,int,string)
UnityEngine.StackTraceUtility:ExtractStackTrace () (at /Users/bokken/build/output/unity/unity/Runtime/Export/Scripting/StackTrace.cs:35)
UnityEngine.Object:Destroy (UnityEngine.Object,single)
UnityEngine.Object:Destroy (UnityEngine.Object) (at /Users/bokken/build/output/unity/unity/Runtime/Export/Scripting/UnityEngineObject.bindings.cs:707)
VoxelEngine.Rendering.Runtime.Vegetation.ProceduralTreeRenderer:DestroyBatchObjects (VoxelEngine.Rendering.Runtime.Vegetation.ProceduralTreeRenderer/BatchPresentation) (at Assets/VoxelEngine/Rendering/Runtime/Vegetation/ProceduralTreeRenderer.cs:1085)
VoxelEngine.Rendering.Runtime.Vegetation.ProceduralTreeRenderer:ClearBatches () (at Assets/VoxelEngine/Rendering/Runtime/Vegetation/ProceduralTreeRenderer.cs:1092)
VoxelEngine.Rendering.Runtime.Vegetation.ProceduralTreeRenderer:ClearGenerated () (at Assets/VoxelEngine/Rendering/Runtime/Vegetation/ProceduralTreeRenderer.cs:1106)
VoxelEngine.Rendering.Runtime.Vegetation.ProceduralTreeRenderer:OnDestroy () (at Assets/VoxelEngine/Rendering/Runtime/Vegetation/ProceduralTreeRenderer.cs:1115)
UnityEditor.TestTools.TestRunner.CommandLineTest.Executer:ExitApplication (UnityEditor.TestTools.TestRunner.CommandLineTest.Executer/ReturnCodes,string) (at ./Library/PackageCache/com.unity.test-framework@1405238725ab/UnityEditor.TestRunner/CommandLineTest/Executer.cs:83)
UnityEditor.TestTools.TestRunner.CommandLineTest.Executer:ExitIfRunIsCompleted () (at ./Library/PackageCache/com.unity.test-framework@1405238725ab/UnityEditor.TestRunner/CommandLineTest/Executer.cs:74)
UnityEditor.EditorApplication:Internal_CallUpdateFunctions () (at /Users/bokken/build/output/unity/unity/Editor/Mono/EditorApplication.cs:403)

[Assets/VoxelEngine/Rendering/Runtime/Vegetation/ProceduralTreeRenderer.cs line 1085]

TreeBatch_6_4_LOD0: Destroy may not be called from edit mode! Use DestroyImmediate instead.
Destroying an object in edit mode destroys it permanently
UnityEngine.Debug:ExtractStackTraceNoAlloc (byte*,int,string)
UnityEngine.StackTraceUtility:ExtractStackTrace () (at /Users/bokken/build/output/unity/unity/Runtime/Export/Scripting/StackTrace.cs:35)
UnityEngine.Object:Destroy (UnityEngine.Object,single)
UnityEngine.Object:Destroy (UnityEngine.Object) (at /Users/bokken/build/output/unity/unity/Runtime/Export/Scripting/UnityEngineObject.bindings.cs:707)
VoxelEngine.Rendering.Runtime.Vegetation.ProceduralTreeRenderer:DestroyBatchObjects (VoxelEngine.Rendering.Runtime.Vegetation.ProceduralTreeRenderer/BatchPresentation) (at Assets/VoxelEngine/Rendering/Runtime/Vegetation/ProceduralTreeRenderer.cs:1079)
VoxelEngine.Rendering.Runtime.Vegetation.ProceduralTreeRenderer:ClearBatches () (at Assets/VoxelEngine/Rendering/Runtime/Vegetation/ProceduralTreeRenderer.cs:1092)
VoxelEngine.Rendering.Runtime.Vegetation.ProceduralTreeRenderer:ClearGenerated () (at Assets/VoxelEngine/Rendering/Runtime/Vegetation/ProceduralTreeRenderer.cs:1106)
VoxelEngine.Rendering.Runtime.Vegetation.ProceduralTreeRenderer:OnDestroy () (at Assets/VoxelEngine/Rendering/Runtime/Vegetation/ProceduralTreeRenderer.cs:1115)
UnityEditor.TestTools.TestRunner.CommandLineTest.Executer:ExitApplication (UnityEditor.TestTools.TestRunner.CommandLineTest.Executer/ReturnCodes,string) (at ./Library/PackageCache/com.unity.test-framework@1405238725ab/UnityEditor.TestRunner/CommandLineTest/Executer.cs:83)
UnityEditor.TestTools.TestRunner.CommandLineTest.Executer:ExitIfRunIsCompleted () (at ./Library/PackageCache/com.unity.test-framework@1405238725ab/UnityEditor.TestRunner/CommandLineTest/Executer.cs:74)
UnityEditor.EditorApplication:Internal_CallUpdateFunctions () (at /Users/bokken/build/output/unity/unity/Editor/Mono/EditorApplication.cs:403)

[Assets/VoxelEngine/Rendering/Runtime/Vegetation/ProceduralTreeRenderer.cs line 1079]

TreeBatch_6_4_LOD1: Destroy may not be called from edit mode! Use DestroyImmediate instead.
Destroying an object in edit mode destroys it permanently
UnityEngine.Debug:ExtractStackTraceNoAlloc (byte*,int,string)
UnityEngine.StackTraceUtility:ExtractStackTrace () (at /Users/bokken/build/output/unity/unity/Runtime/Export/Scripting/StackTrace.cs:35)
UnityEngine.Object:Destroy (UnityEngine.Object,single)
UnityEngine.Object:Destroy (UnityEngine.Object) (at /Users/bokken/build/output/unity/unity/Runtime/Export/Scripting/UnityEngineObject.bindings.cs:707)
VoxelEngine.Rendering.Runtime.Vegetation.ProceduralTreeRenderer:DestroyBatchObjects (VoxelEngine.Rendering.Runtime.Vegetation.ProceduralTreeRenderer/BatchPresentation) (at Assets/VoxelEngine/Rendering/Runtime/Vegetation/ProceduralTreeRenderer.cs:1079)
VoxelEngine.Rendering.Runtime.Vegetation.ProceduralTreeRenderer:ClearBatches () (at Assets/VoxelEngine/Rendering/Runtime/Vegetation/ProceduralTreeRenderer.cs:1092)
VoxelEngine.Rendering.Runtime.Vegetation.ProceduralTreeRenderer:ClearGenerated () (at Assets/VoxelEngine/Rendering/Runtime/Vegetation/ProceduralTreeRenderer.cs:1106)
VoxelEngine.Rendering.Runtime.Vegetation.ProceduralTreeRenderer:OnDestroy () (at Assets/VoxelEngine/Rendering/Runtime/Vegetation/ProceduralTreeRenderer.cs:1115)
UnityEditor.TestTools.TestRunner.CommandLineTest.Executer:ExitApplication (UnityEditor.TestTools.TestRunner.CommandLineTest.Executer/ReturnCodes,string) (at ./Library/PackageCache/com.unity.test-framework@1405238725ab/UnityEditor.TestRunner/CommandLineTest/Executer.cs:83)
UnityEditor.TestTools.TestRunner.CommandLineTest.Executer:ExitIfRunIsCompleted () (at ./Library/PackageCache/com.unity.test-framework@1405238725ab/UnityEditor.TestRunner/CommandLineTest/Executer.cs:74)
UnityEditor.EditorApplication:Internal_CallUpdateFunctions () (at /Users/bokken/build/output/unity/unity/Editor/Mono/EditorApplication.cs:403)

[Assets/VoxelEngine/Rendering/Runtime/Vegetation/ProceduralTreeRenderer.cs line 1079]

TreeBatch_6_4_LOD2: Destroy may not be called from edit mode! Use DestroyImmediate instead.
Destroying an object in edit mode destroys it permanently
UnityEngine.Debug:ExtractStackTraceNoAlloc (byte*,int,string)
UnityEngine.StackTraceUtility:ExtractStackTrace () (at /Users/bokken/build/output/unity/unity/Runtime/Export/Scripting/StackTrace.cs:35)
UnityEngine.Object:Destroy (UnityEngine.Object,single)
UnityEngine.Object:Destroy (UnityEngine.Object) (at /Users/bokken/build/output/unity/unity/Runtime/Export/Scripting/UnityEngineObject.bindings.cs:707)
VoxelEngine.Rendering.Runtime.Vegetation.ProceduralTreeRenderer:DestroyBatchObjects (VoxelEngine.Rendering.Runtime.Vegetation.ProceduralTreeRenderer/BatchPresentation) (at Assets/VoxelEngine/Rendering/Runtime/Vegetation/ProceduralTreeRenderer.cs:1079)
VoxelEngine.Rendering.Runtime.Vegetation.ProceduralTreeRenderer:ClearBatches () (at Assets/VoxelEngine/Rendering/Runtime/Vegetation/ProceduralTreeRenderer.cs:1092)
VoxelEngine.Rendering.Runtime.Vegetation.ProceduralTreeRenderer:ClearGenerated () (at Assets/VoxelEngine/Rendering/Runtime/Vegetation/ProceduralTreeRenderer.cs:1106)
VoxelEngine.Rendering.Runtime.Vegetation.ProceduralTreeRenderer:OnDestroy () (at Assets/VoxelEngine/Rendering/Runtime/Vegetation/ProceduralTreeRenderer.cs:1115)
UnityEditor.TestTools.TestRunner.CommandLineTest.Executer:ExitApplication (UnityEditor.TestTools.TestRunner.CommandLineTest.Executer/ReturnCodes,string) (at ./Library/PackageCache/com.unity.test-framework@1405238725ab/UnityEditor.TestRunner/CommandLineTest/Executer.cs:83)
UnityEditor.TestTools.TestRunner.CommandLineTest.Executer:ExitIfRunIsCompleted () (at ./Library/PackageCache/com.unity.test-framework@1405238725ab/UnityEditor.TestRunner/CommandLineTest/Executer.cs:74)
UnityEditor.EditorApplication:Internal_CallUpdateFunctions () (at /Users/bokken/build/output/unity/unity/Editor/Mono/EditorApplication.cs:403)

[Assets/VoxelEngine/Rendering/Runtime/Vegetation/ProceduralTreeRenderer.cs line 1079]

TreeBatch_6_4_LOD3: Destroy may not be called from edit mode! Use DestroyImmediate instead.
Destroying an object in edit mode destroys it permanently
UnityEngine.Debug:ExtractStackTraceNoAlloc (byte*,int,string)
UnityEngine.StackTraceUtility:ExtractStackTrace () (at /Users/bokken/build/output/unity/unity/Runtime/Export/Scripting/StackTrace.cs:35)
UnityEngine.Object:Destroy (UnityEngine.Object,single)
UnityEngine.Object:Destroy (UnityEngine.Object) (at /Users/bokken/build/output/unity/unity/Runtime/Export/Scripting/UnityEngineObject.bindings.cs:707)
VoxelEngine.Rendering.Runtime.Vegetation.ProceduralTreeRenderer:DestroyBatchObjects (VoxelEngine.Rendering.Runtime.Vegetation.ProceduralTreeRenderer/BatchPresentation) (at Assets/VoxelEngine/Rendering/Runtime/Vegetation/ProceduralTreeRenderer.cs:1081)
VoxelEngine.Rendering.Runtime.Vegetation.ProceduralTreeRenderer:ClearBatches () (at Assets/VoxelEngine/Rendering/Runtime/Vegetation/ProceduralTreeRenderer.cs:1092)
VoxelEngine.Rendering.Runtime.Vegetation.ProceduralTreeRenderer:ClearGenerated () (at Assets/VoxelEngine/Rendering/Runtime/Vegetation/ProceduralTreeRenderer.cs:1106)
VoxelEngine.Rendering.Runtime.Vegetation.ProceduralTreeRenderer:OnDestroy () (at Assets/VoxelEngine/Rendering/Runtime/Vegetation/ProceduralTreeRenderer.cs:1115)
UnityEditor.TestTools.TestRunner.CommandLineTest.Executer:ExitApplication (UnityEditor.TestTools.TestRunner.CommandLineTest.Executer/ReturnCodes,string) (at ./Library/PackageCache/com.unity.test-framework@1405238725ab/UnityEditor.TestRunner/CommandLineTest/Executer.cs:83)
UnityEditor.TestTools.TestRunner.CommandLineTest.Executer:ExitIfRunIsCompleted () (at ./Library/PackageCache/com.unity.test-framework@1405238725ab/UnityEditor.TestRunner/CommandLineTest/Executer.cs:74)
UnityEditor.EditorApplication:Internal_CallUpdateFunctions () (at /Users/bokken/build/output/unity/unity/Editor/Mono/EditorApplication.cs:403)

[Assets/VoxelEngine/Rendering/Runtime/Vegetation/ProceduralTreeRenderer.cs line 1081]

Tree Batch 6,4: Destroy may not be called from edit mode! Use DestroyImmediate instead.
Destroying an object in edit mode destroys it permanently
UnityEngine.Debug:ExtractStackTraceNoAlloc (byte*,int,string)
UnityEngine.StackTraceUtility:ExtractStackTrace () (at /Users/bokken/build/output/unity/unity/Runtime/Export/Scripting/StackTrace.cs:35)
UnityEngine.Object:Destroy (UnityEngine.Object,single)
UnityEngine.Object:Destroy (UnityEngine.Object) (at /Users/bokken/build/output/unity/unity/Runtime/Export/Scripting/UnityEngineObject.bindings.cs:707)
VoxelEngine.Rendering.Runtime.Vegetation.ProceduralTreeRenderer:DestroyBatchObjects (VoxelEngine.Rendering.Runtime.Vegetation.ProceduralTreeRenderer/BatchPresentation) (at Assets/VoxelEngine/Rendering/Runtime/Vegetation/ProceduralTreeRenderer.cs:1085)
VoxelEngine.Rendering.Runtime.Vegetation.ProceduralTreeRenderer:ClearBatches () (at Assets/VoxelEngine/Rendering/Runtime/Vegetation/ProceduralTreeRenderer.cs:1092)
VoxelEngine.Rendering.Runtime.Vegetation.ProceduralTreeRenderer:ClearGenerated () (at Assets/VoxelEngine/Rendering/Runtime/Vegetation/ProceduralTreeRenderer.cs:1106)
VoxelEngine.Rendering.Runtime.Vegetation.ProceduralTreeRenderer:OnDestroy () (at Assets/VoxelEngine/Rendering/Runtime/Vegetation/ProceduralTreeRenderer.cs:1115)
UnityEditor.TestTools.TestRunner.CommandLineTest.Executer:ExitApplication (UnityEditor.TestTools.TestRunner.CommandLineTest.Executer/ReturnCodes,string) (at ./Library/PackageCache/com.unity.test-framework@1405238725ab/UnityEditor.TestRunner/CommandLineTest/Executer.cs:83)
UnityEditor.TestTools.TestRunner.CommandLineTest.Executer:ExitIfRunIsCompleted () (at ./Library/PackageCache/com.unity.test-framework@1405238725ab/UnityEditor.TestRunner/CommandLineTest/Executer.cs:74)
UnityEditor.EditorApplication:Internal_CallUpdateFunctions () (at /Users/bokken/build/output/unity/unity/Editor/Mono/EditorApplication.cs:403)

[Assets/VoxelEngine/Rendering/Runtime/Vegetation/ProceduralTreeRenderer.cs line 1085]

TreeBatch_0_4_LOD0: Destroy may not be called from edit mode! Use DestroyImmediate instead.
Destroying an object in edit mode destroys it permanently
UnityEngine.Debug:ExtractStackTraceNoAlloc (byte*,int,string)
UnityEngine.StackTraceUtility:ExtractStackTrace () (at /Users/bokken/build/output/unity/unity/Runtime/Export/Scripting/StackTrace.cs:35)
UnityEngine.Object:Destroy (UnityEngine.Object,single)
UnityEngine.Object:Destroy (UnityEngine.Object) (at /Users/bokken/build/output/unity/unity/Runtime/Export/Scripting/UnityEngineObject.bindings.cs:707)
VoxelEngine.Rendering.Runtime.Vegetation.ProceduralTreeRenderer:DestroyBatchObjects (VoxelEngine.Rendering.Runtime.Vegetation.ProceduralTreeRenderer/BatchPresentation) (at Assets/VoxelEngine/Rendering/Runtime/Vegetation/ProceduralTreeRenderer.cs:1079)
VoxelEngine.Rendering.Runtime.Vegetation.ProceduralTreeRenderer:ClearBatches () (at Assets/VoxelEngine/Rendering/Runtime/Vegetation/ProceduralTreeRenderer.cs:1092)
VoxelEngine.Rendering.Runtime.Vegetation.ProceduralTreeRenderer:ClearGenerated () (at Assets/VoxelEngine/Rendering/Runtime/Vegetation/ProceduralTreeRenderer.cs:1106)
VoxelEngine.Rendering.Runtime.Vegetation.ProceduralTreeRenderer:OnDestroy () (at Assets/VoxelEngine/Rendering/Runtime/Vegetation/ProceduralTreeRenderer.cs:1115)
UnityEditor.TestTools.TestRunner.CommandLineTest.Executer:ExitApplication (UnityEditor.TestTools.TestRunner.CommandLineTest.Executer/ReturnCodes,string) (at ./Library/PackageCache/com.unity.test-framework@1405238725ab/UnityEditor.TestRunner/CommandLineTest/Executer.cs:83)
UnityEditor.TestTools.TestRunner.CommandLineTest.Executer:ExitIfRunIsCompleted () (at ./Library/PackageCache/com.unity.test-framework@1405238725ab/UnityEditor.TestRunner/CommandLineTest/Executer.cs:74)
UnityEditor.EditorApplication:Internal_CallUpdateFunctions () (at /Users/bokken/build/output/unity/unity/Editor/Mono/EditorApplication.cs:403)

[Assets/VoxelEngine/Rendering/Runtime/Vegetation/ProceduralTreeRenderer.cs line 1079]

TreeBatch_0_4_LOD1: Destroy may not be called from edit mode! Use DestroyImmediate instead.
Destroying an object in edit mode destroys it permanently
UnityEngine.Debug:ExtractStackTraceNoAlloc (byte*,int,string)
UnityEngine.StackTraceUtility:ExtractStackTrace () (at /Users/bokken/build/output/unity/unity/Runtime/Export/Scripting/StackTrace.cs:35)
UnityEngine.Object:Destroy (UnityEngine.Object,single)
UnityEngine.Object:Destroy (UnityEngine.Object) (at /Users/bokken/build/output/unity/unity/Runtime/Export/Scripting/UnityEngineObject.bindings.cs:707)
VoxelEngine.Rendering.Runtime.Vegetation.ProceduralTreeRenderer:DestroyBatchObjects (VoxelEngine.Rendering.Runtime.Vegetation.ProceduralTreeRenderer/BatchPresentation) (at Assets/VoxelEngine/Rendering/Runtime/Vegetation/ProceduralTreeRenderer.cs:1079)
VoxelEngine.Rendering.Runtime.Vegetation.ProceduralTreeRenderer:ClearBatches () (at Assets/VoxelEngine/Rendering/Runtime/Vegetation/ProceduralTreeRenderer.cs:1092)
VoxelEngine.Rendering.Runtime.Vegetation.ProceduralTreeRenderer:ClearGenerated () (at Assets/VoxelEngine/Rendering/Runtime/Vegetation/ProceduralTreeRenderer.cs:1106)
VoxelEngine.Rendering.Runtime.Vegetation.ProceduralTreeRenderer:OnDestroy () (at Assets/VoxelEngine/Rendering/Runtime/Vegetation/ProceduralTreeRenderer.cs:1115)
UnityEditor.TestTools.TestRunner.CommandLineTest.Executer:ExitApplication (UnityEditor.TestTools.TestRunner.CommandLineTest.Executer/ReturnCodes,string) (at ./Library/PackageCache/com.unity.test-framework@1405238725ab/UnityEditor.TestRunner/CommandLineTest/Executer.cs:83)
UnityEditor.TestTools.TestRunner.CommandLineTest.Executer:ExitIfRunIsCompleted () (at ./Library/PackageCache/com.unity.test-framework@1405238725ab/UnityEditor.TestRunner/CommandLineTest/Executer.cs:74)
UnityEditor.EditorApplication:Internal_CallUpdateFunctions () (at /Users/bokken/build/output/unity/unity/Editor/Mono/EditorApplication.cs:403)

[Assets/VoxelEngine/Rendering/Runtime/Vegetation/ProceduralTreeRenderer.cs line 1079]

TreeBatch_0_4_LOD2: Destroy may not be called from edit mode! Use DestroyImmediate instead.
Destroying an object in edit mode destroys it permanently
UnityEngine.Debug:ExtractStackTraceNoAlloc (byte*,int,string)
UnityEngine.StackTraceUtility:ExtractStackTrace () (at /Users/bokken/build/output/unity/unity/Runtime/Export/Scripting/StackTrace.cs:35)
UnityEngine.Object:Destroy (UnityEngine.Object,single)
UnityEngine.Object:Destroy (UnityEngine.Object) (at /Users/bokken/build/output/unity/unity/Runtime/Export/Scripting/UnityEngineObject.bindings.cs:707)
VoxelEngine.Rendering.Runtime.Vegetation.ProceduralTreeRenderer:DestroyBatchObjects (VoxelEngine.Rendering.Runtime.Vegetation.ProceduralTreeRenderer/BatchPresentation) (at Assets/VoxelEngine/Rendering/Runtime/Vegetation/ProceduralTreeRenderer.cs:1079)
VoxelEngine.Rendering.Runtime.Vegetation.ProceduralTreeRenderer:ClearBatches () (at Assets/VoxelEngine/Rendering/Runtime/Vegetation/ProceduralTreeRenderer.cs:1092)
VoxelEngine.Rendering.Runtime.Vegetation.ProceduralTreeRenderer:ClearGenerated () (at Assets/VoxelEngine/Rendering/Runtime/Vegetation/ProceduralTreeRenderer.cs:1106)
VoxelEngine.Rendering.Runtime.Vegetation.ProceduralTreeRenderer:OnDestroy () (at Assets/VoxelEngine/Rendering/Runtime/Vegetation/ProceduralTreeRenderer.cs:1115)
UnityEditor.TestTools.TestRunner.CommandLineTest.Executer:ExitApplication (UnityEditor.TestTools.TestRunner.CommandLineTest.Executer/ReturnCodes,string) (at ./Library/PackageCache/com.unity.test-framework@1405238725ab/UnityEditor.TestRunner/CommandLineTest/Executer.cs:83)
UnityEditor.TestTools.TestRunner.CommandLineTest.Executer:ExitIfRunIsCompleted () (at ./Library/PackageCache/com.unity.test-framework@1405238725ab/UnityEditor.TestRunner/CommandLineTest/Executer.cs:74)
UnityEditor.EditorApplication:Internal_CallUpdateFunctions () (at /Users/bokken/build/output/unity/unity/Editor/Mono/EditorApplication.cs:403)

[Assets/VoxelEngine/Rendering/Runtime/Vegetation/ProceduralTreeRenderer.cs line 1079]

TreeBatch_0_4_LOD3: Destroy may not be called from edit mode! Use DestroyImmediate instead.
Destroying an object in edit mode destroys it permanently
UnityEngine.Debug:ExtractStackTraceNoAlloc (byte*,int,string)
UnityEngine.StackTraceUtility:ExtractStackTrace () (at /Users/bokken/build/output/unity/unity/Runtime/Export/Scripting/StackTrace.cs:35)
UnityEngine.Object:Destroy (UnityEngine.Object,single)
UnityEngine.Object:Destroy (UnityEngine.Object) (at /Users/bokken/build/output/unity/unity/Runtime/Export/Scripting/UnityEngineObject.bindings.cs:707)
VoxelEngine.Rendering.Runtime.Vegetation.ProceduralTreeRenderer:DestroyBatchObjects (VoxelEngine.Rendering.Runtime.Vegetation.ProceduralTreeRenderer/BatchPresentation) (at Assets/VoxelEngine/Rendering/Runtime/Vegetation/ProceduralTreeRenderer.cs:1081)
VoxelEngine.Rendering.Runtime.Vegetation.ProceduralTreeRenderer:ClearBatches () (at Assets/VoxelEngine/Rendering/Runtime/Vegetation/ProceduralTreeRenderer.cs:1092)
VoxelEngine.Rendering.Runtime.Vegetation.ProceduralTreeRenderer:ClearGenerated () (at Assets/VoxelEngine/Rendering/Runtime/Vegetation/ProceduralTreeRenderer.cs:1106)
VoxelEngine.Rendering.Runtime.Vegetation.ProceduralTreeRenderer:OnDestroy () (at Assets/VoxelEngine/Rendering/Runtime/Vegetation/ProceduralTreeRenderer.cs:1115)
UnityEditor.TestTools.TestRunner.CommandLineTest.Executer:ExitApplication (UnityEditor.TestTools.TestRunner.CommandLineTest.Executer/ReturnCodes,string) (at ./Library/PackageCache/com.unity.test-framework@1405238725ab/UnityEditor.TestRunner/CommandLineTest/Executer.cs:83)
UnityEditor.TestTools.TestRunner.CommandLineTest.Executer:ExitIfRunIsCompleted () (at ./Library/PackageCache/com.unity.test-framework@1405238725ab/UnityEditor.TestRunner/CommandLineTest/Executer.cs:74)
UnityEditor.EditorApplication:Internal_CallUpdateFunctions () (at /Users/bokken/build/output/unity/unity/Editor/Mono/EditorApplication.cs:403)

[Assets/VoxelEngine/Rendering/Runtime/Vegetation/ProceduralTreeRenderer.cs line 1081]

Tree Batch 0,4: Destroy may not be called from edit mode! Use DestroyImmediate instead.
Destroying an object in edit mode destroys it permanently
UnityEngine.Debug:ExtractStackTraceNoAlloc (byte*,int,string)
UnityEngine.StackTraceUtility:ExtractStackTrace () (at /Users/bokken/build/output/unity/unity/Runtime/Export/Scripting/StackTrace.cs:35)
UnityEngine.Object:Destroy (UnityEngine.Object,single)
UnityEngine.Object:Destroy (UnityEngine.Object) (at /Users/bokken/build/output/unity/unity/Runtime/Export/Scripting/UnityEngineObject.bindings.cs:707)
VoxelEngine.Rendering.Runtime.Vegetation.ProceduralTreeRenderer:DestroyBatchObjects (VoxelEngine.Rendering.Runtime.Vegetation.ProceduralTreeRenderer/BatchPresentation) (at Assets/VoxelEngine/Rendering/Runtime/Vegetation/ProceduralTreeRenderer.cs:1085)
VoxelEngine.Rendering.Runtime.Vegetation.ProceduralTreeRenderer:ClearBatches () (at Assets/VoxelEngine/Rendering/Runtime/Vegetation/ProceduralTreeRenderer.cs:1092)
VoxelEngine.Rendering.Runtime.Vegetation.ProceduralTreeRenderer:ClearGenerated () (at Assets/VoxelEngine/Rendering/Runtime/Vegetation/ProceduralTreeRenderer.cs:1106)
VoxelEngine.Rendering.Runtime.Vegetation.ProceduralTreeRenderer:OnDestroy () (at Assets/VoxelEngine/Rendering/Runtime/Vegetation/ProceduralTreeRenderer.cs:1115)
UnityEditor.TestTools.TestRunner.CommandLineTest.Executer:ExitApplication (UnityEditor.TestTools.TestRunner.CommandLineTest.Executer/ReturnCodes,string) (at ./Library/PackageCache/com.unity.test-framework@1405238725ab/UnityEditor.TestRunner/CommandLineTest/Executer.cs:83)
UnityEditor.TestTools.TestRunner.CommandLineTest.Executer:ExitIfRunIsCompleted () (at ./Library/PackageCache/com.unity.test-framework@1405238725ab/UnityEditor.TestRunner/CommandLineTest/Executer.cs:74)
UnityEditor.EditorApplication:Internal_CallUpdateFunctions () (at /Users/bokken/build/output/unity/unity/Editor/Mono/EditorApplication.cs:403)

[Assets/VoxelEngine/Rendering/Runtime/Vegetation/ProceduralTreeRenderer.cs line 1085]

TreeBatch_2_4_LOD0: Destroy may not be called from edit mode! Use DestroyImmediate instead.
Destroying an object in edit mode destroys it permanently
UnityEngine.Debug:ExtractStackTraceNoAlloc (byte*,int,string)
UnityEngine.StackTraceUtility:ExtractStackTrace () (at /Users/bokken/build/output/unity/unity/Runtime/Export/Scripting/StackTrace.cs:35)
UnityEngine.Object:Destroy (UnityEngine.Object,single)
UnityEngine.Object:Destroy (UnityEngine.Object) (at /Users/bokken/build/output/unity/unity/Runtime/Export/Scripting/UnityEngineObject.bindings.cs:707)
VoxelEngine.Rendering.Runtime.Vegetation.ProceduralTreeRenderer:DestroyBatchObjects (VoxelEngine.Rendering.Runtime.Vegetation.ProceduralTreeRenderer/BatchPresentation) (at Assets/VoxelEngine/Rendering/Runtime/Vegetation/ProceduralTreeRenderer.cs:1079)
VoxelEngine.Rendering.Runtime.Vegetation.ProceduralTreeRenderer:ClearBatches () (at Assets/VoxelEngine/Rendering/Runtime/Vegetation/ProceduralTreeRenderer.cs:1092)
VoxelEngine.Rendering.Runtime.Vegetation.ProceduralTreeRenderer:ClearGenerated () (at Assets/VoxelEngine/Rendering/Runtime/Vegetation/ProceduralTreeRenderer.cs:1106)
VoxelEngine.Rendering.Runtime.Vegetation.ProceduralTreeRenderer:OnDestroy () (at Assets/VoxelEngine/Rendering/Runtime/Vegetation/ProceduralTreeRenderer.cs:1115)
UnityEditor.TestTools.TestRunner.CommandLineTest.Executer:ExitApplication (UnityEditor.TestTools.TestRunner.CommandLineTest.Executer/ReturnCodes,string) (at ./Library/PackageCache/com.unity.test-framework@1405238725ab/UnityEditor.TestRunner/CommandLineTest/Executer.cs:83)
UnityEditor.TestTools.TestRunner.CommandLineTest.Executer:ExitIfRunIsCompleted () (at ./Library/PackageCache/com.unity.test-framework@1405238725ab/UnityEditor.TestRunner/CommandLineTest/Executer.cs:74)
UnityEditor.EditorApplication:Internal_CallUpdateFunctions () (at /Users/bokken/build/output/unity/unity/Editor/Mono/EditorApplication.cs:403)

[Assets/VoxelEngine/Rendering/Runtime/Vegetation/ProceduralTreeRenderer.cs line 1079]

TreeBatch_2_4_LOD1: Destroy may not be called from edit mode! Use DestroyImmediate instead.
Destroying an object in edit mode destroys it permanently
UnityEngine.Debug:ExtractStackTraceNoAlloc (byte*,int,string)
UnityEngine.StackTraceUtility:ExtractStackTrace () (at /Users/bokken/build/output/unity/unity/Runtime/Export/Scripting/StackTrace.cs:35)
UnityEngine.Object:Destroy (UnityEngine.Object,single)
UnityEngine.Object:Destroy (UnityEngine.Object) (at /Users/bokken/build/output/unity/unity/Runtime/Export/Scripting/UnityEngineObject.bindings.cs:707)
VoxelEngine.Rendering.Runtime.Vegetation.ProceduralTreeRenderer:DestroyBatchObjects (VoxelEngine.Rendering.Runtime.Vegetation.ProceduralTreeRenderer/BatchPresentation) (at Assets/VoxelEngine/Rendering/Runtime/Vegetation/ProceduralTreeRenderer.cs:1079)
VoxelEngine.Rendering.Runtime.Vegetation.ProceduralTreeRenderer:ClearBatches () (at Assets/VoxelEngine/Rendering/Runtime/Vegetation/ProceduralTreeRenderer.cs:1092)
VoxelEngine.Rendering.Runtime.Vegetation.ProceduralTreeRenderer:ClearGenerated () (at Assets/VoxelEngine/Rendering/Runtime/Vegetation/ProceduralTreeRenderer.cs:1106)
VoxelEngine.Rendering.Runtime.Vegetation.ProceduralTreeRenderer:OnDestroy () (at Assets/VoxelEngine/Rendering/Runtime/Vegetation/ProceduralTreeRenderer.cs:1115)
UnityEditor.TestTools.TestRunner.CommandLineTest.Executer:ExitApplication (UnityEditor.TestTools.TestRunner.CommandLineTest.Executer/ReturnCodes,string) (at ./Library/PackageCache/com.unity.test-framework@1405238725ab/UnityEditor.TestRunner/CommandLineTest/Executer.cs:83)
UnityEditor.TestTools.TestRunner.CommandLineTest.Executer:ExitIfRunIsCompleted () (at ./Library/PackageCache/com.unity.test-framework@1405238725ab/UnityEditor.TestRunner/CommandLineTest/Executer.cs:74)
UnityEditor.EditorApplication:Internal_CallUpdateFunctions () (at /Users/bokken/build/output/unity/unity/Editor/Mono/EditorApplication.cs:403)

[Assets/VoxelEngine/Rendering/Runtime/Vegetation/ProceduralTreeRenderer.cs line 1079]

TreeBatch_2_4_LOD2: Destroy may not be called from edit mode! Use DestroyImmediate instead.
Destroying an object in edit mode destroys it permanently
UnityEngine.Debug:ExtractStackTraceNoAlloc (byte*,int,string)
UnityEngine.StackTraceUtility:ExtractStackTrace () (at /Users/bokken/build/output/unity/unity/Runtime/Export/Scripting/StackTrace.cs:35)
UnityEngine.Object:Destroy (UnityEngine.Object,single)
UnityEngine.Object:Destroy (UnityEngine.Object) (at /Users/bokken/build/output/unity/unity/Runtime/Export/Scripting/UnityEngineObject.bindings.cs:707)
VoxelEngine.Rendering.Runtime.Vegetation.ProceduralTreeRenderer:DestroyBatchObjects (VoxelEngine.Rendering.Runtime.Vegetation.ProceduralTreeRenderer/BatchPresentation) (at Assets/VoxelEngine/Rendering/Runtime/Vegetation/ProceduralTreeRenderer.cs:1079)
VoxelEngine.Rendering.Runtime.Vegetation.ProceduralTreeRenderer:ClearBatches () (at Assets/VoxelEngine/Rendering/Runtime/Vegetation/ProceduralTreeRenderer.cs:1092)
VoxelEngine.Rendering.Runtime.Vegetation.ProceduralTreeRenderer:ClearGenerated () (at Assets/VoxelEngine/Rendering/Runtime/Vegetation/ProceduralTreeRenderer.cs:1106)
VoxelEngine.Rendering.Runtime.Vegetation.ProceduralTreeRenderer:OnDestroy () (at Assets/VoxelEngine/Rendering/Runtime/Vegetation/ProceduralTreeRenderer.cs:1115)
UnityEditor.TestTools.TestRunner.CommandLineTest.Executer:ExitApplication (UnityEditor.TestTools.TestRunner.CommandLineTest.Executer/ReturnCodes,string) (at ./Library/PackageCache/com.unity.test-framework@1405238725ab/UnityEditor.TestRunner/CommandLineTest/Executer.cs:83)
UnityEditor.TestTools.TestRunner.CommandLineTest.Executer:ExitIfRunIsCompleted () (at ./Library/PackageCache/com.unity.test-framework@1405238725ab/UnityEditor.TestRunner/CommandLineTest/Executer.cs:74)
UnityEditor.EditorApplication:Internal_CallUpdateFunctions () (at /Users/bokken/build/output/unity/unity/Editor/Mono/EditorApplication.cs:403)

[Assets/VoxelEngine/Rendering/Runtime/Vegetation/ProceduralTreeRenderer.cs line 1079]

TreeBatch_2_4_LOD3: Destroy may not be called from edit mode! Use DestroyImmediate instead.
Destroying an object in edit mode destroys it permanently
UnityEngine.Debug:ExtractStackTraceNoAlloc (byte*,int,string)
UnityEngine.StackTraceUtility:ExtractStackTrace () (at /Users/bokken/build/output/unity/unity/Runtime/Export/Scripting/StackTrace.cs:35)
UnityEngine.Object:Destroy (UnityEngine.Object,single)
UnityEngine.Object:Destroy (UnityEngine.Object) (at /Users/bokken/build/output/unity/unity/Runtime/Export/Scripting/UnityEngineObject.bindings.cs:707)
VoxelEngine.Rendering.Runtime.Vegetation.ProceduralTreeRenderer:DestroyBatchObjects (VoxelEngine.Rendering.Runtime.Vegetation.ProceduralTreeRenderer/BatchPresentation) (at Assets/VoxelEngine/Rendering/Runtime/Vegetation/ProceduralTreeRenderer.cs:1081)
VoxelEngine.Rendering.Runtime.Vegetation.ProceduralTreeRenderer:ClearBatches () (at Assets/VoxelEngine/Rendering/Runtime/Vegetation/ProceduralTreeRenderer.cs:1092)
VoxelEngine.Rendering.Runtime.Vegetation.ProceduralTreeRenderer:ClearGenerated () (at Assets/VoxelEngine/Rendering/Runtime/Vegetation/ProceduralTreeRenderer.cs:1106)
VoxelEngine.Rendering.Runtime.Vegetation.ProceduralTreeRenderer:OnDestroy () (at Assets/VoxelEngine/Rendering/Runtime/Vegetation/ProceduralTreeRenderer.cs:1115)
UnityEditor.TestTools.TestRunner.CommandLineTest.Executer:ExitApplication (UnityEditor.TestTools.TestRunner.CommandLineTest.Executer/ReturnCodes,string) (at ./Library/PackageCache/com.unity.test-framework@1405238725ab/UnityEditor.TestRunner/CommandLineTest/Executer.cs:83)
UnityEditor.TestTools.TestRunner.CommandLineTest.Executer:ExitIfRunIsCompleted () (at ./Library/PackageCache/com.unity.test-framework@1405238725ab/UnityEditor.TestRunner/CommandLineTest/Executer.cs:74)
UnityEditor.EditorApplication:Internal_CallUpdateFunctions () (at /Users/bokken/build/output/unity/unity/Editor/Mono/EditorApplication.cs:403)

[Assets/VoxelEngine/Rendering/Runtime/Vegetation/ProceduralTreeRenderer.cs line 1081]

Tree Batch 2,4: Destroy may not be called from edit mode! Use DestroyImmediate instead.
Destroying an object in edit mode destroys it permanently
UnityEngine.Debug:ExtractStackTraceNoAlloc (byte*,int,string)
UnityEngine.StackTraceUtility:ExtractStackTrace () (at /Users/bokken/build/output/unity/unity/Runtime/Export/Scripting/StackTrace.cs:35)
UnityEngine.Object:Destroy (UnityEngine.Object,single)
UnityEngine.Object:Destroy (UnityEngine.Object) (at /Users/bokken/build/output/unity/unity/Runtime/Export/Scripting/UnityEngineObject.bindings.cs:707)
VoxelEngine.Rendering.Runtime.Vegetation.ProceduralTreeRenderer:DestroyBatchObjects (VoxelEngine.Rendering.Runtime.Vegetation.ProceduralTreeRenderer/BatchPresentation) (at Assets/VoxelEngine/Rendering/Runtime/Vegetation/ProceduralTreeRenderer.cs:1085)
VoxelEngine.Rendering.Runtime.Vegetation.ProceduralTreeRenderer:ClearBatches () (at Assets/VoxelEngine/Rendering/Runtime/Vegetation/ProceduralTreeRenderer.cs:1092)
VoxelEngine.Rendering.Runtime.Vegetation.ProceduralTreeRenderer:ClearGenerated () (at Assets/VoxelEngine/Rendering/Runtime/Vegetation/ProceduralTreeRenderer.cs:1106)
VoxelEngine.Rendering.Runtime.Vegetation.ProceduralTreeRenderer:OnDestroy () (at Assets/VoxelEngine/Rendering/Runtime/Vegetation/ProceduralTreeRenderer.cs:1115)
UnityEditor.TestTools.TestRunner.CommandLineTest.Executer:ExitApplication (UnityEditor.TestTools.TestRunner.CommandLineTest.Executer/ReturnCodes,string) (at ./Library/PackageCache/com.unity.test-framework@1405238725ab/UnityEditor.TestRunner/CommandLineTest/Executer.cs:83)
UnityEditor.TestTools.TestRunner.CommandLineTest.Executer:ExitIfRunIsCompleted () (at ./Library/PackageCache/com.unity.test-framework@1405238725ab/UnityEditor.TestRunner/CommandLineTest/Executer.cs:74)
UnityEditor.EditorApplication:Internal_CallUpdateFunctions () (at /Users/bokken/build/output/unity/unity/Editor/Mono/EditorApplication.cs:403)

[Assets/VoxelEngine/Rendering/Runtime/Vegetation/ProceduralTreeRenderer.cs line 1085]

TreeBatch_3_4_LOD0: Destroy may not be called from edit mode! Use DestroyImmediate instead.
Destroying an object in edit mode destroys it permanently
UnityEngine.Debug:ExtractStackTraceNoAlloc (byte*,int,string)
UnityEngine.StackTraceUtility:ExtractStackTrace () (at /Users/bokken/build/output/unity/unity/Runtime/Export/Scripting/StackTrace.cs:35)
UnityEngine.Object:Destroy (UnityEngine.Object,single)
UnityEngine.Object:Destroy (UnityEngine.Object) (at /Users/bokken/build/output/unity/unity/Runtime/Export/Scripting/UnityEngineObject.bindings.cs:707)
VoxelEngine.Rendering.Runtime.Vegetation.ProceduralTreeRenderer:DestroyBatchObjects (VoxelEngine.Rendering.Runtime.Vegetation.ProceduralTreeRenderer/BatchPresentation) (at Assets/VoxelEngine/Rendering/Runtime/Vegetation/ProceduralTreeRenderer.cs:1079)
VoxelEngine.Rendering.Runtime.Vegetation.ProceduralTreeRenderer:ClearBatches () (at Assets/VoxelEngine/Rendering/Runtime/Vegetation/ProceduralTreeRenderer.cs:1092)
VoxelEngine.Rendering.Runtime.Vegetation.ProceduralTreeRenderer:ClearGenerated () (at Assets/VoxelEngine/Rendering/Runtime/Vegetation/ProceduralTreeRenderer.cs:1106)
VoxelEngine.Rendering.Runtime.Vegetation.ProceduralTreeRenderer:OnDestroy () (at Assets/VoxelEngine/Rendering/Runtime/Vegetation/ProceduralTreeRenderer.cs:1115)
UnityEditor.TestTools.TestRunner.CommandLineTest.Executer:ExitApplication (UnityEditor.TestTools.TestRunner.CommandLineTest.Executer/ReturnCodes,string) (at ./Library/PackageCache/com.unity.test-framework@1405238725ab/UnityEditor.TestRunner/CommandLineTest/Executer.cs:83)
UnityEditor.TestTools.TestRunner.CommandLineTest.Executer:ExitIfRunIsCompleted () (at ./Library/PackageCache/com.unity.test-framework@1405238725ab/UnityEditor.TestRunner/CommandLineTest/Executer.cs:74)
UnityEditor.EditorApplication:Internal_CallUpdateFunctions () (at /Users/bokken/build/output/unity/unity/Editor/Mono/EditorApplication.cs:403)

[Assets/VoxelEngine/Rendering/Runtime/Vegetation/ProceduralTreeRenderer.cs line 1079]

TreeBatch_3_4_LOD1: Destroy may not be called from edit mode! Use DestroyImmediate instead.
Destroying an object in edit mode destroys it permanently
UnityEngine.Debug:ExtractStackTraceNoAlloc (byte*,int,string)
UnityEngine.StackTraceUtility:ExtractStackTrace () (at /Users/bokken/build/output/unity/unity/Runtime/Export/Scripting/StackTrace.cs:35)
UnityEngine.Object:Destroy (UnityEngine.Object,single)
UnityEngine.Object:Destroy (UnityEngine.Object) (at /Users/bokken/build/output/unity/unity/Runtime/Export/Scripting/UnityEngineObject.bindings.cs:707)
VoxelEngine.Rendering.Runtime.Vegetation.ProceduralTreeRenderer:DestroyBatchObjects (VoxelEngine.Rendering.Runtime.Vegetation.ProceduralTreeRenderer/BatchPresentation) (at Assets/VoxelEngine/Rendering/Runtime/Vegetation/ProceduralTreeRenderer.cs:1079)
VoxelEngine.Rendering.Runtime.Vegetation.ProceduralTreeRenderer:ClearBatches () (at Assets/VoxelEngine/Rendering/Runtime/Vegetation/ProceduralTreeRenderer.cs:1092)
VoxelEngine.Rendering.Runtime.Vegetation.ProceduralTreeRenderer:ClearGenerated () (at Assets/VoxelEngine/Rendering/Runtime/Vegetation/ProceduralTreeRenderer.cs:1106)
VoxelEngine.Rendering.Runtime.Vegetation.ProceduralTreeRenderer:OnDestroy () (at Assets/VoxelEngine/Rendering/Runtime/Vegetation/ProceduralTreeRenderer.cs:1115)
UnityEditor.TestTools.TestRunner.CommandLineTest.Executer:ExitApplication (UnityEditor.TestTools.TestRunner.CommandLineTest.Executer/ReturnCodes,string) (at ./Library/PackageCache/com.unity.test-framework@1405238725ab/UnityEditor.TestRunner/CommandLineTest/Executer.cs:83)
UnityEditor.TestTools.TestRunner.CommandLineTest.Executer:ExitIfRunIsCompleted () (at ./Library/PackageCache/com.unity.test-framework@1405238725ab/UnityEditor.TestRunner/CommandLineTest/Executer.cs:74)
UnityEditor.EditorApplication:Internal_CallUpdateFunctions () (at /Users/bokken/build/output/unity/unity/Editor/Mono/EditorApplication.cs:403)

[Assets/VoxelEngine/Rendering/Runtime/Vegetation/ProceduralTreeRenderer.cs line 1079]

TreeBatch_3_4_LOD2: Destroy may not be called from edit mode! Use DestroyImmediate instead.
Destroying an object in edit mode destroys it permanently
UnityEngine.Debug:ExtractStackTraceNoAlloc (byte*,int,string)
UnityEngine.StackTraceUtility:ExtractStackTrace () (at /Users/bokken/build/output/unity/unity/Runtime/Export/Scripting/StackTrace.cs:35)
UnityEngine.Object:Destroy (UnityEngine.Object,single)
UnityEngine.Object:Destroy (UnityEngine.Object) (at /Users/bokken/build/output/unity/unity/Runtime/Export/Scripting/UnityEngineObject.bindings.cs:707)
VoxelEngine.Rendering.Runtime.Vegetation.ProceduralTreeRenderer:DestroyBatchObjects (VoxelEngine.Rendering.Runtime.Vegetation.ProceduralTreeRenderer/BatchPresentation) (at Assets/VoxelEngine/Rendering/Runtime/Vegetation/ProceduralTreeRenderer.cs:1079)
VoxelEngine.Rendering.Runtime.Vegetation.ProceduralTreeRenderer:ClearBatches () (at Assets/VoxelEngine/Rendering/Runtime/Vegetation/ProceduralTreeRenderer.cs:1092)
VoxelEngine.Rendering.Runtime.Vegetation.ProceduralTreeRenderer:ClearGenerated () (at Assets/VoxelEngine/Rendering/Runtime/Vegetation/ProceduralTreeRenderer.cs:1106)
VoxelEngine.Rendering.Runtime.Vegetation.ProceduralTreeRenderer:OnDestroy () (at Assets/VoxelEngine/Rendering/Runtime/Vegetation/ProceduralTreeRenderer.cs:1115)
UnityEditor.TestTools.TestRunner.CommandLineTest.Executer:ExitApplication (UnityEditor.TestTools.TestRunner.CommandLineTest.Executer/ReturnCodes,string) (at ./Library/PackageCache/com.unity.test-framework@1405238725ab/UnityEditor.TestRunner/CommandLineTest/Executer.cs:83)
UnityEditor.TestTools.TestRunner.CommandLineTest.Executer:ExitIfRunIsCompleted () (at ./Library/PackageCache/com.unity.test-framework@1405238725ab/UnityEditor.TestRunner/CommandLineTest/Executer.cs:74)
UnityEditor.EditorApplication:Internal_CallUpdateFunctions () (at /Users/bokken/build/output/unity/unity/Editor/Mono/EditorApplication.cs:403)

[Assets/VoxelEngine/Rendering/Runtime/Vegetation/ProceduralTreeRenderer.cs line 1079]

TreeBatch_3_4_LOD3: Destroy may not be called from edit mode! Use DestroyImmediate instead.
Destroying an object in edit mode destroys it permanently
UnityEngine.Debug:ExtractStackTraceNoAlloc (byte*,int,string)
UnityEngine.StackTraceUtility:ExtractStackTrace () (at /Users/bokken/build/output/unity/unity/Runtime/Export/Scripting/StackTrace.cs:35)
UnityEngine.Object:Destroy (UnityEngine.Object,single)
UnityEngine.Object:Destroy (UnityEngine.Object) (at /Users/bokken/build/output/unity/unity/Runtime/Export/Scripting/UnityEngineObject.bindings.cs:707)
VoxelEngine.Rendering.Runtime.Vegetation.ProceduralTreeRenderer:DestroyBatchObjects (VoxelEngine.Rendering.Runtime.Vegetation.ProceduralTreeRenderer/BatchPresentation) (at Assets/VoxelEngine/Rendering/Runtime/Vegetation/ProceduralTreeRenderer.cs:1081)
VoxelEngine.Rendering.Runtime.Vegetation.ProceduralTreeRenderer:ClearBatches () (at Assets/VoxelEngine/Rendering/Runtime/Vegetation/ProceduralTreeRenderer.cs:1092)
VoxelEngine.Rendering.Runtime.Vegetation.ProceduralTreeRenderer:ClearGenerated () (at Assets/VoxelEngine/Rendering/Runtime/Vegetation/ProceduralTreeRenderer.cs:1106)
VoxelEngine.Rendering.Runtime.Vegetation.ProceduralTreeRenderer:OnDestroy () (at Assets/VoxelEngine/Rendering/Runtime/Vegetation/ProceduralTreeRenderer.cs:1115)
UnityEditor.TestTools.TestRunner.CommandLineTest.Executer:ExitApplication (UnityEditor.TestTools.TestRunner.CommandLineTest.Executer/ReturnCodes,string) (at ./Library/PackageCache/com.unity.test-framework@1405238725ab/UnityEditor.TestRunner/CommandLineTest/Executer.cs:83)
UnityEditor.TestTools.TestRunner.CommandLineTest.Executer:ExitIfRunIsCompleted () (at ./Library/PackageCache/com.unity.test-framework@1405238725ab/UnityEditor.TestRunner/CommandLineTest/Executer.cs:74)
UnityEditor.EditorApplication:Internal_CallUpdateFunctions () (at /Users/bokken/build/output/unity/unity/Editor/Mono/EditorApplication.cs:403)

[Assets/VoxelEngine/Rendering/Runtime/Vegetation/ProceduralTreeRenderer.cs line 1081]

Tree Batch 3,4: Destroy may not be called from edit mode! Use DestroyImmediate instead.
Destroying an object in edit mode destroys it permanently
UnityEngine.Debug:ExtractStackTraceNoAlloc (byte*,int,string)
UnityEngine.StackTraceUtility:ExtractStackTrace () (at /Users/bokken/build/output/unity/unity/Runtime/Export/Scripting/StackTrace.cs:35)
UnityEngine.Object:Destroy (UnityEngine.Object,single)
UnityEngine.Object:Destroy (UnityEngine.Object) (at /Users/bokken/build/output/unity/unity/Runtime/Export/Scripting/UnityEngineObject.bindings.cs:707)
VoxelEngine.Rendering.Runtime.Vegetation.ProceduralTreeRenderer:DestroyBatchObjects (VoxelEngine.Rendering.Runtime.Vegetation.ProceduralTreeRenderer/BatchPresentation) (at Assets/VoxelEngine/Rendering/Runtime/Vegetation/ProceduralTreeRenderer.cs:1085)
VoxelEngine.Rendering.Runtime.Vegetation.ProceduralTreeRenderer:ClearBatches () (at Assets/VoxelEngine/Rendering/Runtime/Vegetation/ProceduralTreeRenderer.cs:1092)
VoxelEngine.Rendering.Runtime.Vegetation.ProceduralTreeRenderer:ClearGenerated () (at Assets/VoxelEngine/Rendering/Runtime/Vegetation/ProceduralTreeRenderer.cs:1106)
VoxelEngine.Rendering.Runtime.Vegetation.ProceduralTreeRenderer:OnDestroy () (at Assets/VoxelEngine/Rendering/Runtime/Vegetation/ProceduralTreeRenderer.cs:1115)
UnityEditor.TestTools.TestRunner.CommandLineTest.Executer:ExitApplication (UnityEditor.TestTools.TestRunner.CommandLineTest.Executer/ReturnCodes,string) (at ./Library/PackageCache/com.unity.test-framework@1405238725ab/UnityEditor.TestRunner/CommandLineTest/Executer.cs:83)
UnityEditor.TestTools.TestRunner.CommandLineTest.Executer:ExitIfRunIsCompleted () (at ./Library/PackageCache/com.unity.test-framework@1405238725ab/UnityEditor.TestRunner/CommandLineTest/Executer.cs:74)
UnityEditor.EditorApplication:Internal_CallUpdateFunctions () (at /Users/bokken/build/output/unity/unity/Editor/Mono/EditorApplication.cs:403)

[Assets/VoxelEngine/Rendering/Runtime/Vegetation/ProceduralTreeRenderer.cs line 1085]

TreeBatch_4_4_LOD0: Destroy may not be called from edit mode! Use DestroyImmediate instead.
Destroying an object in edit mode destroys it permanently
UnityEngine.Debug:ExtractStackTraceNoAlloc (byte*,int,string)
UnityEngine.StackTraceUtility:ExtractStackTrace () (at /Users/bokken/build/output/unity/unity/Runtime/Export/Scripting/StackTrace.cs:35)
UnityEngine.Object:Destroy (UnityEngine.Object,single)
UnityEngine.Object:Destroy (UnityEngine.Object) (at /Users/bokken/build/output/unity/unity/Runtime/Export/Scripting/UnityEngineObject.bindings.cs:707)
VoxelEngine.Rendering.Runtime.Vegetation.ProceduralTreeRenderer:DestroyBatchObjects (VoxelEngine.Rendering.Runtime.Vegetation.ProceduralTreeRenderer/BatchPresentation) (at Assets/VoxelEngine/Rendering/Runtime/Vegetation/ProceduralTreeRenderer.cs:1079)
VoxelEngine.Rendering.Runtime.Vegetation.ProceduralTreeRenderer:ClearBatches () (at Assets/VoxelEngine/Rendering/Runtime/Vegetation/ProceduralTreeRenderer.cs:1092)
VoxelEngine.Rendering.Runtime.Vegetation.ProceduralTreeRenderer:ClearGenerated () (at Assets/VoxelEngine/Rendering/Runtime/Vegetation/ProceduralTreeRenderer.cs:1106)
VoxelEngine.Rendering.Runtime.Vegetation.ProceduralTreeRenderer:OnDestroy () (at Assets/VoxelEngine/Rendering/Runtime/Vegetation/ProceduralTreeRenderer.cs:1115)
UnityEditor.TestTools.TestRunner.CommandLineTest.Executer:ExitApplication (UnityEditor.TestTools.TestRunner.CommandLineTest.Executer/ReturnCodes,string) (at ./Library/PackageCache/com.unity.test-framework@1405238725ab/UnityEditor.TestRunner/CommandLineTest/Executer.cs:83)
UnityEditor.TestTools.TestRunner.CommandLineTest.Executer:ExitIfRunIsCompleted () (at ./Library/PackageCache/com.unity.test-framework@1405238725ab/UnityEditor.TestRunner/CommandLineTest/Executer.cs:74)
UnityEditor.EditorApplication:Internal_CallUpdateFunctions () (at /Users/bokken/build/output/unity/unity/Editor/Mono/EditorApplication.cs:403)

[Assets/VoxelEngine/Rendering/Runtime/Vegetation/ProceduralTreeRenderer.cs line 1079]

TreeBatch_4_4_LOD1: Destroy may not be called from edit mode! Use DestroyImmediate instead.
Destroying an object in edit mode destroys it permanently
UnityEngine.Debug:ExtractStackTraceNoAlloc (byte*,int,string)
UnityEngine.StackTraceUtility:ExtractStackTrace () (at /Users/bokken/build/output/unity/unity/Runtime/Export/Scripting/StackTrace.cs:35)
UnityEngine.Object:Destroy (UnityEngine.Object,single)
UnityEngine.Object:Destroy (UnityEngine.Object) (at /Users/bokken/build/output/unity/unity/Runtime/Export/Scripting/UnityEngineObject.bindings.cs:707)
VoxelEngine.Rendering.Runtime.Vegetation.ProceduralTreeRenderer:DestroyBatchObjects (VoxelEngine.Rendering.Runtime.Vegetation.ProceduralTreeRenderer/BatchPresentation) (at Assets/VoxelEngine/Rendering/Runtime/Vegetation/ProceduralTreeRenderer.cs:1079)
VoxelEngine.Rendering.Runtime.Vegetation.ProceduralTreeRenderer:ClearBatches () (at Assets/VoxelEngine/Rendering/Runtime/Vegetation/ProceduralTreeRenderer.cs:1092)
VoxelEngine.Rendering.Runtime.Vegetation.ProceduralTreeRenderer:ClearGenerated () (at Assets/VoxelEngine/Rendering/Runtime/Vegetation/ProceduralTreeRenderer.cs:1106)
VoxelEngine.Rendering.Runtime.Vegetation.ProceduralTreeRenderer:OnDestroy () (at Assets/VoxelEngine/Rendering/Runtime/Vegetation/ProceduralTreeRenderer.cs:1115)
UnityEditor.TestTools.TestRunner.CommandLineTest.Executer:ExitApplication (UnityEditor.TestTools.TestRunner.CommandLineTest.Executer/ReturnCodes,string) (at ./Library/PackageCache/com.unity.test-framework@1405238725ab/UnityEditor.TestRunner/CommandLineTest/Executer.cs:83)
UnityEditor.TestTools.TestRunner.CommandLineTest.Executer:ExitIfRunIsCompleted () (at ./Library/PackageCache/com.unity.test-framework@1405238725ab/UnityEditor.TestRunner/CommandLineTest/Executer.cs:74)
UnityEditor.EditorApplication:Internal_CallUpdateFunctions () (at /Users/bokken/build/output/unity/unity/Editor/Mono/EditorApplication.cs:403)

[Assets/VoxelEngine/Rendering/Runtime/Vegetation/ProceduralTreeRenderer.cs line 1079]

TreeBatch_4_4_LOD2: Destroy may not be called from edit mode! Use DestroyImmediate instead.
Destroying an object in edit mode destroys it permanently
UnityEngine.Debug:ExtractStackTraceNoAlloc (byte*,int,string)
UnityEngine.StackTraceUtility:ExtractStackTrace () (at /Users/bokken/build/output/unity/unity/Runtime/Export/Scripting/StackTrace.cs:35)
UnityEngine.Object:Destroy (UnityEngine.Object,single)
UnityEngine.Object:Destroy (UnityEngine.Object) (at /Users/bokken/build/output/unity/unity/Runtime/Export/Scripting/UnityEngineObject.bindings.cs:707)
VoxelEngine.Rendering.Runtime.Vegetation.ProceduralTreeRenderer:DestroyBatchObjects (VoxelEngine.Rendering.Runtime.Vegetation.ProceduralTreeRenderer/BatchPresentation) (at Assets/VoxelEngine/Rendering/Runtime/Vegetation/ProceduralTreeRenderer.cs:1079)
VoxelEngine.Rendering.Runtime.Vegetation.ProceduralTreeRenderer:ClearBatches () (at Assets/VoxelEngine/Rendering/Runtime/Vegetation/ProceduralTreeRenderer.cs:1092)
VoxelEngine.Rendering.Runtime.Vegetation.ProceduralTreeRenderer:ClearGenerated () (at Assets/VoxelEngine/Rendering/Runtime/Vegetation/ProceduralTreeRenderer.cs:1106)
VoxelEngine.Rendering.Runtime.Vegetation.ProceduralTreeRenderer:OnDestroy () (at Assets/VoxelEngine/Rendering/Runtime/Vegetation/ProceduralTreeRenderer.cs:1115)
UnityEditor.TestTools.TestRunner.CommandLineTest.Executer:ExitApplication (UnityEditor.TestTools.TestRunner.CommandLineTest.Executer/ReturnCodes,string) (at ./Library/PackageCache/com.unity.test-framework@1405238725ab/UnityEditor.TestRunner/CommandLineTest/Executer.cs:83)
UnityEditor.TestTools.TestRunner.CommandLineTest.Executer:ExitIfRunIsCompleted () (at ./Library/PackageCache/com.unity.test-framework@1405238725ab/UnityEditor.TestRunner/CommandLineTest/Executer.cs:74)
UnityEditor.EditorApplication:Internal_CallUpdateFunctions () (at /Users/bokken/build/output/unity/unity/Editor/Mono/EditorApplication.cs:403)

[Assets/VoxelEngine/Rendering/Runtime/Vegetation/ProceduralTreeRenderer.cs line 1079]

TreeBatch_4_4_LOD3: Destroy may not be called from edit mode! Use DestroyImmediate instead.
Destroying an object in edit mode destroys it permanently
UnityEngine.Debug:ExtractStackTraceNoAlloc (byte*,int,string)
UnityEngine.StackTraceUtility:ExtractStackTrace () (at /Users/bokken/build/output/unity/unity/Runtime/Export/Scripting/StackTrace.cs:35)
UnityEngine.Object:Destroy (UnityEngine.Object,single)
UnityEngine.Object:Destroy (UnityEngine.Object) (at /Users/bokken/build/output/unity/unity/Runtime/Export/Scripting/UnityEngineObject.bindings.cs:707)
VoxelEngine.Rendering.Runtime.Vegetation.ProceduralTreeRenderer:DestroyBatchObjects (VoxelEngine.Rendering.Runtime.Vegetation.ProceduralTreeRenderer/BatchPresentation) (at Assets/VoxelEngine/Rendering/Runtime/Vegetation/ProceduralTreeRenderer.cs:1081)
VoxelEngine.Rendering.Runtime.Vegetation.ProceduralTreeRenderer:ClearBatches () (at Assets/VoxelEngine/Rendering/Runtime/Vegetation/ProceduralTreeRenderer.cs:1092)
VoxelEngine.Rendering.Runtime.Vegetation.ProceduralTreeRenderer:ClearGenerated () (at Assets/VoxelEngine/Rendering/Runtime/Vegetation/ProceduralTreeRenderer.cs:1106)
VoxelEngine.Rendering.Runtime.Vegetation.ProceduralTreeRenderer:OnDestroy () (at Assets/VoxelEngine/Rendering/Runtime/Vegetation/ProceduralTreeRenderer.cs:1115)
UnityEditor.TestTools.TestRunner.CommandLineTest.Executer:ExitApplication (UnityEditor.TestTools.TestRunner.CommandLineTest.Executer/ReturnCodes,string) (at ./Library/PackageCache/com.unity.test-framework@1405238725ab/UnityEditor.TestRunner/CommandLineTest/Executer.cs:83)
UnityEditor.TestTools.TestRunner.CommandLineTest.Executer:ExitIfRunIsCompleted () (at ./Library/PackageCache/com.unity.test-framework@1405238725ab/UnityEditor.TestRunner/CommandLineTest/Executer.cs:74)
UnityEditor.EditorApplication:Internal_CallUpdateFunctions () (at /Users/bokken/build/output/unity/unity/Editor/Mono/EditorApplication.cs:403)

[Assets/VoxelEngine/Rendering/Runtime/Vegetation/ProceduralTreeRenderer.cs line 1081]

Tree Batch 4,4: Destroy may not be called from edit mode! Use DestroyImmediate instead.
Destroying an object in edit mode destroys it permanently
UnityEngine.Debug:ExtractStackTraceNoAlloc (byte*,int,string)
UnityEngine.StackTraceUtility:ExtractStackTrace () (at /Users/bokken/build/output/unity/unity/Runtime/Export/Scripting/StackTrace.cs:35)
UnityEngine.Object:Destroy (UnityEngine.Object,single)
UnityEngine.Object:Destroy (UnityEngine.Object) (at /Users/bokken/build/output/unity/unity/Runtime/Export/Scripting/UnityEngineObject.bindings.cs:707)
VoxelEngine.Rendering.Runtime.Vegetation.ProceduralTreeRenderer:DestroyBatchObjects (VoxelEngine.Rendering.Runtime.Vegetation.ProceduralTreeRenderer/BatchPresentation) (at Assets/VoxelEngine/Rendering/Runtime/Vegetation/ProceduralTreeRenderer.cs:1085)
VoxelEngine.Rendering.Runtime.Vegetation.ProceduralTreeRenderer:ClearBatches () (at Assets/VoxelEngine/Rendering/Runtime/Vegetation/ProceduralTreeRenderer.cs:1092)
VoxelEngine.Rendering.Runtime.Vegetation.ProceduralTreeRenderer:ClearGenerated () (at Assets/VoxelEngine/Rendering/Runtime/Vegetation/ProceduralTreeRenderer.cs:1106)
VoxelEngine.Rendering.Runtime.Vegetation.ProceduralTreeRenderer:OnDestroy () (at Assets/VoxelEngine/Rendering/Runtime/Vegetation/ProceduralTreeRenderer.cs:1115)
UnityEditor.TestTools.TestRunner.CommandLineTest.Executer:ExitApplication (UnityEditor.TestTools.TestRunner.CommandLineTest.Executer/ReturnCodes,string) (at ./Library/PackageCache/com.unity.test-framework@1405238725ab/UnityEditor.TestRunner/CommandLineTest/Executer.cs:83)
UnityEditor.TestTools.TestRunner.CommandLineTest.Executer:ExitIfRunIsCompleted () (at ./Library/PackageCache/com.unity.test-framework@1405238725ab/UnityEditor.TestRunner/CommandLineTest/Executer.cs:74)
UnityEditor.EditorApplication:Internal_CallUpdateFunctions () (at /Users/bokken/build/output/unity/unity/Editor/Mono/EditorApplication.cs:403)

[Assets/VoxelEngine/Rendering/Runtime/Vegetation/ProceduralTreeRenderer.cs line 1085]

TreeBatch_0_5_LOD0: Destroy may not be called from edit mode! Use DestroyImmediate instead.
Destroying an object in edit mode destroys it permanently
UnityEngine.Debug:ExtractStackTraceNoAlloc (byte*,int,string)
UnityEngine.StackTraceUtility:ExtractStackTrace () (at /Users/bokken/build/output/unity/unity/Runtime/Export/Scripting/StackTrace.cs:35)
UnityEngine.Object:Destroy (UnityEngine.Object,single)
UnityEngine.Object:Destroy (UnityEngine.Object) (at /Users/bokken/build/output/unity/unity/Runtime/Export/Scripting/UnityEngineObject.bindings.cs:707)
VoxelEngine.Rendering.Runtime.Vegetation.ProceduralTreeRenderer:DestroyBatchObjects (VoxelEngine.Rendering.Runtime.Vegetation.ProceduralTreeRenderer/BatchPresentation) (at Assets/VoxelEngine/Rendering/Runtime/Vegetation/ProceduralTreeRenderer.cs:1079)
VoxelEngine.Rendering.Runtime.Vegetation.ProceduralTreeRenderer:ClearBatches () (at Assets/VoxelEngine/Rendering/Runtime/Vegetation/ProceduralTreeRenderer.cs:1092)
VoxelEngine.Rendering.Runtime.Vegetation.ProceduralTreeRenderer:ClearGenerated () (at Assets/VoxelEngine/Rendering/Runtime/Vegetation/ProceduralTreeRenderer.cs:1106)
VoxelEngine.Rendering.Runtime.Vegetation.ProceduralTreeRenderer:OnDestroy () (at Assets/VoxelEngine/Rendering/Runtime/Vegetation/ProceduralTreeRenderer.cs:1115)
UnityEditor.TestTools.TestRunner.CommandLineTest.Executer:ExitApplication (UnityEditor.TestTools.TestRunner.CommandLineTest.Executer/ReturnCodes,string) (at ./Library/PackageCache/com.unity.test-framework@1405238725ab/UnityEditor.TestRunner/CommandLineTest/Executer.cs:83)
UnityEditor.TestTools.TestRunner.CommandLineTest.Executer:ExitIfRunIsCompleted () (at ./Library/PackageCache/com.unity.test-framework@1405238725ab/UnityEditor.TestRunner/CommandLineTest/Executer.cs:74)
UnityEditor.EditorApplication:Internal_CallUpdateFunctions () (at /Users/bokken/build/output/unity/unity/Editor/Mono/EditorApplication.cs:403)

[Assets/VoxelEngine/Rendering/Runtime/Vegetation/ProceduralTreeRenderer.cs line 1079]

TreeBatch_0_5_LOD1: Destroy may not be called from edit mode! Use DestroyImmediate instead.
Destroying an object in edit mode destroys it permanently
UnityEngine.Debug:ExtractStackTraceNoAlloc (byte*,int,string)
UnityEngine.StackTraceUtility:ExtractStackTrace () (at /Users/bokken/build/output/unity/unity/Runtime/Export/Scripting/StackTrace.cs:35)
UnityEngine.Object:Destroy (UnityEngine.Object,single)
UnityEngine.Object:Destroy (UnityEngine.Object) (at /Users/bokken/build/output/unity/unity/Runtime/Export/Scripting/UnityEngineObject.bindings.cs:707)
VoxelEngine.Rendering.Runtime.Vegetation.ProceduralTreeRenderer:DestroyBatchObjects (VoxelEngine.Rendering.Runtime.Vegetation.ProceduralTreeRenderer/BatchPresentation) (at Assets/VoxelEngine/Rendering/Runtime/Vegetation/ProceduralTreeRenderer.cs:1079)
VoxelEngine.Rendering.Runtime.Vegetation.ProceduralTreeRenderer:ClearBatches () (at Assets/VoxelEngine/Rendering/Runtime/Vegetation/ProceduralTreeRenderer.cs:1092)
VoxelEngine.Rendering.Runtime.Vegetation.ProceduralTreeRenderer:ClearGenerated () (at Assets/VoxelEngine/Rendering/Runtime/Vegetation/ProceduralTreeRenderer.cs:1106)
VoxelEngine.Rendering.Runtime.Vegetation.ProceduralTreeRenderer:OnDestroy () (at Assets/VoxelEngine/Rendering/Runtime/Vegetation/ProceduralTreeRenderer.cs:1115)
UnityEditor.TestTools.TestRunner.CommandLineTest.Executer:ExitApplication (UnityEditor.TestTools.TestRunner.CommandLineTest.Executer/ReturnCodes,string) (at ./Library/PackageCache/com.unity.test-framework@1405238725ab/UnityEditor.TestRunner/CommandLineTest/Executer.cs:83)
UnityEditor.TestTools.TestRunner.CommandLineTest.Executer:ExitIfRunIsCompleted () (at ./Library/PackageCache/com.unity.test-framework@1405238725ab/UnityEditor.TestRunner/CommandLineTest/Executer.cs:74)
UnityEditor.EditorApplication:Internal_CallUpdateFunctions () (at /Users/bokken/build/output/unity/unity/Editor/Mono/EditorApplication.cs:403)

[Assets/VoxelEngine/Rendering/Runtime/Vegetation/ProceduralTreeRenderer.cs line 1079]

TreeBatch_0_5_LOD2: Destroy may not be called from edit mode! Use DestroyImmediate instead.
Destroying an object in edit mode destroys it permanently
UnityEngine.Debug:ExtractStackTraceNoAlloc (byte*,int,string)
UnityEngine.StackTraceUtility:ExtractStackTrace () (at /Users/bokken/build/output/unity/unity/Runtime/Export/Scripting/StackTrace.cs:35)
UnityEngine.Object:Destroy (UnityEngine.Object,single)
UnityEngine.Object:Destroy (UnityEngine.Object) (at /Users/bokken/build/output/unity/unity/Runtime/Export/Scripting/UnityEngineObject.bindings.cs:707)
VoxelEngine.Rendering.Runtime.Vegetation.ProceduralTreeRenderer:DestroyBatchObjects (VoxelEngine.Rendering.Runtime.Vegetation.ProceduralTreeRenderer/BatchPresentation) (at Assets/VoxelEngine/Rendering/Runtime/Vegetation/ProceduralTreeRenderer.cs:1079)
VoxelEngine.Rendering.Runtime.Vegetation.ProceduralTreeRenderer:ClearBatches () (at Assets/VoxelEngine/Rendering/Runtime/Vegetation/ProceduralTreeRenderer.cs:1092)
VoxelEngine.Rendering.Runtime.Vegetation.ProceduralTreeRenderer:ClearGenerated () (at Assets/VoxelEngine/Rendering/Runtime/Vegetation/ProceduralTreeRenderer.cs:1106)
VoxelEngine.Rendering.Runtime.Vegetation.ProceduralTreeRenderer:OnDestroy () (at Assets/VoxelEngine/Rendering/Runtime/Vegetation/ProceduralTreeRenderer.cs:1115)
UnityEditor.TestTools.TestRunner.CommandLineTest.Executer:ExitApplication (UnityEditor.TestTools.TestRunner.CommandLineTest.Executer/ReturnCodes,string) (at ./Library/PackageCache/com.unity.test-framework@1405238725ab/UnityEditor.TestRunner/CommandLineTest/Executer.cs:83)
UnityEditor.TestTools.TestRunner.CommandLineTest.Executer:ExitIfRunIsCompleted () (at ./Library/PackageCache/com.unity.test-framework@1405238725ab/UnityEditor.TestRunner/CommandLineTest/Executer.cs:74)
UnityEditor.EditorApplication:Internal_CallUpdateFunctions () (at /Users/bokken/build/output/unity/unity/Editor/Mono/EditorApplication.cs:403)

[Assets/VoxelEngine/Rendering/Runtime/Vegetation/ProceduralTreeRenderer.cs line 1079]

TreeBatch_0_5_LOD3: Destroy may not be called from edit mode! Use DestroyImmediate instead.
Destroying an object in edit mode destroys it permanently
UnityEngine.Debug:ExtractStackTraceNoAlloc (byte*,int,string)
UnityEngine.StackTraceUtility:ExtractStackTrace () (at /Users/bokken/build/output/unity/unity/Runtime/Export/Scripting/StackTrace.cs:35)
UnityEngine.Object:Destroy (UnityEngine.Object,single)
UnityEngine.Object:Destroy (UnityEngine.Object) (at /Users/bokken/build/output/unity/unity/Runtime/Export/Scripting/UnityEngineObject.bindings.cs:707)
VoxelEngine.Rendering.Runtime.Vegetation.ProceduralTreeRenderer:DestroyBatchObjects (VoxelEngine.Rendering.Runtime.Vegetation.ProceduralTreeRenderer/BatchPresentation) (at Assets/VoxelEngine/Rendering/Runtime/Vegetation/ProceduralTreeRenderer.cs:1081)
VoxelEngine.Rendering.Runtime.Vegetation.ProceduralTreeRenderer:ClearBatches () (at Assets/VoxelEngine/Rendering/Runtime/Vegetation/ProceduralTreeRenderer.cs:1092)
VoxelEngine.Rendering.Runtime.Vegetation.ProceduralTreeRenderer:ClearGenerated () (at Assets/VoxelEngine/Rendering/Runtime/Vegetation/ProceduralTreeRenderer.cs:1106)
VoxelEngine.Rendering.Runtime.Vegetation.ProceduralTreeRenderer:OnDestroy () (at Assets/VoxelEngine/Rendering/Runtime/Vegetation/ProceduralTreeRenderer.cs:1115)
UnityEditor.TestTools.TestRunner.CommandLineTest.Executer:ExitApplication (UnityEditor.TestTools.TestRunner.CommandLineTest.Executer/ReturnCodes,string) (at ./Library/PackageCache/com.unity.test-framework@1405238725ab/UnityEditor.TestRunner/CommandLineTest/Executer.cs:83)
UnityEditor.TestTools.TestRunner.CommandLineTest.Executer:ExitIfRunIsCompleted () (at ./Library/PackageCache/com.unity.test-framework@1405238725ab/UnityEditor.TestRunner/CommandLineTest/Executer.cs:74)
UnityEditor.EditorApplication:Internal_CallUpdateFunctions () (at /Users/bokken/build/output/unity/unity/Editor/Mono/EditorApplication.cs:403)

[Assets/VoxelEngine/Rendering/Runtime/Vegetation/ProceduralTreeRenderer.cs line 1081]

Tree Batch 0,5: Destroy may not be called from edit mode! Use DestroyImmediate instead.
Destroying an object in edit mode destroys it permanently
UnityEngine.Debug:ExtractStackTraceNoAlloc (byte*,int,string)
UnityEngine.StackTraceUtility:ExtractStackTrace () (at /Users/bokken/build/output/unity/unity/Runtime/Export/Scripting/StackTrace.cs:35)
UnityEngine.Object:Destroy (UnityEngine.Object,single)
UnityEngine.Object:Destroy (UnityEngine.Object) (at /Users/bokken/build/output/unity/unity/Runtime/Export/Scripting/UnityEngineObject.bindings.cs:707)
VoxelEngine.Rendering.Runtime.Vegetation.ProceduralTreeRenderer:DestroyBatchObjects (VoxelEngine.Rendering.Runtime.Vegetation.ProceduralTreeRenderer/BatchPresentation) (at Assets/VoxelEngine/Rendering/Runtime/Vegetation/ProceduralTreeRenderer.cs:1085)
VoxelEngine.Rendering.Runtime.Vegetation.ProceduralTreeRenderer:ClearBatches () (at Assets/VoxelEngine/Rendering/Runtime/Vegetation/ProceduralTreeRenderer.cs:1092)
VoxelEngine.Rendering.Runtime.Vegetation.ProceduralTreeRenderer:ClearGenerated () (at Assets/VoxelEngine/Rendering/Runtime/Vegetation/ProceduralTreeRenderer.cs:1106)
VoxelEngine.Rendering.Runtime.Vegetation.ProceduralTreeRenderer:OnDestroy () (at Assets/VoxelEngine/Rendering/Runtime/Vegetation/ProceduralTreeRenderer.cs:1115)
UnityEditor.TestTools.TestRunner.CommandLineTest.Executer:ExitApplication (UnityEditor.TestTools.TestRunner.CommandLineTest.Executer/ReturnCodes,string) (at ./Library/PackageCache/com.unity.test-framework@1405238725ab/UnityEditor.TestRunner/CommandLineTest/Executer.cs:83)
UnityEditor.TestTools.TestRunner.CommandLineTest.Executer:ExitIfRunIsCompleted () (at ./Library/PackageCache/com.unity.test-framework@1405238725ab/UnityEditor.TestRunner/CommandLineTest/Executer.cs:74)
UnityEditor.EditorApplication:Internal_CallUpdateFunctions () (at /Users/bokken/build/output/unity/unity/Editor/Mono/EditorApplication.cs:403)

[Assets/VoxelEngine/Rendering/Runtime/Vegetation/ProceduralTreeRenderer.cs line 1085]

TreeBatch_1_5_LOD0: Destroy may not be called from edit mode! Use DestroyImmediate instead.
Destroying an object in edit mode destroys it permanently
UnityEngine.Debug:ExtractStackTraceNoAlloc (byte*,int,string)
UnityEngine.StackTraceUtility:ExtractStackTrace () (at /Users/bokken/build/output/unity/unity/Runtime/Export/Scripting/StackTrace.cs:35)
UnityEngine.Object:Destroy (UnityEngine.Object,single)
UnityEngine.Object:Destroy (UnityEngine.Object) (at /Users/bokken/build/output/unity/unity/Runtime/Export/Scripting/UnityEngineObject.bindings.cs:707)
VoxelEngine.Rendering.Runtime.Vegetation.ProceduralTreeRenderer:DestroyBatchObjects (VoxelEngine.Rendering.Runtime.Vegetation.ProceduralTreeRenderer/BatchPresentation) (at Assets/VoxelEngine/Rendering/Runtime/Vegetation/ProceduralTreeRenderer.cs:1079)
VoxelEngine.Rendering.Runtime.Vegetation.ProceduralTreeRenderer:ClearBatches () (at Assets/VoxelEngine/Rendering/Runtime/Vegetation/ProceduralTreeRenderer.cs:1092)
VoxelEngine.Rendering.Runtime.Vegetation.ProceduralTreeRenderer:ClearGenerated () (at Assets/VoxelEngine/Rendering/Runtime/Vegetation/ProceduralTreeRenderer.cs:1106)
VoxelEngine.Rendering.Runtime.Vegetation.ProceduralTreeRenderer:OnDestroy () (at Assets/VoxelEngine/Rendering/Runtime/Vegetation/ProceduralTreeRenderer.cs:1115)
UnityEditor.TestTools.TestRunner.CommandLineTest.Executer:ExitApplication (UnityEditor.TestTools.TestRunner.CommandLineTest.Executer/ReturnCodes,string) (at ./Library/PackageCache/com.unity.test-framework@1405238725ab/UnityEditor.TestRunner/CommandLineTest/Executer.cs:83)
UnityEditor.TestTools.TestRunner.CommandLineTest.Executer:ExitIfRunIsCompleted () (at ./Library/PackageCache/com.unity.test-framework@1405238725ab/UnityEditor.TestRunner/CommandLineTest/Executer.cs:74)
UnityEditor.EditorApplication:Internal_CallUpdateFunctions () (at /Users/bokken/build/output/unity/unity/Editor/Mono/EditorApplication.cs:403)

[Assets/VoxelEngine/Rendering/Runtime/Vegetation/ProceduralTreeRenderer.cs line 1079]

TreeBatch_1_5_LOD1: Destroy may not be called from edit mode! Use DestroyImmediate instead.
Destroying an object in edit mode destroys it permanently
UnityEngine.Debug:ExtractStackTraceNoAlloc (byte*,int,string)
UnityEngine.StackTraceUtility:ExtractStackTrace () (at /Users/bokken/build/output/unity/unity/Runtime/Export/Scripting/StackTrace.cs:35)
UnityEngine.Object:Destroy (UnityEngine.Object,single)
UnityEngine.Object:Destroy (UnityEngine.Object) (at /Users/bokken/build/output/unity/unity/Runtime/Export/Scripting/UnityEngineObject.bindings.cs:707)
VoxelEngine.Rendering.Runtime.Vegetation.ProceduralTreeRenderer:DestroyBatchObjects (VoxelEngine.Rendering.Runtime.Vegetation.ProceduralTreeRenderer/BatchPresentation) (at Assets/VoxelEngine/Rendering/Runtime/Vegetation/ProceduralTreeRenderer.cs:1079)
VoxelEngine.Rendering.Runtime.Vegetation.ProceduralTreeRenderer:ClearBatches () (at Assets/VoxelEngine/Rendering/Runtime/Vegetation/ProceduralTreeRenderer.cs:1092)
VoxelEngine.Rendering.Runtime.Vegetation.ProceduralTreeRenderer:ClearGenerated () (at Assets/VoxelEngine/Rendering/Runtime/Vegetation/ProceduralTreeRenderer.cs:1106)
VoxelEngine.Rendering.Runtime.Vegetation.ProceduralTreeRenderer:OnDestroy () (at Assets/VoxelEngine/Rendering/Runtime/Vegetation/ProceduralTreeRenderer.cs:1115)
UnityEditor.TestTools.TestRunner.CommandLineTest.Executer:ExitApplication (UnityEditor.TestTools.TestRunner.CommandLineTest.Executer/ReturnCodes,string) (at ./Library/PackageCache/com.unity.test-framework@1405238725ab/UnityEditor.TestRunner/CommandLineTest/Executer.cs:83)
UnityEditor.TestTools.TestRunner.CommandLineTest.Executer:ExitIfRunIsCompleted () (at ./Library/PackageCache/com.unity.test-framework@1405238725ab/UnityEditor.TestRunner/CommandLineTest/Executer.cs:74)
UnityEditor.EditorApplication:Internal_CallUpdateFunctions () (at /Users/bokken/build/output/unity/unity/Editor/Mono/EditorApplication.cs:403)

[Assets/VoxelEngine/Rendering/Runtime/Vegetation/ProceduralTreeRenderer.cs line 1079]

TreeBatch_1_5_LOD2: Destroy may not be called from edit mode! Use DestroyImmediate instead.
Destroying an object in edit mode destroys it permanently
UnityEngine.Debug:ExtractStackTraceNoAlloc (byte*,int,string)
UnityEngine.StackTraceUtility:ExtractStackTrace () (at /Users/bokken/build/output/unity/unity/Runtime/Export/Scripting/StackTrace.cs:35)
UnityEngine.Object:Destroy (UnityEngine.Object,single)
UnityEngine.Object:Destroy (UnityEngine.Object) (at /Users/bokken/build/output/unity/unity/Runtime/Export/Scripting/UnityEngineObject.bindings.cs:707)
VoxelEngine.Rendering.Runtime.Vegetation.ProceduralTreeRenderer:DestroyBatchObjects (VoxelEngine.Rendering.Runtime.Vegetation.ProceduralTreeRenderer/BatchPresentation) (at Assets/VoxelEngine/Rendering/Runtime/Vegetation/ProceduralTreeRenderer.cs:1079)
VoxelEngine.Rendering.Runtime.Vegetation.ProceduralTreeRenderer:ClearBatches () (at Assets/VoxelEngine/Rendering/Runtime/Vegetation/ProceduralTreeRenderer.cs:1092)
VoxelEngine.Rendering.Runtime.Vegetation.ProceduralTreeRenderer:ClearGenerated () (at Assets/VoxelEngine/Rendering/Runtime/Vegetation/ProceduralTreeRenderer.cs:1106)
VoxelEngine.Rendering.Runtime.Vegetation.ProceduralTreeRenderer:OnDestroy () (at Assets/VoxelEngine/Rendering/Runtime/Vegetation/ProceduralTreeRenderer.cs:1115)
UnityEditor.TestTools.TestRunner.CommandLineTest.Executer:ExitApplication (UnityEditor.TestTools.TestRunner.CommandLineTest.Executer/ReturnCodes,string) (at ./Library/PackageCache/com.unity.test-framework@1405238725ab/UnityEditor.TestRunner/CommandLineTest/Executer.cs:83)
UnityEditor.TestTools.TestRunner.CommandLineTest.Executer:ExitIfRunIsCompleted () (at ./Library/PackageCache/com.unity.test-framework@1405238725ab/UnityEditor.TestRunner/CommandLineTest/Executer.cs:74)
UnityEditor.EditorApplication:Internal_CallUpdateFunctions () (at /Users/bokken/build/output/unity/unity/Editor/Mono/EditorApplication.cs:403)

[Assets/VoxelEngine/Rendering/Runtime/Vegetation/ProceduralTreeRenderer.cs line 1079]

TreeBatch_1_5_LOD3: Destroy may not be called from edit mode! Use DestroyImmediate instead.
Destroying an object in edit mode destroys it permanently
UnityEngine.Debug:ExtractStackTraceNoAlloc (byte*,int,string)
UnityEngine.StackTraceUtility:ExtractStackTrace () (at /Users/bokken/build/output/unity/unity/Runtime/Export/Scripting/StackTrace.cs:35)
UnityEngine.Object:Destroy (UnityEngine.Object,single)
UnityEngine.Object:Destroy (UnityEngine.Object) (at /Users/bokken/build/output/unity/unity/Runtime/Export/Scripting/UnityEngineObject.bindings.cs:707)
VoxelEngine.Rendering.Runtime.Vegetation.ProceduralTreeRenderer:DestroyBatchObjects (VoxelEngine.Rendering.Runtime.Vegetation.ProceduralTreeRenderer/BatchPresentation) (at Assets/VoxelEngine/Rendering/Runtime/Vegetation/ProceduralTreeRenderer.cs:1081)
VoxelEngine.Rendering.Runtime.Vegetation.ProceduralTreeRenderer:ClearBatches () (at Assets/VoxelEngine/Rendering/Runtime/Vegetation/ProceduralTreeRenderer.cs:1092)
VoxelEngine.Rendering.Runtime.Vegetation.ProceduralTreeRenderer:ClearGenerated () (at Assets/VoxelEngine/Rendering/Runtime/Vegetation/ProceduralTreeRenderer.cs:1106)
VoxelEngine.Rendering.Runtime.Vegetation.ProceduralTreeRenderer:OnDestroy () (at Assets/VoxelEngine/Rendering/Runtime/Vegetation/ProceduralTreeRenderer.cs:1115)
UnityEditor.TestTools.TestRunner.CommandLineTest.Executer:ExitApplication (UnityEditor.TestTools.TestRunner.CommandLineTest.Executer/ReturnCodes,string) (at ./Library/PackageCache/com.unity.test-framework@1405238725ab/UnityEditor.TestRunner/CommandLineTest/Executer.cs:83)
UnityEditor.TestTools.TestRunner.CommandLineTest.Executer:ExitIfRunIsCompleted () (at ./Library/PackageCache/com.unity.test-framework@1405238725ab/UnityEditor.TestRunner/CommandLineTest/Executer.cs:74)
UnityEditor.EditorApplication:Internal_CallUpdateFunctions () (at /Users/bokken/build/output/unity/unity/Editor/Mono/EditorApplication.cs:403)

[Assets/VoxelEngine/Rendering/Runtime/Vegetation/ProceduralTreeRenderer.cs line 1081]

Tree Batch 1,5: Destroy may not be called from edit mode! Use DestroyImmediate instead.
Destroying an object in edit mode destroys it permanently
UnityEngine.Debug:ExtractStackTraceNoAlloc (byte*,int,string)
UnityEngine.StackTraceUtility:ExtractStackTrace () (at /Users/bokken/build/output/unity/unity/Runtime/Export/Scripting/StackTrace.cs:35)
UnityEngine.Object:Destroy (UnityEngine.Object,single)
UnityEngine.Object:Destroy (UnityEngine.Object) (at /Users/bokken/build/output/unity/unity/Runtime/Export/Scripting/UnityEngineObject.bindings.cs:707)
VoxelEngine.Rendering.Runtime.Vegetation.ProceduralTreeRenderer:DestroyBatchObjects (VoxelEngine.Rendering.Runtime.Vegetation.ProceduralTreeRenderer/BatchPresentation) (at Assets/VoxelEngine/Rendering/Runtime/Vegetation/ProceduralTreeRenderer.cs:1085)
VoxelEngine.Rendering.Runtime.Vegetation.ProceduralTreeRenderer:ClearBatches () (at Assets/VoxelEngine/Rendering/Runtime/Vegetation/ProceduralTreeRenderer.cs:1092)
VoxelEngine.Rendering.Runtime.Vegetation.ProceduralTreeRenderer:ClearGenerated () (at Assets/VoxelEngine/Rendering/Runtime/Vegetation/ProceduralTreeRenderer.cs:1106)
VoxelEngine.Rendering.Runtime.Vegetation.ProceduralTreeRenderer:OnDestroy () (at Assets/VoxelEngine/Rendering/Runtime/Vegetation/ProceduralTreeRenderer.cs:1115)
UnityEditor.TestTools.TestRunner.CommandLineTest.Executer:ExitApplication (UnityEditor.TestTools.TestRunner.CommandLineTest.Executer/ReturnCodes,string) (at ./Library/PackageCache/com.unity.test-framework@1405238725ab/UnityEditor.TestRunner/CommandLineTest/Executer.cs:83)
UnityEditor.TestTools.TestRunner.CommandLineTest.Executer:ExitIfRunIsCompleted () (at ./Library/PackageCache/com.unity.test-framework@1405238725ab/UnityEditor.TestRunner/CommandLineTest/Executer.cs:74)
UnityEditor.EditorApplication:Internal_CallUpdateFunctions () (at /Users/bokken/build/output/unity/unity/Editor/Mono/EditorApplication.cs:403)

[Assets/VoxelEngine/Rendering/Runtime/Vegetation/ProceduralTreeRenderer.cs line 1085]

TreeBatch_6_5_LOD0: Destroy may not be called from edit mode! Use DestroyImmediate instead.
Destroying an object in edit mode destroys it permanently
UnityEngine.Debug:ExtractStackTraceNoAlloc (byte*,int,string)
UnityEngine.StackTraceUtility:ExtractStackTrace () (at /Users/bokken/build/output/unity/unity/Runtime/Export/Scripting/StackTrace.cs:35)
UnityEngine.Object:Destroy (UnityEngine.Object,single)
UnityEngine.Object:Destroy (UnityEngine.Object) (at /Users/bokken/build/output/unity/unity/Runtime/Export/Scripting/UnityEngineObject.bindings.cs:707)
VoxelEngine.Rendering.Runtime.Vegetation.ProceduralTreeRenderer:DestroyBatchObjects (VoxelEngine.Rendering.Runtime.Vegetation.ProceduralTreeRenderer/BatchPresentation) (at Assets/VoxelEngine/Rendering/Runtime/Vegetation/ProceduralTreeRenderer.cs:1079)
VoxelEngine.Rendering.Runtime.Vegetation.ProceduralTreeRenderer:ClearBatches () (at Assets/VoxelEngine/Rendering/Runtime/Vegetation/ProceduralTreeRenderer.cs:1092)
VoxelEngine.Rendering.Runtime.Vegetation.ProceduralTreeRenderer:ClearGenerated () (at Assets/VoxelEngine/Rendering/Runtime/Vegetation/ProceduralTreeRenderer.cs:1106)
VoxelEngine.Rendering.Runtime.Vegetation.ProceduralTreeRenderer:OnDestroy () (at Assets/VoxelEngine/Rendering/Runtime/Vegetation/ProceduralTreeRenderer.cs:1115)
UnityEditor.TestTools.TestRunner.CommandLineTest.Executer:ExitApplication (UnityEditor.TestTools.TestRunner.CommandLineTest.Executer/ReturnCodes,string) (at ./Library/PackageCache/com.unity.test-framework@1405238725ab/UnityEditor.TestRunner/CommandLineTest/Executer.cs:83)
UnityEditor.TestTools.TestRunner.CommandLineTest.Executer:ExitIfRunIsCompleted () (at ./Library/PackageCache/com.unity.test-framework@1405238725ab/UnityEditor.TestRunner/CommandLineTest/Executer.cs:74)
UnityEditor.EditorApplication:Internal_CallUpdateFunctions () (at /Users/bokken/build/output/unity/unity/Editor/Mono/EditorApplication.cs:403)

[Assets/VoxelEngine/Rendering/Runtime/Vegetation/ProceduralTreeRenderer.cs line 1079]

TreeBatch_6_5_LOD1: Destroy may not be called from edit mode! Use DestroyImmediate instead.
Destroying an object in edit mode destroys it permanently
UnityEngine.Debug:ExtractStackTraceNoAlloc (byte*,int,string)
UnityEngine.StackTraceUtility:ExtractStackTrace () (at /Users/bokken/build/output/unity/unity/Runtime/Export/Scripting/StackTrace.cs:35)
UnityEngine.Object:Destroy (UnityEngine.Object,single)
UnityEngine.Object:Destroy (UnityEngine.Object) (at /Users/bokken/build/output/unity/unity/Runtime/Export/Scripting/UnityEngineObject.bindings.cs:707)
VoxelEngine.Rendering.Runtime.Vegetation.ProceduralTreeRenderer:DestroyBatchObjects (VoxelEngine.Rendering.Runtime.Vegetation.ProceduralTreeRenderer/BatchPresentation) (at Assets/VoxelEngine/Rendering/Runtime/Vegetation/ProceduralTreeRenderer.cs:1079)
VoxelEngine.Rendering.Runtime.Vegetation.ProceduralTreeRenderer:ClearBatches () (at Assets/VoxelEngine/Rendering/Runtime/Vegetation/ProceduralTreeRenderer.cs:1092)
VoxelEngine.Rendering.Runtime.Vegetation.ProceduralTreeRenderer:ClearGenerated () (at Assets/VoxelEngine/Rendering/Runtime/Vegetation/ProceduralTreeRenderer.cs:1106)
VoxelEngine.Rendering.Runtime.Vegetation.ProceduralTreeRenderer:OnDestroy () (at Assets/VoxelEngine/Rendering/Runtime/Vegetation/ProceduralTreeRenderer.cs:1115)
UnityEditor.TestTools.TestRunner.CommandLineTest.Executer:ExitApplication (UnityEditor.TestTools.TestRunner.CommandLineTest.Executer/ReturnCodes,string) (at ./Library/PackageCache/com.unity.test-framework@1405238725ab/UnityEditor.TestRunner/CommandLineTest/Executer.cs:83)
UnityEditor.TestTools.TestRunner.CommandLineTest.Executer:ExitIfRunIsCompleted () (at ./Library/PackageCache/com.unity.test-framework@1405238725ab/UnityEditor.TestRunner/CommandLineTest/Executer.cs:74)
UnityEditor.EditorApplication:Internal_CallUpdateFunctions () (at /Users/bokken/build/output/unity/unity/Editor/Mono/EditorApplication.cs:403)

[Assets/VoxelEngine/Rendering/Runtime/Vegetation/ProceduralTreeRenderer.cs line 1079]

TreeBatch_6_5_LOD2: Destroy may not be called from edit mode! Use DestroyImmediate instead.
Destroying an object in edit mode destroys it permanently
UnityEngine.Debug:ExtractStackTraceNoAlloc (byte*,int,string)
UnityEngine.StackTraceUtility:ExtractStackTrace () (at /Users/bokken/build/output/unity/unity/Runtime/Export/Scripting/StackTrace.cs:35)
UnityEngine.Object:Destroy (UnityEngine.Object,single)
UnityEngine.Object:Destroy (UnityEngine.Object) (at /Users/bokken/build/output/unity/unity/Runtime/Export/Scripting/UnityEngineObject.bindings.cs:707)
VoxelEngine.Rendering.Runtime.Vegetation.ProceduralTreeRenderer:DestroyBatchObjects (VoxelEngine.Rendering.Runtime.Vegetation.ProceduralTreeRenderer/BatchPresentation) (at Assets/VoxelEngine/Rendering/Runtime/Vegetation/ProceduralTreeRenderer.cs:1079)
VoxelEngine.Rendering.Runtime.Vegetation.ProceduralTreeRenderer:ClearBatches () (at Assets/VoxelEngine/Rendering/Runtime/Vegetation/ProceduralTreeRenderer.cs:1092)
VoxelEngine.Rendering.Runtime.Vegetation.ProceduralTreeRenderer:ClearGenerated () (at Assets/VoxelEngine/Rendering/Runtime/Vegetation/ProceduralTreeRenderer.cs:1106)
VoxelEngine.Rendering.Runtime.Vegetation.ProceduralTreeRenderer:OnDestroy () (at Assets/VoxelEngine/Rendering/Runtime/Vegetation/ProceduralTreeRenderer.cs:1115)
UnityEditor.TestTools.TestRunner.CommandLineTest.Executer:ExitApplication (UnityEditor.TestTools.TestRunner.CommandLineTest.Executer/ReturnCodes,string) (at ./Library/PackageCache/com.unity.test-framework@1405238725ab/UnityEditor.TestRunner/CommandLineTest/Executer.cs:83)
UnityEditor.TestTools.TestRunner.CommandLineTest.Executer:ExitIfRunIsCompleted () (at ./Library/PackageCache/com.unity.test-framework@1405238725ab/UnityEditor.TestRunner/CommandLineTest/Executer.cs:74)
UnityEditor.EditorApplication:Internal_CallUpdateFunctions () (at /Users/bokken/build/output/unity/unity/Editor/Mono/EditorApplication.cs:403)

[Assets/VoxelEngine/Rendering/Runtime/Vegetation/ProceduralTreeRenderer.cs line 1079]

TreeBatch_6_5_LOD3: Destroy may not be called from edit mode! Use DestroyImmediate instead.
Destroying an object in edit mode destroys it permanently
UnityEngine.Debug:ExtractStackTraceNoAlloc (byte*,int,string)
UnityEngine.StackTraceUtility:ExtractStackTrace () (at /Users/bokken/build/output/unity/unity/Runtime/Export/Scripting/StackTrace.cs:35)
UnityEngine.Object:Destroy (UnityEngine.Object,single)
UnityEngine.Object:Destroy (UnityEngine.Object) (at /Users/bokken/build/output/unity/unity/Runtime/Export/Scripting/UnityEngineObject.bindings.cs:707)
VoxelEngine.Rendering.Runtime.Vegetation.ProceduralTreeRenderer:DestroyBatchObjects (VoxelEngine.Rendering.Runtime.Vegetation.ProceduralTreeRenderer/BatchPresentation) (at Assets/VoxelEngine/Rendering/Runtime/Vegetation/ProceduralTreeRenderer.cs:1081)
VoxelEngine.Rendering.Runtime.Vegetation.ProceduralTreeRenderer:ClearBatches () (at Assets/VoxelEngine/Rendering/Runtime/Vegetation/ProceduralTreeRenderer.cs:1092)
VoxelEngine.Rendering.Runtime.Vegetation.ProceduralTreeRenderer:ClearGenerated () (at Assets/VoxelEngine/Rendering/Runtime/Vegetation/ProceduralTreeRenderer.cs:1106)
VoxelEngine.Rendering.Runtime.Vegetation.ProceduralTreeRenderer:OnDestroy () (at Assets/VoxelEngine/Rendering/Runtime/Vegetation/ProceduralTreeRenderer.cs:1115)
UnityEditor.TestTools.TestRunner.CommandLineTest.Executer:ExitApplication (UnityEditor.TestTools.TestRunner.CommandLineTest.Executer/ReturnCodes,string) (at ./Library/PackageCache/com.unity.test-framework@1405238725ab/UnityEditor.TestRunner/CommandLineTest/Executer.cs:83)
UnityEditor.TestTools.TestRunner.CommandLineTest.Executer:ExitIfRunIsCompleted () (at ./Library/PackageCache/com.unity.test-framework@1405238725ab/UnityEditor.TestRunner/CommandLineTest/Executer.cs:74)
UnityEditor.EditorApplication:Internal_CallUpdateFunctions () (at /Users/bokken/build/output/unity/unity/Editor/Mono/EditorApplication.cs:403)

[Assets/VoxelEngine/Rendering/Runtime/Vegetation/ProceduralTreeRenderer.cs line 1081]

Tree Batch 6,5: Destroy may not be called from edit mode! Use DestroyImmediate instead.
Destroying an object in edit mode destroys it permanently
UnityEngine.Debug:ExtractStackTraceNoAlloc (byte*,int,string)
UnityEngine.StackTraceUtility:ExtractStackTrace () (at /Users/bokken/build/output/unity/unity/Runtime/Export/Scripting/StackTrace.cs:35)
UnityEngine.Object:Destroy (UnityEngine.Object,single)
UnityEngine.Object:Destroy (UnityEngine.Object) (at /Users/bokken/build/output/unity/unity/Runtime/Export/Scripting/UnityEngineObject.bindings.cs:707)
VoxelEngine.Rendering.Runtime.Vegetation.ProceduralTreeRenderer:DestroyBatchObjects (VoxelEngine.Rendering.Runtime.Vegetation.ProceduralTreeRenderer/BatchPresentation) (at Assets/VoxelEngine/Rendering/Runtime/Vegetation/ProceduralTreeRenderer.cs:1085)
VoxelEngine.Rendering.Runtime.Vegetation.ProceduralTreeRenderer:ClearBatches () (at Assets/VoxelEngine/Rendering/Runtime/Vegetation/ProceduralTreeRenderer.cs:1092)
VoxelEngine.Rendering.Runtime.Vegetation.ProceduralTreeRenderer:ClearGenerated () (at Assets/VoxelEngine/Rendering/Runtime/Vegetation/ProceduralTreeRenderer.cs:1106)
VoxelEngine.Rendering.Runtime.Vegetation.ProceduralTreeRenderer:OnDestroy () (at Assets/VoxelEngine/Rendering/Runtime/Vegetation/ProceduralTreeRenderer.cs:1115)
UnityEditor.TestTools.TestRunner.CommandLineTest.Executer:ExitApplication (UnityEditor.TestTools.TestRunner.CommandLineTest.Executer/ReturnCodes,string) (at ./Library/PackageCache/com.unity.test-framework@1405238725ab/UnityEditor.TestRunner/CommandLineTest/Executer.cs:83)
UnityEditor.TestTools.TestRunner.CommandLineTest.Executer:ExitIfRunIsCompleted () (at ./Library/PackageCache/com.unity.test-framework@1405238725ab/UnityEditor.TestRunner/CommandLineTest/Executer.cs:74)
UnityEditor.EditorApplication:Internal_CallUpdateFunctions () (at /Users/bokken/build/output/unity/unity/Editor/Mono/EditorApplication.cs:403)

[Assets/VoxelEngine/Rendering/Runtime/Vegetation/ProceduralTreeRenderer.cs line 1085]

TreeBatch_2_5_LOD0: Destroy may not be called from edit mode! Use DestroyImmediate instead.
Destroying an object in edit mode destroys it permanently
UnityEngine.Debug:ExtractStackTraceNoAlloc (byte*,int,string)
UnityEngine.StackTraceUtility:ExtractStackTrace () (at /Users/bokken/build/output/unity/unity/Runtime/Export/Scripting/StackTrace.cs:35)
UnityEngine.Object:Destroy (UnityEngine.Object,single)
UnityEngine.Object:Destroy (UnityEngine.Object) (at /Users/bokken/build/output/unity/unity/Runtime/Export/Scripting/UnityEngineObject.bindings.cs:707)
VoxelEngine.Rendering.Runtime.Vegetation.ProceduralTreeRenderer:DestroyBatchObjects (VoxelEngine.Rendering.Runtime.Vegetation.ProceduralTreeRenderer/BatchPresentation) (at Assets/VoxelEngine/Rendering/Runtime/Vegetation/ProceduralTreeRenderer.cs:1079)
VoxelEngine.Rendering.Runtime.Vegetation.ProceduralTreeRenderer:ClearBatches () (at Assets/VoxelEngine/Rendering/Runtime/Vegetation/ProceduralTreeRenderer.cs:1092)
VoxelEngine.Rendering.Runtime.Vegetation.ProceduralTreeRenderer:ClearGenerated () (at Assets/VoxelEngine/Rendering/Runtime/Vegetation/ProceduralTreeRenderer.cs:1106)
VoxelEngine.Rendering.Runtime.Vegetation.ProceduralTreeRenderer:OnDestroy () (at Assets/VoxelEngine/Rendering/Runtime/Vegetation/ProceduralTreeRenderer.cs:1115)
UnityEditor.TestTools.TestRunner.CommandLineTest.Executer:ExitApplication (UnityEditor.TestTools.TestRunner.CommandLineTest.Executer/ReturnCodes,string) (at ./Library/PackageCache/com.unity.test-framework@1405238725ab/UnityEditor.TestRunner/CommandLineTest/Executer.cs:83)
UnityEditor.TestTools.TestRunner.CommandLineTest.Executer:ExitIfRunIsCompleted () (at ./Library/PackageCache/com.unity.test-framework@1405238725ab/UnityEditor.TestRunner/CommandLineTest/Executer.cs:74)
UnityEditor.EditorApplication:Internal_CallUpdateFunctions () (at /Users/bokken/build/output/unity/unity/Editor/Mono/EditorApplication.cs:403)

[Assets/VoxelEngine/Rendering/Runtime/Vegetation/ProceduralTreeRenderer.cs line 1079]

TreeBatch_2_5_LOD1: Destroy may not be called from edit mode! Use DestroyImmediate instead.
Destroying an object in edit mode destroys it permanently
UnityEngine.Debug:ExtractStackTraceNoAlloc (byte*,int,string)
UnityEngine.StackTraceUtility:ExtractStackTrace () (at /Users/bokken/build/output/unity/unity/Runtime/Export/Scripting/StackTrace.cs:35)
UnityEngine.Object:Destroy (UnityEngine.Object,single)
UnityEngine.Object:Destroy (UnityEngine.Object) (at /Users/bokken/build/output/unity/unity/Runtime/Export/Scripting/UnityEngineObject.bindings.cs:707)
VoxelEngine.Rendering.Runtime.Vegetation.ProceduralTreeRenderer:DestroyBatchObjects (VoxelEngine.Rendering.Runtime.Vegetation.ProceduralTreeRenderer/BatchPresentation) (at Assets/VoxelEngine/Rendering/Runtime/Vegetation/ProceduralTreeRenderer.cs:1079)
VoxelEngine.Rendering.Runtime.Vegetation.ProceduralTreeRenderer:ClearBatches () (at Assets/VoxelEngine/Rendering/Runtime/Vegetation/ProceduralTreeRenderer.cs:1092)
VoxelEngine.Rendering.Runtime.Vegetation.ProceduralTreeRenderer:ClearGenerated () (at Assets/VoxelEngine/Rendering/Runtime/Vegetation/ProceduralTreeRenderer.cs:1106)
VoxelEngine.Rendering.Runtime.Vegetation.ProceduralTreeRenderer:OnDestroy () (at Assets/VoxelEngine/Rendering/Runtime/Vegetation/ProceduralTreeRenderer.cs:1115)
UnityEditor.TestTools.TestRunner.CommandLineTest.Executer:ExitApplication (UnityEditor.TestTools.TestRunner.CommandLineTest.Executer/ReturnCodes,string) (at ./Library/PackageCache/com.unity.test-framework@1405238725ab/UnityEditor.TestRunner/CommandLineTest/Executer.cs:83)
UnityEditor.TestTools.TestRunner.CommandLineTest.Executer:ExitIfRunIsCompleted () (at ./Library/PackageCache/com.unity.test-framework@1405238725ab/UnityEditor.TestRunner/CommandLineTest/Executer.cs:74)
UnityEditor.EditorApplication:Internal_CallUpdateFunctions () (at /Users/bokken/build/output/unity/unity/Editor/Mono/EditorApplication.cs:403)

[Assets/VoxelEngine/Rendering/Runtime/Vegetation/ProceduralTreeRenderer.cs line 1079]

TreeBatch_2_5_LOD2: Destroy may not be called from edit mode! Use DestroyImmediate instead.
Destroying an object in edit mode destroys it permanently
UnityEngine.Debug:ExtractStackTraceNoAlloc (byte*,int,string)
UnityEngine.StackTraceUtility:ExtractStackTrace () (at /Users/bokken/build/output/unity/unity/Runtime/Export/Scripting/StackTrace.cs:35)
UnityEngine.Object:Destroy (UnityEngine.Object,single)
UnityEngine.Object:Destroy (UnityEngine.Object) (at /Users/bokken/build/output/unity/unity/Runtime/Export/Scripting/UnityEngineObject.bindings.cs:707)
VoxelEngine.Rendering.Runtime.Vegetation.ProceduralTreeRenderer:DestroyBatchObjects (VoxelEngine.Rendering.Runtime.Vegetation.ProceduralTreeRenderer/BatchPresentation) (at Assets/VoxelEngine/Rendering/Runtime/Vegetation/ProceduralTreeRenderer.cs:1079)
VoxelEngine.Rendering.Runtime.Vegetation.ProceduralTreeRenderer:ClearBatches () (at Assets/VoxelEngine/Rendering/Runtime/Vegetation/ProceduralTreeRenderer.cs:1092)
VoxelEngine.Rendering.Runtime.Vegetation.ProceduralTreeRenderer:ClearGenerated () (at Assets/VoxelEngine/Rendering/Runtime/Vegetation/ProceduralTreeRenderer.cs:1106)
VoxelEngine.Rendering.Runtime.Vegetation.ProceduralTreeRenderer:OnDestroy () (at Assets/VoxelEngine/Rendering/Runtime/Vegetation/ProceduralTreeRenderer.cs:1115)
UnityEditor.TestTools.TestRunner.CommandLineTest.Executer:ExitApplication (UnityEditor.TestTools.TestRunner.CommandLineTest.Executer/ReturnCodes,string) (at ./Library/PackageCache/com.unity.test-framework@1405238725ab/UnityEditor.TestRunner/CommandLineTest/Executer.cs:83)
UnityEditor.TestTools.TestRunner.CommandLineTest.Executer:ExitIfRunIsCompleted () (at ./Library/PackageCache/com.unity.test-framework@1405238725ab/UnityEditor.TestRunner/CommandLineTest/Executer.cs:74)
UnityEditor.EditorApplication:Internal_CallUpdateFunctions () (at /Users/bokken/build/output/unity/unity/Editor/Mono/EditorApplication.cs:403)

[Assets/VoxelEngine/Rendering/Runtime/Vegetation/ProceduralTreeRenderer.cs line 1079]

TreeBatch_2_5_LOD3: Destroy may not be called from edit mode! Use DestroyImmediate instead.
Destroying an object in edit mode destroys it permanently
UnityEngine.Debug:ExtractStackTraceNoAlloc (byte*,int,string)
UnityEngine.StackTraceUtility:ExtractStackTrace () (at /Users/bokken/build/output/unity/unity/Runtime/Export/Scripting/StackTrace.cs:35)
UnityEngine.Object:Destroy (UnityEngine.Object,single)
UnityEngine.Object:Destroy (UnityEngine.Object) (at /Users/bokken/build/output/unity/unity/Runtime/Export/Scripting/UnityEngineObject.bindings.cs:707)
VoxelEngine.Rendering.Runtime.Vegetation.ProceduralTreeRenderer:DestroyBatchObjects (VoxelEngine.Rendering.Runtime.Vegetation.ProceduralTreeRenderer/BatchPresentation) (at Assets/VoxelEngine/Rendering/Runtime/Vegetation/ProceduralTreeRenderer.cs:1081)
VoxelEngine.Rendering.Runtime.Vegetation.ProceduralTreeRenderer:ClearBatches () (at Assets/VoxelEngine/Rendering/Runtime/Vegetation/ProceduralTreeRenderer.cs:1092)
VoxelEngine.Rendering.Runtime.Vegetation.ProceduralTreeRenderer:ClearGenerated () (at Assets/VoxelEngine/Rendering/Runtime/Vegetation/ProceduralTreeRenderer.cs:1106)
VoxelEngine.Rendering.Runtime.Vegetation.ProceduralTreeRenderer:OnDestroy () (at Assets/VoxelEngine/Rendering/Runtime/Vegetation/ProceduralTreeRenderer.cs:1115)
UnityEditor.TestTools.TestRunner.CommandLineTest.Executer:ExitApplication (UnityEditor.TestTools.TestRunner.CommandLineTest.Executer/ReturnCodes,string) (at ./Library/PackageCache/com.unity.test-framework@1405238725ab/UnityEditor.TestRunner/CommandLineTest/Executer.cs:83)
UnityEditor.TestTools.TestRunner.CommandLineTest.Executer:ExitIfRunIsCompleted () (at ./Library/PackageCache/com.unity.test-framework@1405238725ab/UnityEditor.TestRunner/CommandLineTest/Executer.cs:74)
UnityEditor.EditorApplication:Internal_CallUpdateFunctions () (at /Users/bokken/build/output/unity/unity/Editor/Mono/EditorApplication.cs:403)

[Assets/VoxelEngine/Rendering/Runtime/Vegetation/ProceduralTreeRenderer.cs line 1081]

Tree Batch 2,5: Destroy may not be called from edit mode! Use DestroyImmediate instead.
Destroying an object in edit mode destroys it permanently
UnityEngine.Debug:ExtractStackTraceNoAlloc (byte*,int,string)
UnityEngine.StackTraceUtility:ExtractStackTrace () (at /Users/bokken/build/output/unity/unity/Runtime/Export/Scripting/StackTrace.cs:35)
UnityEngine.Object:Destroy (UnityEngine.Object,single)
UnityEngine.Object:Destroy (UnityEngine.Object) (at /Users/bokken/build/output/unity/unity/Runtime/Export/Scripting/UnityEngineObject.bindings.cs:707)
VoxelEngine.Rendering.Runtime.Vegetation.ProceduralTreeRenderer:DestroyBatchObjects (VoxelEngine.Rendering.Runtime.Vegetation.ProceduralTreeRenderer/BatchPresentation) (at Assets/VoxelEngine/Rendering/Runtime/Vegetation/ProceduralTreeRenderer.cs:1085)
VoxelEngine.Rendering.Runtime.Vegetation.ProceduralTreeRenderer:ClearBatches () (at Assets/VoxelEngine/Rendering/Runtime/Vegetation/ProceduralTreeRenderer.cs:1092)
VoxelEngine.Rendering.Runtime.Vegetation.ProceduralTreeRenderer:ClearGenerated () (at Assets/VoxelEngine/Rendering/Runtime/Vegetation/ProceduralTreeRenderer.cs:1106)
VoxelEngine.Rendering.Runtime.Vegetation.ProceduralTreeRenderer:OnDestroy () (at Assets/VoxelEngine/Rendering/Runtime/Vegetation/ProceduralTreeRenderer.cs:1115)
UnityEditor.TestTools.TestRunner.CommandLineTest.Executer:ExitApplication (UnityEditor.TestTools.TestRunner.CommandLineTest.Executer/ReturnCodes,string) (at ./Library/PackageCache/com.unity.test-framework@1405238725ab/UnityEditor.TestRunner/CommandLineTest/Executer.cs:83)
UnityEditor.TestTools.TestRunner.CommandLineTest.Executer:ExitIfRunIsCompleted () (at ./Library/PackageCache/com.unity.test-framework@1405238725ab/UnityEditor.TestRunner/CommandLineTest/Executer.cs:74)
UnityEditor.EditorApplication:Internal_CallUpdateFunctions () (at /Users/bokken/build/output/unity/unity/Editor/Mono/EditorApplication.cs:403)

[Assets/VoxelEngine/Rendering/Runtime/Vegetation/ProceduralTreeRenderer.cs line 1085]

TreeBatch_3_5_LOD0: Destroy may not be called from edit mode! Use DestroyImmediate instead.
Destroying an object in edit mode destroys it permanently
UnityEngine.Debug:ExtractStackTraceNoAlloc (byte*,int,string)
UnityEngine.StackTraceUtility:ExtractStackTrace () (at /Users/bokken/build/output/unity/unity/Runtime/Export/Scripting/StackTrace.cs:35)
UnityEngine.Object:Destroy (UnityEngine.Object,single)
UnityEngine.Object:Destroy (UnityEngine.Object) (at /Users/bokken/build/output/unity/unity/Runtime/Export/Scripting/UnityEngineObject.bindings.cs:707)
VoxelEngine.Rendering.Runtime.Vegetation.ProceduralTreeRenderer:DestroyBatchObjects (VoxelEngine.Rendering.Runtime.Vegetation.ProceduralTreeRenderer/BatchPresentation) (at Assets/VoxelEngine/Rendering/Runtime/Vegetation/ProceduralTreeRenderer.cs:1079)
VoxelEngine.Rendering.Runtime.Vegetation.ProceduralTreeRenderer:ClearBatches () (at Assets/VoxelEngine/Rendering/Runtime/Vegetation/ProceduralTreeRenderer.cs:1092)
VoxelEngine.Rendering.Runtime.Vegetation.ProceduralTreeRenderer:ClearGenerated () (at Assets/VoxelEngine/Rendering/Runtime/Vegetation/ProceduralTreeRenderer.cs:1106)
VoxelEngine.Rendering.Runtime.Vegetation.ProceduralTreeRenderer:OnDestroy () (at Assets/VoxelEngine/Rendering/Runtime/Vegetation/ProceduralTreeRenderer.cs:1115)
UnityEditor.TestTools.TestRunner.CommandLineTest.Executer:ExitApplication (UnityEditor.TestTools.TestRunner.CommandLineTest.Executer/ReturnCodes,string) (at ./Library/PackageCache/com.unity.test-framework@1405238725ab/UnityEditor.TestRunner/CommandLineTest/Executer.cs:83)
UnityEditor.TestTools.TestRunner.CommandLineTest.Executer:ExitIfRunIsCompleted () (at ./Library/PackageCache/com.unity.test-framework@1405238725ab/UnityEditor.TestRunner/CommandLineTest/Executer.cs:74)
UnityEditor.EditorApplication:Internal_CallUpdateFunctions () (at /Users/bokken/build/output/unity/unity/Editor/Mono/EditorApplication.cs:403)

[Assets/VoxelEngine/Rendering/Runtime/Vegetation/ProceduralTreeRenderer.cs line 1079]

TreeBatch_3_5_LOD1: Destroy may not be called from edit mode! Use DestroyImmediate instead.
Destroying an object in edit mode destroys it permanently
UnityEngine.Debug:ExtractStackTraceNoAlloc (byte*,int,string)
UnityEngine.StackTraceUtility:ExtractStackTrace () (at /Users/bokken/build/output/unity/unity/Runtime/Export/Scripting/StackTrace.cs:35)
UnityEngine.Object:Destroy (UnityEngine.Object,single)
UnityEngine.Object:Destroy (UnityEngine.Object) (at /Users/bokken/build/output/unity/unity/Runtime/Export/Scripting/UnityEngineObject.bindings.cs:707)
VoxelEngine.Rendering.Runtime.Vegetation.ProceduralTreeRenderer:DestroyBatchObjects (VoxelEngine.Rendering.Runtime.Vegetation.ProceduralTreeRenderer/BatchPresentation) (at Assets/VoxelEngine/Rendering/Runtime/Vegetation/ProceduralTreeRenderer.cs:1079)
VoxelEngine.Rendering.Runtime.Vegetation.ProceduralTreeRenderer:ClearBatches () (at Assets/VoxelEngine/Rendering/Runtime/Vegetation/ProceduralTreeRenderer.cs:1092)
VoxelEngine.Rendering.Runtime.Vegetation.ProceduralTreeRenderer:ClearGenerated () (at Assets/VoxelEngine/Rendering/Runtime/Vegetation/ProceduralTreeRenderer.cs:1106)
VoxelEngine.Rendering.Runtime.Vegetation.ProceduralTreeRenderer:OnDestroy () (at Assets/VoxelEngine/Rendering/Runtime/Vegetation/ProceduralTreeRenderer.cs:1115)
UnityEditor.TestTools.TestRunner.CommandLineTest.Executer:ExitApplication (UnityEditor.TestTools.TestRunner.CommandLineTest.Executer/ReturnCodes,string) (at ./Library/PackageCache/com.unity.test-framework@1405238725ab/UnityEditor.TestRunner/CommandLineTest/Executer.cs:83)
UnityEditor.TestTools.TestRunner.CommandLineTest.Executer:ExitIfRunIsCompleted () (at ./Library/PackageCache/com.unity.test-framework@1405238725ab/UnityEditor.TestRunner/CommandLineTest/Executer.cs:74)
UnityEditor.EditorApplication:Internal_CallUpdateFunctions () (at /Users/bokken/build/output/unity/unity/Editor/Mono/EditorApplication.cs:403)

[Assets/VoxelEngine/Rendering/Runtime/Vegetation/ProceduralTreeRenderer.cs line 1079]

TreeBatch_3_5_LOD2: Destroy may not be called from edit mode! Use DestroyImmediate instead.
Destroying an object in edit mode destroys it permanently
UnityEngine.Debug:ExtractStackTraceNoAlloc (byte*,int,string)
UnityEngine.StackTraceUtility:ExtractStackTrace () (at /Users/bokken/build/output/unity/unity/Runtime/Export/Scripting/StackTrace.cs:35)
UnityEngine.Object:Destroy (UnityEngine.Object,single)
UnityEngine.Object:Destroy (UnityEngine.Object) (at /Users/bokken/build/output/unity/unity/Runtime/Export/Scripting/UnityEngineObject.bindings.cs:707)
VoxelEngine.Rendering.Runtime.Vegetation.ProceduralTreeRenderer:DestroyBatchObjects (VoxelEngine.Rendering.Runtime.Vegetation.ProceduralTreeRenderer/BatchPresentation) (at Assets/VoxelEngine/Rendering/Runtime/Vegetation/ProceduralTreeRenderer.cs:1079)
VoxelEngine.Rendering.Runtime.Vegetation.ProceduralTreeRenderer:ClearBatches () (at Assets/VoxelEngine/Rendering/Runtime/Vegetation/ProceduralTreeRenderer.cs:1092)
VoxelEngine.Rendering.Runtime.Vegetation.ProceduralTreeRenderer:ClearGenerated () (at Assets/VoxelEngine/Rendering/Runtime/Vegetation/ProceduralTreeRenderer.cs:1106)
VoxelEngine.Rendering.Runtime.Vegetation.ProceduralTreeRenderer:OnDestroy () (at Assets/VoxelEngine/Rendering/Runtime/Vegetation/ProceduralTreeRenderer.cs:1115)
UnityEditor.TestTools.TestRunner.CommandLineTest.Executer:ExitApplication (UnityEditor.TestTools.TestRunner.CommandLineTest.Executer/ReturnCodes,string) (at ./Library/PackageCache/com.unity.test-framework@1405238725ab/UnityEditor.TestRunner/CommandLineTest/Executer.cs:83)
UnityEditor.TestTools.TestRunner.CommandLineTest.Executer:ExitIfRunIsCompleted () (at ./Library/PackageCache/com.unity.test-framework@1405238725ab/UnityEditor.TestRunner/CommandLineTest/Executer.cs:74)
UnityEditor.EditorApplication:Internal_CallUpdateFunctions () (at /Users/bokken/build/output/unity/unity/Editor/Mono/EditorApplication.cs:403)

[Assets/VoxelEngine/Rendering/Runtime/Vegetation/ProceduralTreeRenderer.cs line 1079]

TreeBatch_3_5_LOD3: Destroy may not be called from edit mode! Use DestroyImmediate instead.
Destroying an object in edit mode destroys it permanently
UnityEngine.Debug:ExtractStackTraceNoAlloc (byte*,int,string)
UnityEngine.StackTraceUtility:ExtractStackTrace () (at /Users/bokken/build/output/unity/unity/Runtime/Export/Scripting/StackTrace.cs:35)
UnityEngine.Object:Destroy (UnityEngine.Object,single)
UnityEngine.Object:Destroy (UnityEngine.Object) (at /Users/bokken/build/output/unity/unity/Runtime/Export/Scripting/UnityEngineObject.bindings.cs:707)
VoxelEngine.Rendering.Runtime.Vegetation.ProceduralTreeRenderer:DestroyBatchObjects (VoxelEngine.Rendering.Runtime.Vegetation.ProceduralTreeRenderer/BatchPresentation) (at Assets/VoxelEngine/Rendering/Runtime/Vegetation/ProceduralTreeRenderer.cs:1081)
VoxelEngine.Rendering.Runtime.Vegetation.ProceduralTreeRenderer:ClearBatches () (at Assets/VoxelEngine/Rendering/Runtime/Vegetation/ProceduralTreeRenderer.cs:1092)
VoxelEngine.Rendering.Runtime.Vegetation.ProceduralTreeRenderer:ClearGenerated () (at Assets/VoxelEngine/Rendering/Runtime/Vegetation/ProceduralTreeRenderer.cs:1106)
VoxelEngine.Rendering.Runtime.Vegetation.ProceduralTreeRenderer:OnDestroy () (at Assets/VoxelEngine/Rendering/Runtime/Vegetation/ProceduralTreeRenderer.cs:1115)
UnityEditor.TestTools.TestRunner.CommandLineTest.Executer:ExitApplication (UnityEditor.TestTools.TestRunner.CommandLineTest.Executer/ReturnCodes,string) (at ./Library/PackageCache/com.unity.test-framework@1405238725ab/UnityEditor.TestRunner/CommandLineTest/Executer.cs:83)
UnityEditor.TestTools.TestRunner.CommandLineTest.Executer:ExitIfRunIsCompleted () (at ./Library/PackageCache/com.unity.test-framework@1405238725ab/UnityEditor.TestRunner/CommandLineTest/Executer.cs:74)
UnityEditor.EditorApplication:Internal_CallUpdateFunctions () (at /Users/bokken/build/output/unity/unity/Editor/Mono/EditorApplication.cs:403)

[Assets/VoxelEngine/Rendering/Runtime/Vegetation/ProceduralTreeRenderer.cs line 1081]

Tree Batch 3,5: Destroy may not be called from edit mode! Use DestroyImmediate instead.
Destroying an object in edit mode destroys it permanently
UnityEngine.Debug:ExtractStackTraceNoAlloc (byte*,int,string)
UnityEngine.StackTraceUtility:ExtractStackTrace () (at /Users/bokken/build/output/unity/unity/Runtime/Export/Scripting/StackTrace.cs:35)
UnityEngine.Object:Destroy (UnityEngine.Object,single)
UnityEngine.Object:Destroy (UnityEngine.Object) (at /Users/bokken/build/output/unity/unity/Runtime/Export/Scripting/UnityEngineObject.bindings.cs:707)
VoxelEngine.Rendering.Runtime.Vegetation.ProceduralTreeRenderer:DestroyBatchObjects (VoxelEngine.Rendering.Runtime.Vegetation.ProceduralTreeRenderer/BatchPresentation) (at Assets/VoxelEngine/Rendering/Runtime/Vegetation/ProceduralTreeRenderer.cs:1085)
VoxelEngine.Rendering.Runtime.Vegetation.ProceduralTreeRenderer:ClearBatches () (at Assets/VoxelEngine/Rendering/Runtime/Vegetation/ProceduralTreeRenderer.cs:1092)
VoxelEngine.Rendering.Runtime.Vegetation.ProceduralTreeRenderer:ClearGenerated () (at Assets/VoxelEngine/Rendering/Runtime/Vegetation/ProceduralTreeRenderer.cs:1106)
VoxelEngine.Rendering.Runtime.Vegetation.ProceduralTreeRenderer:OnDestroy () (at Assets/VoxelEngine/Rendering/Runtime/Vegetation/ProceduralTreeRenderer.cs:1115)
UnityEditor.TestTools.TestRunner.CommandLineTest.Executer:ExitApplication (UnityEditor.TestTools.TestRunner.CommandLineTest.Executer/ReturnCodes,string) (at ./Library/PackageCache/com.unity.test-framework@1405238725ab/UnityEditor.TestRunner/CommandLineTest/Executer.cs:83)
UnityEditor.TestTools.TestRunner.CommandLineTest.Executer:ExitIfRunIsCompleted () (at ./Library/PackageCache/com.unity.test-framework@1405238725ab/UnityEditor.TestRunner/CommandLineTest/Executer.cs:74)
UnityEditor.EditorApplication:Internal_CallUpdateFunctions () (at /Users/bokken/build/output/unity/unity/Editor/Mono/EditorApplication.cs:403)

[Assets/VoxelEngine/Rendering/Runtime/Vegetation/ProceduralTreeRenderer.cs line 1085]

TreeBatch_4_5_LOD0: Destroy may not be called from edit mode! Use DestroyImmediate instead.
Destroying an object in edit mode destroys it permanently
UnityEngine.Debug:ExtractStackTraceNoAlloc (byte*,int,string)
UnityEngine.StackTraceUtility:ExtractStackTrace () (at /Users/bokken/build/output/unity/unity/Runtime/Export/Scripting/StackTrace.cs:35)
UnityEngine.Object:Destroy (UnityEngine.Object,single)
UnityEngine.Object:Destroy (UnityEngine.Object) (at /Users/bokken/build/output/unity/unity/Runtime/Export/Scripting/UnityEngineObject.bindings.cs:707)
VoxelEngine.Rendering.Runtime.Vegetation.ProceduralTreeRenderer:DestroyBatchObjects (VoxelEngine.Rendering.Runtime.Vegetation.ProceduralTreeRenderer/BatchPresentation) (at Assets/VoxelEngine/Rendering/Runtime/Vegetation/ProceduralTreeRenderer.cs:1079)
VoxelEngine.Rendering.Runtime.Vegetation.ProceduralTreeRenderer:ClearBatches () (at Assets/VoxelEngine/Rendering/Runtime/Vegetation/ProceduralTreeRenderer.cs:1092)
VoxelEngine.Rendering.Runtime.Vegetation.ProceduralTreeRenderer:ClearGenerated () (at Assets/VoxelEngine/Rendering/Runtime/Vegetation/ProceduralTreeRenderer.cs:1106)
VoxelEngine.Rendering.Runtime.Vegetation.ProceduralTreeRenderer:OnDestroy () (at Assets/VoxelEngine/Rendering/Runtime/Vegetation/ProceduralTreeRenderer.cs:1115)
UnityEditor.TestTools.TestRunner.CommandLineTest.Executer:ExitApplication (UnityEditor.TestTools.TestRunner.CommandLineTest.Executer/ReturnCodes,string) (at ./Library/PackageCache/com.unity.test-framework@1405238725ab/UnityEditor.TestRunner/CommandLineTest/Executer.cs:83)
UnityEditor.TestTools.TestRunner.CommandLineTest.Executer:ExitIfRunIsCompleted () (at ./Library/PackageCache/com.unity.test-framework@1405238725ab/UnityEditor.TestRunner/CommandLineTest/Executer.cs:74)
UnityEditor.EditorApplication:Internal_CallUpdateFunctions () (at /Users/bokken/build/output/unity/unity/Editor/Mono/EditorApplication.cs:403)

[Assets/VoxelEngine/Rendering/Runtime/Vegetation/ProceduralTreeRenderer.cs line 1079]

TreeBatch_4_5_LOD1: Destroy may not be called from edit mode! Use DestroyImmediate instead.
Destroying an object in edit mode destroys it permanently
UnityEngine.Debug:ExtractStackTraceNoAlloc (byte*,int,string)
UnityEngine.StackTraceUtility:ExtractStackTrace () (at /Users/bokken/build/output/unity/unity/Runtime/Export/Scripting/StackTrace.cs:35)
UnityEngine.Object:Destroy (UnityEngine.Object,single)
UnityEngine.Object:Destroy (UnityEngine.Object) (at /Users/bokken/build/output/unity/unity/Runtime/Export/Scripting/UnityEngineObject.bindings.cs:707)
VoxelEngine.Rendering.Runtime.Vegetation.ProceduralTreeRenderer:DestroyBatchObjects (VoxelEngine.Rendering.Runtime.Vegetation.ProceduralTreeRenderer/BatchPresentation) (at Assets/VoxelEngine/Rendering/Runtime/Vegetation/ProceduralTreeRenderer.cs:1079)
VoxelEngine.Rendering.Runtime.Vegetation.ProceduralTreeRenderer:ClearBatches () (at Assets/VoxelEngine/Rendering/Runtime/Vegetation/ProceduralTreeRenderer.cs:1092)
VoxelEngine.Rendering.Runtime.Vegetation.ProceduralTreeRenderer:ClearGenerated () (at Assets/VoxelEngine/Rendering/Runtime/Vegetation/ProceduralTreeRenderer.cs:1106)
VoxelEngine.Rendering.Runtime.Vegetation.ProceduralTreeRenderer:OnDestroy () (at Assets/VoxelEngine/Rendering/Runtime/Vegetation/ProceduralTreeRenderer.cs:1115)
UnityEditor.TestTools.TestRunner.CommandLineTest.Executer:ExitApplication (UnityEditor.TestTools.TestRunner.CommandLineTest.Executer/ReturnCodes,string) (at ./Library/PackageCache/com.unity.test-framework@1405238725ab/UnityEditor.TestRunner/CommandLineTest/Executer.cs:83)
UnityEditor.TestTools.TestRunner.CommandLineTest.Executer:ExitIfRunIsCompleted () (at ./Library/PackageCache/com.unity.test-framework@1405238725ab/UnityEditor.TestRunner/CommandLineTest/Executer.cs:74)
UnityEditor.EditorApplication:Internal_CallUpdateFunctions () (at /Users/bokken/build/output/unity/unity/Editor/Mono/EditorApplication.cs:403)

[Assets/VoxelEngine/Rendering/Runtime/Vegetation/ProceduralTreeRenderer.cs line 1079]

TreeBatch_4_5_LOD2: Destroy may not be called from edit mode! Use DestroyImmediate instead.
Destroying an object in edit mode destroys it permanently
UnityEngine.Debug:ExtractStackTraceNoAlloc (byte*,int,string)
UnityEngine.StackTraceUtility:ExtractStackTrace () (at /Users/bokken/build/output/unity/unity/Runtime/Export/Scripting/StackTrace.cs:35)
UnityEngine.Object:Destroy (UnityEngine.Object,single)
UnityEngine.Object:Destroy (UnityEngine.Object) (at /Users/bokken/build/output/unity/unity/Runtime/Export/Scripting/UnityEngineObject.bindings.cs:707)
VoxelEngine.Rendering.Runtime.Vegetation.ProceduralTreeRenderer:DestroyBatchObjects (VoxelEngine.Rendering.Runtime.Vegetation.ProceduralTreeRenderer/BatchPresentation) (at Assets/VoxelEngine/Rendering/Runtime/Vegetation/ProceduralTreeRenderer.cs:1079)
VoxelEngine.Rendering.Runtime.Vegetation.ProceduralTreeRenderer:ClearBatches () (at Assets/VoxelEngine/Rendering/Runtime/Vegetation/ProceduralTreeRenderer.cs:1092)
VoxelEngine.Rendering.Runtime.Vegetation.ProceduralTreeRenderer:ClearGenerated () (at Assets/VoxelEngine/Rendering/Runtime/Vegetation/ProceduralTreeRenderer.cs:1106)
VoxelEngine.Rendering.Runtime.Vegetation.ProceduralTreeRenderer:OnDestroy () (at Assets/VoxelEngine/Rendering/Runtime/Vegetation/ProceduralTreeRenderer.cs:1115)
UnityEditor.TestTools.TestRunner.CommandLineTest.Executer:ExitApplication (UnityEditor.TestTools.TestRunner.CommandLineTest.Executer/ReturnCodes,string) (at ./Library/PackageCache/com.unity.test-framework@1405238725ab/UnityEditor.TestRunner/CommandLineTest/Executer.cs:83)
UnityEditor.TestTools.TestRunner.CommandLineTest.Executer:ExitIfRunIsCompleted () (at ./Library/PackageCache/com.unity.test-framework@1405238725ab/UnityEditor.TestRunner/CommandLineTest/Executer.cs:74)
UnityEditor.EditorApplication:Internal_CallUpdateFunctions () (at /Users/bokken/build/output/unity/unity/Editor/Mono/EditorApplication.cs:403)

[Assets/VoxelEngine/Rendering/Runtime/Vegetation/ProceduralTreeRenderer.cs line 1079]

TreeBatch_4_5_LOD3: Destroy may not be called from edit mode! Use DestroyImmediate instead.
Destroying an object in edit mode destroys it permanently
UnityEngine.Debug:ExtractStackTraceNoAlloc (byte*,int,string)
UnityEngine.StackTraceUtility:ExtractStackTrace () (at /Users/bokken/build/output/unity/unity/Runtime/Export/Scripting/StackTrace.cs:35)
UnityEngine.Object:Destroy (UnityEngine.Object,single)
UnityEngine.Object:Destroy (UnityEngine.Object) (at /Users/bokken/build/output/unity/unity/Runtime/Export/Scripting/UnityEngineObject.bindings.cs:707)
VoxelEngine.Rendering.Runtime.Vegetation.ProceduralTreeRenderer:DestroyBatchObjects (VoxelEngine.Rendering.Runtime.Vegetation.ProceduralTreeRenderer/BatchPresentation) (at Assets/VoxelEngine/Rendering/Runtime/Vegetation/ProceduralTreeRenderer.cs:1081)
VoxelEngine.Rendering.Runtime.Vegetation.ProceduralTreeRenderer:ClearBatches () (at Assets/VoxelEngine/Rendering/Runtime/Vegetation/ProceduralTreeRenderer.cs:1092)
VoxelEngine.Rendering.Runtime.Vegetation.ProceduralTreeRenderer:ClearGenerated () (at Assets/VoxelEngine/Rendering/Runtime/Vegetation/ProceduralTreeRenderer.cs:1106)
VoxelEngine.Rendering.Runtime.Vegetation.ProceduralTreeRenderer:OnDestroy () (at Assets/VoxelEngine/Rendering/Runtime/Vegetation/ProceduralTreeRenderer.cs:1115)
UnityEditor.TestTools.TestRunner.CommandLineTest.Executer:ExitApplication (UnityEditor.TestTools.TestRunner.CommandLineTest.Executer/ReturnCodes,string) (at ./Library/PackageCache/com.unity.test-framework@1405238725ab/UnityEditor.TestRunner/CommandLineTest/Executer.cs:83)
UnityEditor.TestTools.TestRunner.CommandLineTest.Executer:ExitIfRunIsCompleted () (at ./Library/PackageCache/com.unity.test-framework@1405238725ab/UnityEditor.TestRunner/CommandLineTest/Executer.cs:74)
UnityEditor.EditorApplication:Internal_CallUpdateFunctions () (at /Users/bokken/build/output/unity/unity/Editor/Mono/EditorApplication.cs:403)

[Assets/VoxelEngine/Rendering/Runtime/Vegetation/ProceduralTreeRenderer.cs line 1081]

Tree Batch 4,5: Destroy may not be called from edit mode! Use DestroyImmediate instead.
Destroying an object in edit mode destroys it permanently
UnityEngine.Debug:ExtractStackTraceNoAlloc (byte*,int,string)
UnityEngine.StackTraceUtility:ExtractStackTrace () (at /Users/bokken/build/output/unity/unity/Runtime/Export/Scripting/StackTrace.cs:35)
UnityEngine.Object:Destroy (UnityEngine.Object,single)
UnityEngine.Object:Destroy (UnityEngine.Object) (at /Users/bokken/build/output/unity/unity/Runtime/Export/Scripting/UnityEngineObject.bindings.cs:707)
VoxelEngine.Rendering.Runtime.Vegetation.ProceduralTreeRenderer:DestroyBatchObjects (VoxelEngine.Rendering.Runtime.Vegetation.ProceduralTreeRenderer/BatchPresentation) (at Assets/VoxelEngine/Rendering/Runtime/Vegetation/ProceduralTreeRenderer.cs:1085)
VoxelEngine.Rendering.Runtime.Vegetation.ProceduralTreeRenderer:ClearBatches () (at Assets/VoxelEngine/Rendering/Runtime/Vegetation/ProceduralTreeRenderer.cs:1092)
VoxelEngine.Rendering.Runtime.Vegetation.ProceduralTreeRenderer:ClearGenerated () (at Assets/VoxelEngine/Rendering/Runtime/Vegetation/ProceduralTreeRenderer.cs:1106)
VoxelEngine.Rendering.Runtime.Vegetation.ProceduralTreeRenderer:OnDestroy () (at Assets/VoxelEngine/Rendering/Runtime/Vegetation/ProceduralTreeRenderer.cs:1115)
UnityEditor.TestTools.TestRunner.CommandLineTest.Executer:ExitApplication (UnityEditor.TestTools.TestRunner.CommandLineTest.Executer/ReturnCodes,string) (at ./Library/PackageCache/com.unity.test-framework@1405238725ab/UnityEditor.TestRunner/CommandLineTest/Executer.cs:83)
UnityEditor.TestTools.TestRunner.CommandLineTest.Executer:ExitIfRunIsCompleted () (at ./Library/PackageCache/com.unity.test-framework@1405238725ab/UnityEditor.TestRunner/CommandLineTest/Executer.cs:74)
UnityEditor.EditorApplication:Internal_CallUpdateFunctions () (at /Users/bokken/build/output/unity/unity/Editor/Mono/EditorApplication.cs:403)

[Assets/VoxelEngine/Rendering/Runtime/Vegetation/ProceduralTreeRenderer.cs line 1085]

TreeBatch_5_5_LOD0: Destroy may not be called from edit mode! Use DestroyImmediate instead.
Destroying an object in edit mode destroys it permanently
UnityEngine.Debug:ExtractStackTraceNoAlloc (byte*,int,string)
UnityEngine.StackTraceUtility:ExtractStackTrace () (at /Users/bokken/build/output/unity/unity/Runtime/Export/Scripting/StackTrace.cs:35)
UnityEngine.Object:Destroy (UnityEngine.Object,single)
UnityEngine.Object:Destroy (UnityEngine.Object) (at /Users/bokken/build/output/unity/unity/Runtime/Export/Scripting/UnityEngineObject.bindings.cs:707)
VoxelEngine.Rendering.Runtime.Vegetation.ProceduralTreeRenderer:DestroyBatchObjects (VoxelEngine.Rendering.Runtime.Vegetation.ProceduralTreeRenderer/BatchPresentation) (at Assets/VoxelEngine/Rendering/Runtime/Vegetation/ProceduralTreeRenderer.cs:1079)
VoxelEngine.Rendering.Runtime.Vegetation.ProceduralTreeRenderer:ClearBatches () (at Assets/VoxelEngine/Rendering/Runtime/Vegetation/ProceduralTreeRenderer.cs:1092)
VoxelEngine.Rendering.Runtime.Vegetation.ProceduralTreeRenderer:ClearGenerated () (at Assets/VoxelEngine/Rendering/Runtime/Vegetation/ProceduralTreeRenderer.cs:1106)
VoxelEngine.Rendering.Runtime.Vegetation.ProceduralTreeRenderer:OnDestroy () (at Assets/VoxelEngine/Rendering/Runtime/Vegetation/ProceduralTreeRenderer.cs:1115)
UnityEditor.TestTools.TestRunner.CommandLineTest.Executer:ExitApplication (UnityEditor.TestTools.TestRunner.CommandLineTest.Executer/ReturnCodes,string) (at ./Library/PackageCache/com.unity.test-framework@1405238725ab/UnityEditor.TestRunner/CommandLineTest/Executer.cs:83)
UnityEditor.TestTools.TestRunner.CommandLineTest.Executer:ExitIfRunIsCompleted () (at ./Library/PackageCache/com.unity.test-framework@1405238725ab/UnityEditor.TestRunner/CommandLineTest/Executer.cs:74)
UnityEditor.EditorApplication:Internal_CallUpdateFunctions () (at /Users/bokken/build/output/unity/unity/Editor/Mono/EditorApplication.cs:403)

[Assets/VoxelEngine/Rendering/Runtime/Vegetation/ProceduralTreeRenderer.cs line 1079]

TreeBatch_5_5_LOD1: Destroy may not be called from edit mode! Use DestroyImmediate instead.
Destroying an object in edit mode destroys it permanently
UnityEngine.Debug:ExtractStackTraceNoAlloc (byte*,int,string)
UnityEngine.StackTraceUtility:ExtractStackTrace () (at /Users/bokken/build/output/unity/unity/Runtime/Export/Scripting/StackTrace.cs:35)
UnityEngine.Object:Destroy (UnityEngine.Object,single)
UnityEngine.Object:Destroy (UnityEngine.Object) (at /Users/bokken/build/output/unity/unity/Runtime/Export/Scripting/UnityEngineObject.bindings.cs:707)
VoxelEngine.Rendering.Runtime.Vegetation.ProceduralTreeRenderer:DestroyBatchObjects (VoxelEngine.Rendering.Runtime.Vegetation.ProceduralTreeRenderer/BatchPresentation) (at Assets/VoxelEngine/Rendering/Runtime/Vegetation/ProceduralTreeRenderer.cs:1079)
VoxelEngine.Rendering.Runtime.Vegetation.ProceduralTreeRenderer:ClearBatches () (at Assets/VoxelEngine/Rendering/Runtime/Vegetation/ProceduralTreeRenderer.cs:1092)
VoxelEngine.Rendering.Runtime.Vegetation.ProceduralTreeRenderer:ClearGenerated () (at Assets/VoxelEngine/Rendering/Runtime/Vegetation/ProceduralTreeRenderer.cs:1106)
VoxelEngine.Rendering.Runtime.Vegetation.ProceduralTreeRenderer:OnDestroy () (at Assets/VoxelEngine/Rendering/Runtime/Vegetation/ProceduralTreeRenderer.cs:1115)
UnityEditor.TestTools.TestRunner.CommandLineTest.Executer:ExitApplication (UnityEditor.TestTools.TestRunner.CommandLineTest.Executer/ReturnCodes,string) (at ./Library/PackageCache/com.unity.test-framework@1405238725ab/UnityEditor.TestRunner/CommandLineTest/Executer.cs:83)
UnityEditor.TestTools.TestRunner.CommandLineTest.Executer:ExitIfRunIsCompleted () (at ./Library/PackageCache/com.unity.test-framework@1405238725ab/UnityEditor.TestRunner/CommandLineTest/Executer.cs:74)
UnityEditor.EditorApplication:Internal_CallUpdateFunctions () (at /Users/bokken/build/output/unity/unity/Editor/Mono/EditorApplication.cs:403)

[Assets/VoxelEngine/Rendering/Runtime/Vegetation/ProceduralTreeRenderer.cs line 1079]

TreeBatch_5_5_LOD2: Destroy may not be called from edit mode! Use DestroyImmediate instead.
Destroying an object in edit mode destroys it permanently
UnityEngine.Debug:ExtractStackTraceNoAlloc (byte*,int,string)
UnityEngine.StackTraceUtility:ExtractStackTrace () (at /Users/bokken/build/output/unity/unity/Runtime/Export/Scripting/StackTrace.cs:35)
UnityEngine.Object:Destroy (UnityEngine.Object,single)
UnityEngine.Object:Destroy (UnityEngine.Object) (at /Users/bokken/build/output/unity/unity/Runtime/Export/Scripting/UnityEngineObject.bindings.cs:707)
VoxelEngine.Rendering.Runtime.Vegetation.ProceduralTreeRenderer:DestroyBatchObjects (VoxelEngine.Rendering.Runtime.Vegetation.ProceduralTreeRenderer/BatchPresentation) (at Assets/VoxelEngine/Rendering/Runtime/Vegetation/ProceduralTreeRenderer.cs:1079)
VoxelEngine.Rendering.Runtime.Vegetation.ProceduralTreeRenderer:ClearBatches () (at Assets/VoxelEngine/Rendering/Runtime/Vegetation/ProceduralTreeRenderer.cs:1092)
VoxelEngine.Rendering.Runtime.Vegetation.ProceduralTreeRenderer:ClearGenerated () (at Assets/VoxelEngine/Rendering/Runtime/Vegetation/ProceduralTreeRenderer.cs:1106)
VoxelEngine.Rendering.Runtime.Vegetation.ProceduralTreeRenderer:OnDestroy () (at Assets/VoxelEngine/Rendering/Runtime/Vegetation/ProceduralTreeRenderer.cs:1115)
UnityEditor.TestTools.TestRunner.CommandLineTest.Executer:ExitApplication (UnityEditor.TestTools.TestRunner.CommandLineTest.Executer/ReturnCodes,string) (at ./Library/PackageCache/com.unity.test-framework@1405238725ab/UnityEditor.TestRunner/CommandLineTest/Executer.cs:83)
UnityEditor.TestTools.TestRunner.CommandLineTest.Executer:ExitIfRunIsCompleted () (at ./Library/PackageCache/com.unity.test-framework@1405238725ab/UnityEditor.TestRunner/CommandLineTest/Executer.cs:74)
UnityEditor.EditorApplication:Internal_CallUpdateFunctions () (at /Users/bokken/build/output/unity/unity/Editor/Mono/EditorApplication.cs:403)

[Assets/VoxelEngine/Rendering/Runtime/Vegetation/ProceduralTreeRenderer.cs line 1079]

TreeBatch_5_5_LOD3: Destroy may not be called from edit mode! Use DestroyImmediate instead.
Destroying an object in edit mode destroys it permanently
UnityEngine.Debug:ExtractStackTraceNoAlloc (byte*,int,string)
UnityEngine.StackTraceUtility:ExtractStackTrace () (at /Users/bokken/build/output/unity/unity/Runtime/Export/Scripting/StackTrace.cs:35)
UnityEngine.Object:Destroy (UnityEngine.Object,single)
UnityEngine.Object:Destroy (UnityEngine.Object) (at /Users/bokken/build/output/unity/unity/Runtime/Export/Scripting/UnityEngineObject.bindings.cs:707)
VoxelEngine.Rendering.Runtime.Vegetation.ProceduralTreeRenderer:DestroyBatchObjects (VoxelEngine.Rendering.Runtime.Vegetation.ProceduralTreeRenderer/BatchPresentation) (at Assets/VoxelEngine/Rendering/Runtime/Vegetation/ProceduralTreeRenderer.cs:1081)
VoxelEngine.Rendering.Runtime.Vegetation.ProceduralTreeRenderer:ClearBatches () (at Assets/VoxelEngine/Rendering/Runtime/Vegetation/ProceduralTreeRenderer.cs:1092)
VoxelEngine.Rendering.Runtime.Vegetation.ProceduralTreeRenderer:ClearGenerated () (at Assets/VoxelEngine/Rendering/Runtime/Vegetation/ProceduralTreeRenderer.cs:1106)
VoxelEngine.Rendering.Runtime.Vegetation.ProceduralTreeRenderer:OnDestroy () (at Assets/VoxelEngine/Rendering/Runtime/Vegetation/ProceduralTreeRenderer.cs:1115)
UnityEditor.TestTools.TestRunner.CommandLineTest.Executer:ExitApplication (UnityEditor.TestTools.TestRunner.CommandLineTest.Executer/ReturnCodes,string) (at ./Library/PackageCache/com.unity.test-framework@1405238725ab/UnityEditor.TestRunner/CommandLineTest/Executer.cs:83)
UnityEditor.TestTools.TestRunner.CommandLineTest.Executer:ExitIfRunIsCompleted () (at ./Library/PackageCache/com.unity.test-framework@1405238725ab/UnityEditor.TestRunner/CommandLineTest/Executer.cs:74)
UnityEditor.EditorApplication:Internal_CallUpdateFunctions () (at /Users/bokken/build/output/unity/unity/Editor/Mono/EditorApplication.cs:403)

[Assets/VoxelEngine/Rendering/Runtime/Vegetation/ProceduralTreeRenderer.cs line 1081]

Tree Batch 5,5: Destroy may not be called from edit mode! Use DestroyImmediate instead.
Destroying an object in edit mode destroys it permanently
UnityEngine.Debug:ExtractStackTraceNoAlloc (byte*,int,string)
UnityEngine.StackTraceUtility:ExtractStackTrace () (at /Users/bokken/build/output/unity/unity/Runtime/Export/Scripting/StackTrace.cs:35)
UnityEngine.Object:Destroy (UnityEngine.Object,single)
UnityEngine.Object:Destroy (UnityEngine.Object) (at /Users/bokken/build/output/unity/unity/Runtime/Export/Scripting/UnityEngineObject.bindings.cs:707)
VoxelEngine.Rendering.Runtime.Vegetation.ProceduralTreeRenderer:DestroyBatchObjects (VoxelEngine.Rendering.Runtime.Vegetation.ProceduralTreeRenderer/BatchPresentation) (at Assets/VoxelEngine/Rendering/Runtime/Vegetation/ProceduralTreeRenderer.cs:1085)
VoxelEngine.Rendering.Runtime.Vegetation.ProceduralTreeRenderer:ClearBatches () (at Assets/VoxelEngine/Rendering/Runtime/Vegetation/ProceduralTreeRenderer.cs:1092)
VoxelEngine.Rendering.Runtime.Vegetation.ProceduralTreeRenderer:ClearGenerated () (at Assets/VoxelEngine/Rendering/Runtime/Vegetation/ProceduralTreeRenderer.cs:1106)
VoxelEngine.Rendering.Runtime.Vegetation.ProceduralTreeRenderer:OnDestroy () (at Assets/VoxelEngine/Rendering/Runtime/Vegetation/ProceduralTreeRenderer.cs:1115)
UnityEditor.TestTools.TestRunner.CommandLineTest.Executer:ExitApplication (UnityEditor.TestTools.TestRunner.CommandLineTest.Executer/ReturnCodes,string) (at ./Library/PackageCache/com.unity.test-framework@1405238725ab/UnityEditor.TestRunner/CommandLineTest/Executer.cs:83)
UnityEditor.TestTools.TestRunner.CommandLineTest.Executer:ExitIfRunIsCompleted () (at ./Library/PackageCache/com.unity.test-framework@1405238725ab/UnityEditor.TestRunner/CommandLineTest/Executer.cs:74)
UnityEditor.EditorApplication:Internal_CallUpdateFunctions () (at /Users/bokken/build/output/unity/unity/Editor/Mono/EditorApplication.cs:403)

[Assets/VoxelEngine/Rendering/Runtime/Vegetation/ProceduralTreeRenderer.cs line 1085]

TreeBatch_0_6_LOD0: Destroy may not be called from edit mode! Use DestroyImmediate instead.
Destroying an object in edit mode destroys it permanently
UnityEngine.Debug:ExtractStackTraceNoAlloc (byte*,int,string)
UnityEngine.StackTraceUtility:ExtractStackTrace () (at /Users/bokken/build/output/unity/unity/Runtime/Export/Scripting/StackTrace.cs:35)
UnityEngine.Object:Destroy (UnityEngine.Object,single)
UnityEngine.Object:Destroy (UnityEngine.Object) (at /Users/bokken/build/output/unity/unity/Runtime/Export/Scripting/UnityEngineObject.bindings.cs:707)
VoxelEngine.Rendering.Runtime.Vegetation.ProceduralTreeRenderer:DestroyBatchObjects (VoxelEngine.Rendering.Runtime.Vegetation.ProceduralTreeRenderer/BatchPresentation) (at Assets/VoxelEngine/Rendering/Runtime/Vegetation/ProceduralTreeRenderer.cs:1079)
VoxelEngine.Rendering.Runtime.Vegetation.ProceduralTreeRenderer:ClearBatches () (at Assets/VoxelEngine/Rendering/Runtime/Vegetation/ProceduralTreeRenderer.cs:1092)
VoxelEngine.Rendering.Runtime.Vegetation.ProceduralTreeRenderer:ClearGenerated () (at Assets/VoxelEngine/Rendering/Runtime/Vegetation/ProceduralTreeRenderer.cs:1106)
VoxelEngine.Rendering.Runtime.Vegetation.ProceduralTreeRenderer:OnDestroy () (at Assets/VoxelEngine/Rendering/Runtime/Vegetation/ProceduralTreeRenderer.cs:1115)
UnityEditor.TestTools.TestRunner.CommandLineTest.Executer:ExitApplication (UnityEditor.TestTools.TestRunner.CommandLineTest.Executer/ReturnCodes,string) (at ./Library/PackageCache/com.unity.test-framework@1405238725ab/UnityEditor.TestRunner/CommandLineTest/Executer.cs:83)
UnityEditor.TestTools.TestRunner.CommandLineTest.Executer:ExitIfRunIsCompleted () (at ./Library/PackageCache/com.unity.test-framework@1405238725ab/UnityEditor.TestRunner/CommandLineTest/Executer.cs:74)
UnityEditor.EditorApplication:Internal_CallUpdateFunctions () (at /Users/bokken/build/output/unity/unity/Editor/Mono/EditorApplication.cs:403)

[Assets/VoxelEngine/Rendering/Runtime/Vegetation/ProceduralTreeRenderer.cs line 1079]

TreeBatch_0_6_LOD1: Destroy may not be called from edit mode! Use DestroyImmediate instead.
Destroying an object in edit mode destroys it permanently
UnityEngine.Debug:ExtractStackTraceNoAlloc (byte*,int,string)
UnityEngine.StackTraceUtility:ExtractStackTrace () (at /Users/bokken/build/output/unity/unity/Runtime/Export/Scripting/StackTrace.cs:35)
UnityEngine.Object:Destroy (UnityEngine.Object,single)
UnityEngine.Object:Destroy (UnityEngine.Object) (at /Users/bokken/build/output/unity/unity/Runtime/Export/Scripting/UnityEngineObject.bindings.cs:707)
VoxelEngine.Rendering.Runtime.Vegetation.ProceduralTreeRenderer:DestroyBatchObjects (VoxelEngine.Rendering.Runtime.Vegetation.ProceduralTreeRenderer/BatchPresentation) (at Assets/VoxelEngine/Rendering/Runtime/Vegetation/ProceduralTreeRenderer.cs:1079)
VoxelEngine.Rendering.Runtime.Vegetation.ProceduralTreeRenderer:ClearBatches () (at Assets/VoxelEngine/Rendering/Runtime/Vegetation/ProceduralTreeRenderer.cs:1092)
VoxelEngine.Rendering.Runtime.Vegetation.ProceduralTreeRenderer:ClearGenerated () (at Assets/VoxelEngine/Rendering/Runtime/Vegetation/ProceduralTreeRenderer.cs:1106)
VoxelEngine.Rendering.Runtime.Vegetation.ProceduralTreeRenderer:OnDestroy () (at Assets/VoxelEngine/Rendering/Runtime/Vegetation/ProceduralTreeRenderer.cs:1115)
UnityEditor.TestTools.TestRunner.CommandLineTest.Executer:ExitApplication (UnityEditor.TestTools.TestRunner.CommandLineTest.Executer/ReturnCodes,string) (at ./Library/PackageCache/com.unity.test-framework@1405238725ab/UnityEditor.TestRunner/CommandLineTest/Executer.cs:83)
UnityEditor.TestTools.TestRunner.CommandLineTest.Executer:ExitIfRunIsCompleted () (at ./Library/PackageCache/com.unity.test-framework@1405238725ab/UnityEditor.TestRunner/CommandLineTest/Executer.cs:74)
UnityEditor.EditorApplication:Internal_CallUpdateFunctions () (at /Users/bokken/build/output/unity/unity/Editor/Mono/EditorApplication.cs:403)

[Assets/VoxelEngine/Rendering/Runtime/Vegetation/ProceduralTreeRenderer.cs line 1079]

TreeBatch_0_6_LOD2: Destroy may not be called from edit mode! Use DestroyImmediate instead.
Destroying an object in edit mode destroys it permanently
UnityEngine.Debug:ExtractStackTraceNoAlloc (byte*,int,string)
UnityEngine.StackTraceUtility:ExtractStackTrace () (at /Users/bokken/build/output/unity/unity/Runtime/Export/Scripting/StackTrace.cs:35)
UnityEngine.Object:Destroy (UnityEngine.Object,single)
UnityEngine.Object:Destroy (UnityEngine.Object) (at /Users/bokken/build/output/unity/unity/Runtime/Export/Scripting/UnityEngineObject.bindings.cs:707)
VoxelEngine.Rendering.Runtime.Vegetation.ProceduralTreeRenderer:DestroyBatchObjects (VoxelEngine.Rendering.Runtime.Vegetation.ProceduralTreeRenderer/BatchPresentation) (at Assets/VoxelEngine/Rendering/Runtime/Vegetation/ProceduralTreeRenderer.cs:1079)
VoxelEngine.Rendering.Runtime.Vegetation.ProceduralTreeRenderer:ClearBatches () (at Assets/VoxelEngine/Rendering/Runtime/Vegetation/ProceduralTreeRenderer.cs:1092)
VoxelEngine.Rendering.Runtime.Vegetation.ProceduralTreeRenderer:ClearGenerated () (at Assets/VoxelEngine/Rendering/Runtime/Vegetation/ProceduralTreeRenderer.cs:1106)
VoxelEngine.Rendering.Runtime.Vegetation.ProceduralTreeRenderer:OnDestroy () (at Assets/VoxelEngine/Rendering/Runtime/Vegetation/ProceduralTreeRenderer.cs:1115)
UnityEditor.TestTools.TestRunner.CommandLineTest.Executer:ExitApplication (UnityEditor.TestTools.TestRunner.CommandLineTest.Executer/ReturnCodes,string) (at ./Library/PackageCache/com.unity.test-framework@1405238725ab/UnityEditor.TestRunner/CommandLineTest/Executer.cs:83)
UnityEditor.TestTools.TestRunner.CommandLineTest.Executer:ExitIfRunIsCompleted () (at ./Library/PackageCache/com.unity.test-framework@1405238725ab/UnityEditor.TestRunner/CommandLineTest/Executer.cs:74)
UnityEditor.EditorApplication:Internal_CallUpdateFunctions () (at /Users/bokken/build/output/unity/unity/Editor/Mono/EditorApplication.cs:403)

[Assets/VoxelEngine/Rendering/Runtime/Vegetation/ProceduralTreeRenderer.cs line 1079]

TreeBatch_0_6_LOD3: Destroy may not be called from edit mode! Use DestroyImmediate instead.
Destroying an object in edit mode destroys it permanently
UnityEngine.Debug:ExtractStackTraceNoAlloc (byte*,int,string)
UnityEngine.StackTraceUtility:ExtractStackTrace () (at /Users/bokken/build/output/unity/unity/Runtime/Export/Scripting/StackTrace.cs:35)
UnityEngine.Object:Destroy (UnityEngine.Object,single)
UnityEngine.Object:Destroy (UnityEngine.Object) (at /Users/bokken/build/output/unity/unity/Runtime/Export/Scripting/UnityEngineObject.bindings.cs:707)
VoxelEngine.Rendering.Runtime.Vegetation.ProceduralTreeRenderer:DestroyBatchObjects (VoxelEngine.Rendering.Runtime.Vegetation.ProceduralTreeRenderer/BatchPresentation) (at Assets/VoxelEngine/Rendering/Runtime/Vegetation/ProceduralTreeRenderer.cs:1081)
VoxelEngine.Rendering.Runtime.Vegetation.ProceduralTreeRenderer:ClearBatches () (at Assets/VoxelEngine/Rendering/Runtime/Vegetation/ProceduralTreeRenderer.cs:1092)
VoxelEngine.Rendering.Runtime.Vegetation.ProceduralTreeRenderer:ClearGenerated () (at Assets/VoxelEngine/Rendering/Runtime/Vegetation/ProceduralTreeRenderer.cs:1106)
VoxelEngine.Rendering.Runtime.Vegetation.ProceduralTreeRenderer:OnDestroy () (at Assets/VoxelEngine/Rendering/Runtime/Vegetation/ProceduralTreeRenderer.cs:1115)
UnityEditor.TestTools.TestRunner.CommandLineTest.Executer:ExitApplication (UnityEditor.TestTools.TestRunner.CommandLineTest.Executer/ReturnCodes,string) (at ./Library/PackageCache/com.unity.test-framework@1405238725ab/UnityEditor.TestRunner/CommandLineTest/Executer.cs:83)
UnityEditor.TestTools.TestRunner.CommandLineTest.Executer:ExitIfRunIsCompleted () (at ./Library/PackageCache/com.unity.test-framework@1405238725ab/UnityEditor.TestRunner/CommandLineTest/Executer.cs:74)
UnityEditor.EditorApplication:Internal_CallUpdateFunctions () (at /Users/bokken/build/output/unity/unity/Editor/Mono/EditorApplication.cs:403)

[Assets/VoxelEngine/Rendering/Runtime/Vegetation/ProceduralTreeRenderer.cs line 1081]

Tree Batch 0,6: Destroy may not be called from edit mode! Use DestroyImmediate instead.
Destroying an object in edit mode destroys it permanently
UnityEngine.Debug:ExtractStackTraceNoAlloc (byte*,int,string)
UnityEngine.StackTraceUtility:ExtractStackTrace () (at /Users/bokken/build/output/unity/unity/Runtime/Export/Scripting/StackTrace.cs:35)
UnityEngine.Object:Destroy (UnityEngine.Object,single)
UnityEngine.Object:Destroy (UnityEngine.Object) (at /Users/bokken/build/output/unity/unity/Runtime/Export/Scripting/UnityEngineObject.bindings.cs:707)
VoxelEngine.Rendering.Runtime.Vegetation.ProceduralTreeRenderer:DestroyBatchObjects (VoxelEngine.Rendering.Runtime.Vegetation.ProceduralTreeRenderer/BatchPresentation) (at Assets/VoxelEngine/Rendering/Runtime/Vegetation/ProceduralTreeRenderer.cs:1085)
VoxelEngine.Rendering.Runtime.Vegetation.ProceduralTreeRenderer:ClearBatches () (at Assets/VoxelEngine/Rendering/Runtime/Vegetation/ProceduralTreeRenderer.cs:1092)
VoxelEngine.Rendering.Runtime.Vegetation.ProceduralTreeRenderer:ClearGenerated () (at Assets/VoxelEngine/Rendering/Runtime/Vegetation/ProceduralTreeRenderer.cs:1106)
VoxelEngine.Rendering.Runtime.Vegetation.ProceduralTreeRenderer:OnDestroy () (at Assets/VoxelEngine/Rendering/Runtime/Vegetation/ProceduralTreeRenderer.cs:1115)
UnityEditor.TestTools.TestRunner.CommandLineTest.Executer:ExitApplication (UnityEditor.TestTools.TestRunner.CommandLineTest.Executer/ReturnCodes,string) (at ./Library/PackageCache/com.unity.test-framework@1405238725ab/UnityEditor.TestRunner/CommandLineTest/Executer.cs:83)
UnityEditor.TestTools.TestRunner.CommandLineTest.Executer:ExitIfRunIsCompleted () (at ./Library/PackageCache/com.unity.test-framework@1405238725ab/UnityEditor.TestRunner/CommandLineTest/Executer.cs:74)
UnityEditor.EditorApplication:Internal_CallUpdateFunctions () (at /Users/bokken/build/output/unity/unity/Editor/Mono/EditorApplication.cs:403)

[Assets/VoxelEngine/Rendering/Runtime/Vegetation/ProceduralTreeRenderer.cs line 1085]

TreeBatch_1_6_LOD0: Destroy may not be called from edit mode! Use DestroyImmediate instead.
Destroying an object in edit mode destroys it permanently
UnityEngine.Debug:ExtractStackTraceNoAlloc (byte*,int,string)
UnityEngine.StackTraceUtility:ExtractStackTrace () (at /Users/bokken/build/output/unity/unity/Runtime/Export/Scripting/StackTrace.cs:35)
UnityEngine.Object:Destroy (UnityEngine.Object,single)
UnityEngine.Object:Destroy (UnityEngine.Object) (at /Users/bokken/build/output/unity/unity/Runtime/Export/Scripting/UnityEngineObject.bindings.cs:707)
VoxelEngine.Rendering.Runtime.Vegetation.ProceduralTreeRenderer:DestroyBatchObjects (VoxelEngine.Rendering.Runtime.Vegetation.ProceduralTreeRenderer/BatchPresentation) (at Assets/VoxelEngine/Rendering/Runtime/Vegetation/ProceduralTreeRenderer.cs:1079)
VoxelEngine.Rendering.Runtime.Vegetation.ProceduralTreeRenderer:ClearBatches () (at Assets/VoxelEngine/Rendering/Runtime/Vegetation/ProceduralTreeRenderer.cs:1092)
VoxelEngine.Rendering.Runtime.Vegetation.ProceduralTreeRenderer:ClearGenerated () (at Assets/VoxelEngine/Rendering/Runtime/Vegetation/ProceduralTreeRenderer.cs:1106)
VoxelEngine.Rendering.Runtime.Vegetation.ProceduralTreeRenderer:OnDestroy () (at Assets/VoxelEngine/Rendering/Runtime/Vegetation/ProceduralTreeRenderer.cs:1115)
UnityEditor.TestTools.TestRunner.CommandLineTest.Executer:ExitApplication (UnityEditor.TestTools.TestRunner.CommandLineTest.Executer/ReturnCodes,string) (at ./Library/PackageCache/com.unity.test-framework@1405238725ab/UnityEditor.TestRunner/CommandLineTest/Executer.cs:83)
UnityEditor.TestTools.TestRunner.CommandLineTest.Executer:ExitIfRunIsCompleted () (at ./Library/PackageCache/com.unity.test-framework@1405238725ab/UnityEditor.TestRunner/CommandLineTest/Executer.cs:74)
UnityEditor.EditorApplication:Internal_CallUpdateFunctions () (at /Users/bokken/build/output/unity/unity/Editor/Mono/EditorApplication.cs:403)

[Assets/VoxelEngine/Rendering/Runtime/Vegetation/ProceduralTreeRenderer.cs line 1079]

TreeBatch_1_6_LOD1: Destroy may not be called from edit mode! Use DestroyImmediate instead.
Destroying an object in edit mode destroys it permanently
UnityEngine.Debug:ExtractStackTraceNoAlloc (byte*,int,string)
UnityEngine.StackTraceUtility:ExtractStackTrace () (at /Users/bokken/build/output/unity/unity/Runtime/Export/Scripting/StackTrace.cs:35)
UnityEngine.Object:Destroy (UnityEngine.Object,single)
UnityEngine.Object:Destroy (UnityEngine.Object) (at /Users/bokken/build/output/unity/unity/Runtime/Export/Scripting/UnityEngineObject.bindings.cs:707)
VoxelEngine.Rendering.Runtime.Vegetation.ProceduralTreeRenderer:DestroyBatchObjects (VoxelEngine.Rendering.Runtime.Vegetation.ProceduralTreeRenderer/BatchPresentation) (at Assets/VoxelEngine/Rendering/Runtime/Vegetation/ProceduralTreeRenderer.cs:1079)
VoxelEngine.Rendering.Runtime.Vegetation.ProceduralTreeRenderer:ClearBatches () (at Assets/VoxelEngine/Rendering/Runtime/Vegetation/ProceduralTreeRenderer.cs:1092)
VoxelEngine.Rendering.Runtime.Vegetation.ProceduralTreeRenderer:ClearGenerated () (at Assets/VoxelEngine/Rendering/Runtime/Vegetation/ProceduralTreeRenderer.cs:1106)
VoxelEngine.Rendering.Runtime.Vegetation.ProceduralTreeRenderer:OnDestroy () (at Assets/VoxelEngine/Rendering/Runtime/Vegetation/ProceduralTreeRenderer.cs:1115)
UnityEditor.TestTools.TestRunner.CommandLineTest.Executer:ExitApplication (UnityEditor.TestTools.TestRunner.CommandLineTest.Executer/ReturnCodes,string) (at ./Library/PackageCache/com.unity.test-framework@1405238725ab/UnityEditor.TestRunner/CommandLineTest/Executer.cs:83)
UnityEditor.TestTools.TestRunner.CommandLineTest.Executer:ExitIfRunIsCompleted () (at ./Library/PackageCache/com.unity.test-framework@1405238725ab/UnityEditor.TestRunner/CommandLineTest/Executer.cs:74)
UnityEditor.EditorApplication:Internal_CallUpdateFunctions () (at /Users/bokken/build/output/unity/unity/Editor/Mono/EditorApplication.cs:403)

[Assets/VoxelEngine/Rendering/Runtime/Vegetation/ProceduralTreeRenderer.cs line 1079]

TreeBatch_1_6_LOD2: Destroy may not be called from edit mode! Use DestroyImmediate instead.
Destroying an object in edit mode destroys it permanently
UnityEngine.Debug:ExtractStackTraceNoAlloc (byte*,int,string)
UnityEngine.StackTraceUtility:ExtractStackTrace () (at /Users/bokken/build/output/unity/unity/Runtime/Export/Scripting/StackTrace.cs:35)
UnityEngine.Object:Destroy (UnityEngine.Object,single)
UnityEngine.Object:Destroy (UnityEngine.Object) (at /Users/bokken/build/output/unity/unity/Runtime/Export/Scripting/UnityEngineObject.bindings.cs:707)
VoxelEngine.Rendering.Runtime.Vegetation.ProceduralTreeRenderer:DestroyBatchObjects (VoxelEngine.Rendering.Runtime.Vegetation.ProceduralTreeRenderer/BatchPresentation) (at Assets/VoxelEngine/Rendering/Runtime/Vegetation/ProceduralTreeRenderer.cs:1079)
VoxelEngine.Rendering.Runtime.Vegetation.ProceduralTreeRenderer:ClearBatches () (at Assets/VoxelEngine/Rendering/Runtime/Vegetation/ProceduralTreeRenderer.cs:1092)
VoxelEngine.Rendering.Runtime.Vegetation.ProceduralTreeRenderer:ClearGenerated () (at Assets/VoxelEngine/Rendering/Runtime/Vegetation/ProceduralTreeRenderer.cs:1106)
VoxelEngine.Rendering.Runtime.Vegetation.ProceduralTreeRenderer:OnDestroy () (at Assets/VoxelEngine/Rendering/Runtime/Vegetation/ProceduralTreeRenderer.cs:1115)
UnityEditor.TestTools.TestRunner.CommandLineTest.Executer:ExitApplication (UnityEditor.TestTools.TestRunner.CommandLineTest.Executer/ReturnCodes,string) (at ./Library/PackageCache/com.unity.test-framework@1405238725ab/UnityEditor.TestRunner/CommandLineTest/Executer.cs:83)
UnityEditor.TestTools.TestRunner.CommandLineTest.Executer:ExitIfRunIsCompleted () (at ./Library/PackageCache/com.unity.test-framework@1405238725ab/UnityEditor.TestRunner/CommandLineTest/Executer.cs:74)
UnityEditor.EditorApplication:Internal_CallUpdateFunctions () (at /Users/bokken/build/output/unity/unity/Editor/Mono/EditorApplication.cs:403)

[Assets/VoxelEngine/Rendering/Runtime/Vegetation/ProceduralTreeRenderer.cs line 1079]

TreeBatch_1_6_LOD3: Destroy may not be called from edit mode! Use DestroyImmediate instead.
Destroying an object in edit mode destroys it permanently
UnityEngine.Debug:ExtractStackTraceNoAlloc (byte*,int,string)
UnityEngine.StackTraceUtility:ExtractStackTrace () (at /Users/bokken/build/output/unity/unity/Runtime/Export/Scripting/StackTrace.cs:35)
UnityEngine.Object:Destroy (UnityEngine.Object,single)
UnityEngine.Object:Destroy (UnityEngine.Object) (at /Users/bokken/build/output/unity/unity/Runtime/Export/Scripting/UnityEngineObject.bindings.cs:707)
VoxelEngine.Rendering.Runtime.Vegetation.ProceduralTreeRenderer:DestroyBatchObjects (VoxelEngine.Rendering.Runtime.Vegetation.ProceduralTreeRenderer/BatchPresentation) (at Assets/VoxelEngine/Rendering/Runtime/Vegetation/ProceduralTreeRenderer.cs:1081)
VoxelEngine.Rendering.Runtime.Vegetation.ProceduralTreeRenderer:ClearBatches () (at Assets/VoxelEngine/Rendering/Runtime/Vegetation/ProceduralTreeRenderer.cs:1092)
VoxelEngine.Rendering.Runtime.Vegetation.ProceduralTreeRenderer:ClearGenerated () (at Assets/VoxelEngine/Rendering/Runtime/Vegetation/ProceduralTreeRenderer.cs:1106)
VoxelEngine.Rendering.Runtime.Vegetation.ProceduralTreeRenderer:OnDestroy () (at Assets/VoxelEngine/Rendering/Runtime/Vegetation/ProceduralTreeRenderer.cs:1115)
UnityEditor.TestTools.TestRunner.CommandLineTest.Executer:ExitApplication (UnityEditor.TestTools.TestRunner.CommandLineTest.Executer/ReturnCodes,string) (at ./Library/PackageCache/com.unity.test-framework@1405238725ab/UnityEditor.TestRunner/CommandLineTest/Executer.cs:83)
UnityEditor.TestTools.TestRunner.CommandLineTest.Executer:ExitIfRunIsCompleted () (at ./Library/PackageCache/com.unity.test-framework@1405238725ab/UnityEditor.TestRunner/CommandLineTest/Executer.cs:74)
UnityEditor.EditorApplication:Internal_CallUpdateFunctions () (at /Users/bokken/build/output/unity/unity/Editor/Mono/EditorApplication.cs:403)

[Assets/VoxelEngine/Rendering/Runtime/Vegetation/ProceduralTreeRenderer.cs line 1081]

Tree Batch 1,6: Destroy may not be called from edit mode! Use DestroyImmediate instead.
Destroying an object in edit mode destroys it permanently
UnityEngine.Debug:ExtractStackTraceNoAlloc (byte*,int,string)
UnityEngine.StackTraceUtility:ExtractStackTrace () (at /Users/bokken/build/output/unity/unity/Runtime/Export/Scripting/StackTrace.cs:35)
UnityEngine.Object:Destroy (UnityEngine.Object,single)
UnityEngine.Object:Destroy (UnityEngine.Object) (at /Users/bokken/build/output/unity/unity/Runtime/Export/Scripting/UnityEngineObject.bindings.cs:707)
VoxelEngine.Rendering.Runtime.Vegetation.ProceduralTreeRenderer:DestroyBatchObjects (VoxelEngine.Rendering.Runtime.Vegetation.ProceduralTreeRenderer/BatchPresentation) (at Assets/VoxelEngine/Rendering/Runtime/Vegetation/ProceduralTreeRenderer.cs:1085)
VoxelEngine.Rendering.Runtime.Vegetation.ProceduralTreeRenderer:ClearBatches () (at Assets/VoxelEngine/Rendering/Runtime/Vegetation/ProceduralTreeRenderer.cs:1092)
VoxelEngine.Rendering.Runtime.Vegetation.ProceduralTreeRenderer:ClearGenerated () (at Assets/VoxelEngine/Rendering/Runtime/Vegetation/ProceduralTreeRenderer.cs:1106)
VoxelEngine.Rendering.Runtime.Vegetation.ProceduralTreeRenderer:OnDestroy () (at Assets/VoxelEngine/Rendering/Runtime/Vegetation/ProceduralTreeRenderer.cs:1115)
UnityEditor.TestTools.TestRunner.CommandLineTest.Executer:ExitApplication (UnityEditor.TestTools.TestRunner.CommandLineTest.Executer/ReturnCodes,string) (at ./Library/PackageCache/com.unity.test-framework@1405238725ab/UnityEditor.TestRunner/CommandLineTest/Executer.cs:83)
UnityEditor.TestTools.TestRunner.CommandLineTest.Executer:ExitIfRunIsCompleted () (at ./Library/PackageCache/com.unity.test-framework@1405238725ab/UnityEditor.TestRunner/CommandLineTest/Executer.cs:74)
UnityEditor.EditorApplication:Internal_CallUpdateFunctions () (at /Users/bokken/build/output/unity/unity/Editor/Mono/EditorApplication.cs:403)

[Assets/VoxelEngine/Rendering/Runtime/Vegetation/ProceduralTreeRenderer.cs line 1085]

TreeBatch_2_6_LOD0: Destroy may not be called from edit mode! Use DestroyImmediate instead.
Destroying an object in edit mode destroys it permanently
UnityEngine.Debug:ExtractStackTraceNoAlloc (byte*,int,string)
UnityEngine.StackTraceUtility:ExtractStackTrace () (at /Users/bokken/build/output/unity/unity/Runtime/Export/Scripting/StackTrace.cs:35)
UnityEngine.Object:Destroy (UnityEngine.Object,single)
UnityEngine.Object:Destroy (UnityEngine.Object) (at /Users/bokken/build/output/unity/unity/Runtime/Export/Scripting/UnityEngineObject.bindings.cs:707)
VoxelEngine.Rendering.Runtime.Vegetation.ProceduralTreeRenderer:DestroyBatchObjects (VoxelEngine.Rendering.Runtime.Vegetation.ProceduralTreeRenderer/BatchPresentation) (at Assets/VoxelEngine/Rendering/Runtime/Vegetation/ProceduralTreeRenderer.cs:1079)
VoxelEngine.Rendering.Runtime.Vegetation.ProceduralTreeRenderer:ClearBatches () (at Assets/VoxelEngine/Rendering/Runtime/Vegetation/ProceduralTreeRenderer.cs:1092)
VoxelEngine.Rendering.Runtime.Vegetation.ProceduralTreeRenderer:ClearGenerated () (at Assets/VoxelEngine/Rendering/Runtime/Vegetation/ProceduralTreeRenderer.cs:1106)
VoxelEngine.Rendering.Runtime.Vegetation.ProceduralTreeRenderer:OnDestroy () (at Assets/VoxelEngine/Rendering/Runtime/Vegetation/ProceduralTreeRenderer.cs:1115)
UnityEditor.TestTools.TestRunner.CommandLineTest.Executer:ExitApplication (UnityEditor.TestTools.TestRunner.CommandLineTest.Executer/ReturnCodes,string) (at ./Library/PackageCache/com.unity.test-framework@1405238725ab/UnityEditor.TestRunner/CommandLineTest/Executer.cs:83)
UnityEditor.TestTools.TestRunner.CommandLineTest.Executer:ExitIfRunIsCompleted () (at ./Library/PackageCache/com.unity.test-framework@1405238725ab/UnityEditor.TestRunner/CommandLineTest/Executer.cs:74)
UnityEditor.EditorApplication:Internal_CallUpdateFunctions () (at /Users/bokken/build/output/unity/unity/Editor/Mono/EditorApplication.cs:403)

[Assets/VoxelEngine/Rendering/Runtime/Vegetation/ProceduralTreeRenderer.cs line 1079]

TreeBatch_2_6_LOD1: Destroy may not be called from edit mode! Use DestroyImmediate instead.
Destroying an object in edit mode destroys it permanently
UnityEngine.Debug:ExtractStackTraceNoAlloc (byte*,int,string)
UnityEngine.StackTraceUtility:ExtractStackTrace () (at /Users/bokken/build/output/unity/unity/Runtime/Export/Scripting/StackTrace.cs:35)
UnityEngine.Object:Destroy (UnityEngine.Object,single)
UnityEngine.Object:Destroy (UnityEngine.Object) (at /Users/bokken/build/output/unity/unity/Runtime/Export/Scripting/UnityEngineObject.bindings.cs:707)
VoxelEngine.Rendering.Runtime.Vegetation.ProceduralTreeRenderer:DestroyBatchObjects (VoxelEngine.Rendering.Runtime.Vegetation.ProceduralTreeRenderer/BatchPresentation) (at Assets/VoxelEngine/Rendering/Runtime/Vegetation/ProceduralTreeRenderer.cs:1079)
VoxelEngine.Rendering.Runtime.Vegetation.ProceduralTreeRenderer:ClearBatches () (at Assets/VoxelEngine/Rendering/Runtime/Vegetation/ProceduralTreeRenderer.cs:1092)
VoxelEngine.Rendering.Runtime.Vegetation.ProceduralTreeRenderer:ClearGenerated () (at Assets/VoxelEngine/Rendering/Runtime/Vegetation/ProceduralTreeRenderer.cs:1106)
VoxelEngine.Rendering.Runtime.Vegetation.ProceduralTreeRenderer:OnDestroy () (at Assets/VoxelEngine/Rendering/Runtime/Vegetation/ProceduralTreeRenderer.cs:1115)
UnityEditor.TestTools.TestRunner.CommandLineTest.Executer:ExitApplication (UnityEditor.TestTools.TestRunner.CommandLineTest.Executer/ReturnCodes,string) (at ./Library/PackageCache/com.unity.test-framework@1405238725ab/UnityEditor.TestRunner/CommandLineTest/Executer.cs:83)
UnityEditor.TestTools.TestRunner.CommandLineTest.Executer:ExitIfRunIsCompleted () (at ./Library/PackageCache/com.unity.test-framework@1405238725ab/UnityEditor.TestRunner/CommandLineTest/Executer.cs:74)
UnityEditor.EditorApplication:Internal_CallUpdateFunctions () (at /Users/bokken/build/output/unity/unity/Editor/Mono/EditorApplication.cs:403)

[Assets/VoxelEngine/Rendering/Runtime/Vegetation/ProceduralTreeRenderer.cs line 1079]

TreeBatch_2_6_LOD2: Destroy may not be called from edit mode! Use DestroyImmediate instead.
Destroying an object in edit mode destroys it permanently
UnityEngine.Debug:ExtractStackTraceNoAlloc (byte*,int,string)
UnityEngine.StackTraceUtility:ExtractStackTrace () (at /Users/bokken/build/output/unity/unity/Runtime/Export/Scripting/StackTrace.cs:35)
UnityEngine.Object:Destroy (UnityEngine.Object,single)
UnityEngine.Object:Destroy (UnityEngine.Object) (at /Users/bokken/build/output/unity/unity/Runtime/Export/Scripting/UnityEngineObject.bindings.cs:707)
VoxelEngine.Rendering.Runtime.Vegetation.ProceduralTreeRenderer:DestroyBatchObjects (VoxelEngine.Rendering.Runtime.Vegetation.ProceduralTreeRenderer/BatchPresentation) (at Assets/VoxelEngine/Rendering/Runtime/Vegetation/ProceduralTreeRenderer.cs:1079)
VoxelEngine.Rendering.Runtime.Vegetation.ProceduralTreeRenderer:ClearBatches () (at Assets/VoxelEngine/Rendering/Runtime/Vegetation/ProceduralTreeRenderer.cs:1092)
VoxelEngine.Rendering.Runtime.Vegetation.ProceduralTreeRenderer:ClearGenerated () (at Assets/VoxelEngine/Rendering/Runtime/Vegetation/ProceduralTreeRenderer.cs:1106)
VoxelEngine.Rendering.Runtime.Vegetation.ProceduralTreeRenderer:OnDestroy () (at Assets/VoxelEngine/Rendering/Runtime/Vegetation/ProceduralTreeRenderer.cs:1115)
UnityEditor.TestTools.TestRunner.CommandLineTest.Executer:ExitApplication (UnityEditor.TestTools.TestRunner.CommandLineTest.Executer/ReturnCodes,string) (at ./Library/PackageCache/com.unity.test-framework@1405238725ab/UnityEditor.TestRunner/CommandLineTest/Executer.cs:83)
UnityEditor.TestTools.TestRunner.CommandLineTest.Executer:ExitIfRunIsCompleted () (at ./Library/PackageCache/com.unity.test-framework@1405238725ab/UnityEditor.TestRunner/CommandLineTest/Executer.cs:74)
UnityEditor.EditorApplication:Internal_CallUpdateFunctions () (at /Users/bokken/build/output/unity/unity/Editor/Mono/EditorApplication.cs:403)

[Assets/VoxelEngine/Rendering/Runtime/Vegetation/ProceduralTreeRenderer.cs line 1079]

TreeBatch_2_6_LOD3: Destroy may not be called from edit mode! Use DestroyImmediate instead.
Destroying an object in edit mode destroys it permanently
UnityEngine.Debug:ExtractStackTraceNoAlloc (byte*,int,string)
UnityEngine.StackTraceUtility:ExtractStackTrace () (at /Users/bokken/build/output/unity/unity/Runtime/Export/Scripting/StackTrace.cs:35)
UnityEngine.Object:Destroy (UnityEngine.Object,single)
UnityEngine.Object:Destroy (UnityEngine.Object) (at /Users/bokken/build/output/unity/unity/Runtime/Export/Scripting/UnityEngineObject.bindings.cs:707)
VoxelEngine.Rendering.Runtime.Vegetation.ProceduralTreeRenderer:DestroyBatchObjects (VoxelEngine.Rendering.Runtime.Vegetation.ProceduralTreeRenderer/BatchPresentation) (at Assets/VoxelEngine/Rendering/Runtime/Vegetation/ProceduralTreeRenderer.cs:1081)
VoxelEngine.Rendering.Runtime.Vegetation.ProceduralTreeRenderer:ClearBatches () (at Assets/VoxelEngine/Rendering/Runtime/Vegetation/ProceduralTreeRenderer.cs:1092)
VoxelEngine.Rendering.Runtime.Vegetation.ProceduralTreeRenderer:ClearGenerated () (at Assets/VoxelEngine/Rendering/Runtime/Vegetation/ProceduralTreeRenderer.cs:1106)
VoxelEngine.Rendering.Runtime.Vegetation.ProceduralTreeRenderer:OnDestroy () (at Assets/VoxelEngine/Rendering/Runtime/Vegetation/ProceduralTreeRenderer.cs:1115)
UnityEditor.TestTools.TestRunner.CommandLineTest.Executer:ExitApplication (UnityEditor.TestTools.TestRunner.CommandLineTest.Executer/ReturnCodes,string) (at ./Library/PackageCache/com.unity.test-framework@1405238725ab/UnityEditor.TestRunner/CommandLineTest/Executer.cs:83)
UnityEditor.TestTools.TestRunner.CommandLineTest.Executer:ExitIfRunIsCompleted () (at ./Library/PackageCache/com.unity.test-framework@1405238725ab/UnityEditor.TestRunner/CommandLineTest/Executer.cs:74)
UnityEditor.EditorApplication:Internal_CallUpdateFunctions () (at /Users/bokken/build/output/unity/unity/Editor/Mono/EditorApplication.cs:403)

[Assets/VoxelEngine/Rendering/Runtime/Vegetation/ProceduralTreeRenderer.cs line 1081]

Tree Batch 2,6: Destroy may not be called from edit mode! Use DestroyImmediate instead.
Destroying an object in edit mode destroys it permanently
UnityEngine.Debug:ExtractStackTraceNoAlloc (byte*,int,string)
UnityEngine.StackTraceUtility:ExtractStackTrace () (at /Users/bokken/build/output/unity/unity/Runtime/Export/Scripting/StackTrace.cs:35)
UnityEngine.Object:Destroy (UnityEngine.Object,single)
UnityEngine.Object:Destroy (UnityEngine.Object) (at /Users/bokken/build/output/unity/unity/Runtime/Export/Scripting/UnityEngineObject.bindings.cs:707)
VoxelEngine.Rendering.Runtime.Vegetation.ProceduralTreeRenderer:DestroyBatchObjects (VoxelEngine.Rendering.Runtime.Vegetation.ProceduralTreeRenderer/BatchPresentation) (at Assets/VoxelEngine/Rendering/Runtime/Vegetation/ProceduralTreeRenderer.cs:1085)
VoxelEngine.Rendering.Runtime.Vegetation.ProceduralTreeRenderer:ClearBatches () (at Assets/VoxelEngine/Rendering/Runtime/Vegetation/ProceduralTreeRenderer.cs:1092)
VoxelEngine.Rendering.Runtime.Vegetation.ProceduralTreeRenderer:ClearGenerated () (at Assets/VoxelEngine/Rendering/Runtime/Vegetation/ProceduralTreeRenderer.cs:1106)
VoxelEngine.Rendering.Runtime.Vegetation.ProceduralTreeRenderer:OnDestroy () (at Assets/VoxelEngine/Rendering/Runtime/Vegetation/ProceduralTreeRenderer.cs:1115)
UnityEditor.TestTools.TestRunner.CommandLineTest.Executer:ExitApplication (UnityEditor.TestTools.TestRunner.CommandLineTest.Executer/ReturnCodes,string) (at ./Library/PackageCache/com.unity.test-framework@1405238725ab/UnityEditor.TestRunner/CommandLineTest/Executer.cs:83)
UnityEditor.TestTools.TestRunner.CommandLineTest.Executer:ExitIfRunIsCompleted () (at ./Library/PackageCache/com.unity.test-framework@1405238725ab/UnityEditor.TestRunner/CommandLineTest/Executer.cs:74)
UnityEditor.EditorApplication:Internal_CallUpdateFunctions () (at /Users/bokken/build/output/unity/unity/Editor/Mono/EditorApplication.cs:403)

[Assets/VoxelEngine/Rendering/Runtime/Vegetation/ProceduralTreeRenderer.cs line 1085]

TreeBatch_3_6_LOD0: Destroy may not be called from edit mode! Use DestroyImmediate instead.
Destroying an object in edit mode destroys it permanently
UnityEngine.Debug:ExtractStackTraceNoAlloc (byte*,int,string)
UnityEngine.StackTraceUtility:ExtractStackTrace () (at /Users/bokken/build/output/unity/unity/Runtime/Export/Scripting/StackTrace.cs:35)
UnityEngine.Object:Destroy (UnityEngine.Object,single)
UnityEngine.Object:Destroy (UnityEngine.Object) (at /Users/bokken/build/output/unity/unity/Runtime/Export/Scripting/UnityEngineObject.bindings.cs:707)
VoxelEngine.Rendering.Runtime.Vegetation.ProceduralTreeRenderer:DestroyBatchObjects (VoxelEngine.Rendering.Runtime.Vegetation.ProceduralTreeRenderer/BatchPresentation) (at Assets/VoxelEngine/Rendering/Runtime/Vegetation/ProceduralTreeRenderer.cs:1079)
VoxelEngine.Rendering.Runtime.Vegetation.ProceduralTreeRenderer:ClearBatches () (at Assets/VoxelEngine/Rendering/Runtime/Vegetation/ProceduralTreeRenderer.cs:1092)
VoxelEngine.Rendering.Runtime.Vegetation.ProceduralTreeRenderer:ClearGenerated () (at Assets/VoxelEngine/Rendering/Runtime/Vegetation/ProceduralTreeRenderer.cs:1106)
VoxelEngine.Rendering.Runtime.Vegetation.ProceduralTreeRenderer:OnDestroy () (at Assets/VoxelEngine/Rendering/Runtime/Vegetation/ProceduralTreeRenderer.cs:1115)
UnityEditor.TestTools.TestRunner.CommandLineTest.Executer:ExitApplication (UnityEditor.TestTools.TestRunner.CommandLineTest.Executer/ReturnCodes,string) (at ./Library/PackageCache/com.unity.test-framework@1405238725ab/UnityEditor.TestRunner/CommandLineTest/Executer.cs:83)
UnityEditor.TestTools.TestRunner.CommandLineTest.Executer:ExitIfRunIsCompleted () (at ./Library/PackageCache/com.unity.test-framework@1405238725ab/UnityEditor.TestRunner/CommandLineTest/Executer.cs:74)
UnityEditor.EditorApplication:Internal_CallUpdateFunctions () (at /Users/bokken/build/output/unity/unity/Editor/Mono/EditorApplication.cs:403)

[Assets/VoxelEngine/Rendering/Runtime/Vegetation/ProceduralTreeRenderer.cs line 1079]

TreeBatch_3_6_LOD1: Destroy may not be called from edit mode! Use DestroyImmediate instead.
Destroying an object in edit mode destroys it permanently
UnityEngine.Debug:ExtractStackTraceNoAlloc (byte*,int,string)
UnityEngine.StackTraceUtility:ExtractStackTrace () (at /Users/bokken/build/output/unity/unity/Runtime/Export/Scripting/StackTrace.cs:35)
UnityEngine.Object:Destroy (UnityEngine.Object,single)
UnityEngine.Object:Destroy (UnityEngine.Object) (at /Users/bokken/build/output/unity/unity/Runtime/Export/Scripting/UnityEngineObject.bindings.cs:707)
VoxelEngine.Rendering.Runtime.Vegetation.ProceduralTreeRenderer:DestroyBatchObjects (VoxelEngine.Rendering.Runtime.Vegetation.ProceduralTreeRenderer/BatchPresentation) (at Assets/VoxelEngine/Rendering/Runtime/Vegetation/ProceduralTreeRenderer.cs:1079)
VoxelEngine.Rendering.Runtime.Vegetation.ProceduralTreeRenderer:ClearBatches () (at Assets/VoxelEngine/Rendering/Runtime/Vegetation/ProceduralTreeRenderer.cs:1092)
VoxelEngine.Rendering.Runtime.Vegetation.ProceduralTreeRenderer:ClearGenerated () (at Assets/VoxelEngine/Rendering/Runtime/Vegetation/ProceduralTreeRenderer.cs:1106)
VoxelEngine.Rendering.Runtime.Vegetation.ProceduralTreeRenderer:OnDestroy () (at Assets/VoxelEngine/Rendering/Runtime/Vegetation/ProceduralTreeRenderer.cs:1115)
UnityEditor.TestTools.TestRunner.CommandLineTest.Executer:ExitApplication (UnityEditor.TestTools.TestRunner.CommandLineTest.Executer/ReturnCodes,string) (at ./Library/PackageCache/com.unity.test-framework@1405238725ab/UnityEditor.TestRunner/CommandLineTest/Executer.cs:83)
UnityEditor.TestTools.TestRunner.CommandLineTest.Executer:ExitIfRunIsCompleted () (at ./Library/PackageCache/com.unity.test-framework@1405238725ab/UnityEditor.TestRunner/CommandLineTest/Executer.cs:74)
UnityEditor.EditorApplication:Internal_CallUpdateFunctions () (at /Users/bokken/build/output/unity/unity/Editor/Mono/EditorApplication.cs:403)

[Assets/VoxelEngine/Rendering/Runtime/Vegetation/ProceduralTreeRenderer.cs line 1079]

TreeBatch_3_6_LOD2: Destroy may not be called from edit mode! Use DestroyImmediate instead.
Destroying an object in edit mode destroys it permanently
UnityEngine.Debug:ExtractStackTraceNoAlloc (byte*,int,string)
UnityEngine.StackTraceUtility:ExtractStackTrace () (at /Users/bokken/build/output/unity/unity/Runtime/Export/Scripting/StackTrace.cs:35)
UnityEngine.Object:Destroy (UnityEngine.Object,single)
UnityEngine.Object:Destroy (UnityEngine.Object) (at /Users/bokken/build/output/unity/unity/Runtime/Export/Scripting/UnityEngineObject.bindings.cs:707)
VoxelEngine.Rendering.Runtime.Vegetation.ProceduralTreeRenderer:DestroyBatchObjects (VoxelEngine.Rendering.Runtime.Vegetation.ProceduralTreeRenderer/BatchPresentation) (at Assets/VoxelEngine/Rendering/Runtime/Vegetation/ProceduralTreeRenderer.cs:1079)
VoxelEngine.Rendering.Runtime.Vegetation.ProceduralTreeRenderer:ClearBatches () (at Assets/VoxelEngine/Rendering/Runtime/Vegetation/ProceduralTreeRenderer.cs:1092)
VoxelEngine.Rendering.Runtime.Vegetation.ProceduralTreeRenderer:ClearGenerated () (at Assets/VoxelEngine/Rendering/Runtime/Vegetation/ProceduralTreeRenderer.cs:1106)
VoxelEngine.Rendering.Runtime.Vegetation.ProceduralTreeRenderer:OnDestroy () (at Assets/VoxelEngine/Rendering/Runtime/Vegetation/ProceduralTreeRenderer.cs:1115)
UnityEditor.TestTools.TestRunner.CommandLineTest.Executer:ExitApplication (UnityEditor.TestTools.TestRunner.CommandLineTest.Executer/ReturnCodes,string) (at ./Library/PackageCache/com.unity.test-framework@1405238725ab/UnityEditor.TestRunner/CommandLineTest/Executer.cs:83)
UnityEditor.TestTools.TestRunner.CommandLineTest.Executer:ExitIfRunIsCompleted () (at ./Library/PackageCache/com.unity.test-framework@1405238725ab/UnityEditor.TestRunner/CommandLineTest/Executer.cs:74)
UnityEditor.EditorApplication:Internal_CallUpdateFunctions () (at /Users/bokken/build/output/unity/unity/Editor/Mono/EditorApplication.cs:403)

[Assets/VoxelEngine/Rendering/Runtime/Vegetation/ProceduralTreeRenderer.cs line 1079]

TreeBatch_3_6_LOD3: Destroy may not be called from edit mode! Use DestroyImmediate instead.
Destroying an object in edit mode destroys it permanently
UnityEngine.Debug:ExtractStackTraceNoAlloc (byte*,int,string)
UnityEngine.StackTraceUtility:ExtractStackTrace () (at /Users/bokken/build/output/unity/unity/Runtime/Export/Scripting/StackTrace.cs:35)
UnityEngine.Object:Destroy (UnityEngine.Object,single)
UnityEngine.Object:Destroy (UnityEngine.Object) (at /Users/bokken/build/output/unity/unity/Runtime/Export/Scripting/UnityEngineObject.bindings.cs:707)
VoxelEngine.Rendering.Runtime.Vegetation.ProceduralTreeRenderer:DestroyBatchObjects (VoxelEngine.Rendering.Runtime.Vegetation.ProceduralTreeRenderer/BatchPresentation) (at Assets/VoxelEngine/Rendering/Runtime/Vegetation/ProceduralTreeRenderer.cs:1081)
VoxelEngine.Rendering.Runtime.Vegetation.ProceduralTreeRenderer:ClearBatches () (at Assets/VoxelEngine/Rendering/Runtime/Vegetation/ProceduralTreeRenderer.cs:1092)
VoxelEngine.Rendering.Runtime.Vegetation.ProceduralTreeRenderer:ClearGenerated () (at Assets/VoxelEngine/Rendering/Runtime/Vegetation/ProceduralTreeRenderer.cs:1106)
VoxelEngine.Rendering.Runtime.Vegetation.ProceduralTreeRenderer:OnDestroy () (at Assets/VoxelEngine/Rendering/Runtime/Vegetation/ProceduralTreeRenderer.cs:1115)
UnityEditor.TestTools.TestRunner.CommandLineTest.Executer:ExitApplication (UnityEditor.TestTools.TestRunner.CommandLineTest.Executer/ReturnCodes,string) (at ./Library/PackageCache/com.unity.test-framework@1405238725ab/UnityEditor.TestRunner/CommandLineTest/Executer.cs:83)
UnityEditor.TestTools.TestRunner.CommandLineTest.Executer:ExitIfRunIsCompleted () (at ./Library/PackageCache/com.unity.test-framework@1405238725ab/UnityEditor.TestRunner/CommandLineTest/Executer.cs:74)
UnityEditor.EditorApplication:Internal_CallUpdateFunctions () (at /Users/bokken/build/output/unity/unity/Editor/Mono/EditorApplication.cs:403)

[Assets/VoxelEngine/Rendering/Runtime/Vegetation/ProceduralTreeRenderer.cs line 1081]

Tree Batch 3,6: Destroy may not be called from edit mode! Use DestroyImmediate instead.
Destroying an object in edit mode destroys it permanently
UnityEngine.Debug:ExtractStackTraceNoAlloc (byte*,int,string)
UnityEngine.StackTraceUtility:ExtractStackTrace () (at /Users/bokken/build/output/unity/unity/Runtime/Export/Scripting/StackTrace.cs:35)
UnityEngine.Object:Destroy (UnityEngine.Object,single)
UnityEngine.Object:Destroy (UnityEngine.Object) (at /Users/bokken/build/output/unity/unity/Runtime/Export/Scripting/UnityEngineObject.bindings.cs:707)
VoxelEngine.Rendering.Runtime.Vegetation.ProceduralTreeRenderer:DestroyBatchObjects (VoxelEngine.Rendering.Runtime.Vegetation.ProceduralTreeRenderer/BatchPresentation) (at Assets/VoxelEngine/Rendering/Runtime/Vegetation/ProceduralTreeRenderer.cs:1085)
VoxelEngine.Rendering.Runtime.Vegetation.ProceduralTreeRenderer:ClearBatches () (at Assets/VoxelEngine/Rendering/Runtime/Vegetation/ProceduralTreeRenderer.cs:1092)
VoxelEngine.Rendering.Runtime.Vegetation.ProceduralTreeRenderer:ClearGenerated () (at Assets/VoxelEngine/Rendering/Runtime/Vegetation/ProceduralTreeRenderer.cs:1106)
VoxelEngine.Rendering.Runtime.Vegetation.ProceduralTreeRenderer:OnDestroy () (at Assets/VoxelEngine/Rendering/Runtime/Vegetation/ProceduralTreeRenderer.cs:1115)
UnityEditor.TestTools.TestRunner.CommandLineTest.Executer:ExitApplication (UnityEditor.TestTools.TestRunner.CommandLineTest.Executer/ReturnCodes,string) (at ./Library/PackageCache/com.unity.test-framework@1405238725ab/UnityEditor.TestRunner/CommandLineTest/Executer.cs:83)
UnityEditor.TestTools.TestRunner.CommandLineTest.Executer:ExitIfRunIsCompleted () (at ./Library/PackageCache/com.unity.test-framework@1405238725ab/UnityEditor.TestRunner/CommandLineTest/Executer.cs:74)
UnityEditor.EditorApplication:Internal_CallUpdateFunctions () (at /Users/bokken/build/output/unity/unity/Editor/Mono/EditorApplication.cs:403)

[Assets/VoxelEngine/Rendering/Runtime/Vegetation/ProceduralTreeRenderer.cs line 1085]

TreeBatch_4_6_LOD0: Destroy may not be called from edit mode! Use DestroyImmediate instead.
Destroying an object in edit mode destroys it permanently
UnityEngine.Debug:ExtractStackTraceNoAlloc (byte*,int,string)
UnityEngine.StackTraceUtility:ExtractStackTrace () (at /Users/bokken/build/output/unity/unity/Runtime/Export/Scripting/StackTrace.cs:35)
UnityEngine.Object:Destroy (UnityEngine.Object,single)
UnityEngine.Object:Destroy (UnityEngine.Object) (at /Users/bokken/build/output/unity/unity/Runtime/Export/Scripting/UnityEngineObject.bindings.cs:707)
VoxelEngine.Rendering.Runtime.Vegetation.ProceduralTreeRenderer:DestroyBatchObjects (VoxelEngine.Rendering.Runtime.Vegetation.ProceduralTreeRenderer/BatchPresentation) (at Assets/VoxelEngine/Rendering/Runtime/Vegetation/ProceduralTreeRenderer.cs:1079)
VoxelEngine.Rendering.Runtime.Vegetation.ProceduralTreeRenderer:ClearBatches () (at Assets/VoxelEngine/Rendering/Runtime/Vegetation/ProceduralTreeRenderer.cs:1092)
VoxelEngine.Rendering.Runtime.Vegetation.ProceduralTreeRenderer:ClearGenerated () (at Assets/VoxelEngine/Rendering/Runtime/Vegetation/ProceduralTreeRenderer.cs:1106)
VoxelEngine.Rendering.Runtime.Vegetation.ProceduralTreeRenderer:OnDestroy () (at Assets/VoxelEngine/Rendering/Runtime/Vegetation/ProceduralTreeRenderer.cs:1115)
UnityEditor.TestTools.TestRunner.CommandLineTest.Executer:ExitApplication (UnityEditor.TestTools.TestRunner.CommandLineTest.Executer/ReturnCodes,string) (at ./Library/PackageCache/com.unity.test-framework@1405238725ab/UnityEditor.TestRunner/CommandLineTest/Executer.cs:83)
UnityEditor.TestTools.TestRunner.CommandLineTest.Executer:ExitIfRunIsCompleted () (at ./Library/PackageCache/com.unity.test-framework@1405238725ab/UnityEditor.TestRunner/CommandLineTest/Executer.cs:74)
UnityEditor.EditorApplication:Internal_CallUpdateFunctions () (at /Users/bokken/build/output/unity/unity/Editor/Mono/EditorApplication.cs:403)

[Assets/VoxelEngine/Rendering/Runtime/Vegetation/ProceduralTreeRenderer.cs line 1079]

TreeBatch_4_6_LOD1: Destroy may not be called from edit mode! Use DestroyImmediate instead.
Destroying an object in edit mode destroys it permanently
UnityEngine.Debug:ExtractStackTraceNoAlloc (byte*,int,string)
UnityEngine.StackTraceUtility:ExtractStackTrace () (at /Users/bokken/build/output/unity/unity/Runtime/Export/Scripting/StackTrace.cs:35)
UnityEngine.Object:Destroy (UnityEngine.Object,single)
UnityEngine.Object:Destroy (UnityEngine.Object) (at /Users/bokken/build/output/unity/unity/Runtime/Export/Scripting/UnityEngineObject.bindings.cs:707)
VoxelEngine.Rendering.Runtime.Vegetation.ProceduralTreeRenderer:DestroyBatchObjects (VoxelEngine.Rendering.Runtime.Vegetation.ProceduralTreeRenderer/BatchPresentation) (at Assets/VoxelEngine/Rendering/Runtime/Vegetation/ProceduralTreeRenderer.cs:1079)
VoxelEngine.Rendering.Runtime.Vegetation.ProceduralTreeRenderer:ClearBatches () (at Assets/VoxelEngine/Rendering/Runtime/Vegetation/ProceduralTreeRenderer.cs:1092)
VoxelEngine.Rendering.Runtime.Vegetation.ProceduralTreeRenderer:ClearGenerated () (at Assets/VoxelEngine/Rendering/Runtime/Vegetation/ProceduralTreeRenderer.cs:1106)
VoxelEngine.Rendering.Runtime.Vegetation.ProceduralTreeRenderer:OnDestroy () (at Assets/VoxelEngine/Rendering/Runtime/Vegetation/ProceduralTreeRenderer.cs:1115)
UnityEditor.TestTools.TestRunner.CommandLineTest.Executer:ExitApplication (UnityEditor.TestTools.TestRunner.CommandLineTest.Executer/ReturnCodes,string) (at ./Library/PackageCache/com.unity.test-framework@1405238725ab/UnityEditor.TestRunner/CommandLineTest/Executer.cs:83)
UnityEditor.TestTools.TestRunner.CommandLineTest.Executer:ExitIfRunIsCompleted () (at ./Library/PackageCache/com.unity.test-framework@1405238725ab/UnityEditor.TestRunner/CommandLineTest/Executer.cs:74)
UnityEditor.EditorApplication:Internal_CallUpdateFunctions () (at /Users/bokken/build/output/unity/unity/Editor/Mono/EditorApplication.cs:403)

[Assets/VoxelEngine/Rendering/Runtime/Vegetation/ProceduralTreeRenderer.cs line 1079]

TreeBatch_4_6_LOD2: Destroy may not be called from edit mode! Use DestroyImmediate instead.
Destroying an object in edit mode destroys it permanently
UnityEngine.Debug:ExtractStackTraceNoAlloc (byte*,int,string)
UnityEngine.StackTraceUtility:ExtractStackTrace () (at /Users/bokken/build/output/unity/unity/Runtime/Export/Scripting/StackTrace.cs:35)
UnityEngine.Object:Destroy (UnityEngine.Object,single)
UnityEngine.Object:Destroy (UnityEngine.Object) (at /Users/bokken/build/output/unity/unity/Runtime/Export/Scripting/UnityEngineObject.bindings.cs:707)
VoxelEngine.Rendering.Runtime.Vegetation.ProceduralTreeRenderer:DestroyBatchObjects (VoxelEngine.Rendering.Runtime.Vegetation.ProceduralTreeRenderer/BatchPresentation) (at Assets/VoxelEngine/Rendering/Runtime/Vegetation/ProceduralTreeRenderer.cs:1079)
VoxelEngine.Rendering.Runtime.Vegetation.ProceduralTreeRenderer:ClearBatches () (at Assets/VoxelEngine/Rendering/Runtime/Vegetation/ProceduralTreeRenderer.cs:1092)
VoxelEngine.Rendering.Runtime.Vegetation.ProceduralTreeRenderer:ClearGenerated () (at Assets/VoxelEngine/Rendering/Runtime/Vegetation/ProceduralTreeRenderer.cs:1106)
VoxelEngine.Rendering.Runtime.Vegetation.ProceduralTreeRenderer:OnDestroy () (at Assets/VoxelEngine/Rendering/Runtime/Vegetation/ProceduralTreeRenderer.cs:1115)
UnityEditor.TestTools.TestRunner.CommandLineTest.Executer:ExitApplication (UnityEditor.TestTools.TestRunner.CommandLineTest.Executer/ReturnCodes,string) (at ./Library/PackageCache/com.unity.test-framework@1405238725ab/UnityEditor.TestRunner/CommandLineTest/Executer.cs:83)
UnityEditor.TestTools.TestRunner.CommandLineTest.Executer:ExitIfRunIsCompleted () (at ./Library/PackageCache/com.unity.test-framework@1405238725ab/UnityEditor.TestRunner/CommandLineTest/Executer.cs:74)
UnityEditor.EditorApplication:Internal_CallUpdateFunctions () (at /Users/bokken/build/output/unity/unity/Editor/Mono/EditorApplication.cs:403)

[Assets/VoxelEngine/Rendering/Runtime/Vegetation/ProceduralTreeRenderer.cs line 1079]

TreeBatch_4_6_LOD3: Destroy may not be called from edit mode! Use DestroyImmediate instead.
Destroying an object in edit mode destroys it permanently
UnityEngine.Debug:ExtractStackTraceNoAlloc (byte*,int,string)
UnityEngine.StackTraceUtility:ExtractStackTrace () (at /Users/bokken/build/output/unity/unity/Runtime/Export/Scripting/StackTrace.cs:35)
UnityEngine.Object:Destroy (UnityEngine.Object,single)
UnityEngine.Object:Destroy (UnityEngine.Object) (at /Users/bokken/build/output/unity/unity/Runtime/Export/Scripting/UnityEngineObject.bindings.cs:707)
VoxelEngine.Rendering.Runtime.Vegetation.ProceduralTreeRenderer:DestroyBatchObjects (VoxelEngine.Rendering.Runtime.Vegetation.ProceduralTreeRenderer/BatchPresentation) (at Assets/VoxelEngine/Rendering/Runtime/Vegetation/ProceduralTreeRenderer.cs:1081)
VoxelEngine.Rendering.Runtime.Vegetation.ProceduralTreeRenderer:ClearBatches () (at Assets/VoxelEngine/Rendering/Runtime/Vegetation/ProceduralTreeRenderer.cs:1092)
VoxelEngine.Rendering.Runtime.Vegetation.ProceduralTreeRenderer:ClearGenerated () (at Assets/VoxelEngine/Rendering/Runtime/Vegetation/ProceduralTreeRenderer.cs:1106)
VoxelEngine.Rendering.Runtime.Vegetation.ProceduralTreeRenderer:OnDestroy () (at Assets/VoxelEngine/Rendering/Runtime/Vegetation/ProceduralTreeRenderer.cs:1115)
UnityEditor.TestTools.TestRunner.CommandLineTest.Executer:ExitApplication (UnityEditor.TestTools.TestRunner.CommandLineTest.Executer/ReturnCodes,string) (at ./Library/PackageCache/com.unity.test-framework@1405238725ab/UnityEditor.TestRunner/CommandLineTest/Executer.cs:83)
UnityEditor.TestTools.TestRunner.CommandLineTest.Executer:ExitIfRunIsCompleted () (at ./Library/PackageCache/com.unity.test-framework@1405238725ab/UnityEditor.TestRunner/CommandLineTest/Executer.cs:74)
UnityEditor.EditorApplication:Internal_CallUpdateFunctions () (at /Users/bokken/build/output/unity/unity/Editor/Mono/EditorApplication.cs:403)

[Assets/VoxelEngine/Rendering/Runtime/Vegetation/ProceduralTreeRenderer.cs line 1081]

Tree Batch 4,6: Destroy may not be called from edit mode! Use DestroyImmediate instead.
Destroying an object in edit mode destroys it permanently
UnityEngine.Debug:ExtractStackTraceNoAlloc (byte*,int,string)
UnityEngine.StackTraceUtility:ExtractStackTrace () (at /Users/bokken/build/output/unity/unity/Runtime/Export/Scripting/StackTrace.cs:35)
UnityEngine.Object:Destroy (UnityEngine.Object,single)
UnityEngine.Object:Destroy (UnityEngine.Object) (at /Users/bokken/build/output/unity/unity/Runtime/Export/Scripting/UnityEngineObject.bindings.cs:707)
VoxelEngine.Rendering.Runtime.Vegetation.ProceduralTreeRenderer:DestroyBatchObjects (VoxelEngine.Rendering.Runtime.Vegetation.ProceduralTreeRenderer/BatchPresentation) (at Assets/VoxelEngine/Rendering/Runtime/Vegetation/ProceduralTreeRenderer.cs:1085)
VoxelEngine.Rendering.Runtime.Vegetation.ProceduralTreeRenderer:ClearBatches () (at Assets/VoxelEngine/Rendering/Runtime/Vegetation/ProceduralTreeRenderer.cs:1092)
VoxelEngine.Rendering.Runtime.Vegetation.ProceduralTreeRenderer:ClearGenerated () (at Assets/VoxelEngine/Rendering/Runtime/Vegetation/ProceduralTreeRenderer.cs:1106)
VoxelEngine.Rendering.Runtime.Vegetation.ProceduralTreeRenderer:OnDestroy () (at Assets/VoxelEngine/Rendering/Runtime/Vegetation/ProceduralTreeRenderer.cs:1115)
UnityEditor.TestTools.TestRunner.CommandLineTest.Executer:ExitApplication (UnityEditor.TestTools.TestRunner.CommandLineTest.Executer/ReturnCodes,string) (at ./Library/PackageCache/com.unity.test-framework@1405238725ab/UnityEditor.TestRunner/CommandLineTest/Executer.cs:83)
UnityEditor.TestTools.TestRunner.CommandLineTest.Executer:ExitIfRunIsCompleted () (at ./Library/PackageCache/com.unity.test-framework@1405238725ab/UnityEditor.TestRunner/CommandLineTest/Executer.cs:74)
UnityEditor.EditorApplication:Internal_CallUpdateFunctions () (at /Users/bokken/build/output/unity/unity/Editor/Mono/EditorApplication.cs:403)

[Assets/VoxelEngine/Rendering/Runtime/Vegetation/ProceduralTreeRenderer.cs line 1085]

TreeBatch_5_6_LOD0: Destroy may not be called from edit mode! Use DestroyImmediate instead.
Destroying an object in edit mode destroys it permanently
UnityEngine.Debug:ExtractStackTraceNoAlloc (byte*,int,string)
UnityEngine.StackTraceUtility:ExtractStackTrace () (at /Users/bokken/build/output/unity/unity/Runtime/Export/Scripting/StackTrace.cs:35)
UnityEngine.Object:Destroy (UnityEngine.Object,single)
UnityEngine.Object:Destroy (UnityEngine.Object) (at /Users/bokken/build/output/unity/unity/Runtime/Export/Scripting/UnityEngineObject.bindings.cs:707)
VoxelEngine.Rendering.Runtime.Vegetation.ProceduralTreeRenderer:DestroyBatchObjects (VoxelEngine.Rendering.Runtime.Vegetation.ProceduralTreeRenderer/BatchPresentation) (at Assets/VoxelEngine/Rendering/Runtime/Vegetation/ProceduralTreeRenderer.cs:1079)
VoxelEngine.Rendering.Runtime.Vegetation.ProceduralTreeRenderer:ClearBatches () (at Assets/VoxelEngine/Rendering/Runtime/Vegetation/ProceduralTreeRenderer.cs:1092)
VoxelEngine.Rendering.Runtime.Vegetation.ProceduralTreeRenderer:ClearGenerated () (at Assets/VoxelEngine/Rendering/Runtime/Vegetation/ProceduralTreeRenderer.cs:1106)
VoxelEngine.Rendering.Runtime.Vegetation.ProceduralTreeRenderer:OnDestroy () (at Assets/VoxelEngine/Rendering/Runtime/Vegetation/ProceduralTreeRenderer.cs:1115)
UnityEditor.TestTools.TestRunner.CommandLineTest.Executer:ExitApplication (UnityEditor.TestTools.TestRunner.CommandLineTest.Executer/ReturnCodes,string) (at ./Library/PackageCache/com.unity.test-framework@1405238725ab/UnityEditor.TestRunner/CommandLineTest/Executer.cs:83)
UnityEditor.TestTools.TestRunner.CommandLineTest.Executer:ExitIfRunIsCompleted () (at ./Library/PackageCache/com.unity.test-framework@1405238725ab/UnityEditor.TestRunner/CommandLineTest/Executer.cs:74)
UnityEditor.EditorApplication:Internal_CallUpdateFunctions () (at /Users/bokken/build/output/unity/unity/Editor/Mono/EditorApplication.cs:403)

[Assets/VoxelEngine/Rendering/Runtime/Vegetation/ProceduralTreeRenderer.cs line 1079]

TreeBatch_5_6_LOD1: Destroy may not be called from edit mode! Use DestroyImmediate instead.
Destroying an object in edit mode destroys it permanently
UnityEngine.Debug:ExtractStackTraceNoAlloc (byte*,int,string)
UnityEngine.StackTraceUtility:ExtractStackTrace () (at /Users/bokken/build/output/unity/unity/Runtime/Export/Scripting/StackTrace.cs:35)
UnityEngine.Object:Destroy (UnityEngine.Object,single)
UnityEngine.Object:Destroy (UnityEngine.Object) (at /Users/bokken/build/output/unity/unity/Runtime/Export/Scripting/UnityEngineObject.bindings.cs:707)
VoxelEngine.Rendering.Runtime.Vegetation.ProceduralTreeRenderer:DestroyBatchObjects (VoxelEngine.Rendering.Runtime.Vegetation.ProceduralTreeRenderer/BatchPresentation) (at Assets/VoxelEngine/Rendering/Runtime/Vegetation/ProceduralTreeRenderer.cs:1079)
VoxelEngine.Rendering.Runtime.Vegetation.ProceduralTreeRenderer:ClearBatches () (at Assets/VoxelEngine/Rendering/Runtime/Vegetation/ProceduralTreeRenderer.cs:1092)
VoxelEngine.Rendering.Runtime.Vegetation.ProceduralTreeRenderer:ClearGenerated () (at Assets/VoxelEngine/Rendering/Runtime/Vegetation/ProceduralTreeRenderer.cs:1106)
VoxelEngine.Rendering.Runtime.Vegetation.ProceduralTreeRenderer:OnDestroy () (at Assets/VoxelEngine/Rendering/Runtime/Vegetation/ProceduralTreeRenderer.cs:1115)
UnityEditor.TestTools.TestRunner.CommandLineTest.Executer:ExitApplication (UnityEditor.TestTools.TestRunner.CommandLineTest.Executer/ReturnCodes,string) (at ./Library/PackageCache/com.unity.test-framework@1405238725ab/UnityEditor.TestRunner/CommandLineTest/Executer.cs:83)
UnityEditor.TestTools.TestRunner.CommandLineTest.Executer:ExitIfRunIsCompleted () (at ./Library/PackageCache/com.unity.test-framework@1405238725ab/UnityEditor.TestRunner/CommandLineTest/Executer.cs:74)
UnityEditor.EditorApplication:Internal_CallUpdateFunctions () (at /Users/bokken/build/output/unity/unity/Editor/Mono/EditorApplication.cs:403)

[Assets/VoxelEngine/Rendering/Runtime/Vegetation/ProceduralTreeRenderer.cs line 1079]

TreeBatch_5_6_LOD2: Destroy may not be called from edit mode! Use DestroyImmediate instead.
Destroying an object in edit mode destroys it permanently
UnityEngine.Debug:ExtractStackTraceNoAlloc (byte*,int,string)
UnityEngine.StackTraceUtility:ExtractStackTrace () (at /Users/bokken/build/output/unity/unity/Runtime/Export/Scripting/StackTrace.cs:35)
UnityEngine.Object:Destroy (UnityEngine.Object,single)
UnityEngine.Object:Destroy (UnityEngine.Object) (at /Users/bokken/build/output/unity/unity/Runtime/Export/Scripting/UnityEngineObject.bindings.cs:707)
VoxelEngine.Rendering.Runtime.Vegetation.ProceduralTreeRenderer:DestroyBatchObjects (VoxelEngine.Rendering.Runtime.Vegetation.ProceduralTreeRenderer/BatchPresentation) (at Assets/VoxelEngine/Rendering/Runtime/Vegetation/ProceduralTreeRenderer.cs:1079)
VoxelEngine.Rendering.Runtime.Vegetation.ProceduralTreeRenderer:ClearBatches () (at Assets/VoxelEngine/Rendering/Runtime/Vegetation/ProceduralTreeRenderer.cs:1092)
VoxelEngine.Rendering.Runtime.Vegetation.ProceduralTreeRenderer:ClearGenerated () (at Assets/VoxelEngine/Rendering/Runtime/Vegetation/ProceduralTreeRenderer.cs:1106)
VoxelEngine.Rendering.Runtime.Vegetation.ProceduralTreeRenderer:OnDestroy () (at Assets/VoxelEngine/Rendering/Runtime/Vegetation/ProceduralTreeRenderer.cs:1115)
UnityEditor.TestTools.TestRunner.CommandLineTest.Executer:ExitApplication (UnityEditor.TestTools.TestRunner.CommandLineTest.Executer/ReturnCodes,string) (at ./Library/PackageCache/com.unity.test-framework@1405238725ab/UnityEditor.TestRunner/CommandLineTest/Executer.cs:83)
UnityEditor.TestTools.TestRunner.CommandLineTest.Executer:ExitIfRunIsCompleted () (at ./Library/PackageCache/com.unity.test-framework@1405238725ab/UnityEditor.TestRunner/CommandLineTest/Executer.cs:74)
UnityEditor.EditorApplication:Internal_CallUpdateFunctions () (at /Users/bokken/build/output/unity/unity/Editor/Mono/EditorApplication.cs:403)

[Assets/VoxelEngine/Rendering/Runtime/Vegetation/ProceduralTreeRenderer.cs line 1079]

TreeBatch_5_6_LOD3: Destroy may not be called from edit mode! Use DestroyImmediate instead.
Destroying an object in edit mode destroys it permanently
UnityEngine.Debug:ExtractStackTraceNoAlloc (byte*,int,string)
UnityEngine.StackTraceUtility:ExtractStackTrace () (at /Users/bokken/build/output/unity/unity/Runtime/Export/Scripting/StackTrace.cs:35)
UnityEngine.Object:Destroy (UnityEngine.Object,single)
UnityEngine.Object:Destroy (UnityEngine.Object) (at /Users/bokken/build/output/unity/unity/Runtime/Export/Scripting/UnityEngineObject.bindings.cs:707)
VoxelEngine.Rendering.Runtime.Vegetation.ProceduralTreeRenderer:DestroyBatchObjects (VoxelEngine.Rendering.Runtime.Vegetation.ProceduralTreeRenderer/BatchPresentation) (at Assets/VoxelEngine/Rendering/Runtime/Vegetation/ProceduralTreeRenderer.cs:1081)
VoxelEngine.Rendering.Runtime.Vegetation.ProceduralTreeRenderer:ClearBatches () (at Assets/VoxelEngine/Rendering/Runtime/Vegetation/ProceduralTreeRenderer.cs:1092)
VoxelEngine.Rendering.Runtime.Vegetation.ProceduralTreeRenderer:ClearGenerated () (at Assets/VoxelEngine/Rendering/Runtime/Vegetation/ProceduralTreeRenderer.cs:1106)
VoxelEngine.Rendering.Runtime.Vegetation.ProceduralTreeRenderer:OnDestroy () (at Assets/VoxelEngine/Rendering/Runtime/Vegetation/ProceduralTreeRenderer.cs:1115)
UnityEditor.TestTools.TestRunner.CommandLineTest.Executer:ExitApplication (UnityEditor.TestTools.TestRunner.CommandLineTest.Executer/ReturnCodes,string) (at ./Library/PackageCache/com.unity.test-framework@1405238725ab/UnityEditor.TestRunner/CommandLineTest/Executer.cs:83)
UnityEditor.TestTools.TestRunner.CommandLineTest.Executer:ExitIfRunIsCompleted () (at ./Library/PackageCache/com.unity.test-framework@1405238725ab/UnityEditor.TestRunner/CommandLineTest/Executer.cs:74)
UnityEditor.EditorApplication:Internal_CallUpdateFunctions () (at /Users/bokken/build/output/unity/unity/Editor/Mono/EditorApplication.cs:403)

[Assets/VoxelEngine/Rendering/Runtime/Vegetation/ProceduralTreeRenderer.cs line 1081]

Tree Batch 5,6: Destroy may not be called from edit mode! Use DestroyImmediate instead.
Destroying an object in edit mode destroys it permanently
UnityEngine.Debug:ExtractStackTraceNoAlloc (byte*,int,string)
UnityEngine.StackTraceUtility:ExtractStackTrace () (at /Users/bokken/build/output/unity/unity/Runtime/Export/Scripting/StackTrace.cs:35)
UnityEngine.Object:Destroy (UnityEngine.Object,single)
UnityEngine.Object:Destroy (UnityEngine.Object) (at /Users/bokken/build/output/unity/unity/Runtime/Export/Scripting/UnityEngineObject.bindings.cs:707)
VoxelEngine.Rendering.Runtime.Vegetation.ProceduralTreeRenderer:DestroyBatchObjects (VoxelEngine.Rendering.Runtime.Vegetation.ProceduralTreeRenderer/BatchPresentation) (at Assets/VoxelEngine/Rendering/Runtime/Vegetation/ProceduralTreeRenderer.cs:1085)
VoxelEngine.Rendering.Runtime.Vegetation.ProceduralTreeRenderer:ClearBatches () (at Assets/VoxelEngine/Rendering/Runtime/Vegetation/ProceduralTreeRenderer.cs:1092)
VoxelEngine.Rendering.Runtime.Vegetation.ProceduralTreeRenderer:ClearGenerated () (at Assets/VoxelEngine/Rendering/Runtime/Vegetation/ProceduralTreeRenderer.cs:1106)
VoxelEngine.Rendering.Runtime.Vegetation.ProceduralTreeRenderer:OnDestroy () (at Assets/VoxelEngine/Rendering/Runtime/Vegetation/ProceduralTreeRenderer.cs:1115)
UnityEditor.TestTools.TestRunner.CommandLineTest.Executer:ExitApplication (UnityEditor.TestTools.TestRunner.CommandLineTest.Executer/ReturnCodes,string) (at ./Library/PackageCache/com.unity.test-framework@1405238725ab/UnityEditor.TestRunner/CommandLineTest/Executer.cs:83)
UnityEditor.TestTools.TestRunner.CommandLineTest.Executer:ExitIfRunIsCompleted () (at ./Library/PackageCache/com.unity.test-framework@1405238725ab/UnityEditor.TestRunner/CommandLineTest/Executer.cs:74)
UnityEditor.EditorApplication:Internal_CallUpdateFunctions () (at /Users/bokken/build/output/unity/unity/Editor/Mono/EditorApplication.cs:403)

[Assets/VoxelEngine/Rendering/Runtime/Vegetation/ProceduralTreeRenderer.cs line 1085]

TreeBatch_6_6_LOD0: Destroy may not be called from edit mode! Use DestroyImmediate instead.
Destroying an object in edit mode destroys it permanently
UnityEngine.Debug:ExtractStackTraceNoAlloc (byte*,int,string)
UnityEngine.StackTraceUtility:ExtractStackTrace () (at /Users/bokken/build/output/unity/unity/Runtime/Export/Scripting/StackTrace.cs:35)
UnityEngine.Object:Destroy (UnityEngine.Object,single)
UnityEngine.Object:Destroy (UnityEngine.Object) (at /Users/bokken/build/output/unity/unity/Runtime/Export/Scripting/UnityEngineObject.bindings.cs:707)
VoxelEngine.Rendering.Runtime.Vegetation.ProceduralTreeRenderer:DestroyBatchObjects (VoxelEngine.Rendering.Runtime.Vegetation.ProceduralTreeRenderer/BatchPresentation) (at Assets/VoxelEngine/Rendering/Runtime/Vegetation/ProceduralTreeRenderer.cs:1079)
VoxelEngine.Rendering.Runtime.Vegetation.ProceduralTreeRenderer:ClearBatches () (at Assets/VoxelEngine/Rendering/Runtime/Vegetation/ProceduralTreeRenderer.cs:1092)
VoxelEngine.Rendering.Runtime.Vegetation.ProceduralTreeRenderer:ClearGenerated () (at Assets/VoxelEngine/Rendering/Runtime/Vegetation/ProceduralTreeRenderer.cs:1106)
VoxelEngine.Rendering.Runtime.Vegetation.ProceduralTreeRenderer:OnDestroy () (at Assets/VoxelEngine/Rendering/Runtime/Vegetation/ProceduralTreeRenderer.cs:1115)
UnityEditor.TestTools.TestRunner.CommandLineTest.Executer:ExitApplication (UnityEditor.TestTools.TestRunner.CommandLineTest.Executer/ReturnCodes,string) (at ./Library/PackageCache/com.unity.test-framework@1405238725ab/UnityEditor.TestRunner/CommandLineTest/Executer.cs:83)
UnityEditor.TestTools.TestRunner.CommandLineTest.Executer:ExitIfRunIsCompleted () (at ./Library/PackageCache/com.unity.test-framework@1405238725ab/UnityEditor.TestRunner/CommandLineTest/Executer.cs:74)
UnityEditor.EditorApplication:Internal_CallUpdateFunctions () (at /Users/bokken/build/output/unity/unity/Editor/Mono/EditorApplication.cs:403)

[Assets/VoxelEngine/Rendering/Runtime/Vegetation/ProceduralTreeRenderer.cs line 1079]

TreeBatch_6_6_LOD1: Destroy may not be called from edit mode! Use DestroyImmediate instead.
Destroying an object in edit mode destroys it permanently
UnityEngine.Debug:ExtractStackTraceNoAlloc (byte*,int,string)
UnityEngine.StackTraceUtility:ExtractStackTrace () (at /Users/bokken/build/output/unity/unity/Runtime/Export/Scripting/StackTrace.cs:35)
UnityEngine.Object:Destroy (UnityEngine.Object,single)
UnityEngine.Object:Destroy (UnityEngine.Object) (at /Users/bokken/build/output/unity/unity/Runtime/Export/Scripting/UnityEngineObject.bindings.cs:707)
VoxelEngine.Rendering.Runtime.Vegetation.ProceduralTreeRenderer:DestroyBatchObjects (VoxelEngine.Rendering.Runtime.Vegetation.ProceduralTreeRenderer/BatchPresentation) (at Assets/VoxelEngine/Rendering/Runtime/Vegetation/ProceduralTreeRenderer.cs:1079)
VoxelEngine.Rendering.Runtime.Vegetation.ProceduralTreeRenderer:ClearBatches () (at Assets/VoxelEngine/Rendering/Runtime/Vegetation/ProceduralTreeRenderer.cs:1092)
VoxelEngine.Rendering.Runtime.Vegetation.ProceduralTreeRenderer:ClearGenerated () (at Assets/VoxelEngine/Rendering/Runtime/Vegetation/ProceduralTreeRenderer.cs:1106)
VoxelEngine.Rendering.Runtime.Vegetation.ProceduralTreeRenderer:OnDestroy () (at Assets/VoxelEngine/Rendering/Runtime/Vegetation/ProceduralTreeRenderer.cs:1115)
UnityEditor.TestTools.TestRunner.CommandLineTest.Executer:ExitApplication (UnityEditor.TestTools.TestRunner.CommandLineTest.Executer/ReturnCodes,string) (at ./Library/PackageCache/com.unity.test-framework@1405238725ab/UnityEditor.TestRunner/CommandLineTest/Executer.cs:83)
UnityEditor.TestTools.TestRunner.CommandLineTest.Executer:ExitIfRunIsCompleted () (at ./Library/PackageCache/com.unity.test-framework@1405238725ab/UnityEditor.TestRunner/CommandLineTest/Executer.cs:74)
UnityEditor.EditorApplication:Internal_CallUpdateFunctions () (at /Users/bokken/build/output/unity/unity/Editor/Mono/EditorApplication.cs:403)

[Assets/VoxelEngine/Rendering/Runtime/Vegetation/ProceduralTreeRenderer.cs line 1079]

TreeBatch_6_6_LOD2: Destroy may not be called from edit mode! Use DestroyImmediate instead.
Destroying an object in edit mode destroys it permanently
UnityEngine.Debug:ExtractStackTraceNoAlloc (byte*,int,string)
UnityEngine.StackTraceUtility:ExtractStackTrace () (at /Users/bokken/build/output/unity/unity/Runtime/Export/Scripting/StackTrace.cs:35)
UnityEngine.Object:Destroy (UnityEngine.Object,single)
UnityEngine.Object:Destroy (UnityEngine.Object) (at /Users/bokken/build/output/unity/unity/Runtime/Export/Scripting/UnityEngineObject.bindings.cs:707)
VoxelEngine.Rendering.Runtime.Vegetation.ProceduralTreeRenderer:DestroyBatchObjects (VoxelEngine.Rendering.Runtime.Vegetation.ProceduralTreeRenderer/BatchPresentation) (at Assets/VoxelEngine/Rendering/Runtime/Vegetation/ProceduralTreeRenderer.cs:1079)
VoxelEngine.Rendering.Runtime.Vegetation.ProceduralTreeRenderer:ClearBatches () (at Assets/VoxelEngine/Rendering/Runtime/Vegetation/ProceduralTreeRenderer.cs:1092)
VoxelEngine.Rendering.Runtime.Vegetation.ProceduralTreeRenderer:ClearGenerated () (at Assets/VoxelEngine/Rendering/Runtime/Vegetation/ProceduralTreeRenderer.cs:1106)
VoxelEngine.Rendering.Runtime.Vegetation.ProceduralTreeRenderer:OnDestroy () (at Assets/VoxelEngine/Rendering/Runtime/Vegetation/ProceduralTreeRenderer.cs:1115)
UnityEditor.TestTools.TestRunner.CommandLineTest.Executer:ExitApplication (UnityEditor.TestTools.TestRunner.CommandLineTest.Executer/ReturnCodes,string) (at ./Library/PackageCache/com.unity.test-framework@1405238725ab/UnityEditor.TestRunner/CommandLineTest/Executer.cs:83)
UnityEditor.TestTools.TestRunner.CommandLineTest.Executer:ExitIfRunIsCompleted () (at ./Library/PackageCache/com.unity.test-framework@1405238725ab/UnityEditor.TestRunner/CommandLineTest/Executer.cs:74)
UnityEditor.EditorApplication:Internal_CallUpdateFunctions () (at /Users/bokken/build/output/unity/unity/Editor/Mono/EditorApplication.cs:403)

[Assets/VoxelEngine/Rendering/Runtime/Vegetation/ProceduralTreeRenderer.cs line 1079]

TreeBatch_6_6_LOD3: Destroy may not be called from edit mode! Use DestroyImmediate instead.
Destroying an object in edit mode destroys it permanently
UnityEngine.Debug:ExtractStackTraceNoAlloc (byte*,int,string)
UnityEngine.StackTraceUtility:ExtractStackTrace () (at /Users/bokken/build/output/unity/unity/Runtime/Export/Scripting/StackTrace.cs:35)
UnityEngine.Object:Destroy (UnityEngine.Object,single)
UnityEngine.Object:Destroy (UnityEngine.Object) (at /Users/bokken/build/output/unity/unity/Runtime/Export/Scripting/UnityEngineObject.bindings.cs:707)
VoxelEngine.Rendering.Runtime.Vegetation.ProceduralTreeRenderer:DestroyBatchObjects (VoxelEngine.Rendering.Runtime.Vegetation.ProceduralTreeRenderer/BatchPresentation) (at Assets/VoxelEngine/Rendering/Runtime/Vegetation/ProceduralTreeRenderer.cs:1081)
VoxelEngine.Rendering.Runtime.Vegetation.ProceduralTreeRenderer:ClearBatches () (at Assets/VoxelEngine/Rendering/Runtime/Vegetation/ProceduralTreeRenderer.cs:1092)
VoxelEngine.Rendering.Runtime.Vegetation.ProceduralTreeRenderer:ClearGenerated () (at Assets/VoxelEngine/Rendering/Runtime/Vegetation/ProceduralTreeRenderer.cs:1106)
VoxelEngine.Rendering.Runtime.Vegetation.ProceduralTreeRenderer:OnDestroy () (at Assets/VoxelEngine/Rendering/Runtime/Vegetation/ProceduralTreeRenderer.cs:1115)
UnityEditor.TestTools.TestRunner.CommandLineTest.Executer:ExitApplication (UnityEditor.TestTools.TestRunner.CommandLineTest.Executer/ReturnCodes,string) (at ./Library/PackageCache/com.unity.test-framework@1405238725ab/UnityEditor.TestRunner/CommandLineTest/Executer.cs:83)
UnityEditor.TestTools.TestRunner.CommandLineTest.Executer:ExitIfRunIsCompleted () (at ./Library/PackageCache/com.unity.test-framework@1405238725ab/UnityEditor.TestRunner/CommandLineTest/Executer.cs:74)
UnityEditor.EditorApplication:Internal_CallUpdateFunctions () (at /Users/bokken/build/output/unity/unity/Editor/Mono/EditorApplication.cs:403)

[Assets/VoxelEngine/Rendering/Runtime/Vegetation/ProceduralTreeRenderer.cs line 1081]

Tree Batch 6,6: Destroy may not be called from edit mode! Use DestroyImmediate instead.
Destroying an object in edit mode destroys it permanently
UnityEngine.Debug:ExtractStackTraceNoAlloc (byte*,int,string)
UnityEngine.StackTraceUtility:ExtractStackTrace () (at /Users/bokken/build/output/unity/unity/Runtime/Export/Scripting/StackTrace.cs:35)
UnityEngine.Object:Destroy (UnityEngine.Object,single)
UnityEngine.Object:Destroy (UnityEngine.Object) (at /Users/bokken/build/output/unity/unity/Runtime/Export/Scripting/UnityEngineObject.bindings.cs:707)
VoxelEngine.Rendering.Runtime.Vegetation.ProceduralTreeRenderer:DestroyBatchObjects (VoxelEngine.Rendering.Runtime.Vegetation.ProceduralTreeRenderer/BatchPresentation) (at Assets/VoxelEngine/Rendering/Runtime/Vegetation/ProceduralTreeRenderer.cs:1085)
VoxelEngine.Rendering.Runtime.Vegetation.ProceduralTreeRenderer:ClearBatches () (at Assets/VoxelEngine/Rendering/Runtime/Vegetation/ProceduralTreeRenderer.cs:1092)
VoxelEngine.Rendering.Runtime.Vegetation.ProceduralTreeRenderer:ClearGenerated () (at Assets/VoxelEngine/Rendering/Runtime/Vegetation/ProceduralTreeRenderer.cs:1106)
VoxelEngine.Rendering.Runtime.Vegetation.ProceduralTreeRenderer:OnDestroy () (at Assets/VoxelEngine/Rendering/Runtime/Vegetation/ProceduralTreeRenderer.cs:1115)
UnityEditor.TestTools.TestRunner.CommandLineTest.Executer:ExitApplication (UnityEditor.TestTools.TestRunner.CommandLineTest.Executer/ReturnCodes,string) (at ./Library/PackageCache/com.unity.test-framework@1405238725ab/UnityEditor.TestRunner/CommandLineTest/Executer.cs:83)
UnityEditor.TestTools.TestRunner.CommandLineTest.Executer:ExitIfRunIsCompleted () (at ./Library/PackageCache/com.unity.test-framework@1405238725ab/UnityEditor.TestRunner/CommandLineTest/Executer.cs:74)
UnityEditor.EditorApplication:Internal_CallUpdateFunctions () (at /Users/bokken/build/output/unity/unity/Editor/Mono/EditorApplication.cs:403)

[Assets/VoxelEngine/Rendering/Runtime/Vegetation/ProceduralTreeRenderer.cs line 1085]

TreeBatch_1_7_LOD0: Destroy may not be called from edit mode! Use DestroyImmediate instead.
Destroying an object in edit mode destroys it permanently
UnityEngine.Debug:ExtractStackTraceNoAlloc (byte*,int,string)
UnityEngine.StackTraceUtility:ExtractStackTrace () (at /Users/bokken/build/output/unity/unity/Runtime/Export/Scripting/StackTrace.cs:35)
UnityEngine.Object:Destroy (UnityEngine.Object,single)
UnityEngine.Object:Destroy (UnityEngine.Object) (at /Users/bokken/build/output/unity/unity/Runtime/Export/Scripting/UnityEngineObject.bindings.cs:707)
VoxelEngine.Rendering.Runtime.Vegetation.ProceduralTreeRenderer:DestroyBatchObjects (VoxelEngine.Rendering.Runtime.Vegetation.ProceduralTreeRenderer/BatchPresentation) (at Assets/VoxelEngine/Rendering/Runtime/Vegetation/ProceduralTreeRenderer.cs:1079)
VoxelEngine.Rendering.Runtime.Vegetation.ProceduralTreeRenderer:ClearBatches () (at Assets/VoxelEngine/Rendering/Runtime/Vegetation/ProceduralTreeRenderer.cs:1092)
VoxelEngine.Rendering.Runtime.Vegetation.ProceduralTreeRenderer:ClearGenerated () (at Assets/VoxelEngine/Rendering/Runtime/Vegetation/ProceduralTreeRenderer.cs:1106)
VoxelEngine.Rendering.Runtime.Vegetation.ProceduralTreeRenderer:OnDestroy () (at Assets/VoxelEngine/Rendering/Runtime/Vegetation/ProceduralTreeRenderer.cs:1115)
UnityEditor.TestTools.TestRunner.CommandLineTest.Executer:ExitApplication (UnityEditor.TestTools.TestRunner.CommandLineTest.Executer/ReturnCodes,string) (at ./Library/PackageCache/com.unity.test-framework@1405238725ab/UnityEditor.TestRunner/CommandLineTest/Executer.cs:83)
UnityEditor.TestTools.TestRunner.CommandLineTest.Executer:ExitIfRunIsCompleted () (at ./Library/PackageCache/com.unity.test-framework@1405238725ab/UnityEditor.TestRunner/CommandLineTest/Executer.cs:74)
UnityEditor.EditorApplication:Internal_CallUpdateFunctions () (at /Users/bokken/build/output/unity/unity/Editor/Mono/EditorApplication.cs:403)

[Assets/VoxelEngine/Rendering/Runtime/Vegetation/ProceduralTreeRenderer.cs line 1079]

TreeBatch_1_7_LOD1: Destroy may not be called from edit mode! Use DestroyImmediate instead.
Destroying an object in edit mode destroys it permanently
UnityEngine.Debug:ExtractStackTraceNoAlloc (byte*,int,string)
UnityEngine.StackTraceUtility:ExtractStackTrace () (at /Users/bokken/build/output/unity/unity/Runtime/Export/Scripting/StackTrace.cs:35)
UnityEngine.Object:Destroy (UnityEngine.Object,single)
UnityEngine.Object:Destroy (UnityEngine.Object) (at /Users/bokken/build/output/unity/unity/Runtime/Export/Scripting/UnityEngineObject.bindings.cs:707)
VoxelEngine.Rendering.Runtime.Vegetation.ProceduralTreeRenderer:DestroyBatchObjects (VoxelEngine.Rendering.Runtime.Vegetation.ProceduralTreeRenderer/BatchPresentation) (at Assets/VoxelEngine/Rendering/Runtime/Vegetation/ProceduralTreeRenderer.cs:1079)
VoxelEngine.Rendering.Runtime.Vegetation.ProceduralTreeRenderer:ClearBatches () (at Assets/VoxelEngine/Rendering/Runtime/Vegetation/ProceduralTreeRenderer.cs:1092)
VoxelEngine.Rendering.Runtime.Vegetation.ProceduralTreeRenderer:ClearGenerated () (at Assets/VoxelEngine/Rendering/Runtime/Vegetation/ProceduralTreeRenderer.cs:1106)
VoxelEngine.Rendering.Runtime.Vegetation.ProceduralTreeRenderer:OnDestroy () (at Assets/VoxelEngine/Rendering/Runtime/Vegetation/ProceduralTreeRenderer.cs:1115)
UnityEditor.TestTools.TestRunner.CommandLineTest.Executer:ExitApplication (UnityEditor.TestTools.TestRunner.CommandLineTest.Executer/ReturnCodes,string) (at ./Library/PackageCache/com.unity.test-framework@1405238725ab/UnityEditor.TestRunner/CommandLineTest/Executer.cs:83)
UnityEditor.TestTools.TestRunner.CommandLineTest.Executer:ExitIfRunIsCompleted () (at ./Library/PackageCache/com.unity.test-framework@1405238725ab/UnityEditor.TestRunner/CommandLineTest/Executer.cs:74)
UnityEditor.EditorApplication:Internal_CallUpdateFunctions () (at /Users/bokken/build/output/unity/unity/Editor/Mono/EditorApplication.cs:403)

[Assets/VoxelEngine/Rendering/Runtime/Vegetation/ProceduralTreeRenderer.cs line 1079]

TreeBatch_1_7_LOD2: Destroy may not be called from edit mode! Use DestroyImmediate instead.
Destroying an object in edit mode destroys it permanently
UnityEngine.Debug:ExtractStackTraceNoAlloc (byte*,int,string)
UnityEngine.StackTraceUtility:ExtractStackTrace () (at /Users/bokken/build/output/unity/unity/Runtime/Export/Scripting/StackTrace.cs:35)
UnityEngine.Object:Destroy (UnityEngine.Object,single)
UnityEngine.Object:Destroy (UnityEngine.Object) (at /Users/bokken/build/output/unity/unity/Runtime/Export/Scripting/UnityEngineObject.bindings.cs:707)
VoxelEngine.Rendering.Runtime.Vegetation.ProceduralTreeRenderer:DestroyBatchObjects (VoxelEngine.Rendering.Runtime.Vegetation.ProceduralTreeRenderer/BatchPresentation) (at Assets/VoxelEngine/Rendering/Runtime/Vegetation/ProceduralTreeRenderer.cs:1079)
VoxelEngine.Rendering.Runtime.Vegetation.ProceduralTreeRenderer:ClearBatches () (at Assets/VoxelEngine/Rendering/Runtime/Vegetation/ProceduralTreeRenderer.cs:1092)
VoxelEngine.Rendering.Runtime.Vegetation.ProceduralTreeRenderer:ClearGenerated () (at Assets/VoxelEngine/Rendering/Runtime/Vegetation/ProceduralTreeRenderer.cs:1106)
VoxelEngine.Rendering.Runtime.Vegetation.ProceduralTreeRenderer:OnDestroy () (at Assets/VoxelEngine/Rendering/Runtime/Vegetation/ProceduralTreeRenderer.cs:1115)
UnityEditor.TestTools.TestRunner.CommandLineTest.Executer:ExitApplication (UnityEditor.TestTools.TestRunner.CommandLineTest.Executer/ReturnCodes,string) (at ./Library/PackageCache/com.unity.test-framework@1405238725ab/UnityEditor.TestRunner/CommandLineTest/Executer.cs:83)
UnityEditor.TestTools.TestRunner.CommandLineTest.Executer:ExitIfRunIsCompleted () (at ./Library/PackageCache/com.unity.test-framework@1405238725ab/UnityEditor.TestRunner/CommandLineTest/Executer.cs:74)
UnityEditor.EditorApplication:Internal_CallUpdateFunctions () (at /Users/bokken/build/output/unity/unity/Editor/Mono/EditorApplication.cs:403)

[Assets/VoxelEngine/Rendering/Runtime/Vegetation/ProceduralTreeRenderer.cs line 1079]

TreeBatch_1_7_LOD3: Destroy may not be called from edit mode! Use DestroyImmediate instead.
Destroying an object in edit mode destroys it permanently
UnityEngine.Debug:ExtractStackTraceNoAlloc (byte*,int,string)
UnityEngine.StackTraceUtility:ExtractStackTrace () (at /Users/bokken/build/output/unity/unity/Runtime/Export/Scripting/StackTrace.cs:35)
UnityEngine.Object:Destroy (UnityEngine.Object,single)
UnityEngine.Object:Destroy (UnityEngine.Object) (at /Users/bokken/build/output/unity/unity/Runtime/Export/Scripting/UnityEngineObject.bindings.cs:707)
VoxelEngine.Rendering.Runtime.Vegetation.ProceduralTreeRenderer:DestroyBatchObjects (VoxelEngine.Rendering.Runtime.Vegetation.ProceduralTreeRenderer/BatchPresentation) (at Assets/VoxelEngine/Rendering/Runtime/Vegetation/ProceduralTreeRenderer.cs:1081)
VoxelEngine.Rendering.Runtime.Vegetation.ProceduralTreeRenderer:ClearBatches () (at Assets/VoxelEngine/Rendering/Runtime/Vegetation/ProceduralTreeRenderer.cs:1092)
VoxelEngine.Rendering.Runtime.Vegetation.ProceduralTreeRenderer:ClearGenerated () (at Assets/VoxelEngine/Rendering/Runtime/Vegetation/ProceduralTreeRenderer.cs:1106)
VoxelEngine.Rendering.Runtime.Vegetation.ProceduralTreeRenderer:OnDestroy () (at Assets/VoxelEngine/Rendering/Runtime/Vegetation/ProceduralTreeRenderer.cs:1115)
UnityEditor.TestTools.TestRunner.CommandLineTest.Executer:ExitApplication (UnityEditor.TestTools.TestRunner.CommandLineTest.Executer/ReturnCodes,string) (at ./Library/PackageCache/com.unity.test-framework@1405238725ab/UnityEditor.TestRunner/CommandLineTest/Executer.cs:83)
UnityEditor.TestTools.TestRunner.CommandLineTest.Executer:ExitIfRunIsCompleted () (at ./Library/PackageCache/com.unity.test-framework@1405238725ab/UnityEditor.TestRunner/CommandLineTest/Executer.cs:74)
UnityEditor.EditorApplication:Internal_CallUpdateFunctions () (at /Users/bokken/build/output/unity/unity/Editor/Mono/EditorApplication.cs:403)

[Assets/VoxelEngine/Rendering/Runtime/Vegetation/ProceduralTreeRenderer.cs line 1081]

Tree Batch 1,7: Destroy may not be called from edit mode! Use DestroyImmediate instead.
Destroying an object in edit mode destroys it permanently
UnityEngine.Debug:ExtractStackTraceNoAlloc (byte*,int,string)
UnityEngine.StackTraceUtility:ExtractStackTrace () (at /Users/bokken/build/output/unity/unity/Runtime/Export/Scripting/StackTrace.cs:35)
UnityEngine.Object:Destroy (UnityEngine.Object,single)
UnityEngine.Object:Destroy (UnityEngine.Object) (at /Users/bokken/build/output/unity/unity/Runtime/Export/Scripting/UnityEngineObject.bindings.cs:707)
VoxelEngine.Rendering.Runtime.Vegetation.ProceduralTreeRenderer:DestroyBatchObjects (VoxelEngine.Rendering.Runtime.Vegetation.ProceduralTreeRenderer/BatchPresentation) (at Assets/VoxelEngine/Rendering/Runtime/Vegetation/ProceduralTreeRenderer.cs:1085)
VoxelEngine.Rendering.Runtime.Vegetation.ProceduralTreeRenderer:ClearBatches () (at Assets/VoxelEngine/Rendering/Runtime/Vegetation/ProceduralTreeRenderer.cs:1092)
VoxelEngine.Rendering.Runtime.Vegetation.ProceduralTreeRenderer:ClearGenerated () (at Assets/VoxelEngine/Rendering/Runtime/Vegetation/ProceduralTreeRenderer.cs:1106)
VoxelEngine.Rendering.Runtime.Vegetation.ProceduralTreeRenderer:OnDestroy () (at Assets/VoxelEngine/Rendering/Runtime/Vegetation/ProceduralTreeRenderer.cs:1115)
UnityEditor.TestTools.TestRunner.CommandLineTest.Executer:ExitApplication (UnityEditor.TestTools.TestRunner.CommandLineTest.Executer/ReturnCodes,string) (at ./Library/PackageCache/com.unity.test-framework@1405238725ab/UnityEditor.TestRunner/CommandLineTest/Executer.cs:83)
UnityEditor.TestTools.TestRunner.CommandLineTest.Executer:ExitIfRunIsCompleted () (at ./Library/PackageCache/com.unity.test-framework@1405238725ab/UnityEditor.TestRunner/CommandLineTest/Executer.cs:74)
UnityEditor.EditorApplication:Internal_CallUpdateFunctions () (at /Users/bokken/build/output/unity/unity/Editor/Mono/EditorApplication.cs:403)

[Assets/VoxelEngine/Rendering/Runtime/Vegetation/ProceduralTreeRenderer.cs line 1085]

TreeBatch_2_7_LOD0: Destroy may not be called from edit mode! Use DestroyImmediate instead.
Destroying an object in edit mode destroys it permanently
UnityEngine.Debug:ExtractStackTraceNoAlloc (byte*,int,string)
UnityEngine.StackTraceUtility:ExtractStackTrace () (at /Users/bokken/build/output/unity/unity/Runtime/Export/Scripting/StackTrace.cs:35)
UnityEngine.Object:Destroy (UnityEngine.Object,single)
UnityEngine.Object:Destroy (UnityEngine.Object) (at /Users/bokken/build/output/unity/unity/Runtime/Export/Scripting/UnityEngineObject.bindings.cs:707)
VoxelEngine.Rendering.Runtime.Vegetation.ProceduralTreeRenderer:DestroyBatchObjects (VoxelEngine.Rendering.Runtime.Vegetation.ProceduralTreeRenderer/BatchPresentation) (at Assets/VoxelEngine/Rendering/Runtime/Vegetation/ProceduralTreeRenderer.cs:1079)
VoxelEngine.Rendering.Runtime.Vegetation.ProceduralTreeRenderer:ClearBatches () (at Assets/VoxelEngine/Rendering/Runtime/Vegetation/ProceduralTreeRenderer.cs:1092)
VoxelEngine.Rendering.Runtime.Vegetation.ProceduralTreeRenderer:ClearGenerated () (at Assets/VoxelEngine/Rendering/Runtime/Vegetation/ProceduralTreeRenderer.cs:1106)
VoxelEngine.Rendering.Runtime.Vegetation.ProceduralTreeRenderer:OnDestroy () (at Assets/VoxelEngine/Rendering/Runtime/Vegetation/ProceduralTreeRenderer.cs:1115)
UnityEditor.TestTools.TestRunner.CommandLineTest.Executer:ExitApplication (UnityEditor.TestTools.TestRunner.CommandLineTest.Executer/ReturnCodes,string) (at ./Library/PackageCache/com.unity.test-framework@1405238725ab/UnityEditor.TestRunner/CommandLineTest/Executer.cs:83)
UnityEditor.TestTools.TestRunner.CommandLineTest.Executer:ExitIfRunIsCompleted () (at ./Library/PackageCache/com.unity.test-framework@1405238725ab/UnityEditor.TestRunner/CommandLineTest/Executer.cs:74)
UnityEditor.EditorApplication:Internal_CallUpdateFunctions () (at /Users/bokken/build/output/unity/unity/Editor/Mono/EditorApplication.cs:403)

[Assets/VoxelEngine/Rendering/Runtime/Vegetation/ProceduralTreeRenderer.cs line 1079]

TreeBatch_2_7_LOD1: Destroy may not be called from edit mode! Use DestroyImmediate instead.
Destroying an object in edit mode destroys it permanently
UnityEngine.Debug:ExtractStackTraceNoAlloc (byte*,int,string)
UnityEngine.StackTraceUtility:ExtractStackTrace () (at /Users/bokken/build/output/unity/unity/Runtime/Export/Scripting/StackTrace.cs:35)
UnityEngine.Object:Destroy (UnityEngine.Object,single)
UnityEngine.Object:Destroy (UnityEngine.Object) (at /Users/bokken/build/output/unity/unity/Runtime/Export/Scripting/UnityEngineObject.bindings.cs:707)
VoxelEngine.Rendering.Runtime.Vegetation.ProceduralTreeRenderer:DestroyBatchObjects (VoxelEngine.Rendering.Runtime.Vegetation.ProceduralTreeRenderer/BatchPresentation) (at Assets/VoxelEngine/Rendering/Runtime/Vegetation/ProceduralTreeRenderer.cs:1079)
VoxelEngine.Rendering.Runtime.Vegetation.ProceduralTreeRenderer:ClearBatches () (at Assets/VoxelEngine/Rendering/Runtime/Vegetation/ProceduralTreeRenderer.cs:1092)
VoxelEngine.Rendering.Runtime.Vegetation.ProceduralTreeRenderer:ClearGenerated () (at Assets/VoxelEngine/Rendering/Runtime/Vegetation/ProceduralTreeRenderer.cs:1106)
VoxelEngine.Rendering.Runtime.Vegetation.ProceduralTreeRenderer:OnDestroy () (at Assets/VoxelEngine/Rendering/Runtime/Vegetation/ProceduralTreeRenderer.cs:1115)
UnityEditor.TestTools.TestRunner.CommandLineTest.Executer:ExitApplication (UnityEditor.TestTools.TestRunner.CommandLineTest.Executer/ReturnCodes,string) (at ./Library/PackageCache/com.unity.test-framework@1405238725ab/UnityEditor.TestRunner/CommandLineTest/Executer.cs:83)
UnityEditor.TestTools.TestRunner.CommandLineTest.Executer:ExitIfRunIsCompleted () (at ./Library/PackageCache/com.unity.test-framework@1405238725ab/UnityEditor.TestRunner/CommandLineTest/Executer.cs:74)
UnityEditor.EditorApplication:Internal_CallUpdateFunctions () (at /Users/bokken/build/output/unity/unity/Editor/Mono/EditorApplication.cs:403)

[Assets/VoxelEngine/Rendering/Runtime/Vegetation/ProceduralTreeRenderer.cs line 1079]

TreeBatch_2_7_LOD2: Destroy may not be called from edit mode! Use DestroyImmediate instead.
Destroying an object in edit mode destroys it permanently
UnityEngine.Debug:ExtractStackTraceNoAlloc (byte*,int,string)
UnityEngine.StackTraceUtility:ExtractStackTrace () (at /Users/bokken/build/output/unity/unity/Runtime/Export/Scripting/StackTrace.cs:35)
UnityEngine.Object:Destroy (UnityEngine.Object,single)
UnityEngine.Object:Destroy (UnityEngine.Object) (at /Users/bokken/build/output/unity/unity/Runtime/Export/Scripting/UnityEngineObject.bindings.cs:707)
VoxelEngine.Rendering.Runtime.Vegetation.ProceduralTreeRenderer:DestroyBatchObjects (VoxelEngine.Rendering.Runtime.Vegetation.ProceduralTreeRenderer/BatchPresentation) (at Assets/VoxelEngine/Rendering/Runtime/Vegetation/ProceduralTreeRenderer.cs:1079)
VoxelEngine.Rendering.Runtime.Vegetation.ProceduralTreeRenderer:ClearBatches () (at Assets/VoxelEngine/Rendering/Runtime/Vegetation/ProceduralTreeRenderer.cs:1092)
VoxelEngine.Rendering.Runtime.Vegetation.ProceduralTreeRenderer:ClearGenerated () (at Assets/VoxelEngine/Rendering/Runtime/Vegetation/ProceduralTreeRenderer.cs:1106)
VoxelEngine.Rendering.Runtime.Vegetation.ProceduralTreeRenderer:OnDestroy () (at Assets/VoxelEngine/Rendering/Runtime/Vegetation/ProceduralTreeRenderer.cs:1115)
UnityEditor.TestTools.TestRunner.CommandLineTest.Executer:ExitApplication (UnityEditor.TestTools.TestRunner.CommandLineTest.Executer/ReturnCodes,string) (at ./Library/PackageCache/com.unity.test-framework@1405238725ab/UnityEditor.TestRunner/CommandLineTest/Executer.cs:83)
UnityEditor.TestTools.TestRunner.CommandLineTest.Executer:ExitIfRunIsCompleted () (at ./Library/PackageCache/com.unity.test-framework@1405238725ab/UnityEditor.TestRunner/CommandLineTest/Executer.cs:74)
UnityEditor.EditorApplication:Internal_CallUpdateFunctions () (at /Users/bokken/build/output/unity/unity/Editor/Mono/EditorApplication.cs:403)

[Assets/VoxelEngine/Rendering/Runtime/Vegetation/ProceduralTreeRenderer.cs line 1079]

TreeBatch_2_7_LOD3: Destroy may not be called from edit mode! Use DestroyImmediate instead.
Destroying an object in edit mode destroys it permanently
UnityEngine.Debug:ExtractStackTraceNoAlloc (byte*,int,string)
UnityEngine.StackTraceUtility:ExtractStackTrace () (at /Users/bokken/build/output/unity/unity/Runtime/Export/Scripting/StackTrace.cs:35)
UnityEngine.Object:Destroy (UnityEngine.Object,single)
UnityEngine.Object:Destroy (UnityEngine.Object) (at /Users/bokken/build/output/unity/unity/Runtime/Export/Scripting/UnityEngineObject.bindings.cs:707)
VoxelEngine.Rendering.Runtime.Vegetation.ProceduralTreeRenderer:DestroyBatchObjects (VoxelEngine.Rendering.Runtime.Vegetation.ProceduralTreeRenderer/BatchPresentation) (at Assets/VoxelEngine/Rendering/Runtime/Vegetation/ProceduralTreeRenderer.cs:1081)
VoxelEngine.Rendering.Runtime.Vegetation.ProceduralTreeRenderer:ClearBatches () (at Assets/VoxelEngine/Rendering/Runtime/Vegetation/ProceduralTreeRenderer.cs:1092)
VoxelEngine.Rendering.Runtime.Vegetation.ProceduralTreeRenderer:ClearGenerated () (at Assets/VoxelEngine/Rendering/Runtime/Vegetation/ProceduralTreeRenderer.cs:1106)
VoxelEngine.Rendering.Runtime.Vegetation.ProceduralTreeRenderer:OnDestroy () (at Assets/VoxelEngine/Rendering/Runtime/Vegetation/ProceduralTreeRenderer.cs:1115)
UnityEditor.TestTools.TestRunner.CommandLineTest.Executer:ExitApplication (UnityEditor.TestTools.TestRunner.CommandLineTest.Executer/ReturnCodes,string) (at ./Library/PackageCache/com.unity.test-framework@1405238725ab/UnityEditor.TestRunner/CommandLineTest/Executer.cs:83)
UnityEditor.TestTools.TestRunner.CommandLineTest.Executer:ExitIfRunIsCompleted () (at ./Library/PackageCache/com.unity.test-framework@1405238725ab/UnityEditor.TestRunner/CommandLineTest/Executer.cs:74)
UnityEditor.EditorApplication:Internal_CallUpdateFunctions () (at /Users/bokken/build/output/unity/unity/Editor/Mono/EditorApplication.cs:403)

[Assets/VoxelEngine/Rendering/Runtime/Vegetation/ProceduralTreeRenderer.cs line 1081]

Tree Batch 2,7: Destroy may not be called from edit mode! Use DestroyImmediate instead.
Destroying an object in edit mode destroys it permanently
UnityEngine.Debug:ExtractStackTraceNoAlloc (byte*,int,string)
UnityEngine.StackTraceUtility:ExtractStackTrace () (at /Users/bokken/build/output/unity/unity/Runtime/Export/Scripting/StackTrace.cs:35)
UnityEngine.Object:Destroy (UnityEngine.Object,single)
UnityEngine.Object:Destroy (UnityEngine.Object) (at /Users/bokken/build/output/unity/unity/Runtime/Export/Scripting/UnityEngineObject.bindings.cs:707)
VoxelEngine.Rendering.Runtime.Vegetation.ProceduralTreeRenderer:DestroyBatchObjects (VoxelEngine.Rendering.Runtime.Vegetation.ProceduralTreeRenderer/BatchPresentation) (at Assets/VoxelEngine/Rendering/Runtime/Vegetation/ProceduralTreeRenderer.cs:1085)
VoxelEngine.Rendering.Runtime.Vegetation.ProceduralTreeRenderer:ClearBatches () (at Assets/VoxelEngine/Rendering/Runtime/Vegetation/ProceduralTreeRenderer.cs:1092)
VoxelEngine.Rendering.Runtime.Vegetation.ProceduralTreeRenderer:ClearGenerated () (at Assets/VoxelEngine/Rendering/Runtime/Vegetation/ProceduralTreeRenderer.cs:1106)
VoxelEngine.Rendering.Runtime.Vegetation.ProceduralTreeRenderer:OnDestroy () (at Assets/VoxelEngine/Rendering/Runtime/Vegetation/ProceduralTreeRenderer.cs:1115)
UnityEditor.TestTools.TestRunner.CommandLineTest.Executer:ExitApplication (UnityEditor.TestTools.TestRunner.CommandLineTest.Executer/ReturnCodes,string) (at ./Library/PackageCache/com.unity.test-framework@1405238725ab/UnityEditor.TestRunner/CommandLineTest/Executer.cs:83)
UnityEditor.TestTools.TestRunner.CommandLineTest.Executer:ExitIfRunIsCompleted () (at ./Library/PackageCache/com.unity.test-framework@1405238725ab/UnityEditor.TestRunner/CommandLineTest/Executer.cs:74)
UnityEditor.EditorApplication:Internal_CallUpdateFunctions () (at /Users/bokken/build/output/unity/unity/Editor/Mono/EditorApplication.cs:403)

[Assets/VoxelEngine/Rendering/Runtime/Vegetation/ProceduralTreeRenderer.cs line 1085]

TreeBatch_3_7_LOD0: Destroy may not be called from edit mode! Use DestroyImmediate instead.
Destroying an object in edit mode destroys it permanently
UnityEngine.Debug:ExtractStackTraceNoAlloc (byte*,int,string)
UnityEngine.StackTraceUtility:ExtractStackTrace () (at /Users/bokken/build/output/unity/unity/Runtime/Export/Scripting/StackTrace.cs:35)
UnityEngine.Object:Destroy (UnityEngine.Object,single)
UnityEngine.Object:Destroy (UnityEngine.Object) (at /Users/bokken/build/output/unity/unity/Runtime/Export/Scripting/UnityEngineObject.bindings.cs:707)
VoxelEngine.Rendering.Runtime.Vegetation.ProceduralTreeRenderer:DestroyBatchObjects (VoxelEngine.Rendering.Runtime.Vegetation.ProceduralTreeRenderer/BatchPresentation) (at Assets/VoxelEngine/Rendering/Runtime/Vegetation/ProceduralTreeRenderer.cs:1079)
VoxelEngine.Rendering.Runtime.Vegetation.ProceduralTreeRenderer:ClearBatches () (at Assets/VoxelEngine/Rendering/Runtime/Vegetation/ProceduralTreeRenderer.cs:1092)
VoxelEngine.Rendering.Runtime.Vegetation.ProceduralTreeRenderer:ClearGenerated () (at Assets/VoxelEngine/Rendering/Runtime/Vegetation/ProceduralTreeRenderer.cs:1106)
VoxelEngine.Rendering.Runtime.Vegetation.ProceduralTreeRenderer:OnDestroy () (at Assets/VoxelEngine/Rendering/Runtime/Vegetation/ProceduralTreeRenderer.cs:1115)
UnityEditor.TestTools.TestRunner.CommandLineTest.Executer:ExitApplication (UnityEditor.TestTools.TestRunner.CommandLineTest.Executer/ReturnCodes,string) (at ./Library/PackageCache/com.unity.test-framework@1405238725ab/UnityEditor.TestRunner/CommandLineTest/Executer.cs:83)
UnityEditor.TestTools.TestRunner.CommandLineTest.Executer:ExitIfRunIsCompleted () (at ./Library/PackageCache/com.unity.test-framework@1405238725ab/UnityEditor.TestRunner/CommandLineTest/Executer.cs:74)
UnityEditor.EditorApplication:Internal_CallUpdateFunctions () (at /Users/bokken/build/output/unity/unity/Editor/Mono/EditorApplication.cs:403)

[Assets/VoxelEngine/Rendering/Runtime/Vegetation/ProceduralTreeRenderer.cs line 1079]

TreeBatch_3_7_LOD1: Destroy may not be called from edit mode! Use DestroyImmediate instead.
Destroying an object in edit mode destroys it permanently
UnityEngine.Debug:ExtractStackTraceNoAlloc (byte*,int,string)
UnityEngine.StackTraceUtility:ExtractStackTrace () (at /Users/bokken/build/output/unity/unity/Runtime/Export/Scripting/StackTrace.cs:35)
UnityEngine.Object:Destroy (UnityEngine.Object,single)
UnityEngine.Object:Destroy (UnityEngine.Object) (at /Users/bokken/build/output/unity/unity/Runtime/Export/Scripting/UnityEngineObject.bindings.cs:707)
VoxelEngine.Rendering.Runtime.Vegetation.ProceduralTreeRenderer:DestroyBatchObjects (VoxelEngine.Rendering.Runtime.Vegetation.ProceduralTreeRenderer/BatchPresentation) (at Assets/VoxelEngine/Rendering/Runtime/Vegetation/ProceduralTreeRenderer.cs:1079)
VoxelEngine.Rendering.Runtime.Vegetation.ProceduralTreeRenderer:ClearBatches () (at Assets/VoxelEngine/Rendering/Runtime/Vegetation/ProceduralTreeRenderer.cs:1092)
VoxelEngine.Rendering.Runtime.Vegetation.ProceduralTreeRenderer:ClearGenerated () (at Assets/VoxelEngine/Rendering/Runtime/Vegetation/ProceduralTreeRenderer.cs:1106)
VoxelEngine.Rendering.Runtime.Vegetation.ProceduralTreeRenderer:OnDestroy () (at Assets/VoxelEngine/Rendering/Runtime/Vegetation/ProceduralTreeRenderer.cs:1115)
UnityEditor.TestTools.TestRunner.CommandLineTest.Executer:ExitApplication (UnityEditor.TestTools.TestRunner.CommandLineTest.Executer/ReturnCodes,string) (at ./Library/PackageCache/com.unity.test-framework@1405238725ab/UnityEditor.TestRunner/CommandLineTest/Executer.cs:83)
UnityEditor.TestTools.TestRunner.CommandLineTest.Executer:ExitIfRunIsCompleted () (at ./Library/PackageCache/com.unity.test-framework@1405238725ab/UnityEditor.TestRunner/CommandLineTest/Executer.cs:74)
UnityEditor.EditorApplication:Internal_CallUpdateFunctions () (at /Users/bokken/build/output/unity/unity/Editor/Mono/EditorApplication.cs:403)

[Assets/VoxelEngine/Rendering/Runtime/Vegetation/ProceduralTreeRenderer.cs line 1079]

TreeBatch_3_7_LOD2: Destroy may not be called from edit mode! Use DestroyImmediate instead.
Destroying an object in edit mode destroys it permanently
UnityEngine.Debug:ExtractStackTraceNoAlloc (byte*,int,string)
UnityEngine.StackTraceUtility:ExtractStackTrace () (at /Users/bokken/build/output/unity/unity/Runtime/Export/Scripting/StackTrace.cs:35)
UnityEngine.Object:Destroy (UnityEngine.Object,single)
UnityEngine.Object:Destroy (UnityEngine.Object) (at /Users/bokken/build/output/unity/unity/Runtime/Export/Scripting/UnityEngineObject.bindings.cs:707)
VoxelEngine.Rendering.Runtime.Vegetation.ProceduralTreeRenderer:DestroyBatchObjects (VoxelEngine.Rendering.Runtime.Vegetation.ProceduralTreeRenderer/BatchPresentation) (at Assets/VoxelEngine/Rendering/Runtime/Vegetation/ProceduralTreeRenderer.cs:1079)
VoxelEngine.Rendering.Runtime.Vegetation.ProceduralTreeRenderer:ClearBatches () (at Assets/VoxelEngine/Rendering/Runtime/Vegetation/ProceduralTreeRenderer.cs:1092)
VoxelEngine.Rendering.Runtime.Vegetation.ProceduralTreeRenderer:ClearGenerated () (at Assets/VoxelEngine/Rendering/Runtime/Vegetation/ProceduralTreeRenderer.cs:1106)
VoxelEngine.Rendering.Runtime.Vegetation.ProceduralTreeRenderer:OnDestroy () (at Assets/VoxelEngine/Rendering/Runtime/Vegetation/ProceduralTreeRenderer.cs:1115)
UnityEditor.TestTools.TestRunner.CommandLineTest.Executer:ExitApplication (UnityEditor.TestTools.TestRunner.CommandLineTest.Executer/ReturnCodes,string) (at ./Library/PackageCache/com.unity.test-framework@1405238725ab/UnityEditor.TestRunner/CommandLineTest/Executer.cs:83)
UnityEditor.TestTools.TestRunner.CommandLineTest.Executer:ExitIfRunIsCompleted () (at ./Library/PackageCache/com.unity.test-framework@1405238725ab/UnityEditor.TestRunner/CommandLineTest/Executer.cs:74)
UnityEditor.EditorApplication:Internal_CallUpdateFunctions () (at /Users/bokken/build/output/unity/unity/Editor/Mono/EditorApplication.cs:403)

[Assets/VoxelEngine/Rendering/Runtime/Vegetation/ProceduralTreeRenderer.cs line 1079]

TreeBatch_3_7_LOD3: Destroy may not be called from edit mode! Use DestroyImmediate instead.
Destroying an object in edit mode destroys it permanently
UnityEngine.Debug:ExtractStackTraceNoAlloc (byte*,int,string)
UnityEngine.StackTraceUtility:ExtractStackTrace () (at /Users/bokken/build/output/unity/unity/Runtime/Export/Scripting/StackTrace.cs:35)
UnityEngine.Object:Destroy (UnityEngine.Object,single)
UnityEngine.Object:Destroy (UnityEngine.Object) (at /Users/bokken/build/output/unity/unity/Runtime/Export/Scripting/UnityEngineObject.bindings.cs:707)
VoxelEngine.Rendering.Runtime.Vegetation.ProceduralTreeRenderer:DestroyBatchObjects (VoxelEngine.Rendering.Runtime.Vegetation.ProceduralTreeRenderer/BatchPresentation) (at Assets/VoxelEngine/Rendering/Runtime/Vegetation/ProceduralTreeRenderer.cs:1081)
VoxelEngine.Rendering.Runtime.Vegetation.ProceduralTreeRenderer:ClearBatches () (at Assets/VoxelEngine/Rendering/Runtime/Vegetation/ProceduralTreeRenderer.cs:1092)
VoxelEngine.Rendering.Runtime.Vegetation.ProceduralTreeRenderer:ClearGenerated () (at Assets/VoxelEngine/Rendering/Runtime/Vegetation/ProceduralTreeRenderer.cs:1106)
VoxelEngine.Rendering.Runtime.Vegetation.ProceduralTreeRenderer:OnDestroy () (at Assets/VoxelEngine/Rendering/Runtime/Vegetation/ProceduralTreeRenderer.cs:1115)
UnityEditor.TestTools.TestRunner.CommandLineTest.Executer:ExitApplication (UnityEditor.TestTools.TestRunner.CommandLineTest.Executer/ReturnCodes,string) (at ./Library/PackageCache/com.unity.test-framework@1405238725ab/UnityEditor.TestRunner/CommandLineTest/Executer.cs:83)
UnityEditor.TestTools.TestRunner.CommandLineTest.Executer:ExitIfRunIsCompleted () (at ./Library/PackageCache/com.unity.test-framework@1405238725ab/UnityEditor.TestRunner/CommandLineTest/Executer.cs:74)
UnityEditor.EditorApplication:Internal_CallUpdateFunctions () (at /Users/bokken/build/output/unity/unity/Editor/Mono/EditorApplication.cs:403)

[Assets/VoxelEngine/Rendering/Runtime/Vegetation/ProceduralTreeRenderer.cs line 1081]

Tree Batch 3,7: Destroy may not be called from edit mode! Use DestroyImmediate instead.
Destroying an object in edit mode destroys it permanently
UnityEngine.Debug:ExtractStackTraceNoAlloc (byte*,int,string)
UnityEngine.StackTraceUtility:ExtractStackTrace () (at /Users/bokken/build/output/unity/unity/Runtime/Export/Scripting/StackTrace.cs:35)
UnityEngine.Object:Destroy (UnityEngine.Object,single)
UnityEngine.Object:Destroy (UnityEngine.Object) (at /Users/bokken/build/output/unity/unity/Runtime/Export/Scripting/UnityEngineObject.bindings.cs:707)
VoxelEngine.Rendering.Runtime.Vegetation.ProceduralTreeRenderer:DestroyBatchObjects (VoxelEngine.Rendering.Runtime.Vegetation.ProceduralTreeRenderer/BatchPresentation) (at Assets/VoxelEngine/Rendering/Runtime/Vegetation/ProceduralTreeRenderer.cs:1085)
VoxelEngine.Rendering.Runtime.Vegetation.ProceduralTreeRenderer:ClearBatches () (at Assets/VoxelEngine/Rendering/Runtime/Vegetation/ProceduralTreeRenderer.cs:1092)
VoxelEngine.Rendering.Runtime.Vegetation.ProceduralTreeRenderer:ClearGenerated () (at Assets/VoxelEngine/Rendering/Runtime/Vegetation/ProceduralTreeRenderer.cs:1106)
VoxelEngine.Rendering.Runtime.Vegetation.ProceduralTreeRenderer:OnDestroy () (at Assets/VoxelEngine/Rendering/Runtime/Vegetation/ProceduralTreeRenderer.cs:1115)
UnityEditor.TestTools.TestRunner.CommandLineTest.Executer:ExitApplication (UnityEditor.TestTools.TestRunner.CommandLineTest.Executer/ReturnCodes,string) (at ./Library/PackageCache/com.unity.test-framework@1405238725ab/UnityEditor.TestRunner/CommandLineTest/Executer.cs:83)
UnityEditor.TestTools.TestRunner.CommandLineTest.Executer:ExitIfRunIsCompleted () (at ./Library/PackageCache/com.unity.test-framework@1405238725ab/UnityEditor.TestRunner/CommandLineTest/Executer.cs:74)
UnityEditor.EditorApplication:Internal_CallUpdateFunctions () (at /Users/bokken/build/output/unity/unity/Editor/Mono/EditorApplication.cs:403)

[Assets/VoxelEngine/Rendering/Runtime/Vegetation/ProceduralTreeRenderer.cs line 1085]

TreeBatch_4_7_LOD0: Destroy may not be called from edit mode! Use DestroyImmediate instead.
Destroying an object in edit mode destroys it permanently
UnityEngine.Debug:ExtractStackTraceNoAlloc (byte*,int,string)
UnityEngine.StackTraceUtility:ExtractStackTrace () (at /Users/bokken/build/output/unity/unity/Runtime/Export/Scripting/StackTrace.cs:35)
UnityEngine.Object:Destroy (UnityEngine.Object,single)
UnityEngine.Object:Destroy (UnityEngine.Object) (at /Users/bokken/build/output/unity/unity/Runtime/Export/Scripting/UnityEngineObject.bindings.cs:707)
VoxelEngine.Rendering.Runtime.Vegetation.ProceduralTreeRenderer:DestroyBatchObjects (VoxelEngine.Rendering.Runtime.Vegetation.ProceduralTreeRenderer/BatchPresentation) (at Assets/VoxelEngine/Rendering/Runtime/Vegetation/ProceduralTreeRenderer.cs:1079)
VoxelEngine.Rendering.Runtime.Vegetation.ProceduralTreeRenderer:ClearBatches () (at Assets/VoxelEngine/Rendering/Runtime/Vegetation/ProceduralTreeRenderer.cs:1092)
VoxelEngine.Rendering.Runtime.Vegetation.ProceduralTreeRenderer:ClearGenerated () (at Assets/VoxelEngine/Rendering/Runtime/Vegetation/ProceduralTreeRenderer.cs:1106)
VoxelEngine.Rendering.Runtime.Vegetation.ProceduralTreeRenderer:OnDestroy () (at Assets/VoxelEngine/Rendering/Runtime/Vegetation/ProceduralTreeRenderer.cs:1115)
UnityEditor.TestTools.TestRunner.CommandLineTest.Executer:ExitApplication (UnityEditor.TestTools.TestRunner.CommandLineTest.Executer/ReturnCodes,string) (at ./Library/PackageCache/com.unity.test-framework@1405238725ab/UnityEditor.TestRunner/CommandLineTest/Executer.cs:83)
UnityEditor.TestTools.TestRunner.CommandLineTest.Executer:ExitIfRunIsCompleted () (at ./Library/PackageCache/com.unity.test-framework@1405238725ab/UnityEditor.TestRunner/CommandLineTest/Executer.cs:74)
UnityEditor.EditorApplication:Internal_CallUpdateFunctions () (at /Users/bokken/build/output/unity/unity/Editor/Mono/EditorApplication.cs:403)

[Assets/VoxelEngine/Rendering/Runtime/Vegetation/ProceduralTreeRenderer.cs line 1079]

TreeBatch_4_7_LOD1: Destroy may not be called from edit mode! Use DestroyImmediate instead.
Destroying an object in edit mode destroys it permanently
UnityEngine.Debug:ExtractStackTraceNoAlloc (byte*,int,string)
UnityEngine.StackTraceUtility:ExtractStackTrace () (at /Users/bokken/build/output/unity/unity/Runtime/Export/Scripting/StackTrace.cs:35)
UnityEngine.Object:Destroy (UnityEngine.Object,single)
UnityEngine.Object:Destroy (UnityEngine.Object) (at /Users/bokken/build/output/unity/unity/Runtime/Export/Scripting/UnityEngineObject.bindings.cs:707)
VoxelEngine.Rendering.Runtime.Vegetation.ProceduralTreeRenderer:DestroyBatchObjects (VoxelEngine.Rendering.Runtime.Vegetation.ProceduralTreeRenderer/BatchPresentation) (at Assets/VoxelEngine/Rendering/Runtime/Vegetation/ProceduralTreeRenderer.cs:1079)
VoxelEngine.Rendering.Runtime.Vegetation.ProceduralTreeRenderer:ClearBatches () (at Assets/VoxelEngine/Rendering/Runtime/Vegetation/ProceduralTreeRenderer.cs:1092)
VoxelEngine.Rendering.Runtime.Vegetation.ProceduralTreeRenderer:ClearGenerated () (at Assets/VoxelEngine/Rendering/Runtime/Vegetation/ProceduralTreeRenderer.cs:1106)
VoxelEngine.Rendering.Runtime.Vegetation.ProceduralTreeRenderer:OnDestroy () (at Assets/VoxelEngine/Rendering/Runtime/Vegetation/ProceduralTreeRenderer.cs:1115)
UnityEditor.TestTools.TestRunner.CommandLineTest.Executer:ExitApplication (UnityEditor.TestTools.TestRunner.CommandLineTest.Executer/ReturnCodes,string) (at ./Library/PackageCache/com.unity.test-framework@1405238725ab/UnityEditor.TestRunner/CommandLineTest/Executer.cs:83)
UnityEditor.TestTools.TestRunner.CommandLineTest.Executer:ExitIfRunIsCompleted () (at ./Library/PackageCache/com.unity.test-framework@1405238725ab/UnityEditor.TestRunner/CommandLineTest/Executer.cs:74)
UnityEditor.EditorApplication:Internal_CallUpdateFunctions () (at /Users/bokken/build/output/unity/unity/Editor/Mono/EditorApplication.cs:403)

[Assets/VoxelEngine/Rendering/Runtime/Vegetation/ProceduralTreeRenderer.cs line 1079]

TreeBatch_4_7_LOD2: Destroy may not be called from edit mode! Use DestroyImmediate instead.
Destroying an object in edit mode destroys it permanently
UnityEngine.Debug:ExtractStackTraceNoAlloc (byte*,int,string)
UnityEngine.StackTraceUtility:ExtractStackTrace () (at /Users/bokken/build/output/unity/unity/Runtime/Export/Scripting/StackTrace.cs:35)
UnityEngine.Object:Destroy (UnityEngine.Object,single)
UnityEngine.Object:Destroy (UnityEngine.Object) (at /Users/bokken/build/output/unity/unity/Runtime/Export/Scripting/UnityEngineObject.bindings.cs:707)
VoxelEngine.Rendering.Runtime.Vegetation.ProceduralTreeRenderer:DestroyBatchObjects (VoxelEngine.Rendering.Runtime.Vegetation.ProceduralTreeRenderer/BatchPresentation) (at Assets/VoxelEngine/Rendering/Runtime/Vegetation/ProceduralTreeRenderer.cs:1079)
VoxelEngine.Rendering.Runtime.Vegetation.ProceduralTreeRenderer:ClearBatches () (at Assets/VoxelEngine/Rendering/Runtime/Vegetation/ProceduralTreeRenderer.cs:1092)
VoxelEngine.Rendering.Runtime.Vegetation.ProceduralTreeRenderer:ClearGenerated () (at Assets/VoxelEngine/Rendering/Runtime/Vegetation/ProceduralTreeRenderer.cs:1106)
VoxelEngine.Rendering.Runtime.Vegetation.ProceduralTreeRenderer:OnDestroy () (at Assets/VoxelEngine/Rendering/Runtime/Vegetation/ProceduralTreeRenderer.cs:1115)
UnityEditor.TestTools.TestRunner.CommandLineTest.Executer:ExitApplication (UnityEditor.TestTools.TestRunner.CommandLineTest.Executer/ReturnCodes,string) (at ./Library/PackageCache/com.unity.test-framework@1405238725ab/UnityEditor.TestRunner/CommandLineTest/Executer.cs:83)
UnityEditor.TestTools.TestRunner.CommandLineTest.Executer:ExitIfRunIsCompleted () (at ./Library/PackageCache/com.unity.test-framework@1405238725ab/UnityEditor.TestRunner/CommandLineTest/Executer.cs:74)
UnityEditor.EditorApplication:Internal_CallUpdateFunctions () (at /Users/bokken/build/output/unity/unity/Editor/Mono/EditorApplication.cs:403)

[Assets/VoxelEngine/Rendering/Runtime/Vegetation/ProceduralTreeRenderer.cs line 1079]

TreeBatch_4_7_LOD3: Destroy may not be called from edit mode! Use DestroyImmediate instead.
Destroying an object in edit mode destroys it permanently
UnityEngine.Debug:ExtractStackTraceNoAlloc (byte*,int,string)
UnityEngine.StackTraceUtility:ExtractStackTrace () (at /Users/bokken/build/output/unity/unity/Runtime/Export/Scripting/StackTrace.cs:35)
UnityEngine.Object:Destroy (UnityEngine.Object,single)
UnityEngine.Object:Destroy (UnityEngine.Object) (at /Users/bokken/build/output/unity/unity/Runtime/Export/Scripting/UnityEngineObject.bindings.cs:707)
VoxelEngine.Rendering.Runtime.Vegetation.ProceduralTreeRenderer:DestroyBatchObjects (VoxelEngine.Rendering.Runtime.Vegetation.ProceduralTreeRenderer/BatchPresentation) (at Assets/VoxelEngine/Rendering/Runtime/Vegetation/ProceduralTreeRenderer.cs:1081)
VoxelEngine.Rendering.Runtime.Vegetation.ProceduralTreeRenderer:ClearBatches () (at Assets/VoxelEngine/Rendering/Runtime/Vegetation/ProceduralTreeRenderer.cs:1092)
VoxelEngine.Rendering.Runtime.Vegetation.ProceduralTreeRenderer:ClearGenerated () (at Assets/VoxelEngine/Rendering/Runtime/Vegetation/ProceduralTreeRenderer.cs:1106)
VoxelEngine.Rendering.Runtime.Vegetation.ProceduralTreeRenderer:OnDestroy () (at Assets/VoxelEngine/Rendering/Runtime/Vegetation/ProceduralTreeRenderer.cs:1115)
UnityEditor.TestTools.TestRunner.CommandLineTest.Executer:ExitApplication (UnityEditor.TestTools.TestRunner.CommandLineTest.Executer/ReturnCodes,string) (at ./Library/PackageCache/com.unity.test-framework@1405238725ab/UnityEditor.TestRunner/CommandLineTest/Executer.cs:83)
UnityEditor.TestTools.TestRunner.CommandLineTest.Executer:ExitIfRunIsCompleted () (at ./Library/PackageCache/com.unity.test-framework@1405238725ab/UnityEditor.TestRunner/CommandLineTest/Executer.cs:74)
UnityEditor.EditorApplication:Internal_CallUpdateFunctions () (at /Users/bokken/build/output/unity/unity/Editor/Mono/EditorApplication.cs:403)

[Assets/VoxelEngine/Rendering/Runtime/Vegetation/ProceduralTreeRenderer.cs line 1081]

Tree Batch 4,7: Destroy may not be called from edit mode! Use DestroyImmediate instead.
Destroying an object in edit mode destroys it permanently
UnityEngine.Debug:ExtractStackTraceNoAlloc (byte*,int,string)
UnityEngine.StackTraceUtility:ExtractStackTrace () (at /Users/bokken/build/output/unity/unity/Runtime/Export/Scripting/StackTrace.cs:35)
UnityEngine.Object:Destroy (UnityEngine.Object,single)
UnityEngine.Object:Destroy (UnityEngine.Object) (at /Users/bokken/build/output/unity/unity/Runtime/Export/Scripting/UnityEngineObject.bindings.cs:707)
VoxelEngine.Rendering.Runtime.Vegetation.ProceduralTreeRenderer:DestroyBatchObjects (VoxelEngine.Rendering.Runtime.Vegetation.ProceduralTreeRenderer/BatchPresentation) (at Assets/VoxelEngine/Rendering/Runtime/Vegetation/ProceduralTreeRenderer.cs:1085)
VoxelEngine.Rendering.Runtime.Vegetation.ProceduralTreeRenderer:ClearBatches () (at Assets/VoxelEngine/Rendering/Runtime/Vegetation/ProceduralTreeRenderer.cs:1092)
VoxelEngine.Rendering.Runtime.Vegetation.ProceduralTreeRenderer:ClearGenerated () (at Assets/VoxelEngine/Rendering/Runtime/Vegetation/ProceduralTreeRenderer.cs:1106)
VoxelEngine.Rendering.Runtime.Vegetation.ProceduralTreeRenderer:OnDestroy () (at Assets/VoxelEngine/Rendering/Runtime/Vegetation/ProceduralTreeRenderer.cs:1115)
UnityEditor.TestTools.TestRunner.CommandLineTest.Executer:ExitApplication (UnityEditor.TestTools.TestRunner.CommandLineTest.Executer/ReturnCodes,string) (at ./Library/PackageCache/com.unity.test-framework@1405238725ab/UnityEditor.TestRunner/CommandLineTest/Executer.cs:83)
UnityEditor.TestTools.TestRunner.CommandLineTest.Executer:ExitIfRunIsCompleted () (at ./Library/PackageCache/com.unity.test-framework@1405238725ab/UnityEditor.TestRunner/CommandLineTest/Executer.cs:74)
UnityEditor.EditorApplication:Internal_CallUpdateFunctions () (at /Users/bokken/build/output/unity/unity/Editor/Mono/EditorApplication.cs:403)

[Assets/VoxelEngine/Rendering/Runtime/Vegetation/ProceduralTreeRenderer.cs line 1085]

TreeBatch_5_7_LOD0: Destroy may not be called from edit mode! Use DestroyImmediate instead.
Destroying an object in edit mode destroys it permanently
UnityEngine.Debug:ExtractStackTraceNoAlloc (byte*,int,string)
UnityEngine.StackTraceUtility:ExtractStackTrace () (at /Users/bokken/build/output/unity/unity/Runtime/Export/Scripting/StackTrace.cs:35)
UnityEngine.Object:Destroy (UnityEngine.Object,single)
UnityEngine.Object:Destroy (UnityEngine.Object) (at /Users/bokken/build/output/unity/unity/Runtime/Export/Scripting/UnityEngineObject.bindings.cs:707)
VoxelEngine.Rendering.Runtime.Vegetation.ProceduralTreeRenderer:DestroyBatchObjects (VoxelEngine.Rendering.Runtime.Vegetation.ProceduralTreeRenderer/BatchPresentation) (at Assets/VoxelEngine/Rendering/Runtime/Vegetation/ProceduralTreeRenderer.cs:1079)
VoxelEngine.Rendering.Runtime.Vegetation.ProceduralTreeRenderer:ClearBatches () (at Assets/VoxelEngine/Rendering/Runtime/Vegetation/ProceduralTreeRenderer.cs:1092)
VoxelEngine.Rendering.Runtime.Vegetation.ProceduralTreeRenderer:ClearGenerated () (at Assets/VoxelEngine/Rendering/Runtime/Vegetation/ProceduralTreeRenderer.cs:1106)
VoxelEngine.Rendering.Runtime.Vegetation.ProceduralTreeRenderer:OnDestroy () (at Assets/VoxelEngine/Rendering/Runtime/Vegetation/ProceduralTreeRenderer.cs:1115)
UnityEditor.TestTools.TestRunner.CommandLineTest.Executer:ExitApplication (UnityEditor.TestTools.TestRunner.CommandLineTest.Executer/ReturnCodes,string) (at ./Library/PackageCache/com.unity.test-framework@1405238725ab/UnityEditor.TestRunner/CommandLineTest/Executer.cs:83)
UnityEditor.TestTools.TestRunner.CommandLineTest.Executer:ExitIfRunIsCompleted () (at ./Library/PackageCache/com.unity.test-framework@1405238725ab/UnityEditor.TestRunner/CommandLineTest/Executer.cs:74)
UnityEditor.EditorApplication:Internal_CallUpdateFunctions () (at /Users/bokken/build/output/unity/unity/Editor/Mono/EditorApplication.cs:403)

[Assets/VoxelEngine/Rendering/Runtime/Vegetation/ProceduralTreeRenderer.cs line 1079]

TreeBatch_5_7_LOD1: Destroy may not be called from edit mode! Use DestroyImmediate instead.
Destroying an object in edit mode destroys it permanently
UnityEngine.Debug:ExtractStackTraceNoAlloc (byte*,int,string)
UnityEngine.StackTraceUtility:ExtractStackTrace () (at /Users/bokken/build/output/unity/unity/Runtime/Export/Scripting/StackTrace.cs:35)
UnityEngine.Object:Destroy (UnityEngine.Object,single)
UnityEngine.Object:Destroy (UnityEngine.Object) (at /Users/bokken/build/output/unity/unity/Runtime/Export/Scripting/UnityEngineObject.bindings.cs:707)
VoxelEngine.Rendering.Runtime.Vegetation.ProceduralTreeRenderer:DestroyBatchObjects (VoxelEngine.Rendering.Runtime.Vegetation.ProceduralTreeRenderer/BatchPresentation) (at Assets/VoxelEngine/Rendering/Runtime/Vegetation/ProceduralTreeRenderer.cs:1079)
VoxelEngine.Rendering.Runtime.Vegetation.ProceduralTreeRenderer:ClearBatches () (at Assets/VoxelEngine/Rendering/Runtime/Vegetation/ProceduralTreeRenderer.cs:1092)
VoxelEngine.Rendering.Runtime.Vegetation.ProceduralTreeRenderer:ClearGenerated () (at Assets/VoxelEngine/Rendering/Runtime/Vegetation/ProceduralTreeRenderer.cs:1106)
VoxelEngine.Rendering.Runtime.Vegetation.ProceduralTreeRenderer:OnDestroy () (at Assets/VoxelEngine/Rendering/Runtime/Vegetation/ProceduralTreeRenderer.cs:1115)
UnityEditor.TestTools.TestRunner.CommandLineTest.Executer:ExitApplication (UnityEditor.TestTools.TestRunner.CommandLineTest.Executer/ReturnCodes,string) (at ./Library/PackageCache/com.unity.test-framework@1405238725ab/UnityEditor.TestRunner/CommandLineTest/Executer.cs:83)
UnityEditor.TestTools.TestRunner.CommandLineTest.Executer:ExitIfRunIsCompleted () (at ./Library/PackageCache/com.unity.test-framework@1405238725ab/UnityEditor.TestRunner/CommandLineTest/Executer.cs:74)
UnityEditor.EditorApplication:Internal_CallUpdateFunctions () (at /Users/bokken/build/output/unity/unity/Editor/Mono/EditorApplication.cs:403)

[Assets/VoxelEngine/Rendering/Runtime/Vegetation/ProceduralTreeRenderer.cs line 1079]

TreeBatch_5_7_LOD2: Destroy may not be called from edit mode! Use DestroyImmediate instead.
Destroying an object in edit mode destroys it permanently
UnityEngine.Debug:ExtractStackTraceNoAlloc (byte*,int,string)
UnityEngine.StackTraceUtility:ExtractStackTrace () (at /Users/bokken/build/output/unity/unity/Runtime/Export/Scripting/StackTrace.cs:35)
UnityEngine.Object:Destroy (UnityEngine.Object,single)
UnityEngine.Object:Destroy (UnityEngine.Object) (at /Users/bokken/build/output/unity/unity/Runtime/Export/Scripting/UnityEngineObject.bindings.cs:707)
VoxelEngine.Rendering.Runtime.Vegetation.ProceduralTreeRenderer:DestroyBatchObjects (VoxelEngine.Rendering.Runtime.Vegetation.ProceduralTreeRenderer/BatchPresentation) (at Assets/VoxelEngine/Rendering/Runtime/Vegetation/ProceduralTreeRenderer.cs:1079)
VoxelEngine.Rendering.Runtime.Vegetation.ProceduralTreeRenderer:ClearBatches () (at Assets/VoxelEngine/Rendering/Runtime/Vegetation/ProceduralTreeRenderer.cs:1092)
VoxelEngine.Rendering.Runtime.Vegetation.ProceduralTreeRenderer:ClearGenerated () (at Assets/VoxelEngine/Rendering/Runtime/Vegetation/ProceduralTreeRenderer.cs:1106)
VoxelEngine.Rendering.Runtime.Vegetation.ProceduralTreeRenderer:OnDestroy () (at Assets/VoxelEngine/Rendering/Runtime/Vegetation/ProceduralTreeRenderer.cs:1115)
UnityEditor.TestTools.TestRunner.CommandLineTest.Executer:ExitApplication (UnityEditor.TestTools.TestRunner.CommandLineTest.Executer/ReturnCodes,string) (at ./Library/PackageCache/com.unity.test-framework@1405238725ab/UnityEditor.TestRunner/CommandLineTest/Executer.cs:83)
UnityEditor.TestTools.TestRunner.CommandLineTest.Executer:ExitIfRunIsCompleted () (at ./Library/PackageCache/com.unity.test-framework@1405238725ab/UnityEditor.TestRunner/CommandLineTest/Executer.cs:74)
UnityEditor.EditorApplication:Internal_CallUpdateFunctions () (at /Users/bokken/build/output/unity/unity/Editor/Mono/EditorApplication.cs:403)

[Assets/VoxelEngine/Rendering/Runtime/Vegetation/ProceduralTreeRenderer.cs line 1079]

TreeBatch_5_7_LOD3: Destroy may not be called from edit mode! Use DestroyImmediate instead.
Destroying an object in edit mode destroys it permanently
UnityEngine.Debug:ExtractStackTraceNoAlloc (byte*,int,string)
UnityEngine.StackTraceUtility:ExtractStackTrace () (at /Users/bokken/build/output/unity/unity/Runtime/Export/Scripting/StackTrace.cs:35)
UnityEngine.Object:Destroy (UnityEngine.Object,single)
UnityEngine.Object:Destroy (UnityEngine.Object) (at /Users/bokken/build/output/unity/unity/Runtime/Export/Scripting/UnityEngineObject.bindings.cs:707)
VoxelEngine.Rendering.Runtime.Vegetation.ProceduralTreeRenderer:DestroyBatchObjects (VoxelEngine.Rendering.Runtime.Vegetation.ProceduralTreeRenderer/BatchPresentation) (at Assets/VoxelEngine/Rendering/Runtime/Vegetation/ProceduralTreeRenderer.cs:1081)
VoxelEngine.Rendering.Runtime.Vegetation.ProceduralTreeRenderer:ClearBatches () (at Assets/VoxelEngine/Rendering/Runtime/Vegetation/ProceduralTreeRenderer.cs:1092)
VoxelEngine.Rendering.Runtime.Vegetation.ProceduralTreeRenderer:ClearGenerated () (at Assets/VoxelEngine/Rendering/Runtime/Vegetation/ProceduralTreeRenderer.cs:1106)
VoxelEngine.Rendering.Runtime.Vegetation.ProceduralTreeRenderer:OnDestroy () (at Assets/VoxelEngine/Rendering/Runtime/Vegetation/ProceduralTreeRenderer.cs:1115)
UnityEditor.TestTools.TestRunner.CommandLineTest.Executer:ExitApplication (UnityEditor.TestTools.TestRunner.CommandLineTest.Executer/ReturnCodes,string) (at ./Library/PackageCache/com.unity.test-framework@1405238725ab/UnityEditor.TestRunner/CommandLineTest/Executer.cs:83)
UnityEditor.TestTools.TestRunner.CommandLineTest.Executer:ExitIfRunIsCompleted () (at ./Library/PackageCache/com.unity.test-framework@1405238725ab/UnityEditor.TestRunner/CommandLineTest/Executer.cs:74)
UnityEditor.EditorApplication:Internal_CallUpdateFunctions () (at /Users/bokken/build/output/unity/unity/Editor/Mono/EditorApplication.cs:403)

[Assets/VoxelEngine/Rendering/Runtime/Vegetation/ProceduralTreeRenderer.cs line 1081]

Tree Batch 5,7: Destroy may not be called from edit mode! Use DestroyImmediate instead.
Destroying an object in edit mode destroys it permanently
UnityEngine.Debug:ExtractStackTraceNoAlloc (byte*,int,string)
UnityEngine.StackTraceUtility:ExtractStackTrace () (at /Users/bokken/build/output/unity/unity/Runtime/Export/Scripting/StackTrace.cs:35)
UnityEngine.Object:Destroy (UnityEngine.Object,single)
UnityEngine.Object:Destroy (UnityEngine.Object) (at /Users/bokken/build/output/unity/unity/Runtime/Export/Scripting/UnityEngineObject.bindings.cs:707)
VoxelEngine.Rendering.Runtime.Vegetation.ProceduralTreeRenderer:DestroyBatchObjects (VoxelEngine.Rendering.Runtime.Vegetation.ProceduralTreeRenderer/BatchPresentation) (at Assets/VoxelEngine/Rendering/Runtime/Vegetation/ProceduralTreeRenderer.cs:1085)
VoxelEngine.Rendering.Runtime.Vegetation.ProceduralTreeRenderer:ClearBatches () (at Assets/VoxelEngine/Rendering/Runtime/Vegetation/ProceduralTreeRenderer.cs:1092)
VoxelEngine.Rendering.Runtime.Vegetation.ProceduralTreeRenderer:ClearGenerated () (at Assets/VoxelEngine/Rendering/Runtime/Vegetation/ProceduralTreeRenderer.cs:1106)
VoxelEngine.Rendering.Runtime.Vegetation.ProceduralTreeRenderer:OnDestroy () (at Assets/VoxelEngine/Rendering/Runtime/Vegetation/ProceduralTreeRenderer.cs:1115)
UnityEditor.TestTools.TestRunner.CommandLineTest.Executer:ExitApplication (UnityEditor.TestTools.TestRunner.CommandLineTest.Executer/ReturnCodes,string) (at ./Library/PackageCache/com.unity.test-framework@1405238725ab/UnityEditor.TestRunner/CommandLineTest/Executer.cs:83)
UnityEditor.TestTools.TestRunner.CommandLineTest.Executer:ExitIfRunIsCompleted () (at ./Library/PackageCache/com.unity.test-framework@1405238725ab/UnityEditor.TestRunner/CommandLineTest/Executer.cs:74)
UnityEditor.EditorApplication:Internal_CallUpdateFunctions () (at /Users/bokken/build/output/unity/unity/Editor/Mono/EditorApplication.cs:403)

[Assets/VoxelEngine/Rendering/Runtime/Vegetation/ProceduralTreeRenderer.cs line 1085]

TreeBatch_6_7_LOD0: Destroy may not be called from edit mode! Use DestroyImmediate instead.
Destroying an object in edit mode destroys it permanently
UnityEngine.Debug:ExtractStackTraceNoAlloc (byte*,int,string)
UnityEngine.StackTraceUtility:ExtractStackTrace () (at /Users/bokken/build/output/unity/unity/Runtime/Export/Scripting/StackTrace.cs:35)
UnityEngine.Object:Destroy (UnityEngine.Object,single)
UnityEngine.Object:Destroy (UnityEngine.Object) (at /Users/bokken/build/output/unity/unity/Runtime/Export/Scripting/UnityEngineObject.bindings.cs:707)
VoxelEngine.Rendering.Runtime.Vegetation.ProceduralTreeRenderer:DestroyBatchObjects (VoxelEngine.Rendering.Runtime.Vegetation.ProceduralTreeRenderer/BatchPresentation) (at Assets/VoxelEngine/Rendering/Runtime/Vegetation/ProceduralTreeRenderer.cs:1079)
VoxelEngine.Rendering.Runtime.Vegetation.ProceduralTreeRenderer:ClearBatches () (at Assets/VoxelEngine/Rendering/Runtime/Vegetation/ProceduralTreeRenderer.cs:1092)
VoxelEngine.Rendering.Runtime.Vegetation.ProceduralTreeRenderer:ClearGenerated () (at Assets/VoxelEngine/Rendering/Runtime/Vegetation/ProceduralTreeRenderer.cs:1106)
VoxelEngine.Rendering.Runtime.Vegetation.ProceduralTreeRenderer:OnDestroy () (at Assets/VoxelEngine/Rendering/Runtime/Vegetation/ProceduralTreeRenderer.cs:1115)
UnityEditor.TestTools.TestRunner.CommandLineTest.Executer:ExitApplication (UnityEditor.TestTools.TestRunner.CommandLineTest.Executer/ReturnCodes,string) (at ./Library/PackageCache/com.unity.test-framework@1405238725ab/UnityEditor.TestRunner/CommandLineTest/Executer.cs:83)
UnityEditor.TestTools.TestRunner.CommandLineTest.Executer:ExitIfRunIsCompleted () (at ./Library/PackageCache/com.unity.test-framework@1405238725ab/UnityEditor.TestRunner/CommandLineTest/Executer.cs:74)
UnityEditor.EditorApplication:Internal_CallUpdateFunctions () (at /Users/bokken/build/output/unity/unity/Editor/Mono/EditorApplication.cs:403)

[Assets/VoxelEngine/Rendering/Runtime/Vegetation/ProceduralTreeRenderer.cs line 1079]

TreeBatch_6_7_LOD1: Destroy may not be called from edit mode! Use DestroyImmediate instead.
Destroying an object in edit mode destroys it permanently
UnityEngine.Debug:ExtractStackTraceNoAlloc (byte*,int,string)
UnityEngine.StackTraceUtility:ExtractStackTrace () (at /Users/bokken/build/output/unity/unity/Runtime/Export/Scripting/StackTrace.cs:35)
UnityEngine.Object:Destroy (UnityEngine.Object,single)
UnityEngine.Object:Destroy (UnityEngine.Object) (at /Users/bokken/build/output/unity/unity/Runtime/Export/Scripting/UnityEngineObject.bindings.cs:707)
VoxelEngine.Rendering.Runtime.Vegetation.ProceduralTreeRenderer:DestroyBatchObjects (VoxelEngine.Rendering.Runtime.Vegetation.ProceduralTreeRenderer/BatchPresentation) (at Assets/VoxelEngine/Rendering/Runtime/Vegetation/ProceduralTreeRenderer.cs:1079)
VoxelEngine.Rendering.Runtime.Vegetation.ProceduralTreeRenderer:ClearBatches () (at Assets/VoxelEngine/Rendering/Runtime/Vegetation/ProceduralTreeRenderer.cs:1092)
VoxelEngine.Rendering.Runtime.Vegetation.ProceduralTreeRenderer:ClearGenerated () (at Assets/VoxelEngine/Rendering/Runtime/Vegetation/ProceduralTreeRenderer.cs:1106)
VoxelEngine.Rendering.Runtime.Vegetation.ProceduralTreeRenderer:OnDestroy () (at Assets/VoxelEngine/Rendering/Runtime/Vegetation/ProceduralTreeRenderer.cs:1115)
UnityEditor.TestTools.TestRunner.CommandLineTest.Executer:ExitApplication (UnityEditor.TestTools.TestRunner.CommandLineTest.Executer/ReturnCodes,string) (at ./Library/PackageCache/com.unity.test-framework@1405238725ab/UnityEditor.TestRunner/CommandLineTest/Executer.cs:83)
UnityEditor.TestTools.TestRunner.CommandLineTest.Executer:ExitIfRunIsCompleted () (at ./Library/PackageCache/com.unity.test-framework@1405238725ab/UnityEditor.TestRunner/CommandLineTest/Executer.cs:74)
UnityEditor.EditorApplication:Internal_CallUpdateFunctions () (at /Users/bokken/build/output/unity/unity/Editor/Mono/EditorApplication.cs:403)

[Assets/VoxelEngine/Rendering/Runtime/Vegetation/ProceduralTreeRenderer.cs line 1079]

TreeBatch_6_7_LOD2: Destroy may not be called from edit mode! Use DestroyImmediate instead.
Destroying an object in edit mode destroys it permanently
UnityEngine.Debug:ExtractStackTraceNoAlloc (byte*,int,string)
UnityEngine.StackTraceUtility:ExtractStackTrace () (at /Users/bokken/build/output/unity/unity/Runtime/Export/Scripting/StackTrace.cs:35)
UnityEngine.Object:Destroy (UnityEngine.Object,single)
UnityEngine.Object:Destroy (UnityEngine.Object) (at /Users/bokken/build/output/unity/unity/Runtime/Export/Scripting/UnityEngineObject.bindings.cs:707)
VoxelEngine.Rendering.Runtime.Vegetation.ProceduralTreeRenderer:DestroyBatchObjects (VoxelEngine.Rendering.Runtime.Vegetation.ProceduralTreeRenderer/BatchPresentation) (at Assets/VoxelEngine/Rendering/Runtime/Vegetation/ProceduralTreeRenderer.cs:1079)
VoxelEngine.Rendering.Runtime.Vegetation.ProceduralTreeRenderer:ClearBatches () (at Assets/VoxelEngine/Rendering/Runtime/Vegetation/ProceduralTreeRenderer.cs:1092)
VoxelEngine.Rendering.Runtime.Vegetation.ProceduralTreeRenderer:ClearGenerated () (at Assets/VoxelEngine/Rendering/Runtime/Vegetation/ProceduralTreeRenderer.cs:1106)
VoxelEngine.Rendering.Runtime.Vegetation.ProceduralTreeRenderer:OnDestroy () (at Assets/VoxelEngine/Rendering/Runtime/Vegetation/ProceduralTreeRenderer.cs:1115)
UnityEditor.TestTools.TestRunner.CommandLineTest.Executer:ExitApplication (UnityEditor.TestTools.TestRunner.CommandLineTest.Executer/ReturnCodes,string) (at ./Library/PackageCache/com.unity.test-framework@1405238725ab/UnityEditor.TestRunner/CommandLineTest/Executer.cs:83)
UnityEditor.TestTools.TestRunner.CommandLineTest.Executer:ExitIfRunIsCompleted () (at ./Library/PackageCache/com.unity.test-framework@1405238725ab/UnityEditor.TestRunner/CommandLineTest/Executer.cs:74)
UnityEditor.EditorApplication:Internal_CallUpdateFunctions () (at /Users/bokken/build/output/unity/unity/Editor/Mono/EditorApplication.cs:403)

[Assets/VoxelEngine/Rendering/Runtime/Vegetation/ProceduralTreeRenderer.cs line 1079]

TreeBatch_6_7_LOD3: Destroy may not be called from edit mode! Use DestroyImmediate instead.
Destroying an object in edit mode destroys it permanently
UnityEngine.Debug:ExtractStackTraceNoAlloc (byte*,int,string)
UnityEngine.StackTraceUtility:ExtractStackTrace () (at /Users/bokken/build/output/unity/unity/Runtime/Export/Scripting/StackTrace.cs:35)
UnityEngine.Object:Destroy (UnityEngine.Object,single)
UnityEngine.Object:Destroy (UnityEngine.Object) (at /Users/bokken/build/output/unity/unity/Runtime/Export/Scripting/UnityEngineObject.bindings.cs:707)
VoxelEngine.Rendering.Runtime.Vegetation.ProceduralTreeRenderer:DestroyBatchObjects (VoxelEngine.Rendering.Runtime.Vegetation.ProceduralTreeRenderer/BatchPresentation) (at Assets/VoxelEngine/Rendering/Runtime/Vegetation/ProceduralTreeRenderer.cs:1081)
VoxelEngine.Rendering.Runtime.Vegetation.ProceduralTreeRenderer:ClearBatches () (at Assets/VoxelEngine/Rendering/Runtime/Vegetation/ProceduralTreeRenderer.cs:1092)
VoxelEngine.Rendering.Runtime.Vegetation.ProceduralTreeRenderer:ClearGenerated () (at Assets/VoxelEngine/Rendering/Runtime/Vegetation/ProceduralTreeRenderer.cs:1106)
VoxelEngine.Rendering.Runtime.Vegetation.ProceduralTreeRenderer:OnDestroy () (at Assets/VoxelEngine/Rendering/Runtime/Vegetation/ProceduralTreeRenderer.cs:1115)
UnityEditor.TestTools.TestRunner.CommandLineTest.Executer:ExitApplication (UnityEditor.TestTools.TestRunner.CommandLineTest.Executer/ReturnCodes,string) (at ./Library/PackageCache/com.unity.test-framework@1405238725ab/UnityEditor.TestRunner/CommandLineTest/Executer.cs:83)
UnityEditor.TestTools.TestRunner.CommandLineTest.Executer:ExitIfRunIsCompleted () (at ./Library/PackageCache/com.unity.test-framework@1405238725ab/UnityEditor.TestRunner/CommandLineTest/Executer.cs:74)
UnityEditor.EditorApplication:Internal_CallUpdateFunctions () (at /Users/bokken/build/output/unity/unity/Editor/Mono/EditorApplication.cs:403)

[Assets/VoxelEngine/Rendering/Runtime/Vegetation/ProceduralTreeRenderer.cs line 1081]

Tree Batch 6,7: Destroy may not be called from edit mode! Use DestroyImmediate instead.
Destroying an object in edit mode destroys it permanently
UnityEngine.Debug:ExtractStackTraceNoAlloc (byte*,int,string)
UnityEngine.StackTraceUtility:ExtractStackTrace () (at /Users/bokken/build/output/unity/unity/Runtime/Export/Scripting/StackTrace.cs:35)
UnityEngine.Object:Destroy (UnityEngine.Object,single)
UnityEngine.Object:Destroy (UnityEngine.Object) (at /Users/bokken/build/output/unity/unity/Runtime/Export/Scripting/UnityEngineObject.bindings.cs:707)
VoxelEngine.Rendering.Runtime.Vegetation.ProceduralTreeRenderer:DestroyBatchObjects (VoxelEngine.Rendering.Runtime.Vegetation.ProceduralTreeRenderer/BatchPresentation) (at Assets/VoxelEngine/Rendering/Runtime/Vegetation/ProceduralTreeRenderer.cs:1085)
VoxelEngine.Rendering.Runtime.Vegetation.ProceduralTreeRenderer:ClearBatches () (at Assets/VoxelEngine/Rendering/Runtime/Vegetation/ProceduralTreeRenderer.cs:1092)
VoxelEngine.Rendering.Runtime.Vegetation.ProceduralTreeRenderer:ClearGenerated () (at Assets/VoxelEngine/Rendering/Runtime/Vegetation/ProceduralTreeRenderer.cs:1106)
VoxelEngine.Rendering.Runtime.Vegetation.ProceduralTreeRenderer:OnDestroy () (at Assets/VoxelEngine/Rendering/Runtime/Vegetation/ProceduralTreeRenderer.cs:1115)
UnityEditor.TestTools.TestRunner.CommandLineTest.Executer:ExitApplication (UnityEditor.TestTools.TestRunner.CommandLineTest.Executer/ReturnCodes,string) (at ./Library/PackageCache/com.unity.test-framework@1405238725ab/UnityEditor.TestRunner/CommandLineTest/Executer.cs:83)
UnityEditor.TestTools.TestRunner.CommandLineTest.Executer:ExitIfRunIsCompleted () (at ./Library/PackageCache/com.unity.test-framework@1405238725ab/UnityEditor.TestRunner/CommandLineTest/Executer.cs:74)
UnityEditor.EditorApplication:Internal_CallUpdateFunctions () (at /Users/bokken/build/output/unity/unity/Editor/Mono/EditorApplication.cs:403)

[Assets/VoxelEngine/Rendering/Runtime/Vegetation/ProceduralTreeRenderer.cs line 1085]

TreeBatch_0_7_LOD0: Destroy may not be called from edit mode! Use DestroyImmediate instead.
Destroying an object in edit mode destroys it permanently
UnityEngine.Debug:ExtractStackTraceNoAlloc (byte*,int,string)
UnityEngine.StackTraceUtility:ExtractStackTrace () (at /Users/bokken/build/output/unity/unity/Runtime/Export/Scripting/StackTrace.cs:35)
UnityEngine.Object:Destroy (UnityEngine.Object,single)
UnityEngine.Object:Destroy (UnityEngine.Object) (at /Users/bokken/build/output/unity/unity/Runtime/Export/Scripting/UnityEngineObject.bindings.cs:707)
VoxelEngine.Rendering.Runtime.Vegetation.ProceduralTreeRenderer:DestroyBatchObjects (VoxelEngine.Rendering.Runtime.Vegetation.ProceduralTreeRenderer/BatchPresentation) (at Assets/VoxelEngine/Rendering/Runtime/Vegetation/ProceduralTreeRenderer.cs:1079)
VoxelEngine.Rendering.Runtime.Vegetation.ProceduralTreeRenderer:ClearBatches () (at Assets/VoxelEngine/Rendering/Runtime/Vegetation/ProceduralTreeRenderer.cs:1092)
VoxelEngine.Rendering.Runtime.Vegetation.ProceduralTreeRenderer:ClearGenerated () (at Assets/VoxelEngine/Rendering/Runtime/Vegetation/ProceduralTreeRenderer.cs:1106)
VoxelEngine.Rendering.Runtime.Vegetation.ProceduralTreeRenderer:OnDestroy () (at Assets/VoxelEngine/Rendering/Runtime/Vegetation/ProceduralTreeRenderer.cs:1115)
UnityEditor.TestTools.TestRunner.CommandLineTest.Executer:ExitApplication (UnityEditor.TestTools.TestRunner.CommandLineTest.Executer/ReturnCodes,string) (at ./Library/PackageCache/com.unity.test-framework@1405238725ab/UnityEditor.TestRunner/CommandLineTest/Executer.cs:83)
UnityEditor.TestTools.TestRunner.CommandLineTest.Executer:ExitIfRunIsCompleted () (at ./Library/PackageCache/com.unity.test-framework@1405238725ab/UnityEditor.TestRunner/CommandLineTest/Executer.cs:74)
UnityEditor.EditorApplication:Internal_CallUpdateFunctions () (at /Users/bokken/build/output/unity/unity/Editor/Mono/EditorApplication.cs:403)

[Assets/VoxelEngine/Rendering/Runtime/Vegetation/ProceduralTreeRenderer.cs line 1079]

TreeBatch_0_7_LOD1: Destroy may not be called from edit mode! Use DestroyImmediate instead.
Destroying an object in edit mode destroys it permanently
UnityEngine.Debug:ExtractStackTraceNoAlloc (byte*,int,string)
UnityEngine.StackTraceUtility:ExtractStackTrace () (at /Users/bokken/build/output/unity/unity/Runtime/Export/Scripting/StackTrace.cs:35)
UnityEngine.Object:Destroy (UnityEngine.Object,single)
UnityEngine.Object:Destroy (UnityEngine.Object) (at /Users/bokken/build/output/unity/unity/Runtime/Export/Scripting/UnityEngineObject.bindings.cs:707)
VoxelEngine.Rendering.Runtime.Vegetation.ProceduralTreeRenderer:DestroyBatchObjects (VoxelEngine.Rendering.Runtime.Vegetation.ProceduralTreeRenderer/BatchPresentation) (at Assets/VoxelEngine/Rendering/Runtime/Vegetation/ProceduralTreeRenderer.cs:1079)
VoxelEngine.Rendering.Runtime.Vegetation.ProceduralTreeRenderer:ClearBatches () (at Assets/VoxelEngine/Rendering/Runtime/Vegetation/ProceduralTreeRenderer.cs:1092)
VoxelEngine.Rendering.Runtime.Vegetation.ProceduralTreeRenderer:ClearGenerated () (at Assets/VoxelEngine/Rendering/Runtime/Vegetation/ProceduralTreeRenderer.cs:1106)
VoxelEngine.Rendering.Runtime.Vegetation.ProceduralTreeRenderer:OnDestroy () (at Assets/VoxelEngine/Rendering/Runtime/Vegetation/ProceduralTreeRenderer.cs:1115)
UnityEditor.TestTools.TestRunner.CommandLineTest.Executer:ExitApplication (UnityEditor.TestTools.TestRunner.CommandLineTest.Executer/ReturnCodes,string) (at ./Library/PackageCache/com.unity.test-framework@1405238725ab/UnityEditor.TestRunner/CommandLineTest/Executer.cs:83)
UnityEditor.TestTools.TestRunner.CommandLineTest.Executer:ExitIfRunIsCompleted () (at ./Library/PackageCache/com.unity.test-framework@1405238725ab/UnityEditor.TestRunner/CommandLineTest/Executer.cs:74)
UnityEditor.EditorApplication:Internal_CallUpdateFunctions () (at /Users/bokken/build/output/unity/unity/Editor/Mono/EditorApplication.cs:403)

[Assets/VoxelEngine/Rendering/Runtime/Vegetation/ProceduralTreeRenderer.cs line 1079]

TreeBatch_0_7_LOD2: Destroy may not be called from edit mode! Use DestroyImmediate instead.
Destroying an object in edit mode destroys it permanently
UnityEngine.Debug:ExtractStackTraceNoAlloc (byte*,int,string)
UnityEngine.StackTraceUtility:ExtractStackTrace () (at /Users/bokken/build/output/unity/unity/Runtime/Export/Scripting/StackTrace.cs:35)
UnityEngine.Object:Destroy (UnityEngine.Object,single)
UnityEngine.Object:Destroy (UnityEngine.Object) (at /Users/bokken/build/output/unity/unity/Runtime/Export/Scripting/UnityEngineObject.bindings.cs:707)
VoxelEngine.Rendering.Runtime.Vegetation.ProceduralTreeRenderer:DestroyBatchObjects (VoxelEngine.Rendering.Runtime.Vegetation.ProceduralTreeRenderer/BatchPresentation) (at Assets/VoxelEngine/Rendering/Runtime/Vegetation/ProceduralTreeRenderer.cs:1079)
VoxelEngine.Rendering.Runtime.Vegetation.ProceduralTreeRenderer:ClearBatches () (at Assets/VoxelEngine/Rendering/Runtime/Vegetation/ProceduralTreeRenderer.cs:1092)
VoxelEngine.Rendering.Runtime.Vegetation.ProceduralTreeRenderer:ClearGenerated () (at Assets/VoxelEngine/Rendering/Runtime/Vegetation/ProceduralTreeRenderer.cs:1106)
VoxelEngine.Rendering.Runtime.Vegetation.ProceduralTreeRenderer:OnDestroy () (at Assets/VoxelEngine/Rendering/Runtime/Vegetation/ProceduralTreeRenderer.cs:1115)
UnityEditor.TestTools.TestRunner.CommandLineTest.Executer:ExitApplication (UnityEditor.TestTools.TestRunner.CommandLineTest.Executer/ReturnCodes,string) (at ./Library/PackageCache/com.unity.test-framework@1405238725ab/UnityEditor.TestRunner/CommandLineTest/Executer.cs:83)
UnityEditor.TestTools.TestRunner.CommandLineTest.Executer:ExitIfRunIsCompleted () (at ./Library/PackageCache/com.unity.test-framework@1405238725ab/UnityEditor.TestRunner/CommandLineTest/Executer.cs:74)
UnityEditor.EditorApplication:Internal_CallUpdateFunctions () (at /Users/bokken/build/output/unity/unity/Editor/Mono/EditorApplication.cs:403)

[Assets/VoxelEngine/Rendering/Runtime/Vegetation/ProceduralTreeRenderer.cs line 1079]

TreeBatch_0_7_LOD3: Destroy may not be called from edit mode! Use DestroyImmediate instead.
Destroying an object in edit mode destroys it permanently
UnityEngine.Debug:ExtractStackTraceNoAlloc (byte*,int,string)
UnityEngine.StackTraceUtility:ExtractStackTrace () (at /Users/bokken/build/output/unity/unity/Runtime/Export/Scripting/StackTrace.cs:35)
UnityEngine.Object:Destroy (UnityEngine.Object,single)
UnityEngine.Object:Destroy (UnityEngine.Object) (at /Users/bokken/build/output/unity/unity/Runtime/Export/Scripting/UnityEngineObject.bindings.cs:707)
VoxelEngine.Rendering.Runtime.Vegetation.ProceduralTreeRenderer:DestroyBatchObjects (VoxelEngine.Rendering.Runtime.Vegetation.ProceduralTreeRenderer/BatchPresentation) (at Assets/VoxelEngine/Rendering/Runtime/Vegetation/ProceduralTreeRenderer.cs:1081)
VoxelEngine.Rendering.Runtime.Vegetation.ProceduralTreeRenderer:ClearBatches () (at Assets/VoxelEngine/Rendering/Runtime/Vegetation/ProceduralTreeRenderer.cs:1092)
VoxelEngine.Rendering.Runtime.Vegetation.ProceduralTreeRenderer:ClearGenerated () (at Assets/VoxelEngine/Rendering/Runtime/Vegetation/ProceduralTreeRenderer.cs:1106)
VoxelEngine.Rendering.Runtime.Vegetation.ProceduralTreeRenderer:OnDestroy () (at Assets/VoxelEngine/Rendering/Runtime/Vegetation/ProceduralTreeRenderer.cs:1115)
UnityEditor.TestTools.TestRunner.CommandLineTest.Executer:ExitApplication (UnityEditor.TestTools.TestRunner.CommandLineTest.Executer/ReturnCodes,string) (at ./Library/PackageCache/com.unity.test-framework@1405238725ab/UnityEditor.TestRunner/CommandLineTest/Executer.cs:83)
UnityEditor.TestTools.TestRunner.CommandLineTest.Executer:ExitIfRunIsCompleted () (at ./Library/PackageCache/com.unity.test-framework@1405238725ab/UnityEditor.TestRunner/CommandLineTest/Executer.cs:74)
UnityEditor.EditorApplication:Internal_CallUpdateFunctions () (at /Users/bokken/build/output/unity/unity/Editor/Mono/EditorApplication.cs:403)

[Assets/VoxelEngine/Rendering/Runtime/Vegetation/ProceduralTreeRenderer.cs line 1081]

Tree Batch 0,7: Destroy may not be called from edit mode! Use DestroyImmediate instead.
Destroying an object in edit mode destroys it permanently
UnityEngine.Debug:ExtractStackTraceNoAlloc (byte*,int,string)
UnityEngine.StackTraceUtility:ExtractStackTrace () (at /Users/bokken/build/output/unity/unity/Runtime/Export/Scripting/StackTrace.cs:35)
UnityEngine.Object:Destroy (UnityEngine.Object,single)
UnityEngine.Object:Destroy (UnityEngine.Object) (at /Users/bokken/build/output/unity/unity/Runtime/Export/Scripting/UnityEngineObject.bindings.cs:707)
VoxelEngine.Rendering.Runtime.Vegetation.ProceduralTreeRenderer:DestroyBatchObjects (VoxelEngine.Rendering.Runtime.Vegetation.ProceduralTreeRenderer/BatchPresentation) (at Assets/VoxelEngine/Rendering/Runtime/Vegetation/ProceduralTreeRenderer.cs:1085)
VoxelEngine.Rendering.Runtime.Vegetation.ProceduralTreeRenderer:ClearBatches () (at Assets/VoxelEngine/Rendering/Runtime/Vegetation/ProceduralTreeRenderer.cs:1092)
VoxelEngine.Rendering.Runtime.Vegetation.ProceduralTreeRenderer:ClearGenerated () (at Assets/VoxelEngine/Rendering/Runtime/Vegetation/ProceduralTreeRenderer.cs:1106)
VoxelEngine.Rendering.Runtime.Vegetation.ProceduralTreeRenderer:OnDestroy () (at Assets/VoxelEngine/Rendering/Runtime/Vegetation/ProceduralTreeRenderer.cs:1115)
UnityEditor.TestTools.TestRunner.CommandLineTest.Executer:ExitApplication (UnityEditor.TestTools.TestRunner.CommandLineTest.Executer/ReturnCodes,string) (at ./Library/PackageCache/com.unity.test-framework@1405238725ab/UnityEditor.TestRunner/CommandLineTest/Executer.cs:83)
UnityEditor.TestTools.TestRunner.CommandLineTest.Executer:ExitIfRunIsCompleted () (at ./Library/PackageCache/com.unity.test-framework@1405238725ab/UnityEditor.TestRunner/CommandLineTest/Executer.cs:74)
UnityEditor.EditorApplication:Internal_CallUpdateFunctions () (at /Users/bokken/build/output/unity/unity/Editor/Mono/EditorApplication.cs:403)

[Assets/VoxelEngine/Rendering/Runtime/Vegetation/ProceduralTreeRenderer.cs line 1085]

TreeBatch_2_8_LOD0: Destroy may not be called from edit mode! Use DestroyImmediate instead.
Destroying an object in edit mode destroys it permanently
UnityEngine.Debug:ExtractStackTraceNoAlloc (byte*,int,string)
UnityEngine.StackTraceUtility:ExtractStackTrace () (at /Users/bokken/build/output/unity/unity/Runtime/Export/Scripting/StackTrace.cs:35)
UnityEngine.Object:Destroy (UnityEngine.Object,single)
UnityEngine.Object:Destroy (UnityEngine.Object) (at /Users/bokken/build/output/unity/unity/Runtime/Export/Scripting/UnityEngineObject.bindings.cs:707)
VoxelEngine.Rendering.Runtime.Vegetation.ProceduralTreeRenderer:DestroyBatchObjects (VoxelEngine.Rendering.Runtime.Vegetation.ProceduralTreeRenderer/BatchPresentation) (at Assets/VoxelEngine/Rendering/Runtime/Vegetation/ProceduralTreeRenderer.cs:1079)
VoxelEngine.Rendering.Runtime.Vegetation.ProceduralTreeRenderer:ClearBatches () (at Assets/VoxelEngine/Rendering/Runtime/Vegetation/ProceduralTreeRenderer.cs:1092)
VoxelEngine.Rendering.Runtime.Vegetation.ProceduralTreeRenderer:ClearGenerated () (at Assets/VoxelEngine/Rendering/Runtime/Vegetation/ProceduralTreeRenderer.cs:1106)
VoxelEngine.Rendering.Runtime.Vegetation.ProceduralTreeRenderer:OnDestroy () (at Assets/VoxelEngine/Rendering/Runtime/Vegetation/ProceduralTreeRenderer.cs:1115)
UnityEditor.TestTools.TestRunner.CommandLineTest.Executer:ExitApplication (UnityEditor.TestTools.TestRunner.CommandLineTest.Executer/ReturnCodes,string) (at ./Library/PackageCache/com.unity.test-framework@1405238725ab/UnityEditor.TestRunner/CommandLineTest/Executer.cs:83)
UnityEditor.TestTools.TestRunner.CommandLineTest.Executer:ExitIfRunIsCompleted () (at ./Library/PackageCache/com.unity.test-framework@1405238725ab/UnityEditor.TestRunner/CommandLineTest/Executer.cs:74)
UnityEditor.EditorApplication:Internal_CallUpdateFunctions () (at /Users/bokken/build/output/unity/unity/Editor/Mono/EditorApplication.cs:403)

[Assets/VoxelEngine/Rendering/Runtime/Vegetation/ProceduralTreeRenderer.cs line 1079]

TreeBatch_2_8_LOD1: Destroy may not be called from edit mode! Use DestroyImmediate instead.
Destroying an object in edit mode destroys it permanently
UnityEngine.Debug:ExtractStackTraceNoAlloc (byte*,int,string)
UnityEngine.StackTraceUtility:ExtractStackTrace () (at /Users/bokken/build/output/unity/unity/Runtime/Export/Scripting/StackTrace.cs:35)
UnityEngine.Object:Destroy (UnityEngine.Object,single)
UnityEngine.Object:Destroy (UnityEngine.Object) (at /Users/bokken/build/output/unity/unity/Runtime/Export/Scripting/UnityEngineObject.bindings.cs:707)
VoxelEngine.Rendering.Runtime.Vegetation.ProceduralTreeRenderer:DestroyBatchObjects (VoxelEngine.Rendering.Runtime.Vegetation.ProceduralTreeRenderer/BatchPresentation) (at Assets/VoxelEngine/Rendering/Runtime/Vegetation/ProceduralTreeRenderer.cs:1079)
VoxelEngine.Rendering.Runtime.Vegetation.ProceduralTreeRenderer:ClearBatches () (at Assets/VoxelEngine/Rendering/Runtime/Vegetation/ProceduralTreeRenderer.cs:1092)
VoxelEngine.Rendering.Runtime.Vegetation.ProceduralTreeRenderer:ClearGenerated () (at Assets/VoxelEngine/Rendering/Runtime/Vegetation/ProceduralTreeRenderer.cs:1106)
VoxelEngine.Rendering.Runtime.Vegetation.ProceduralTreeRenderer:OnDestroy () (at Assets/VoxelEngine/Rendering/Runtime/Vegetation/ProceduralTreeRenderer.cs:1115)
UnityEditor.TestTools.TestRunner.CommandLineTest.Executer:ExitApplication (UnityEditor.TestTools.TestRunner.CommandLineTest.Executer/ReturnCodes,string) (at ./Library/PackageCache/com.unity.test-framework@1405238725ab/UnityEditor.TestRunner/CommandLineTest/Executer.cs:83)
UnityEditor.TestTools.TestRunner.CommandLineTest.Executer:ExitIfRunIsCompleted () (at ./Library/PackageCache/com.unity.test-framework@1405238725ab/UnityEditor.TestRunner/CommandLineTest/Executer.cs:74)
UnityEditor.EditorApplication:Internal_CallUpdateFunctions () (at /Users/bokken/build/output/unity/unity/Editor/Mono/EditorApplication.cs:403)

[Assets/VoxelEngine/Rendering/Runtime/Vegetation/ProceduralTreeRenderer.cs line 1079]

TreeBatch_2_8_LOD2: Destroy may not be called from edit mode! Use DestroyImmediate instead.
Destroying an object in edit mode destroys it permanently
UnityEngine.Debug:ExtractStackTraceNoAlloc (byte*,int,string)
UnityEngine.StackTraceUtility:ExtractStackTrace () (at /Users/bokken/build/output/unity/unity/Runtime/Export/Scripting/StackTrace.cs:35)
UnityEngine.Object:Destroy (UnityEngine.Object,single)
UnityEngine.Object:Destroy (UnityEngine.Object) (at /Users/bokken/build/output/unity/unity/Runtime/Export/Scripting/UnityEngineObject.bindings.cs:707)
VoxelEngine.Rendering.Runtime.Vegetation.ProceduralTreeRenderer:DestroyBatchObjects (VoxelEngine.Rendering.Runtime.Vegetation.ProceduralTreeRenderer/BatchPresentation) (at Assets/VoxelEngine/Rendering/Runtime/Vegetation/ProceduralTreeRenderer.cs:1079)
VoxelEngine.Rendering.Runtime.Vegetation.ProceduralTreeRenderer:ClearBatches () (at Assets/VoxelEngine/Rendering/Runtime/Vegetation/ProceduralTreeRenderer.cs:1092)
VoxelEngine.Rendering.Runtime.Vegetation.ProceduralTreeRenderer:ClearGenerated () (at Assets/VoxelEngine/Rendering/Runtime/Vegetation/ProceduralTreeRenderer.cs:1106)
VoxelEngine.Rendering.Runtime.Vegetation.ProceduralTreeRenderer:OnDestroy () (at Assets/VoxelEngine/Rendering/Runtime/Vegetation/ProceduralTreeRenderer.cs:1115)
UnityEditor.TestTools.TestRunner.CommandLineTest.Executer:ExitApplication (UnityEditor.TestTools.TestRunner.CommandLineTest.Executer/ReturnCodes,string) (at ./Library/PackageCache/com.unity.test-framework@1405238725ab/UnityEditor.TestRunner/CommandLineTest/Executer.cs:83)
UnityEditor.TestTools.TestRunner.CommandLineTest.Executer:ExitIfRunIsCompleted () (at ./Library/PackageCache/com.unity.test-framework@1405238725ab/UnityEditor.TestRunner/CommandLineTest/Executer.cs:74)
UnityEditor.EditorApplication:Internal_CallUpdateFunctions () (at /Users/bokken/build/output/unity/unity/Editor/Mono/EditorApplication.cs:403)

[Assets/VoxelEngine/Rendering/Runtime/Vegetation/ProceduralTreeRenderer.cs line 1079]

TreeBatch_2_8_LOD3: Destroy may not be called from edit mode! Use DestroyImmediate instead.
Destroying an object in edit mode destroys it permanently
UnityEngine.Debug:ExtractStackTraceNoAlloc (byte*,int,string)
UnityEngine.StackTraceUtility:ExtractStackTrace () (at /Users/bokken/build/output/unity/unity/Runtime/Export/Scripting/StackTrace.cs:35)
UnityEngine.Object:Destroy (UnityEngine.Object,single)
UnityEngine.Object:Destroy (UnityEngine.Object) (at /Users/bokken/build/output/unity/unity/Runtime/Export/Scripting/UnityEngineObject.bindings.cs:707)
VoxelEngine.Rendering.Runtime.Vegetation.ProceduralTreeRenderer:DestroyBatchObjects (VoxelEngine.Rendering.Runtime.Vegetation.ProceduralTreeRenderer/BatchPresentation) (at Assets/VoxelEngine/Rendering/Runtime/Vegetation/ProceduralTreeRenderer.cs:1081)
VoxelEngine.Rendering.Runtime.Vegetation.ProceduralTreeRenderer:ClearBatches () (at Assets/VoxelEngine/Rendering/Runtime/Vegetation/ProceduralTreeRenderer.cs:1092)
VoxelEngine.Rendering.Runtime.Vegetation.ProceduralTreeRenderer:ClearGenerated () (at Assets/VoxelEngine/Rendering/Runtime/Vegetation/ProceduralTreeRenderer.cs:1106)
VoxelEngine.Rendering.Runtime.Vegetation.ProceduralTreeRenderer:OnDestroy () (at Assets/VoxelEngine/Rendering/Runtime/Vegetation/ProceduralTreeRenderer.cs:1115)
UnityEditor.TestTools.TestRunner.CommandLineTest.Executer:ExitApplication (UnityEditor.TestTools.TestRunner.CommandLineTest.Executer/ReturnCodes,string) (at ./Library/PackageCache/com.unity.test-framework@1405238725ab/UnityEditor.TestRunner/CommandLineTest/Executer.cs:83)
UnityEditor.TestTools.TestRunner.CommandLineTest.Executer:ExitIfRunIsCompleted () (at ./Library/PackageCache/com.unity.test-framework@1405238725ab/UnityEditor.TestRunner/CommandLineTest/Executer.cs:74)
UnityEditor.EditorApplication:Internal_CallUpdateFunctions () (at /Users/bokken/build/output/unity/unity/Editor/Mono/EditorApplication.cs:403)

[Assets/VoxelEngine/Rendering/Runtime/Vegetation/ProceduralTreeRenderer.cs line 1081]

Tree Batch 2,8: Destroy may not be called from edit mode! Use DestroyImmediate instead.
Destroying an object in edit mode destroys it permanently
UnityEngine.Debug:ExtractStackTraceNoAlloc (byte*,int,string)
UnityEngine.StackTraceUtility:ExtractStackTrace () (at /Users/bokken/build/output/unity/unity/Runtime/Export/Scripting/StackTrace.cs:35)
UnityEngine.Object:Destroy (UnityEngine.Object,single)
UnityEngine.Object:Destroy (UnityEngine.Object) (at /Users/bokken/build/output/unity/unity/Runtime/Export/Scripting/UnityEngineObject.bindings.cs:707)
VoxelEngine.Rendering.Runtime.Vegetation.ProceduralTreeRenderer:DestroyBatchObjects (VoxelEngine.Rendering.Runtime.Vegetation.ProceduralTreeRenderer/BatchPresentation) (at Assets/VoxelEngine/Rendering/Runtime/Vegetation/ProceduralTreeRenderer.cs:1085)
VoxelEngine.Rendering.Runtime.Vegetation.ProceduralTreeRenderer:ClearBatches () (at Assets/VoxelEngine/Rendering/Runtime/Vegetation/ProceduralTreeRenderer.cs:1092)
VoxelEngine.Rendering.Runtime.Vegetation.ProceduralTreeRenderer:ClearGenerated () (at Assets/VoxelEngine/Rendering/Runtime/Vegetation/ProceduralTreeRenderer.cs:1106)
VoxelEngine.Rendering.Runtime.Vegetation.ProceduralTreeRenderer:OnDestroy () (at Assets/VoxelEngine/Rendering/Runtime/Vegetation/ProceduralTreeRenderer.cs:1115)
UnityEditor.TestTools.TestRunner.CommandLineTest.Executer:ExitApplication (UnityEditor.TestTools.TestRunner.CommandLineTest.Executer/ReturnCodes,string) (at ./Library/PackageCache/com.unity.test-framework@1405238725ab/UnityEditor.TestRunner/CommandLineTest/Executer.cs:83)
UnityEditor.TestTools.TestRunner.CommandLineTest.Executer:ExitIfRunIsCompleted () (at ./Library/PackageCache/com.unity.test-framework@1405238725ab/UnityEditor.TestRunner/CommandLineTest/Executer.cs:74)
UnityEditor.EditorApplication:Internal_CallUpdateFunctions () (at /Users/bokken/build/output/unity/unity/Editor/Mono/EditorApplication.cs:403)

[Assets/VoxelEngine/Rendering/Runtime/Vegetation/ProceduralTreeRenderer.cs line 1085]

TreeBatch_3_8_LOD0: Destroy may not be called from edit mode! Use DestroyImmediate instead.
Destroying an object in edit mode destroys it permanently
UnityEngine.Debug:ExtractStackTraceNoAlloc (byte*,int,string)
UnityEngine.StackTraceUtility:ExtractStackTrace () (at /Users/bokken/build/output/unity/unity/Runtime/Export/Scripting/StackTrace.cs:35)
UnityEngine.Object:Destroy (UnityEngine.Object,single)
UnityEngine.Object:Destroy (UnityEngine.Object) (at /Users/bokken/build/output/unity/unity/Runtime/Export/Scripting/UnityEngineObject.bindings.cs:707)
VoxelEngine.Rendering.Runtime.Vegetation.ProceduralTreeRenderer:DestroyBatchObjects (VoxelEngine.Rendering.Runtime.Vegetation.ProceduralTreeRenderer/BatchPresentation) (at Assets/VoxelEngine/Rendering/Runtime/Vegetation/ProceduralTreeRenderer.cs:1079)
VoxelEngine.Rendering.Runtime.Vegetation.ProceduralTreeRenderer:ClearBatches () (at Assets/VoxelEngine/Rendering/Runtime/Vegetation/ProceduralTreeRenderer.cs:1092)
VoxelEngine.Rendering.Runtime.Vegetation.ProceduralTreeRenderer:ClearGenerated () (at Assets/VoxelEngine/Rendering/Runtime/Vegetation/ProceduralTreeRenderer.cs:1106)
VoxelEngine.Rendering.Runtime.Vegetation.ProceduralTreeRenderer:OnDestroy () (at Assets/VoxelEngine/Rendering/Runtime/Vegetation/ProceduralTreeRenderer.cs:1115)
UnityEditor.TestTools.TestRunner.CommandLineTest.Executer:ExitApplication (UnityEditor.TestTools.TestRunner.CommandLineTest.Executer/ReturnCodes,string) (at ./Library/PackageCache/com.unity.test-framework@1405238725ab/UnityEditor.TestRunner/CommandLineTest/Executer.cs:83)
UnityEditor.TestTools.TestRunner.CommandLineTest.Executer:ExitIfRunIsCompleted () (at ./Library/PackageCache/com.unity.test-framework@1405238725ab/UnityEditor.TestRunner/CommandLineTest/Executer.cs:74)
UnityEditor.EditorApplication:Internal_CallUpdateFunctions () (at /Users/bokken/build/output/unity/unity/Editor/Mono/EditorApplication.cs:403)

[Assets/VoxelEngine/Rendering/Runtime/Vegetation/ProceduralTreeRenderer.cs line 1079]

TreeBatch_3_8_LOD1: Destroy may not be called from edit mode! Use DestroyImmediate instead.
Destroying an object in edit mode destroys it permanently
UnityEngine.Debug:ExtractStackTraceNoAlloc (byte*,int,string)
UnityEngine.StackTraceUtility:ExtractStackTrace () (at /Users/bokken/build/output/unity/unity/Runtime/Export/Scripting/StackTrace.cs:35)
UnityEngine.Object:Destroy (UnityEngine.Object,single)
UnityEngine.Object:Destroy (UnityEngine.Object) (at /Users/bokken/build/output/unity/unity/Runtime/Export/Scripting/UnityEngineObject.bindings.cs:707)
VoxelEngine.Rendering.Runtime.Vegetation.ProceduralTreeRenderer:DestroyBatchObjects (VoxelEngine.Rendering.Runtime.Vegetation.ProceduralTreeRenderer/BatchPresentation) (at Assets/VoxelEngine/Rendering/Runtime/Vegetation/ProceduralTreeRenderer.cs:1079)
VoxelEngine.Rendering.Runtime.Vegetation.ProceduralTreeRenderer:ClearBatches () (at Assets/VoxelEngine/Rendering/Runtime/Vegetation/ProceduralTreeRenderer.cs:1092)
VoxelEngine.Rendering.Runtime.Vegetation.ProceduralTreeRenderer:ClearGenerated () (at Assets/VoxelEngine/Rendering/Runtime/Vegetation/ProceduralTreeRenderer.cs:1106)
VoxelEngine.Rendering.Runtime.Vegetation.ProceduralTreeRenderer:OnDestroy () (at Assets/VoxelEngine/Rendering/Runtime/Vegetation/ProceduralTreeRenderer.cs:1115)
UnityEditor.TestTools.TestRunner.CommandLineTest.Executer:ExitApplication (UnityEditor.TestTools.TestRunner.CommandLineTest.Executer/ReturnCodes,string) (at ./Library/PackageCache/com.unity.test-framework@1405238725ab/UnityEditor.TestRunner/CommandLineTest/Executer.cs:83)
UnityEditor.TestTools.TestRunner.CommandLineTest.Executer:ExitIfRunIsCompleted () (at ./Library/PackageCache/com.unity.test-framework@1405238725ab/UnityEditor.TestRunner/CommandLineTest/Executer.cs:74)
UnityEditor.EditorApplication:Internal_CallUpdateFunctions () (at /Users/bokken/build/output/unity/unity/Editor/Mono/EditorApplication.cs:403)

[Assets/VoxelEngine/Rendering/Runtime/Vegetation/ProceduralTreeRenderer.cs line 1079]

TreeBatch_3_8_LOD2: Destroy may not be called from edit mode! Use DestroyImmediate instead.
Destroying an object in edit mode destroys it permanently
UnityEngine.Debug:ExtractStackTraceNoAlloc (byte*,int,string)
UnityEngine.StackTraceUtility:ExtractStackTrace () (at /Users/bokken/build/output/unity/unity/Runtime/Export/Scripting/StackTrace.cs:35)
UnityEngine.Object:Destroy (UnityEngine.Object,single)
UnityEngine.Object:Destroy (UnityEngine.Object) (at /Users/bokken/build/output/unity/unity/Runtime/Export/Scripting/UnityEngineObject.bindings.cs:707)
VoxelEngine.Rendering.Runtime.Vegetation.ProceduralTreeRenderer:DestroyBatchObjects (VoxelEngine.Rendering.Runtime.Vegetation.ProceduralTreeRenderer/BatchPresentation) (at Assets/VoxelEngine/Rendering/Runtime/Vegetation/ProceduralTreeRenderer.cs:1079)
VoxelEngine.Rendering.Runtime.Vegetation.ProceduralTreeRenderer:ClearBatches () (at Assets/VoxelEngine/Rendering/Runtime/Vegetation/ProceduralTreeRenderer.cs:1092)
VoxelEngine.Rendering.Runtime.Vegetation.ProceduralTreeRenderer:ClearGenerated () (at Assets/VoxelEngine/Rendering/Runtime/Vegetation/ProceduralTreeRenderer.cs:1106)
VoxelEngine.Rendering.Runtime.Vegetation.ProceduralTreeRenderer:OnDestroy () (at Assets/VoxelEngine/Rendering/Runtime/Vegetation/ProceduralTreeRenderer.cs:1115)
UnityEditor.TestTools.TestRunner.CommandLineTest.Executer:ExitApplication (UnityEditor.TestTools.TestRunner.CommandLineTest.Executer/ReturnCodes,string) (at ./Library/PackageCache/com.unity.test-framework@1405238725ab/UnityEditor.TestRunner/CommandLineTest/Executer.cs:83)
UnityEditor.TestTools.TestRunner.CommandLineTest.Executer:ExitIfRunIsCompleted () (at ./Library/PackageCache/com.unity.test-framework@1405238725ab/UnityEditor.TestRunner/CommandLineTest/Executer.cs:74)
UnityEditor.EditorApplication:Internal_CallUpdateFunctions () (at /Users/bokken/build/output/unity/unity/Editor/Mono/EditorApplication.cs:403)

[Assets/VoxelEngine/Rendering/Runtime/Vegetation/ProceduralTreeRenderer.cs line 1079]

TreeBatch_3_8_LOD3: Destroy may not be called from edit mode! Use DestroyImmediate instead.
Destroying an object in edit mode destroys it permanently
UnityEngine.Debug:ExtractStackTraceNoAlloc (byte*,int,string)
UnityEngine.StackTraceUtility:ExtractStackTrace () (at /Users/bokken/build/output/unity/unity/Runtime/Export/Scripting/StackTrace.cs:35)
UnityEngine.Object:Destroy (UnityEngine.Object,single)
UnityEngine.Object:Destroy (UnityEngine.Object) (at /Users/bokken/build/output/unity/unity/Runtime/Export/Scripting/UnityEngineObject.bindings.cs:707)
VoxelEngine.Rendering.Runtime.Vegetation.ProceduralTreeRenderer:DestroyBatchObjects (VoxelEngine.Rendering.Runtime.Vegetation.ProceduralTreeRenderer/BatchPresentation) (at Assets/VoxelEngine/Rendering/Runtime/Vegetation/ProceduralTreeRenderer.cs:1081)
VoxelEngine.Rendering.Runtime.Vegetation.ProceduralTreeRenderer:ClearBatches () (at Assets/VoxelEngine/Rendering/Runtime/Vegetation/ProceduralTreeRenderer.cs:1092)
VoxelEngine.Rendering.Runtime.Vegetation.ProceduralTreeRenderer:ClearGenerated () (at Assets/VoxelEngine/Rendering/Runtime/Vegetation/ProceduralTreeRenderer.cs:1106)
VoxelEngine.Rendering.Runtime.Vegetation.ProceduralTreeRenderer:OnDestroy () (at Assets/VoxelEngine/Rendering/Runtime/Vegetation/ProceduralTreeRenderer.cs:1115)
UnityEditor.TestTools.TestRunner.CommandLineTest.Executer:ExitApplication (UnityEditor.TestTools.TestRunner.CommandLineTest.Executer/ReturnCodes,string) (at ./Library/PackageCache/com.unity.test-framework@1405238725ab/UnityEditor.TestRunner/CommandLineTest/Executer.cs:83)
UnityEditor.TestTools.TestRunner.CommandLineTest.Executer:ExitIfRunIsCompleted () (at ./Library/PackageCache/com.unity.test-framework@1405238725ab/UnityEditor.TestRunner/CommandLineTest/Executer.cs:74)
UnityEditor.EditorApplication:Internal_CallUpdateFunctions () (at /Users/bokken/build/output/unity/unity/Editor/Mono/EditorApplication.cs:403)

[Assets/VoxelEngine/Rendering/Runtime/Vegetation/ProceduralTreeRenderer.cs line 1081]

Tree Batch 3,8: Destroy may not be called from edit mode! Use DestroyImmediate instead.
Destroying an object in edit mode destroys it permanently
UnityEngine.Debug:ExtractStackTraceNoAlloc (byte*,int,string)
UnityEngine.StackTraceUtility:ExtractStackTrace () (at /Users/bokken/build/output/unity/unity/Runtime/Export/Scripting/StackTrace.cs:35)
UnityEngine.Object:Destroy (UnityEngine.Object,single)
UnityEngine.Object:Destroy (UnityEngine.Object) (at /Users/bokken/build/output/unity/unity/Runtime/Export/Scripting/UnityEngineObject.bindings.cs:707)
VoxelEngine.Rendering.Runtime.Vegetation.ProceduralTreeRenderer:DestroyBatchObjects (VoxelEngine.Rendering.Runtime.Vegetation.ProceduralTreeRenderer/BatchPresentation) (at Assets/VoxelEngine/Rendering/Runtime/Vegetation/ProceduralTreeRenderer.cs:1085)
VoxelEngine.Rendering.Runtime.Vegetation.ProceduralTreeRenderer:ClearBatches () (at Assets/VoxelEngine/Rendering/Runtime/Vegetation/ProceduralTreeRenderer.cs:1092)
VoxelEngine.Rendering.Runtime.Vegetation.ProceduralTreeRenderer:ClearGenerated () (at Assets/VoxelEngine/Rendering/Runtime/Vegetation/ProceduralTreeRenderer.cs:1106)
VoxelEngine.Rendering.Runtime.Vegetation.ProceduralTreeRenderer:OnDestroy () (at Assets/VoxelEngine/Rendering/Runtime/Vegetation/ProceduralTreeRenderer.cs:1115)
UnityEditor.TestTools.TestRunner.CommandLineTest.Executer:ExitApplication (UnityEditor.TestTools.TestRunner.CommandLineTest.Executer/ReturnCodes,string) (at ./Library/PackageCache/com.unity.test-framework@1405238725ab/UnityEditor.TestRunner/CommandLineTest/Executer.cs:83)
UnityEditor.TestTools.TestRunner.CommandLineTest.Executer:ExitIfRunIsCompleted () (at ./Library/PackageCache/com.unity.test-framework@1405238725ab/UnityEditor.TestRunner/CommandLineTest/Executer.cs:74)
UnityEditor.EditorApplication:Internal_CallUpdateFunctions () (at /Users/bokken/build/output/unity/unity/Editor/Mono/EditorApplication.cs:403)

[Assets/VoxelEngine/Rendering/Runtime/Vegetation/ProceduralTreeRenderer.cs line 1085]

TreeBatch_5_8_LOD0: Destroy may not be called from edit mode! Use DestroyImmediate instead.
Destroying an object in edit mode destroys it permanently
UnityEngine.Debug:ExtractStackTraceNoAlloc (byte*,int,string)
UnityEngine.StackTraceUtility:ExtractStackTrace () (at /Users/bokken/build/output/unity/unity/Runtime/Export/Scripting/StackTrace.cs:35)
UnityEngine.Object:Destroy (UnityEngine.Object,single)
UnityEngine.Object:Destroy (UnityEngine.Object) (at /Users/bokken/build/output/unity/unity/Runtime/Export/Scripting/UnityEngineObject.bindings.cs:707)
VoxelEngine.Rendering.Runtime.Vegetation.ProceduralTreeRenderer:DestroyBatchObjects (VoxelEngine.Rendering.Runtime.Vegetation.ProceduralTreeRenderer/BatchPresentation) (at Assets/VoxelEngine/Rendering/Runtime/Vegetation/ProceduralTreeRenderer.cs:1079)
VoxelEngine.Rendering.Runtime.Vegetation.ProceduralTreeRenderer:ClearBatches () (at Assets/VoxelEngine/Rendering/Runtime/Vegetation/ProceduralTreeRenderer.cs:1092)
VoxelEngine.Rendering.Runtime.Vegetation.ProceduralTreeRenderer:ClearGenerated () (at Assets/VoxelEngine/Rendering/Runtime/Vegetation/ProceduralTreeRenderer.cs:1106)
VoxelEngine.Rendering.Runtime.Vegetation.ProceduralTreeRenderer:OnDestroy () (at Assets/VoxelEngine/Rendering/Runtime/Vegetation/ProceduralTreeRenderer.cs:1115)
UnityEditor.TestTools.TestRunner.CommandLineTest.Executer:ExitApplication (UnityEditor.TestTools.TestRunner.CommandLineTest.Executer/ReturnCodes,string) (at ./Library/PackageCache/com.unity.test-framework@1405238725ab/UnityEditor.TestRunner/CommandLineTest/Executer.cs:83)
UnityEditor.TestTools.TestRunner.CommandLineTest.Executer:ExitIfRunIsCompleted () (at ./Library/PackageCache/com.unity.test-framework@1405238725ab/UnityEditor.TestRunner/CommandLineTest/Executer.cs:74)
UnityEditor.EditorApplication:Internal_CallUpdateFunctions () (at /Users/bokken/build/output/unity/unity/Editor/Mono/EditorApplication.cs:403)

[Assets/VoxelEngine/Rendering/Runtime/Vegetation/ProceduralTreeRenderer.cs line 1079]

TreeBatch_5_8_LOD1: Destroy may not be called from edit mode! Use DestroyImmediate instead.
Destroying an object in edit mode destroys it permanently
UnityEngine.Debug:ExtractStackTraceNoAlloc (byte*,int,string)
UnityEngine.StackTraceUtility:ExtractStackTrace () (at /Users/bokken/build/output/unity/unity/Runtime/Export/Scripting/StackTrace.cs:35)
UnityEngine.Object:Destroy (UnityEngine.Object,single)
UnityEngine.Object:Destroy (UnityEngine.Object) (at /Users/bokken/build/output/unity/unity/Runtime/Export/Scripting/UnityEngineObject.bindings.cs:707)
VoxelEngine.Rendering.Runtime.Vegetation.ProceduralTreeRenderer:DestroyBatchObjects (VoxelEngine.Rendering.Runtime.Vegetation.ProceduralTreeRenderer/BatchPresentation) (at Assets/VoxelEngine/Rendering/Runtime/Vegetation/ProceduralTreeRenderer.cs:1079)
VoxelEngine.Rendering.Runtime.Vegetation.ProceduralTreeRenderer:ClearBatches () (at Assets/VoxelEngine/Rendering/Runtime/Vegetation/ProceduralTreeRenderer.cs:1092)
VoxelEngine.Rendering.Runtime.Vegetation.ProceduralTreeRenderer:ClearGenerated () (at Assets/VoxelEngine/Rendering/Runtime/Vegetation/ProceduralTreeRenderer.cs:1106)
VoxelEngine.Rendering.Runtime.Vegetation.ProceduralTreeRenderer:OnDestroy () (at Assets/VoxelEngine/Rendering/Runtime/Vegetation/ProceduralTreeRenderer.cs:1115)
UnityEditor.TestTools.TestRunner.CommandLineTest.Executer:ExitApplication (UnityEditor.TestTools.TestRunner.CommandLineTest.Executer/ReturnCodes,string) (at ./Library/PackageCache/com.unity.test-framework@1405238725ab/UnityEditor.TestRunner/CommandLineTest/Executer.cs:83)
UnityEditor.TestTools.TestRunner.CommandLineTest.Executer:ExitIfRunIsCompleted () (at ./Library/PackageCache/com.unity.test-framework@1405238725ab/UnityEditor.TestRunner/CommandLineTest/Executer.cs:74)
UnityEditor.EditorApplication:Internal_CallUpdateFunctions () (at /Users/bokken/build/output/unity/unity/Editor/Mono/EditorApplication.cs:403)

[Assets/VoxelEngine/Rendering/Runtime/Vegetation/ProceduralTreeRenderer.cs line 1079]

TreeBatch_5_8_LOD2: Destroy may not be called from edit mode! Use DestroyImmediate instead.
Destroying an object in edit mode destroys it permanently
UnityEngine.Debug:ExtractStackTraceNoAlloc (byte*,int,string)
UnityEngine.StackTraceUtility:ExtractStackTrace () (at /Users/bokken/build/output/unity/unity/Runtime/Export/Scripting/StackTrace.cs:35)
UnityEngine.Object:Destroy (UnityEngine.Object,single)
UnityEngine.Object:Destroy (UnityEngine.Object) (at /Users/bokken/build/output/unity/unity/Runtime/Export/Scripting/UnityEngineObject.bindings.cs:707)
VoxelEngine.Rendering.Runtime.Vegetation.ProceduralTreeRenderer:DestroyBatchObjects (VoxelEngine.Rendering.Runtime.Vegetation.ProceduralTreeRenderer/BatchPresentation) (at Assets/VoxelEngine/Rendering/Runtime/Vegetation/ProceduralTreeRenderer.cs:1079)
VoxelEngine.Rendering.Runtime.Vegetation.ProceduralTreeRenderer:ClearBatches () (at Assets/VoxelEngine/Rendering/Runtime/Vegetation/ProceduralTreeRenderer.cs:1092)
VoxelEngine.Rendering.Runtime.Vegetation.ProceduralTreeRenderer:ClearGenerated () (at Assets/VoxelEngine/Rendering/Runtime/Vegetation/ProceduralTreeRenderer.cs:1106)
VoxelEngine.Rendering.Runtime.Vegetation.ProceduralTreeRenderer:OnDestroy () (at Assets/VoxelEngine/Rendering/Runtime/Vegetation/ProceduralTreeRenderer.cs:1115)
UnityEditor.TestTools.TestRunner.CommandLineTest.Executer:ExitApplication (UnityEditor.TestTools.TestRunner.CommandLineTest.Executer/ReturnCodes,string) (at ./Library/PackageCache/com.unity.test-framework@1405238725ab/UnityEditor.TestRunner/CommandLineTest/Executer.cs:83)
UnityEditor.TestTools.TestRunner.CommandLineTest.Executer:ExitIfRunIsCompleted () (at ./Library/PackageCache/com.unity.test-framework@1405238725ab/UnityEditor.TestRunner/CommandLineTest/Executer.cs:74)
UnityEditor.EditorApplication:Internal_CallUpdateFunctions () (at /Users/bokken/build/output/unity/unity/Editor/Mono/EditorApplication.cs:403)

[Assets/VoxelEngine/Rendering/Runtime/Vegetation/ProceduralTreeRenderer.cs line 1079]

TreeBatch_5_8_LOD3: Destroy may not be called from edit mode! Use DestroyImmediate instead.
Destroying an object in edit mode destroys it permanently
UnityEngine.Debug:ExtractStackTraceNoAlloc (byte*,int,string)
UnityEngine.StackTraceUtility:ExtractStackTrace () (at /Users/bokken/build/output/unity/unity/Runtime/Export/Scripting/StackTrace.cs:35)
UnityEngine.Object:Destroy (UnityEngine.Object,single)
UnityEngine.Object:Destroy (UnityEngine.Object) (at /Users/bokken/build/output/unity/unity/Runtime/Export/Scripting/UnityEngineObject.bindings.cs:707)
VoxelEngine.Rendering.Runtime.Vegetation.ProceduralTreeRenderer:DestroyBatchObjects (VoxelEngine.Rendering.Runtime.Vegetation.ProceduralTreeRenderer/BatchPresentation) (at Assets/VoxelEngine/Rendering/Runtime/Vegetation/ProceduralTreeRenderer.cs:1081)
VoxelEngine.Rendering.Runtime.Vegetation.ProceduralTreeRenderer:ClearBatches () (at Assets/VoxelEngine/Rendering/Runtime/Vegetation/ProceduralTreeRenderer.cs:1092)
VoxelEngine.Rendering.Runtime.Vegetation.ProceduralTreeRenderer:ClearGenerated () (at Assets/VoxelEngine/Rendering/Runtime/Vegetation/ProceduralTreeRenderer.cs:1106)
VoxelEngine.Rendering.Runtime.Vegetation.ProceduralTreeRenderer:OnDestroy () (at Assets/VoxelEngine/Rendering/Runtime/Vegetation/ProceduralTreeRenderer.cs:1115)
UnityEditor.TestTools.TestRunner.CommandLineTest.Executer:ExitApplication (UnityEditor.TestTools.TestRunner.CommandLineTest.Executer/ReturnCodes,string) (at ./Library/PackageCache/com.unity.test-framework@1405238725ab/UnityEditor.TestRunner/CommandLineTest/Executer.cs:83)
UnityEditor.TestTools.TestRunner.CommandLineTest.Executer:ExitIfRunIsCompleted () (at ./Library/PackageCache/com.unity.test-framework@1405238725ab/UnityEditor.TestRunner/CommandLineTest/Executer.cs:74)
UnityEditor.EditorApplication:Internal_CallUpdateFunctions () (at /Users/bokken/build/output/unity/unity/Editor/Mono/EditorApplication.cs:403)

[Assets/VoxelEngine/Rendering/Runtime/Vegetation/ProceduralTreeRenderer.cs line 1081]

Tree Batch 5,8: Destroy may not be called from edit mode! Use DestroyImmediate instead.
Destroying an object in edit mode destroys it permanently
UnityEngine.Debug:ExtractStackTraceNoAlloc (byte*,int,string)
UnityEngine.StackTraceUtility:ExtractStackTrace () (at /Users/bokken/build/output/unity/unity/Runtime/Export/Scripting/StackTrace.cs:35)
UnityEngine.Object:Destroy (UnityEngine.Object,single)
UnityEngine.Object:Destroy (UnityEngine.Object) (at /Users/bokken/build/output/unity/unity/Runtime/Export/Scripting/UnityEngineObject.bindings.cs:707)
VoxelEngine.Rendering.Runtime.Vegetation.ProceduralTreeRenderer:DestroyBatchObjects (VoxelEngine.Rendering.Runtime.Vegetation.ProceduralTreeRenderer/BatchPresentation) (at Assets/VoxelEngine/Rendering/Runtime/Vegetation/ProceduralTreeRenderer.cs:1085)
VoxelEngine.Rendering.Runtime.Vegetation.ProceduralTreeRenderer:ClearBatches () (at Assets/VoxelEngine/Rendering/Runtime/Vegetation/ProceduralTreeRenderer.cs:1092)
VoxelEngine.Rendering.Runtime.Vegetation.ProceduralTreeRenderer:ClearGenerated () (at Assets/VoxelEngine/Rendering/Runtime/Vegetation/ProceduralTreeRenderer.cs:1106)
VoxelEngine.Rendering.Runtime.Vegetation.ProceduralTreeRenderer:OnDestroy () (at Assets/VoxelEngine/Rendering/Runtime/Vegetation/ProceduralTreeRenderer.cs:1115)
UnityEditor.TestTools.TestRunner.CommandLineTest.Executer:ExitApplication (UnityEditor.TestTools.TestRunner.CommandLineTest.Executer/ReturnCodes,string) (at ./Library/PackageCache/com.unity.test-framework@1405238725ab/UnityEditor.TestRunner/CommandLineTest/Executer.cs:83)
UnityEditor.TestTools.TestRunner.CommandLineTest.Executer:ExitIfRunIsCompleted () (at ./Library/PackageCache/com.unity.test-framework@1405238725ab/UnityEditor.TestRunner/CommandLineTest/Executer.cs:74)
UnityEditor.EditorApplication:Internal_CallUpdateFunctions () (at /Users/bokken/build/output/unity/unity/Editor/Mono/EditorApplication.cs:403)

[Assets/VoxelEngine/Rendering/Runtime/Vegetation/ProceduralTreeRenderer.cs line 1085]

TreeBatch_0_8_LOD0: Destroy may not be called from edit mode! Use DestroyImmediate instead.
Destroying an object in edit mode destroys it permanently
UnityEngine.Debug:ExtractStackTraceNoAlloc (byte*,int,string)
UnityEngine.StackTraceUtility:ExtractStackTrace () (at /Users/bokken/build/output/unity/unity/Runtime/Export/Scripting/StackTrace.cs:35)
UnityEngine.Object:Destroy (UnityEngine.Object,single)
UnityEngine.Object:Destroy (UnityEngine.Object) (at /Users/bokken/build/output/unity/unity/Runtime/Export/Scripting/UnityEngineObject.bindings.cs:707)
VoxelEngine.Rendering.Runtime.Vegetation.ProceduralTreeRenderer:DestroyBatchObjects (VoxelEngine.Rendering.Runtime.Vegetation.ProceduralTreeRenderer/BatchPresentation) (at Assets/VoxelEngine/Rendering/Runtime/Vegetation/ProceduralTreeRenderer.cs:1079)
VoxelEngine.Rendering.Runtime.Vegetation.ProceduralTreeRenderer:ClearBatches () (at Assets/VoxelEngine/Rendering/Runtime/Vegetation/ProceduralTreeRenderer.cs:1092)
VoxelEngine.Rendering.Runtime.Vegetation.ProceduralTreeRenderer:ClearGenerated () (at Assets/VoxelEngine/Rendering/Runtime/Vegetation/ProceduralTreeRenderer.cs:1106)
VoxelEngine.Rendering.Runtime.Vegetation.ProceduralTreeRenderer:OnDestroy () (at Assets/VoxelEngine/Rendering/Runtime/Vegetation/ProceduralTreeRenderer.cs:1115)
UnityEditor.TestTools.TestRunner.CommandLineTest.Executer:ExitApplication (UnityEditor.TestTools.TestRunner.CommandLineTest.Executer/ReturnCodes,string) (at ./Library/PackageCache/com.unity.test-framework@1405238725ab/UnityEditor.TestRunner/CommandLineTest/Executer.cs:83)
UnityEditor.TestTools.TestRunner.CommandLineTest.Executer:ExitIfRunIsCompleted () (at ./Library/PackageCache/com.unity.test-framework@1405238725ab/UnityEditor.TestRunner/CommandLineTest/Executer.cs:74)
UnityEditor.EditorApplication:Internal_CallUpdateFunctions () (at /Users/bokken/build/output/unity/unity/Editor/Mono/EditorApplication.cs:403)

[Assets/VoxelEngine/Rendering/Runtime/Vegetation/ProceduralTreeRenderer.cs line 1079]

TreeBatch_0_8_LOD1: Destroy may not be called from edit mode! Use DestroyImmediate instead.
Destroying an object in edit mode destroys it permanently
UnityEngine.Debug:ExtractStackTraceNoAlloc (byte*,int,string)
UnityEngine.StackTraceUtility:ExtractStackTrace () (at /Users/bokken/build/output/unity/unity/Runtime/Export/Scripting/StackTrace.cs:35)
UnityEngine.Object:Destroy (UnityEngine.Object,single)
UnityEngine.Object:Destroy (UnityEngine.Object) (at /Users/bokken/build/output/unity/unity/Runtime/Export/Scripting/UnityEngineObject.bindings.cs:707)
VoxelEngine.Rendering.Runtime.Vegetation.ProceduralTreeRenderer:DestroyBatchObjects (VoxelEngine.Rendering.Runtime.Vegetation.ProceduralTreeRenderer/BatchPresentation) (at Assets/VoxelEngine/Rendering/Runtime/Vegetation/ProceduralTreeRenderer.cs:1079)
VoxelEngine.Rendering.Runtime.Vegetation.ProceduralTreeRenderer:ClearBatches () (at Assets/VoxelEngine/Rendering/Runtime/Vegetation/ProceduralTreeRenderer.cs:1092)
VoxelEngine.Rendering.Runtime.Vegetation.ProceduralTreeRenderer:ClearGenerated () (at Assets/VoxelEngine/Rendering/Runtime/Vegetation/ProceduralTreeRenderer.cs:1106)
VoxelEngine.Rendering.Runtime.Vegetation.ProceduralTreeRenderer:OnDestroy () (at Assets/VoxelEngine/Rendering/Runtime/Vegetation/ProceduralTreeRenderer.cs:1115)
UnityEditor.TestTools.TestRunner.CommandLineTest.Executer:ExitApplication (UnityEditor.TestTools.TestRunner.CommandLineTest.Executer/ReturnCodes,string) (at ./Library/PackageCache/com.unity.test-framework@1405238725ab/UnityEditor.TestRunner/CommandLineTest/Executer.cs:83)
UnityEditor.TestTools.TestRunner.CommandLineTest.Executer:ExitIfRunIsCompleted () (at ./Library/PackageCache/com.unity.test-framework@1405238725ab/UnityEditor.TestRunner/CommandLineTest/Executer.cs:74)
UnityEditor.EditorApplication:Internal_CallUpdateFunctions () (at /Users/bokken/build/output/unity/unity/Editor/Mono/EditorApplication.cs:403)

[Assets/VoxelEngine/Rendering/Runtime/Vegetation/ProceduralTreeRenderer.cs line 1079]

TreeBatch_0_8_LOD2: Destroy may not be called from edit mode! Use DestroyImmediate instead.
Destroying an object in edit mode destroys it permanently
UnityEngine.Debug:ExtractStackTraceNoAlloc (byte*,int,string)
UnityEngine.StackTraceUtility:ExtractStackTrace () (at /Users/bokken/build/output/unity/unity/Runtime/Export/Scripting/StackTrace.cs:35)
UnityEngine.Object:Destroy (UnityEngine.Object,single)
UnityEngine.Object:Destroy (UnityEngine.Object) (at /Users/bokken/build/output/unity/unity/Runtime/Export/Scripting/UnityEngineObject.bindings.cs:707)
VoxelEngine.Rendering.Runtime.Vegetation.ProceduralTreeRenderer:DestroyBatchObjects (VoxelEngine.Rendering.Runtime.Vegetation.ProceduralTreeRenderer/BatchPresentation) (at Assets/VoxelEngine/Rendering/Runtime/Vegetation/ProceduralTreeRenderer.cs:1079)
VoxelEngine.Rendering.Runtime.Vegetation.ProceduralTreeRenderer:ClearBatches () (at Assets/VoxelEngine/Rendering/Runtime/Vegetation/ProceduralTreeRenderer.cs:1092)
VoxelEngine.Rendering.Runtime.Vegetation.ProceduralTreeRenderer:ClearGenerated () (at Assets/VoxelEngine/Rendering/Runtime/Vegetation/ProceduralTreeRenderer.cs:1106)
VoxelEngine.Rendering.Runtime.Vegetation.ProceduralTreeRenderer:OnDestroy () (at Assets/VoxelEngine/Rendering/Runtime/Vegetation/ProceduralTreeRenderer.cs:1115)
UnityEditor.TestTools.TestRunner.CommandLineTest.Executer:ExitApplication (UnityEditor.TestTools.TestRunner.CommandLineTest.Executer/ReturnCodes,string) (at ./Library/PackageCache/com.unity.test-framework@1405238725ab/UnityEditor.TestRunner/CommandLineTest/Executer.cs:83)
UnityEditor.TestTools.TestRunner.CommandLineTest.Executer:ExitIfRunIsCompleted () (at ./Library/PackageCache/com.unity.test-framework@1405238725ab/UnityEditor.TestRunner/CommandLineTest/Executer.cs:74)
UnityEditor.EditorApplication:Internal_CallUpdateFunctions () (at /Users/bokken/build/output/unity/unity/Editor/Mono/EditorApplication.cs:403)

[Assets/VoxelEngine/Rendering/Runtime/Vegetation/ProceduralTreeRenderer.cs line 1079]

TreeBatch_0_8_LOD3: Destroy may not be called from edit mode! Use DestroyImmediate instead.
Destroying an object in edit mode destroys it permanently
UnityEngine.Debug:ExtractStackTraceNoAlloc (byte*,int,string)
UnityEngine.StackTraceUtility:ExtractStackTrace () (at /Users/bokken/build/output/unity/unity/Runtime/Export/Scripting/StackTrace.cs:35)
UnityEngine.Object:Destroy (UnityEngine.Object,single)
UnityEngine.Object:Destroy (UnityEngine.Object) (at /Users/bokken/build/output/unity/unity/Runtime/Export/Scripting/UnityEngineObject.bindings.cs:707)
VoxelEngine.Rendering.Runtime.Vegetation.ProceduralTreeRenderer:DestroyBatchObjects (VoxelEngine.Rendering.Runtime.Vegetation.ProceduralTreeRenderer/BatchPresentation) (at Assets/VoxelEngine/Rendering/Runtime/Vegetation/ProceduralTreeRenderer.cs:1081)
VoxelEngine.Rendering.Runtime.Vegetation.ProceduralTreeRenderer:ClearBatches () (at Assets/VoxelEngine/Rendering/Runtime/Vegetation/ProceduralTreeRenderer.cs:1092)
VoxelEngine.Rendering.Runtime.Vegetation.ProceduralTreeRenderer:ClearGenerated () (at Assets/VoxelEngine/Rendering/Runtime/Vegetation/ProceduralTreeRenderer.cs:1106)
VoxelEngine.Rendering.Runtime.Vegetation.ProceduralTreeRenderer:OnDestroy () (at Assets/VoxelEngine/Rendering/Runtime/Vegetation/ProceduralTreeRenderer.cs:1115)
UnityEditor.TestTools.TestRunner.CommandLineTest.Executer:ExitApplication (UnityEditor.TestTools.TestRunner.CommandLineTest.Executer/ReturnCodes,string) (at ./Library/PackageCache/com.unity.test-framework@1405238725ab/UnityEditor.TestRunner/CommandLineTest/Executer.cs:83)
UnityEditor.TestTools.TestRunner.CommandLineTest.Executer:ExitIfRunIsCompleted () (at ./Library/PackageCache/com.unity.test-framework@1405238725ab/UnityEditor.TestRunner/CommandLineTest/Executer.cs:74)
UnityEditor.EditorApplication:Internal_CallUpdateFunctions () (at /Users/bokken/build/output/unity/unity/Editor/Mono/EditorApplication.cs:403)

[Assets/VoxelEngine/Rendering/Runtime/Vegetation/ProceduralTreeRenderer.cs line 1081]

Tree Batch 0,8: Destroy may not be called from edit mode! Use DestroyImmediate instead.
Destroying an object in edit mode destroys it permanently
UnityEngine.Debug:ExtractStackTraceNoAlloc (byte*,int,string)
UnityEngine.StackTraceUtility:ExtractStackTrace () (at /Users/bokken/build/output/unity/unity/Runtime/Export/Scripting/StackTrace.cs:35)
UnityEngine.Object:Destroy (UnityEngine.Object,single)
UnityEngine.Object:Destroy (UnityEngine.Object) (at /Users/bokken/build/output/unity/unity/Runtime/Export/Scripting/UnityEngineObject.bindings.cs:707)
VoxelEngine.Rendering.Runtime.Vegetation.ProceduralTreeRenderer:DestroyBatchObjects (VoxelEngine.Rendering.Runtime.Vegetation.ProceduralTreeRenderer/BatchPresentation) (at Assets/VoxelEngine/Rendering/Runtime/Vegetation/ProceduralTreeRenderer.cs:1085)
VoxelEngine.Rendering.Runtime.Vegetation.ProceduralTreeRenderer:ClearBatches () (at Assets/VoxelEngine/Rendering/Runtime/Vegetation/ProceduralTreeRenderer.cs:1092)
VoxelEngine.Rendering.Runtime.Vegetation.ProceduralTreeRenderer:ClearGenerated () (at Assets/VoxelEngine/Rendering/Runtime/Vegetation/ProceduralTreeRenderer.cs:1106)
VoxelEngine.Rendering.Runtime.Vegetation.ProceduralTreeRenderer:OnDestroy () (at Assets/VoxelEngine/Rendering/Runtime/Vegetation/ProceduralTreeRenderer.cs:1115)
UnityEditor.TestTools.TestRunner.CommandLineTest.Executer:ExitApplication (UnityEditor.TestTools.TestRunner.CommandLineTest.Executer/ReturnCodes,string) (at ./Library/PackageCache/com.unity.test-framework@1405238725ab/UnityEditor.TestRunner/CommandLineTest/Executer.cs:83)
UnityEditor.TestTools.TestRunner.CommandLineTest.Executer:ExitIfRunIsCompleted () (at ./Library/PackageCache/com.unity.test-framework@1405238725ab/UnityEditor.TestRunner/CommandLineTest/Executer.cs:74)
UnityEditor.EditorApplication:Internal_CallUpdateFunctions () (at /Users/bokken/build/output/unity/unity/Editor/Mono/EditorApplication.cs:403)

[Assets/VoxelEngine/Rendering/Runtime/Vegetation/ProceduralTreeRenderer.cs line 1085]

TreeBatch_1_8_LOD0: Destroy may not be called from edit mode! Use DestroyImmediate instead.
Destroying an object in edit mode destroys it permanently
UnityEngine.Debug:ExtractStackTraceNoAlloc (byte*,int,string)
UnityEngine.StackTraceUtility:ExtractStackTrace () (at /Users/bokken/build/output/unity/unity/Runtime/Export/Scripting/StackTrace.cs:35)
UnityEngine.Object:Destroy (UnityEngine.Object,single)
UnityEngine.Object:Destroy (UnityEngine.Object) (at /Users/bokken/build/output/unity/unity/Runtime/Export/Scripting/UnityEngineObject.bindings.cs:707)
VoxelEngine.Rendering.Runtime.Vegetation.ProceduralTreeRenderer:DestroyBatchObjects (VoxelEngine.Rendering.Runtime.Vegetation.ProceduralTreeRenderer/BatchPresentation) (at Assets/VoxelEngine/Rendering/Runtime/Vegetation/ProceduralTreeRenderer.cs:1079)
VoxelEngine.Rendering.Runtime.Vegetation.ProceduralTreeRenderer:ClearBatches () (at Assets/VoxelEngine/Rendering/Runtime/Vegetation/ProceduralTreeRenderer.cs:1092)
VoxelEngine.Rendering.Runtime.Vegetation.ProceduralTreeRenderer:ClearGenerated () (at Assets/VoxelEngine/Rendering/Runtime/Vegetation/ProceduralTreeRenderer.cs:1106)
VoxelEngine.Rendering.Runtime.Vegetation.ProceduralTreeRenderer:OnDestroy () (at Assets/VoxelEngine/Rendering/Runtime/Vegetation/ProceduralTreeRenderer.cs:1115)
UnityEditor.TestTools.TestRunner.CommandLineTest.Executer:ExitApplication (UnityEditor.TestTools.TestRunner.CommandLineTest.Executer/ReturnCodes,string) (at ./Library/PackageCache/com.unity.test-framework@1405238725ab/UnityEditor.TestRunner/CommandLineTest/Executer.cs:83)
UnityEditor.TestTools.TestRunner.CommandLineTest.Executer:ExitIfRunIsCompleted () (at ./Library/PackageCache/com.unity.test-framework@1405238725ab/UnityEditor.TestRunner/CommandLineTest/Executer.cs:74)
UnityEditor.EditorApplication:Internal_CallUpdateFunctions () (at /Users/bokken/build/output/unity/unity/Editor/Mono/EditorApplication.cs:403)

[Assets/VoxelEngine/Rendering/Runtime/Vegetation/ProceduralTreeRenderer.cs line 1079]

TreeBatch_1_8_LOD1: Destroy may not be called from edit mode! Use DestroyImmediate instead.
Destroying an object in edit mode destroys it permanently
UnityEngine.Debug:ExtractStackTraceNoAlloc (byte*,int,string)
UnityEngine.StackTraceUtility:ExtractStackTrace () (at /Users/bokken/build/output/unity/unity/Runtime/Export/Scripting/StackTrace.cs:35)
UnityEngine.Object:Destroy (UnityEngine.Object,single)
UnityEngine.Object:Destroy (UnityEngine.Object) (at /Users/bokken/build/output/unity/unity/Runtime/Export/Scripting/UnityEngineObject.bindings.cs:707)
VoxelEngine.Rendering.Runtime.Vegetation.ProceduralTreeRenderer:DestroyBatchObjects (VoxelEngine.Rendering.Runtime.Vegetation.ProceduralTreeRenderer/BatchPresentation) (at Assets/VoxelEngine/Rendering/Runtime/Vegetation/ProceduralTreeRenderer.cs:1079)
VoxelEngine.Rendering.Runtime.Vegetation.ProceduralTreeRenderer:ClearBatches () (at Assets/VoxelEngine/Rendering/Runtime/Vegetation/ProceduralTreeRenderer.cs:1092)
VoxelEngine.Rendering.Runtime.Vegetation.ProceduralTreeRenderer:ClearGenerated () (at Assets/VoxelEngine/Rendering/Runtime/Vegetation/ProceduralTreeRenderer.cs:1106)
VoxelEngine.Rendering.Runtime.Vegetation.ProceduralTreeRenderer:OnDestroy () (at Assets/VoxelEngine/Rendering/Runtime/Vegetation/ProceduralTreeRenderer.cs:1115)
UnityEditor.TestTools.TestRunner.CommandLineTest.Executer:ExitApplication (UnityEditor.TestTools.TestRunner.CommandLineTest.Executer/ReturnCodes,string) (at ./Library/PackageCache/com.unity.test-framework@1405238725ab/UnityEditor.TestRunner/CommandLineTest/Executer.cs:83)
UnityEditor.TestTools.TestRunner.CommandLineTest.Executer:ExitIfRunIsCompleted () (at ./Library/PackageCache/com.unity.test-framework@1405238725ab/UnityEditor.TestRunner/CommandLineTest/Executer.cs:74)
UnityEditor.EditorApplication:Internal_CallUpdateFunctions () (at /Users/bokken/build/output/unity/unity/Editor/Mono/EditorApplication.cs:403)

[Assets/VoxelEngine/Rendering/Runtime/Vegetation/ProceduralTreeRenderer.cs line 1079]

TreeBatch_1_8_LOD2: Destroy may not be called from edit mode! Use DestroyImmediate instead.
Destroying an object in edit mode destroys it permanently
UnityEngine.Debug:ExtractStackTraceNoAlloc (byte*,int,string)
UnityEngine.StackTraceUtility:ExtractStackTrace () (at /Users/bokken/build/output/unity/unity/Runtime/Export/Scripting/StackTrace.cs:35)
UnityEngine.Object:Destroy (UnityEngine.Object,single)
UnityEngine.Object:Destroy (UnityEngine.Object) (at /Users/bokken/build/output/unity/unity/Runtime/Export/Scripting/UnityEngineObject.bindings.cs:707)
VoxelEngine.Rendering.Runtime.Vegetation.ProceduralTreeRenderer:DestroyBatchObjects (VoxelEngine.Rendering.Runtime.Vegetation.ProceduralTreeRenderer/BatchPresentation) (at Assets/VoxelEngine/Rendering/Runtime/Vegetation/ProceduralTreeRenderer.cs:1079)
VoxelEngine.Rendering.Runtime.Vegetation.ProceduralTreeRenderer:ClearBatches () (at Assets/VoxelEngine/Rendering/Runtime/Vegetation/ProceduralTreeRenderer.cs:1092)
VoxelEngine.Rendering.Runtime.Vegetation.ProceduralTreeRenderer:ClearGenerated () (at Assets/VoxelEngine/Rendering/Runtime/Vegetation/ProceduralTreeRenderer.cs:1106)
VoxelEngine.Rendering.Runtime.Vegetation.ProceduralTreeRenderer:OnDestroy () (at Assets/VoxelEngine/Rendering/Runtime/Vegetation/ProceduralTreeRenderer.cs:1115)
UnityEditor.TestTools.TestRunner.CommandLineTest.Executer:ExitApplication (UnityEditor.TestTools.TestRunner.CommandLineTest.Executer/ReturnCodes,string) (at ./Library/PackageCache/com.unity.test-framework@1405238725ab/UnityEditor.TestRunner/CommandLineTest/Executer.cs:83)
UnityEditor.TestTools.TestRunner.CommandLineTest.Executer:ExitIfRunIsCompleted () (at ./Library/PackageCache/com.unity.test-framework@1405238725ab/UnityEditor.TestRunner/CommandLineTest/Executer.cs:74)
UnityEditor.EditorApplication:Internal_CallUpdateFunctions () (at /Users/bokken/build/output/unity/unity/Editor/Mono/EditorApplication.cs:403)

[Assets/VoxelEngine/Rendering/Runtime/Vegetation/ProceduralTreeRenderer.cs line 1079]

TreeBatch_1_8_LOD3: Destroy may not be called from edit mode! Use DestroyImmediate instead.
Destroying an object in edit mode destroys it permanently
UnityEngine.Debug:ExtractStackTraceNoAlloc (byte*,int,string)
UnityEngine.StackTraceUtility:ExtractStackTrace () (at /Users/bokken/build/output/unity/unity/Runtime/Export/Scripting/StackTrace.cs:35)
UnityEngine.Object:Destroy (UnityEngine.Object,single)
UnityEngine.Object:Destroy (UnityEngine.Object) (at /Users/bokken/build/output/unity/unity/Runtime/Export/Scripting/UnityEngineObject.bindings.cs:707)
VoxelEngine.Rendering.Runtime.Vegetation.ProceduralTreeRenderer:DestroyBatchObjects (VoxelEngine.Rendering.Runtime.Vegetation.ProceduralTreeRenderer/BatchPresentation) (at Assets/VoxelEngine/Rendering/Runtime/Vegetation/ProceduralTreeRenderer.cs:1081)
VoxelEngine.Rendering.Runtime.Vegetation.ProceduralTreeRenderer:ClearBatches () (at Assets/VoxelEngine/Rendering/Runtime/Vegetation/ProceduralTreeRenderer.cs:1092)
VoxelEngine.Rendering.Runtime.Vegetation.ProceduralTreeRenderer:ClearGenerated () (at Assets/VoxelEngine/Rendering/Runtime/Vegetation/ProceduralTreeRenderer.cs:1106)
VoxelEngine.Rendering.Runtime.Vegetation.ProceduralTreeRenderer:OnDestroy () (at Assets/VoxelEngine/Rendering/Runtime/Vegetation/ProceduralTreeRenderer.cs:1115)
UnityEditor.TestTools.TestRunner.CommandLineTest.Executer:ExitApplication (UnityEditor.TestTools.TestRunner.CommandLineTest.Executer/ReturnCodes,string) (at ./Library/PackageCache/com.unity.test-framework@1405238725ab/UnityEditor.TestRunner/CommandLineTest/Executer.cs:83)
UnityEditor.TestTools.TestRunner.CommandLineTest.Executer:ExitIfRunIsCompleted () (at ./Library/PackageCache/com.unity.test-framework@1405238725ab/UnityEditor.TestRunner/CommandLineTest/Executer.cs:74)
UnityEditor.EditorApplication:Internal_CallUpdateFunctions () (at /Users/bokken/build/output/unity/unity/Editor/Mono/EditorApplication.cs:403)

[Assets/VoxelEngine/Rendering/Runtime/Vegetation/ProceduralTreeRenderer.cs line 1081]

Tree Batch 1,8: Destroy may not be called from edit mode! Use DestroyImmediate instead.
Destroying an object in edit mode destroys it permanently
UnityEngine.Debug:ExtractStackTraceNoAlloc (byte*,int,string)
UnityEngine.StackTraceUtility:ExtractStackTrace () (at /Users/bokken/build/output/unity/unity/Runtime/Export/Scripting/StackTrace.cs:35)
UnityEngine.Object:Destroy (UnityEngine.Object,single)
UnityEngine.Object:Destroy (UnityEngine.Object) (at /Users/bokken/build/output/unity/unity/Runtime/Export/Scripting/UnityEngineObject.bindings.cs:707)
VoxelEngine.Rendering.Runtime.Vegetation.ProceduralTreeRenderer:DestroyBatchObjects (VoxelEngine.Rendering.Runtime.Vegetation.ProceduralTreeRenderer/BatchPresentation) (at Assets/VoxelEngine/Rendering/Runtime/Vegetation/ProceduralTreeRenderer.cs:1085)
VoxelEngine.Rendering.Runtime.Vegetation.ProceduralTreeRenderer:ClearBatches () (at Assets/VoxelEngine/Rendering/Runtime/Vegetation/ProceduralTreeRenderer.cs:1092)
VoxelEngine.Rendering.Runtime.Vegetation.ProceduralTreeRenderer:ClearGenerated () (at Assets/VoxelEngine/Rendering/Runtime/Vegetation/ProceduralTreeRenderer.cs:1106)
VoxelEngine.Rendering.Runtime.Vegetation.ProceduralTreeRenderer:OnDestroy () (at Assets/VoxelEngine/Rendering/Runtime/Vegetation/ProceduralTreeRenderer.cs:1115)
UnityEditor.TestTools.TestRunner.CommandLineTest.Executer:ExitApplication (UnityEditor.TestTools.TestRunner.CommandLineTest.Executer/ReturnCodes,string) (at ./Library/PackageCache/com.unity.test-framework@1405238725ab/UnityEditor.TestRunner/CommandLineTest/Executer.cs:83)
UnityEditor.TestTools.TestRunner.CommandLineTest.Executer:ExitIfRunIsCompleted () (at ./Library/PackageCache/com.unity.test-framework@1405238725ab/UnityEditor.TestRunner/CommandLineTest/Executer.cs:74)
UnityEditor.EditorApplication:Internal_CallUpdateFunctions () (at /Users/bokken/build/output/unity/unity/Editor/Mono/EditorApplication.cs:403)

[Assets/VoxelEngine/Rendering/Runtime/Vegetation/ProceduralTreeRenderer.cs line 1085]

TreeBatch_4_8_LOD0: Destroy may not be called from edit mode! Use DestroyImmediate instead.
Destroying an object in edit mode destroys it permanently
UnityEngine.Debug:ExtractStackTraceNoAlloc (byte*,int,string)
UnityEngine.StackTraceUtility:ExtractStackTrace () (at /Users/bokken/build/output/unity/unity/Runtime/Export/Scripting/StackTrace.cs:35)
UnityEngine.Object:Destroy (UnityEngine.Object,single)
UnityEngine.Object:Destroy (UnityEngine.Object) (at /Users/bokken/build/output/unity/unity/Runtime/Export/Scripting/UnityEngineObject.bindings.cs:707)
VoxelEngine.Rendering.Runtime.Vegetation.ProceduralTreeRenderer:DestroyBatchObjects (VoxelEngine.Rendering.Runtime.Vegetation.ProceduralTreeRenderer/BatchPresentation) (at Assets/VoxelEngine/Rendering/Runtime/Vegetation/ProceduralTreeRenderer.cs:1079)
VoxelEngine.Rendering.Runtime.Vegetation.ProceduralTreeRenderer:ClearBatches () (at Assets/VoxelEngine/Rendering/Runtime/Vegetation/ProceduralTreeRenderer.cs:1092)
VoxelEngine.Rendering.Runtime.Vegetation.ProceduralTreeRenderer:ClearGenerated () (at Assets/VoxelEngine/Rendering/Runtime/Vegetation/ProceduralTreeRenderer.cs:1106)
VoxelEngine.Rendering.Runtime.Vegetation.ProceduralTreeRenderer:OnDestroy () (at Assets/VoxelEngine/Rendering/Runtime/Vegetation/ProceduralTreeRenderer.cs:1115)
UnityEditor.TestTools.TestRunner.CommandLineTest.Executer:ExitApplication (UnityEditor.TestTools.TestRunner.CommandLineTest.Executer/ReturnCodes,string) (at ./Library/PackageCache/com.unity.test-framework@1405238725ab/UnityEditor.TestRunner/CommandLineTest/Executer.cs:83)
UnityEditor.TestTools.TestRunner.CommandLineTest.Executer:ExitIfRunIsCompleted () (at ./Library/PackageCache/com.unity.test-framework@1405238725ab/UnityEditor.TestRunner/CommandLineTest/Executer.cs:74)
UnityEditor.EditorApplication:Internal_CallUpdateFunctions () (at /Users/bokken/build/output/unity/unity/Editor/Mono/EditorApplication.cs:403)

[Assets/VoxelEngine/Rendering/Runtime/Vegetation/ProceduralTreeRenderer.cs line 1079]

TreeBatch_4_8_LOD1: Destroy may not be called from edit mode! Use DestroyImmediate instead.
Destroying an object in edit mode destroys it permanently
UnityEngine.Debug:ExtractStackTraceNoAlloc (byte*,int,string)
UnityEngine.StackTraceUtility:ExtractStackTrace () (at /Users/bokken/build/output/unity/unity/Runtime/Export/Scripting/StackTrace.cs:35)
UnityEngine.Object:Destroy (UnityEngine.Object,single)
UnityEngine.Object:Destroy (UnityEngine.Object) (at /Users/bokken/build/output/unity/unity/Runtime/Export/Scripting/UnityEngineObject.bindings.cs:707)
VoxelEngine.Rendering.Runtime.Vegetation.ProceduralTreeRenderer:DestroyBatchObjects (VoxelEngine.Rendering.Runtime.Vegetation.ProceduralTreeRenderer/BatchPresentation) (at Assets/VoxelEngine/Rendering/Runtime/Vegetation/ProceduralTreeRenderer.cs:1079)
VoxelEngine.Rendering.Runtime.Vegetation.ProceduralTreeRenderer:ClearBatches () (at Assets/VoxelEngine/Rendering/Runtime/Vegetation/ProceduralTreeRenderer.cs:1092)
VoxelEngine.Rendering.Runtime.Vegetation.ProceduralTreeRenderer:ClearGenerated () (at Assets/VoxelEngine/Rendering/Runtime/Vegetation/ProceduralTreeRenderer.cs:1106)
VoxelEngine.Rendering.Runtime.Vegetation.ProceduralTreeRenderer:OnDestroy () (at Assets/VoxelEngine/Rendering/Runtime/Vegetation/ProceduralTreeRenderer.cs:1115)
UnityEditor.TestTools.TestRunner.CommandLineTest.Executer:ExitApplication (UnityEditor.TestTools.TestRunner.CommandLineTest.Executer/ReturnCodes,string) (at ./Library/PackageCache/com.unity.test-framework@1405238725ab/UnityEditor.TestRunner/CommandLineTest/Executer.cs:83)
UnityEditor.TestTools.TestRunner.CommandLineTest.Executer:ExitIfRunIsCompleted () (at ./Library/PackageCache/com.unity.test-framework@1405238725ab/UnityEditor.TestRunner/CommandLineTest/Executer.cs:74)
UnityEditor.EditorApplication:Internal_CallUpdateFunctions () (at /Users/bokken/build/output/unity/unity/Editor/Mono/EditorApplication.cs:403)

[Assets/VoxelEngine/Rendering/Runtime/Vegetation/ProceduralTreeRenderer.cs line 1079]

TreeBatch_4_8_LOD2: Destroy may not be called from edit mode! Use DestroyImmediate instead.
Destroying an object in edit mode destroys it permanently
UnityEngine.Debug:ExtractStackTraceNoAlloc (byte*,int,string)
UnityEngine.StackTraceUtility:ExtractStackTrace () (at /Users/bokken/build/output/unity/unity/Runtime/Export/Scripting/StackTrace.cs:35)
UnityEngine.Object:Destroy (UnityEngine.Object,single)
UnityEngine.Object:Destroy (UnityEngine.Object) (at /Users/bokken/build/output/unity/unity/Runtime/Export/Scripting/UnityEngineObject.bindings.cs:707)
VoxelEngine.Rendering.Runtime.Vegetation.ProceduralTreeRenderer:DestroyBatchObjects (VoxelEngine.Rendering.Runtime.Vegetation.ProceduralTreeRenderer/BatchPresentation) (at Assets/VoxelEngine/Rendering/Runtime/Vegetation/ProceduralTreeRenderer.cs:1079)
VoxelEngine.Rendering.Runtime.Vegetation.ProceduralTreeRenderer:ClearBatches () (at Assets/VoxelEngine/Rendering/Runtime/Vegetation/ProceduralTreeRenderer.cs:1092)
VoxelEngine.Rendering.Runtime.Vegetation.ProceduralTreeRenderer:ClearGenerated () (at Assets/VoxelEngine/Rendering/Runtime/Vegetation/ProceduralTreeRenderer.cs:1106)
VoxelEngine.Rendering.Runtime.Vegetation.ProceduralTreeRenderer:OnDestroy () (at Assets/VoxelEngine/Rendering/Runtime/Vegetation/ProceduralTreeRenderer.cs:1115)
UnityEditor.TestTools.TestRunner.CommandLineTest.Executer:ExitApplication (UnityEditor.TestTools.TestRunner.CommandLineTest.Executer/ReturnCodes,string) (at ./Library/PackageCache/com.unity.test-framework@1405238725ab/UnityEditor.TestRunner/CommandLineTest/Executer.cs:83)
UnityEditor.TestTools.TestRunner.CommandLineTest.Executer:ExitIfRunIsCompleted () (at ./Library/PackageCache/com.unity.test-framework@1405238725ab/UnityEditor.TestRunner/CommandLineTest/Executer.cs:74)
UnityEditor.EditorApplication:Internal_CallUpdateFunctions () (at /Users/bokken/build/output/unity/unity/Editor/Mono/EditorApplication.cs:403)

[Assets/VoxelEngine/Rendering/Runtime/Vegetation/ProceduralTreeRenderer.cs line 1079]

TreeBatch_4_8_LOD3: Destroy may not be called from edit mode! Use DestroyImmediate instead.
Destroying an object in edit mode destroys it permanently
UnityEngine.Debug:ExtractStackTraceNoAlloc (byte*,int,string)
UnityEngine.StackTraceUtility:ExtractStackTrace () (at /Users/bokken/build/output/unity/unity/Runtime/Export/Scripting/StackTrace.cs:35)
UnityEngine.Object:Destroy (UnityEngine.Object,single)
UnityEngine.Object:Destroy (UnityEngine.Object) (at /Users/bokken/build/output/unity/unity/Runtime/Export/Scripting/UnityEngineObject.bindings.cs:707)
VoxelEngine.Rendering.Runtime.Vegetation.ProceduralTreeRenderer:DestroyBatchObjects (VoxelEngine.Rendering.Runtime.Vegetation.ProceduralTreeRenderer/BatchPresentation) (at Assets/VoxelEngine/Rendering/Runtime/Vegetation/ProceduralTreeRenderer.cs:1081)
VoxelEngine.Rendering.Runtime.Vegetation.ProceduralTreeRenderer:ClearBatches () (at Assets/VoxelEngine/Rendering/Runtime/Vegetation/ProceduralTreeRenderer.cs:1092)
VoxelEngine.Rendering.Runtime.Vegetation.ProceduralTreeRenderer:ClearGenerated () (at Assets/VoxelEngine/Rendering/Runtime/Vegetation/ProceduralTreeRenderer.cs:1106)
VoxelEngine.Rendering.Runtime.Vegetation.ProceduralTreeRenderer:OnDestroy () (at Assets/VoxelEngine/Rendering/Runtime/Vegetation/ProceduralTreeRenderer.cs:1115)
UnityEditor.TestTools.TestRunner.CommandLineTest.Executer:ExitApplication (UnityEditor.TestTools.TestRunner.CommandLineTest.Executer/ReturnCodes,string) (at ./Library/PackageCache/com.unity.test-framework@1405238725ab/UnityEditor.TestRunner/CommandLineTest/Executer.cs:83)
UnityEditor.TestTools.TestRunner.CommandLineTest.Executer:ExitIfRunIsCompleted () (at ./Library/PackageCache/com.unity.test-framework@1405238725ab/UnityEditor.TestRunner/CommandLineTest/Executer.cs:74)
UnityEditor.EditorApplication:Internal_CallUpdateFunctions () (at /Users/bokken/build/output/unity/unity/Editor/Mono/EditorApplication.cs:403)

[Assets/VoxelEngine/Rendering/Runtime/Vegetation/ProceduralTreeRenderer.cs line 1081]

Tree Batch 4,8: Destroy may not be called from edit mode! Use DestroyImmediate instead.
Destroying an object in edit mode destroys it permanently
UnityEngine.Debug:ExtractStackTraceNoAlloc (byte*,int,string)
UnityEngine.StackTraceUtility:ExtractStackTrace () (at /Users/bokken/build/output/unity/unity/Runtime/Export/Scripting/StackTrace.cs:35)
UnityEngine.Object:Destroy (UnityEngine.Object,single)
UnityEngine.Object:Destroy (UnityEngine.Object) (at /Users/bokken/build/output/unity/unity/Runtime/Export/Scripting/UnityEngineObject.bindings.cs:707)
VoxelEngine.Rendering.Runtime.Vegetation.ProceduralTreeRenderer:DestroyBatchObjects (VoxelEngine.Rendering.Runtime.Vegetation.ProceduralTreeRenderer/BatchPresentation) (at Assets/VoxelEngine/Rendering/Runtime/Vegetation/ProceduralTreeRenderer.cs:1085)
VoxelEngine.Rendering.Runtime.Vegetation.ProceduralTreeRenderer:ClearBatches () (at Assets/VoxelEngine/Rendering/Runtime/Vegetation/ProceduralTreeRenderer.cs:1092)
VoxelEngine.Rendering.Runtime.Vegetation.ProceduralTreeRenderer:ClearGenerated () (at Assets/VoxelEngine/Rendering/Runtime/Vegetation/ProceduralTreeRenderer.cs:1106)
VoxelEngine.Rendering.Runtime.Vegetation.ProceduralTreeRenderer:OnDestroy () (at Assets/VoxelEngine/Rendering/Runtime/Vegetation/ProceduralTreeRenderer.cs:1115)
UnityEditor.TestTools.TestRunner.CommandLineTest.Executer:ExitApplication (UnityEditor.TestTools.TestRunner.CommandLineTest.Executer/ReturnCodes,string) (at ./Library/PackageCache/com.unity.test-framework@1405238725ab/UnityEditor.TestRunner/CommandLineTest/Executer.cs:83)
UnityEditor.TestTools.TestRunner.CommandLineTest.Executer:ExitIfRunIsCompleted () (at ./Library/PackageCache/com.unity.test-framework@1405238725ab/UnityEditor.TestRunner/CommandLineTest/Executer.cs:74)
UnityEditor.EditorApplication:Internal_CallUpdateFunctions () (at /Users/bokken/build/output/unity/unity/Editor/Mono/EditorApplication.cs:403)

[Assets/VoxelEngine/Rendering/Runtime/Vegetation/ProceduralTreeRenderer.cs line 1085]

TreeBatch_6_8_LOD0: Destroy may not be called from edit mode! Use DestroyImmediate instead.
Destroying an object in edit mode destroys it permanently
UnityEngine.Debug:ExtractStackTraceNoAlloc (byte*,int,string)
UnityEngine.StackTraceUtility:ExtractStackTrace () (at /Users/bokken/build/output/unity/unity/Runtime/Export/Scripting/StackTrace.cs:35)
UnityEngine.Object:Destroy (UnityEngine.Object,single)
UnityEngine.Object:Destroy (UnityEngine.Object) (at /Users/bokken/build/output/unity/unity/Runtime/Export/Scripting/UnityEngineObject.bindings.cs:707)
VoxelEngine.Rendering.Runtime.Vegetation.ProceduralTreeRenderer:DestroyBatchObjects (VoxelEngine.Rendering.Runtime.Vegetation.ProceduralTreeRenderer/BatchPresentation) (at Assets/VoxelEngine/Rendering/Runtime/Vegetation/ProceduralTreeRenderer.cs:1079)
VoxelEngine.Rendering.Runtime.Vegetation.ProceduralTreeRenderer:ClearBatches () (at Assets/VoxelEngine/Rendering/Runtime/Vegetation/ProceduralTreeRenderer.cs:1092)
VoxelEngine.Rendering.Runtime.Vegetation.ProceduralTreeRenderer:ClearGenerated () (at Assets/VoxelEngine/Rendering/Runtime/Vegetation/ProceduralTreeRenderer.cs:1106)
VoxelEngine.Rendering.Runtime.Vegetation.ProceduralTreeRenderer:OnDestroy () (at Assets/VoxelEngine/Rendering/Runtime/Vegetation/ProceduralTreeRenderer.cs:1115)
UnityEditor.TestTools.TestRunner.CommandLineTest.Executer:ExitApplication (UnityEditor.TestTools.TestRunner.CommandLineTest.Executer/ReturnCodes,string) (at ./Library/PackageCache/com.unity.test-framework@1405238725ab/UnityEditor.TestRunner/CommandLineTest/Executer.cs:83)
UnityEditor.TestTools.TestRunner.CommandLineTest.Executer:ExitIfRunIsCompleted () (at ./Library/PackageCache/com.unity.test-framework@1405238725ab/UnityEditor.TestRunner/CommandLineTest/Executer.cs:74)
UnityEditor.EditorApplication:Internal_CallUpdateFunctions () (at /Users/bokken/build/output/unity/unity/Editor/Mono/EditorApplication.cs:403)

[Assets/VoxelEngine/Rendering/Runtime/Vegetation/ProceduralTreeRenderer.cs line 1079]

TreeBatch_6_8_LOD1: Destroy may not be called from edit mode! Use DestroyImmediate instead.
Destroying an object in edit mode destroys it permanently
UnityEngine.Debug:ExtractStackTraceNoAlloc (byte*,int,string)
UnityEngine.StackTraceUtility:ExtractStackTrace () (at /Users/bokken/build/output/unity/unity/Runtime/Export/Scripting/StackTrace.cs:35)
UnityEngine.Object:Destroy (UnityEngine.Object,single)
UnityEngine.Object:Destroy (UnityEngine.Object) (at /Users/bokken/build/output/unity/unity/Runtime/Export/Scripting/UnityEngineObject.bindings.cs:707)
VoxelEngine.Rendering.Runtime.Vegetation.ProceduralTreeRenderer:DestroyBatchObjects (VoxelEngine.Rendering.Runtime.Vegetation.ProceduralTreeRenderer/BatchPresentation) (at Assets/VoxelEngine/Rendering/Runtime/Vegetation/ProceduralTreeRenderer.cs:1079)
VoxelEngine.Rendering.Runtime.Vegetation.ProceduralTreeRenderer:ClearBatches () (at Assets/VoxelEngine/Rendering/Runtime/Vegetation/ProceduralTreeRenderer.cs:1092)
VoxelEngine.Rendering.Runtime.Vegetation.ProceduralTreeRenderer:ClearGenerated () (at Assets/VoxelEngine/Rendering/Runtime/Vegetation/ProceduralTreeRenderer.cs:1106)
VoxelEngine.Rendering.Runtime.Vegetation.ProceduralTreeRenderer:OnDestroy () (at Assets/VoxelEngine/Rendering/Runtime/Vegetation/ProceduralTreeRenderer.cs:1115)
UnityEditor.TestTools.TestRunner.CommandLineTest.Executer:ExitApplication (UnityEditor.TestTools.TestRunner.CommandLineTest.Executer/ReturnCodes,string) (at ./Library/PackageCache/com.unity.test-framework@1405238725ab/UnityEditor.TestRunner/CommandLineTest/Executer.cs:83)
UnityEditor.TestTools.TestRunner.CommandLineTest.Executer:ExitIfRunIsCompleted () (at ./Library/PackageCache/com.unity.test-framework@1405238725ab/UnityEditor.TestRunner/CommandLineTest/Executer.cs:74)
UnityEditor.EditorApplication:Internal_CallUpdateFunctions () (at /Users/bokken/build/output/unity/unity/Editor/Mono/EditorApplication.cs:403)

[Assets/VoxelEngine/Rendering/Runtime/Vegetation/ProceduralTreeRenderer.cs line 1079]

TreeBatch_6_8_LOD2: Destroy may not be called from edit mode! Use DestroyImmediate instead.
Destroying an object in edit mode destroys it permanently
UnityEngine.Debug:ExtractStackTraceNoAlloc (byte*,int,string)
UnityEngine.StackTraceUtility:ExtractStackTrace () (at /Users/bokken/build/output/unity/unity/Runtime/Export/Scripting/StackTrace.cs:35)
UnityEngine.Object:Destroy (UnityEngine.Object,single)
UnityEngine.Object:Destroy (UnityEngine.Object) (at /Users/bokken/build/output/unity/unity/Runtime/Export/Scripting/UnityEngineObject.bindings.cs:707)
VoxelEngine.Rendering.Runtime.Vegetation.ProceduralTreeRenderer:DestroyBatchObjects (VoxelEngine.Rendering.Runtime.Vegetation.ProceduralTreeRenderer/BatchPresentation) (at Assets/VoxelEngine/Rendering/Runtime/Vegetation/ProceduralTreeRenderer.cs:1079)
VoxelEngine.Rendering.Runtime.Vegetation.ProceduralTreeRenderer:ClearBatches () (at Assets/VoxelEngine/Rendering/Runtime/Vegetation/ProceduralTreeRenderer.cs:1092)
VoxelEngine.Rendering.Runtime.Vegetation.ProceduralTreeRenderer:ClearGenerated () (at Assets/VoxelEngine/Rendering/Runtime/Vegetation/ProceduralTreeRenderer.cs:1106)
VoxelEngine.Rendering.Runtime.Vegetation.ProceduralTreeRenderer:OnDestroy () (at Assets/VoxelEngine/Rendering/Runtime/Vegetation/ProceduralTreeRenderer.cs:1115)
UnityEditor.TestTools.TestRunner.CommandLineTest.Executer:ExitApplication (UnityEditor.TestTools.TestRunner.CommandLineTest.Executer/ReturnCodes,string) (at ./Library/PackageCache/com.unity.test-framework@1405238725ab/UnityEditor.TestRunner/CommandLineTest/Executer.cs:83)
UnityEditor.TestTools.TestRunner.CommandLineTest.Executer:ExitIfRunIsCompleted () (at ./Library/PackageCache/com.unity.test-framework@1405238725ab/UnityEditor.TestRunner/CommandLineTest/Executer.cs:74)
UnityEditor.EditorApplication:Internal_CallUpdateFunctions () (at /Users/bokken/build/output/unity/unity/Editor/Mono/EditorApplication.cs:403)

[Assets/VoxelEngine/Rendering/Runtime/Vegetation/ProceduralTreeRenderer.cs line 1079]

TreeBatch_6_8_LOD3: Destroy may not be called from edit mode! Use DestroyImmediate instead.
Destroying an object in edit mode destroys it permanently
UnityEngine.Debug:ExtractStackTraceNoAlloc (byte*,int,string)
UnityEngine.StackTraceUtility:ExtractStackTrace () (at /Users/bokken/build/output/unity/unity/Runtime/Export/Scripting/StackTrace.cs:35)
UnityEngine.Object:Destroy (UnityEngine.Object,single)
UnityEngine.Object:Destroy (UnityEngine.Object) (at /Users/bokken/build/output/unity/unity/Runtime/Export/Scripting/UnityEngineObject.bindings.cs:707)
VoxelEngine.Rendering.Runtime.Vegetation.ProceduralTreeRenderer:DestroyBatchObjects (VoxelEngine.Rendering.Runtime.Vegetation.ProceduralTreeRenderer/BatchPresentation) (at Assets/VoxelEngine/Rendering/Runtime/Vegetation/ProceduralTreeRenderer.cs:1081)
VoxelEngine.Rendering.Runtime.Vegetation.ProceduralTreeRenderer:ClearBatches () (at Assets/VoxelEngine/Rendering/Runtime/Vegetation/ProceduralTreeRenderer.cs:1092)
VoxelEngine.Rendering.Runtime.Vegetation.ProceduralTreeRenderer:ClearGenerated () (at Assets/VoxelEngine/Rendering/Runtime/Vegetation/ProceduralTreeRenderer.cs:1106)
VoxelEngine.Rendering.Runtime.Vegetation.ProceduralTreeRenderer:OnDestroy () (at Assets/VoxelEngine/Rendering/Runtime/Vegetation/ProceduralTreeRenderer.cs:1115)
UnityEditor.TestTools.TestRunner.CommandLineTest.Executer:ExitApplication (UnityEditor.TestTools.TestRunner.CommandLineTest.Executer/ReturnCodes,string) (at ./Library/PackageCache/com.unity.test-framework@1405238725ab/UnityEditor.TestRunner/CommandLineTest/Executer.cs:83)
UnityEditor.TestTools.TestRunner.CommandLineTest.Executer:ExitIfRunIsCompleted () (at ./Library/PackageCache/com.unity.test-framework@1405238725ab/UnityEditor.TestRunner/CommandLineTest/Executer.cs:74)
UnityEditor.EditorApplication:Internal_CallUpdateFunctions () (at /Users/bokken/build/output/unity/unity/Editor/Mono/EditorApplication.cs:403)

[Assets/VoxelEngine/Rendering/Runtime/Vegetation/ProceduralTreeRenderer.cs line 1081]

Tree Batch 6,8: Destroy may not be called from edit mode! Use DestroyImmediate instead.
Destroying an object in edit mode destroys it permanently
UnityEngine.Debug:ExtractStackTraceNoAlloc (byte*,int,string)
UnityEngine.StackTraceUtility:ExtractStackTrace () (at /Users/bokken/build/output/unity/unity/Runtime/Export/Scripting/StackTrace.cs:35)
UnityEngine.Object:Destroy (UnityEngine.Object,single)
UnityEngine.Object:Destroy (UnityEngine.Object) (at /Users/bokken/build/output/unity/unity/Runtime/Export/Scripting/UnityEngineObject.bindings.cs:707)
VoxelEngine.Rendering.Runtime.Vegetation.ProceduralTreeRenderer:DestroyBatchObjects (VoxelEngine.Rendering.Runtime.Vegetation.ProceduralTreeRenderer/BatchPresentation) (at Assets/VoxelEngine/Rendering/Runtime/Vegetation/ProceduralTreeRenderer.cs:1085)
VoxelEngine.Rendering.Runtime.Vegetation.ProceduralTreeRenderer:ClearBatches () (at Assets/VoxelEngine/Rendering/Runtime/Vegetation/ProceduralTreeRenderer.cs:1092)
VoxelEngine.Rendering.Runtime.Vegetation.ProceduralTreeRenderer:ClearGenerated () (at Assets/VoxelEngine/Rendering/Runtime/Vegetation/ProceduralTreeRenderer.cs:1106)
VoxelEngine.Rendering.Runtime.Vegetation.ProceduralTreeRenderer:OnDestroy () (at Assets/VoxelEngine/Rendering/Runtime/Vegetation/ProceduralTreeRenderer.cs:1115)
UnityEditor.TestTools.TestRunner.CommandLineTest.Executer:ExitApplication (UnityEditor.TestTools.TestRunner.CommandLineTest.Executer/ReturnCodes,string) (at ./Library/PackageCache/com.unity.test-framework@1405238725ab/UnityEditor.TestRunner/CommandLineTest/Executer.cs:83)
UnityEditor.TestTools.TestRunner.CommandLineTest.Executer:ExitIfRunIsCompleted () (at ./Library/PackageCache/com.unity.test-framework@1405238725ab/UnityEditor.TestRunner/CommandLineTest/Executer.cs:74)
UnityEditor.EditorApplication:Internal_CallUpdateFunctions () (at /Users/bokken/build/output/unity/unity/Editor/Mono/EditorApplication.cs:403)

[Assets/VoxelEngine/Rendering/Runtime/Vegetation/ProceduralTreeRenderer.cs line 1085]

TreeBatch_0_9_LOD0: Destroy may not be called from edit mode! Use DestroyImmediate instead.
Destroying an object in edit mode destroys it permanently
UnityEngine.Debug:ExtractStackTraceNoAlloc (byte*,int,string)
UnityEngine.StackTraceUtility:ExtractStackTrace () (at /Users/bokken/build/output/unity/unity/Runtime/Export/Scripting/StackTrace.cs:35)
UnityEngine.Object:Destroy (UnityEngine.Object,single)
UnityEngine.Object:Destroy (UnityEngine.Object) (at /Users/bokken/build/output/unity/unity/Runtime/Export/Scripting/UnityEngineObject.bindings.cs:707)
VoxelEngine.Rendering.Runtime.Vegetation.ProceduralTreeRenderer:DestroyBatchObjects (VoxelEngine.Rendering.Runtime.Vegetation.ProceduralTreeRenderer/BatchPresentation) (at Assets/VoxelEngine/Rendering/Runtime/Vegetation/ProceduralTreeRenderer.cs:1079)
VoxelEngine.Rendering.Runtime.Vegetation.ProceduralTreeRenderer:ClearBatches () (at Assets/VoxelEngine/Rendering/Runtime/Vegetation/ProceduralTreeRenderer.cs:1092)
VoxelEngine.Rendering.Runtime.Vegetation.ProceduralTreeRenderer:ClearGenerated () (at Assets/VoxelEngine/Rendering/Runtime/Vegetation/ProceduralTreeRenderer.cs:1106)
VoxelEngine.Rendering.Runtime.Vegetation.ProceduralTreeRenderer:OnDestroy () (at Assets/VoxelEngine/Rendering/Runtime/Vegetation/ProceduralTreeRenderer.cs:1115)
UnityEditor.TestTools.TestRunner.CommandLineTest.Executer:ExitApplication (UnityEditor.TestTools.TestRunner.CommandLineTest.Executer/ReturnCodes,string) (at ./Library/PackageCache/com.unity.test-framework@1405238725ab/UnityEditor.TestRunner/CommandLineTest/Executer.cs:83)
UnityEditor.TestTools.TestRunner.CommandLineTest.Executer:ExitIfRunIsCompleted () (at ./Library/PackageCache/com.unity.test-framework@1405238725ab/UnityEditor.TestRunner/CommandLineTest/Executer.cs:74)
UnityEditor.EditorApplication:Internal_CallUpdateFunctions () (at /Users/bokken/build/output/unity/unity/Editor/Mono/EditorApplication.cs:403)

[Assets/VoxelEngine/Rendering/Runtime/Vegetation/ProceduralTreeRenderer.cs line 1079]

TreeBatch_0_9_LOD1: Destroy may not be called from edit mode! Use DestroyImmediate instead.
Destroying an object in edit mode destroys it permanently
UnityEngine.Debug:ExtractStackTraceNoAlloc (byte*,int,string)
UnityEngine.StackTraceUtility:ExtractStackTrace () (at /Users/bokken/build/output/unity/unity/Runtime/Export/Scripting/StackTrace.cs:35)
UnityEngine.Object:Destroy (UnityEngine.Object,single)
UnityEngine.Object:Destroy (UnityEngine.Object) (at /Users/bokken/build/output/unity/unity/Runtime/Export/Scripting/UnityEngineObject.bindings.cs:707)
VoxelEngine.Rendering.Runtime.Vegetation.ProceduralTreeRenderer:DestroyBatchObjects (VoxelEngine.Rendering.Runtime.Vegetation.ProceduralTreeRenderer/BatchPresentation) (at Assets/VoxelEngine/Rendering/Runtime/Vegetation/ProceduralTreeRenderer.cs:1079)
VoxelEngine.Rendering.Runtime.Vegetation.ProceduralTreeRenderer:ClearBatches () (at Assets/VoxelEngine/Rendering/Runtime/Vegetation/ProceduralTreeRenderer.cs:1092)
VoxelEngine.Rendering.Runtime.Vegetation.ProceduralTreeRenderer:ClearGenerated () (at Assets/VoxelEngine/Rendering/Runtime/Vegetation/ProceduralTreeRenderer.cs:1106)
VoxelEngine.Rendering.Runtime.Vegetation.ProceduralTreeRenderer:OnDestroy () (at Assets/VoxelEngine/Rendering/Runtime/Vegetation/ProceduralTreeRenderer.cs:1115)
UnityEditor.TestTools.TestRunner.CommandLineTest.Executer:ExitApplication (UnityEditor.TestTools.TestRunner.CommandLineTest.Executer/ReturnCodes,string) (at ./Library/PackageCache/com.unity.test-framework@1405238725ab/UnityEditor.TestRunner/CommandLineTest/Executer.cs:83)
UnityEditor.TestTools.TestRunner.CommandLineTest.Executer:ExitIfRunIsCompleted () (at ./Library/PackageCache/com.unity.test-framework@1405238725ab/UnityEditor.TestRunner/CommandLineTest/Executer.cs:74)
UnityEditor.EditorApplication:Internal_CallUpdateFunctions () (at /Users/bokken/build/output/unity/unity/Editor/Mono/EditorApplication.cs:403)

[Assets/VoxelEngine/Rendering/Runtime/Vegetation/ProceduralTreeRenderer.cs line 1079]

TreeBatch_0_9_LOD2: Destroy may not be called from edit mode! Use DestroyImmediate instead.
Destroying an object in edit mode destroys it permanently
UnityEngine.Debug:ExtractStackTraceNoAlloc (byte*,int,string)
UnityEngine.StackTraceUtility:ExtractStackTrace () (at /Users/bokken/build/output/unity/unity/Runtime/Export/Scripting/StackTrace.cs:35)
UnityEngine.Object:Destroy (UnityEngine.Object,single)
UnityEngine.Object:Destroy (UnityEngine.Object) (at /Users/bokken/build/output/unity/unity/Runtime/Export/Scripting/UnityEngineObject.bindings.cs:707)
VoxelEngine.Rendering.Runtime.Vegetation.ProceduralTreeRenderer:DestroyBatchObjects (VoxelEngine.Rendering.Runtime.Vegetation.ProceduralTreeRenderer/BatchPresentation) (at Assets/VoxelEngine/Rendering/Runtime/Vegetation/ProceduralTreeRenderer.cs:1079)
VoxelEngine.Rendering.Runtime.Vegetation.ProceduralTreeRenderer:ClearBatches () (at Assets/VoxelEngine/Rendering/Runtime/Vegetation/ProceduralTreeRenderer.cs:1092)
VoxelEngine.Rendering.Runtime.Vegetation.ProceduralTreeRenderer:ClearGenerated () (at Assets/VoxelEngine/Rendering/Runtime/Vegetation/ProceduralTreeRenderer.cs:1106)
VoxelEngine.Rendering.Runtime.Vegetation.ProceduralTreeRenderer:OnDestroy () (at Assets/VoxelEngine/Rendering/Runtime/Vegetation/ProceduralTreeRenderer.cs:1115)
UnityEditor.TestTools.TestRunner.CommandLineTest.Executer:ExitApplication (UnityEditor.TestTools.TestRunner.CommandLineTest.Executer/ReturnCodes,string) (at ./Library/PackageCache/com.unity.test-framework@1405238725ab/UnityEditor.TestRunner/CommandLineTest/Executer.cs:83)
UnityEditor.TestTools.TestRunner.CommandLineTest.Executer:ExitIfRunIsCompleted () (at ./Library/PackageCache/com.unity.test-framework@1405238725ab/UnityEditor.TestRunner/CommandLineTest/Executer.cs:74)
UnityEditor.EditorApplication:Internal_CallUpdateFunctions () (at /Users/bokken/build/output/unity/unity/Editor/Mono/EditorApplication.cs:403)

[Assets/VoxelEngine/Rendering/Runtime/Vegetation/ProceduralTreeRenderer.cs line 1079]

TreeBatch_0_9_LOD3: Destroy may not be called from edit mode! Use DestroyImmediate instead.
Destroying an object in edit mode destroys it permanently
UnityEngine.Debug:ExtractStackTraceNoAlloc (byte*,int,string)
UnityEngine.StackTraceUtility:ExtractStackTrace () (at /Users/bokken/build/output/unity/unity/Runtime/Export/Scripting/StackTrace.cs:35)
UnityEngine.Object:Destroy (UnityEngine.Object,single)
UnityEngine.Object:Destroy (UnityEngine.Object) (at /Users/bokken/build/output/unity/unity/Runtime/Export/Scripting/UnityEngineObject.bindings.cs:707)
VoxelEngine.Rendering.Runtime.Vegetation.ProceduralTreeRenderer:DestroyBatchObjects (VoxelEngine.Rendering.Runtime.Vegetation.ProceduralTreeRenderer/BatchPresentation) (at Assets/VoxelEngine/Rendering/Runtime/Vegetation/ProceduralTreeRenderer.cs:1081)
VoxelEngine.Rendering.Runtime.Vegetation.ProceduralTreeRenderer:ClearBatches () (at Assets/VoxelEngine/Rendering/Runtime/Vegetation/ProceduralTreeRenderer.cs:1092)
VoxelEngine.Rendering.Runtime.Vegetation.ProceduralTreeRenderer:ClearGenerated () (at Assets/VoxelEngine/Rendering/Runtime/Vegetation/ProceduralTreeRenderer.cs:1106)
VoxelEngine.Rendering.Runtime.Vegetation.ProceduralTreeRenderer:OnDestroy () (at Assets/VoxelEngine/Rendering/Runtime/Vegetation/ProceduralTreeRenderer.cs:1115)
UnityEditor.TestTools.TestRunner.CommandLineTest.Executer:ExitApplication (UnityEditor.TestTools.TestRunner.CommandLineTest.Executer/ReturnCodes,string) (at ./Library/PackageCache/com.unity.test-framework@1405238725ab/UnityEditor.TestRunner/CommandLineTest/Executer.cs:83)
UnityEditor.TestTools.TestRunner.CommandLineTest.Executer:ExitIfRunIsCompleted () (at ./Library/PackageCache/com.unity.test-framework@1405238725ab/UnityEditor.TestRunner/CommandLineTest/Executer.cs:74)
UnityEditor.EditorApplication:Internal_CallUpdateFunctions () (at /Users/bokken/build/output/unity/unity/Editor/Mono/EditorApplication.cs:403)

[Assets/VoxelEngine/Rendering/Runtime/Vegetation/ProceduralTreeRenderer.cs line 1081]

Tree Batch 0,9: Destroy may not be called from edit mode! Use DestroyImmediate instead.
Destroying an object in edit mode destroys it permanently
UnityEngine.Debug:ExtractStackTraceNoAlloc (byte*,int,string)
UnityEngine.StackTraceUtility:ExtractStackTrace () (at /Users/bokken/build/output/unity/unity/Runtime/Export/Scripting/StackTrace.cs:35)
UnityEngine.Object:Destroy (UnityEngine.Object,single)
UnityEngine.Object:Destroy (UnityEngine.Object) (at /Users/bokken/build/output/unity/unity/Runtime/Export/Scripting/UnityEngineObject.bindings.cs:707)
VoxelEngine.Rendering.Runtime.Vegetation.ProceduralTreeRenderer:DestroyBatchObjects (VoxelEngine.Rendering.Runtime.Vegetation.ProceduralTreeRenderer/BatchPresentation) (at Assets/VoxelEngine/Rendering/Runtime/Vegetation/ProceduralTreeRenderer.cs:1085)
VoxelEngine.Rendering.Runtime.Vegetation.ProceduralTreeRenderer:ClearBatches () (at Assets/VoxelEngine/Rendering/Runtime/Vegetation/ProceduralTreeRenderer.cs:1092)
VoxelEngine.Rendering.Runtime.Vegetation.ProceduralTreeRenderer:ClearGenerated () (at Assets/VoxelEngine/Rendering/Runtime/Vegetation/ProceduralTreeRenderer.cs:1106)
VoxelEngine.Rendering.Runtime.Vegetation.ProceduralTreeRenderer:OnDestroy () (at Assets/VoxelEngine/Rendering/Runtime/Vegetation/ProceduralTreeRenderer.cs:1115)
UnityEditor.TestTools.TestRunner.CommandLineTest.Executer:ExitApplication (UnityEditor.TestTools.TestRunner.CommandLineTest.Executer/ReturnCodes,string) (at ./Library/PackageCache/com.unity.test-framework@1405238725ab/UnityEditor.TestRunner/CommandLineTest/Executer.cs:83)
UnityEditor.TestTools.TestRunner.CommandLineTest.Executer:ExitIfRunIsCompleted () (at ./Library/PackageCache/com.unity.test-framework@1405238725ab/UnityEditor.TestRunner/CommandLineTest/Executer.cs:74)
UnityEditor.EditorApplication:Internal_CallUpdateFunctions () (at /Users/bokken/build/output/unity/unity/Editor/Mono/EditorApplication.cs:403)

[Assets/VoxelEngine/Rendering/Runtime/Vegetation/ProceduralTreeRenderer.cs line 1085]

TreeBatch_1_9_LOD0: Destroy may not be called from edit mode! Use DestroyImmediate instead.
Destroying an object in edit mode destroys it permanently
UnityEngine.Debug:ExtractStackTraceNoAlloc (byte*,int,string)
UnityEngine.StackTraceUtility:ExtractStackTrace () (at /Users/bokken/build/output/unity/unity/Runtime/Export/Scripting/StackTrace.cs:35)
UnityEngine.Object:Destroy (UnityEngine.Object,single)
UnityEngine.Object:Destroy (UnityEngine.Object) (at /Users/bokken/build/output/unity/unity/Runtime/Export/Scripting/UnityEngineObject.bindings.cs:707)
VoxelEngine.Rendering.Runtime.Vegetation.ProceduralTreeRenderer:DestroyBatchObjects (VoxelEngine.Rendering.Runtime.Vegetation.ProceduralTreeRenderer/BatchPresentation) (at Assets/VoxelEngine/Rendering/Runtime/Vegetation/ProceduralTreeRenderer.cs:1079)
VoxelEngine.Rendering.Runtime.Vegetation.ProceduralTreeRenderer:ClearBatches () (at Assets/VoxelEngine/Rendering/Runtime/Vegetation/ProceduralTreeRenderer.cs:1092)
VoxelEngine.Rendering.Runtime.Vegetation.ProceduralTreeRenderer:ClearGenerated () (at Assets/VoxelEngine/Rendering/Runtime/Vegetation/ProceduralTreeRenderer.cs:1106)
VoxelEngine.Rendering.Runtime.Vegetation.ProceduralTreeRenderer:OnDestroy () (at Assets/VoxelEngine/Rendering/Runtime/Vegetation/ProceduralTreeRenderer.cs:1115)
UnityEditor.TestTools.TestRunner.CommandLineTest.Executer:ExitApplication (UnityEditor.TestTools.TestRunner.CommandLineTest.Executer/ReturnCodes,string) (at ./Library/PackageCache/com.unity.test-framework@1405238725ab/UnityEditor.TestRunner/CommandLineTest/Executer.cs:83)
UnityEditor.TestTools.TestRunner.CommandLineTest.Executer:ExitIfRunIsCompleted () (at ./Library/PackageCache/com.unity.test-framework@1405238725ab/UnityEditor.TestRunner/CommandLineTest/Executer.cs:74)
UnityEditor.EditorApplication:Internal_CallUpdateFunctions () (at /Users/bokken/build/output/unity/unity/Editor/Mono/EditorApplication.cs:403)

[Assets/VoxelEngine/Rendering/Runtime/Vegetation/ProceduralTreeRenderer.cs line 1079]

TreeBatch_1_9_LOD1: Destroy may not be called from edit mode! Use DestroyImmediate instead.
Destroying an object in edit mode destroys it permanently
UnityEngine.Debug:ExtractStackTraceNoAlloc (byte*,int,string)
UnityEngine.StackTraceUtility:ExtractStackTrace () (at /Users/bokken/build/output/unity/unity/Runtime/Export/Scripting/StackTrace.cs:35)
UnityEngine.Object:Destroy (UnityEngine.Object,single)
UnityEngine.Object:Destroy (UnityEngine.Object) (at /Users/bokken/build/output/unity/unity/Runtime/Export/Scripting/UnityEngineObject.bindings.cs:707)
VoxelEngine.Rendering.Runtime.Vegetation.ProceduralTreeRenderer:DestroyBatchObjects (VoxelEngine.Rendering.Runtime.Vegetation.ProceduralTreeRenderer/BatchPresentation) (at Assets/VoxelEngine/Rendering/Runtime/Vegetation/ProceduralTreeRenderer.cs:1079)
VoxelEngine.Rendering.Runtime.Vegetation.ProceduralTreeRenderer:ClearBatches () (at Assets/VoxelEngine/Rendering/Runtime/Vegetation/ProceduralTreeRenderer.cs:1092)
VoxelEngine.Rendering.Runtime.Vegetation.ProceduralTreeRenderer:ClearGenerated () (at Assets/VoxelEngine/Rendering/Runtime/Vegetation/ProceduralTreeRenderer.cs:1106)
VoxelEngine.Rendering.Runtime.Vegetation.ProceduralTreeRenderer:OnDestroy () (at Assets/VoxelEngine/Rendering/Runtime/Vegetation/ProceduralTreeRenderer.cs:1115)
UnityEditor.TestTools.TestRunner.CommandLineTest.Executer:ExitApplication (UnityEditor.TestTools.TestRunner.CommandLineTest.Executer/ReturnCodes,string) (at ./Library/PackageCache/com.unity.test-framework@1405238725ab/UnityEditor.TestRunner/CommandLineTest/Executer.cs:83)
UnityEditor.TestTools.TestRunner.CommandLineTest.Executer:ExitIfRunIsCompleted () (at ./Library/PackageCache/com.unity.test-framework@1405238725ab/UnityEditor.TestRunner/CommandLineTest/Executer.cs:74)
UnityEditor.EditorApplication:Internal_CallUpdateFunctions () (at /Users/bokken/build/output/unity/unity/Editor/Mono/EditorApplication.cs:403)

[Assets/VoxelEngine/Rendering/Runtime/Vegetation/ProceduralTreeRenderer.cs line 1079]

TreeBatch_1_9_LOD2: Destroy may not be called from edit mode! Use DestroyImmediate instead.
Destroying an object in edit mode destroys it permanently
UnityEngine.Debug:ExtractStackTraceNoAlloc (byte*,int,string)
UnityEngine.StackTraceUtility:ExtractStackTrace () (at /Users/bokken/build/output/unity/unity/Runtime/Export/Scripting/StackTrace.cs:35)
UnityEngine.Object:Destroy (UnityEngine.Object,single)
UnityEngine.Object:Destroy (UnityEngine.Object) (at /Users/bokken/build/output/unity/unity/Runtime/Export/Scripting/UnityEngineObject.bindings.cs:707)
VoxelEngine.Rendering.Runtime.Vegetation.ProceduralTreeRenderer:DestroyBatchObjects (VoxelEngine.Rendering.Runtime.Vegetation.ProceduralTreeRenderer/BatchPresentation) (at Assets/VoxelEngine/Rendering/Runtime/Vegetation/ProceduralTreeRenderer.cs:1079)
VoxelEngine.Rendering.Runtime.Vegetation.ProceduralTreeRenderer:ClearBatches () (at Assets/VoxelEngine/Rendering/Runtime/Vegetation/ProceduralTreeRenderer.cs:1092)
VoxelEngine.Rendering.Runtime.Vegetation.ProceduralTreeRenderer:ClearGenerated () (at Assets/VoxelEngine/Rendering/Runtime/Vegetation/ProceduralTreeRenderer.cs:1106)
VoxelEngine.Rendering.Runtime.Vegetation.ProceduralTreeRenderer:OnDestroy () (at Assets/VoxelEngine/Rendering/Runtime/Vegetation/ProceduralTreeRenderer.cs:1115)
UnityEditor.TestTools.TestRunner.CommandLineTest.Executer:ExitApplication (UnityEditor.TestTools.TestRunner.CommandLineTest.Executer/ReturnCodes,string) (at ./Library/PackageCache/com.unity.test-framework@1405238725ab/UnityEditor.TestRunner/CommandLineTest/Executer.cs:83)
UnityEditor.TestTools.TestRunner.CommandLineTest.Executer:ExitIfRunIsCompleted () (at ./Library/PackageCache/com.unity.test-framework@1405238725ab/UnityEditor.TestRunner/CommandLineTest/Executer.cs:74)
UnityEditor.EditorApplication:Internal_CallUpdateFunctions () (at /Users/bokken/build/output/unity/unity/Editor/Mono/EditorApplication.cs:403)

[Assets/VoxelEngine/Rendering/Runtime/Vegetation/ProceduralTreeRenderer.cs line 1079]

TreeBatch_1_9_LOD3: Destroy may not be called from edit mode! Use DestroyImmediate instead.
Destroying an object in edit mode destroys it permanently
UnityEngine.Debug:ExtractStackTraceNoAlloc (byte*,int,string)
UnityEngine.StackTraceUtility:ExtractStackTrace () (at /Users/bokken/build/output/unity/unity/Runtime/Export/Scripting/StackTrace.cs:35)
UnityEngine.Object:Destroy (UnityEngine.Object,single)
UnityEngine.Object:Destroy (UnityEngine.Object) (at /Users/bokken/build/output/unity/unity/Runtime/Export/Scripting/UnityEngineObject.bindings.cs:707)
VoxelEngine.Rendering.Runtime.Vegetation.ProceduralTreeRenderer:DestroyBatchObjects (VoxelEngine.Rendering.Runtime.Vegetation.ProceduralTreeRenderer/BatchPresentation) (at Assets/VoxelEngine/Rendering/Runtime/Vegetation/ProceduralTreeRenderer.cs:1081)
VoxelEngine.Rendering.Runtime.Vegetation.ProceduralTreeRenderer:ClearBatches () (at Assets/VoxelEngine/Rendering/Runtime/Vegetation/ProceduralTreeRenderer.cs:1092)
VoxelEngine.Rendering.Runtime.Vegetation.ProceduralTreeRenderer:ClearGenerated () (at Assets/VoxelEngine/Rendering/Runtime/Vegetation/ProceduralTreeRenderer.cs:1106)
VoxelEngine.Rendering.Runtime.Vegetation.ProceduralTreeRenderer:OnDestroy () (at Assets/VoxelEngine/Rendering/Runtime/Vegetation/ProceduralTreeRenderer.cs:1115)
UnityEditor.TestTools.TestRunner.CommandLineTest.Executer:ExitApplication (UnityEditor.TestTools.TestRunner.CommandLineTest.Executer/ReturnCodes,string) (at ./Library/PackageCache/com.unity.test-framework@1405238725ab/UnityEditor.TestRunner/CommandLineTest/Executer.cs:83)
UnityEditor.TestTools.TestRunner.CommandLineTest.Executer:ExitIfRunIsCompleted () (at ./Library/PackageCache/com.unity.test-framework@1405238725ab/UnityEditor.TestRunner/CommandLineTest/Executer.cs:74)
UnityEditor.EditorApplication:Internal_CallUpdateFunctions () (at /Users/bokken/build/output/unity/unity/Editor/Mono/EditorApplication.cs:403)

[Assets/VoxelEngine/Rendering/Runtime/Vegetation/ProceduralTreeRenderer.cs line 1081]

Tree Batch 1,9: Destroy may not be called from edit mode! Use DestroyImmediate instead.
Destroying an object in edit mode destroys it permanently
UnityEngine.Debug:ExtractStackTraceNoAlloc (byte*,int,string)
UnityEngine.StackTraceUtility:ExtractStackTrace () (at /Users/bokken/build/output/unity/unity/Runtime/Export/Scripting/StackTrace.cs:35)
UnityEngine.Object:Destroy (UnityEngine.Object,single)
UnityEngine.Object:Destroy (UnityEngine.Object) (at /Users/bokken/build/output/unity/unity/Runtime/Export/Scripting/UnityEngineObject.bindings.cs:707)
VoxelEngine.Rendering.Runtime.Vegetation.ProceduralTreeRenderer:DestroyBatchObjects (VoxelEngine.Rendering.Runtime.Vegetation.ProceduralTreeRenderer/BatchPresentation) (at Assets/VoxelEngine/Rendering/Runtime/Vegetation/ProceduralTreeRenderer.cs:1085)
VoxelEngine.Rendering.Runtime.Vegetation.ProceduralTreeRenderer:ClearBatches () (at Assets/VoxelEngine/Rendering/Runtime/Vegetation/ProceduralTreeRenderer.cs:1092)
VoxelEngine.Rendering.Runtime.Vegetation.ProceduralTreeRenderer:ClearGenerated () (at Assets/VoxelEngine/Rendering/Runtime/Vegetation/ProceduralTreeRenderer.cs:1106)
VoxelEngine.Rendering.Runtime.Vegetation.ProceduralTreeRenderer:OnDestroy () (at Assets/VoxelEngine/Rendering/Runtime/Vegetation/ProceduralTreeRenderer.cs:1115)
UnityEditor.TestTools.TestRunner.CommandLineTest.Executer:ExitApplication (UnityEditor.TestTools.TestRunner.CommandLineTest.Executer/ReturnCodes,string) (at ./Library/PackageCache/com.unity.test-framework@1405238725ab/UnityEditor.TestRunner/CommandLineTest/Executer.cs:83)
UnityEditor.TestTools.TestRunner.CommandLineTest.Executer:ExitIfRunIsCompleted () (at ./Library/PackageCache/com.unity.test-framework@1405238725ab/UnityEditor.TestRunner/CommandLineTest/Executer.cs:74)
UnityEditor.EditorApplication:Internal_CallUpdateFunctions () (at /Users/bokken/build/output/unity/unity/Editor/Mono/EditorApplication.cs:403)

[Assets/VoxelEngine/Rendering/Runtime/Vegetation/ProceduralTreeRenderer.cs line 1085]

TreeBatch_2_9_LOD0: Destroy may not be called from edit mode! Use DestroyImmediate instead.
Destroying an object in edit mode destroys it permanently
UnityEngine.Debug:ExtractStackTraceNoAlloc (byte*,int,string)
UnityEngine.StackTraceUtility:ExtractStackTrace () (at /Users/bokken/build/output/unity/unity/Runtime/Export/Scripting/StackTrace.cs:35)
UnityEngine.Object:Destroy (UnityEngine.Object,single)
UnityEngine.Object:Destroy (UnityEngine.Object) (at /Users/bokken/build/output/unity/unity/Runtime/Export/Scripting/UnityEngineObject.bindings.cs:707)
VoxelEngine.Rendering.Runtime.Vegetation.ProceduralTreeRenderer:DestroyBatchObjects (VoxelEngine.Rendering.Runtime.Vegetation.ProceduralTreeRenderer/BatchPresentation) (at Assets/VoxelEngine/Rendering/Runtime/Vegetation/ProceduralTreeRenderer.cs:1079)
VoxelEngine.Rendering.Runtime.Vegetation.ProceduralTreeRenderer:ClearBatches () (at Assets/VoxelEngine/Rendering/Runtime/Vegetation/ProceduralTreeRenderer.cs:1092)
VoxelEngine.Rendering.Runtime.Vegetation.ProceduralTreeRenderer:ClearGenerated () (at Assets/VoxelEngine/Rendering/Runtime/Vegetation/ProceduralTreeRenderer.cs:1106)
VoxelEngine.Rendering.Runtime.Vegetation.ProceduralTreeRenderer:OnDestroy () (at Assets/VoxelEngine/Rendering/Runtime/Vegetation/ProceduralTreeRenderer.cs:1115)
UnityEditor.TestTools.TestRunner.CommandLineTest.Executer:ExitApplication (UnityEditor.TestTools.TestRunner.CommandLineTest.Executer/ReturnCodes,string) (at ./Library/PackageCache/com.unity.test-framework@1405238725ab/UnityEditor.TestRunner/CommandLineTest/Executer.cs:83)
UnityEditor.TestTools.TestRunner.CommandLineTest.Executer:ExitIfRunIsCompleted () (at ./Library/PackageCache/com.unity.test-framework@1405238725ab/UnityEditor.TestRunner/CommandLineTest/Executer.cs:74)
UnityEditor.EditorApplication:Internal_CallUpdateFunctions () (at /Users/bokken/build/output/unity/unity/Editor/Mono/EditorApplication.cs:403)

[Assets/VoxelEngine/Rendering/Runtime/Vegetation/ProceduralTreeRenderer.cs line 1079]

TreeBatch_2_9_LOD1: Destroy may not be called from edit mode! Use DestroyImmediate instead.
Destroying an object in edit mode destroys it permanently
UnityEngine.Debug:ExtractStackTraceNoAlloc (byte*,int,string)
UnityEngine.StackTraceUtility:ExtractStackTrace () (at /Users/bokken/build/output/unity/unity/Runtime/Export/Scripting/StackTrace.cs:35)
UnityEngine.Object:Destroy (UnityEngine.Object,single)
UnityEngine.Object:Destroy (UnityEngine.Object) (at /Users/bokken/build/output/unity/unity/Runtime/Export/Scripting/UnityEngineObject.bindings.cs:707)
VoxelEngine.Rendering.Runtime.Vegetation.ProceduralTreeRenderer:DestroyBatchObjects (VoxelEngine.Rendering.Runtime.Vegetation.ProceduralTreeRenderer/BatchPresentation) (at Assets/VoxelEngine/Rendering/Runtime/Vegetation/ProceduralTreeRenderer.cs:1079)
VoxelEngine.Rendering.Runtime.Vegetation.ProceduralTreeRenderer:ClearBatches () (at Assets/VoxelEngine/Rendering/Runtime/Vegetation/ProceduralTreeRenderer.cs:1092)
VoxelEngine.Rendering.Runtime.Vegetation.ProceduralTreeRenderer:ClearGenerated () (at Assets/VoxelEngine/Rendering/Runtime/Vegetation/ProceduralTreeRenderer.cs:1106)
VoxelEngine.Rendering.Runtime.Vegetation.ProceduralTreeRenderer:OnDestroy () (at Assets/VoxelEngine/Rendering/Runtime/Vegetation/ProceduralTreeRenderer.cs:1115)
UnityEditor.TestTools.TestRunner.CommandLineTest.Executer:ExitApplication (UnityEditor.TestTools.TestRunner.CommandLineTest.Executer/ReturnCodes,string) (at ./Library/PackageCache/com.unity.test-framework@1405238725ab/UnityEditor.TestRunner/CommandLineTest/Executer.cs:83)
UnityEditor.TestTools.TestRunner.CommandLineTest.Executer:ExitIfRunIsCompleted () (at ./Library/PackageCache/com.unity.test-framework@1405238725ab/UnityEditor.TestRunner/CommandLineTest/Executer.cs:74)
UnityEditor.EditorApplication:Internal_CallUpdateFunctions () (at /Users/bokken/build/output/unity/unity/Editor/Mono/EditorApplication.cs:403)

[Assets/VoxelEngine/Rendering/Runtime/Vegetation/ProceduralTreeRenderer.cs line 1079]

TreeBatch_2_9_LOD2: Destroy may not be called from edit mode! Use DestroyImmediate instead.
Destroying an object in edit mode destroys it permanently
UnityEngine.Debug:ExtractStackTraceNoAlloc (byte*,int,string)
UnityEngine.StackTraceUtility:ExtractStackTrace () (at /Users/bokken/build/output/unity/unity/Runtime/Export/Scripting/StackTrace.cs:35)
UnityEngine.Object:Destroy (UnityEngine.Object,single)
UnityEngine.Object:Destroy (UnityEngine.Object) (at /Users/bokken/build/output/unity/unity/Runtime/Export/Scripting/UnityEngineObject.bindings.cs:707)
VoxelEngine.Rendering.Runtime.Vegetation.ProceduralTreeRenderer:DestroyBatchObjects (VoxelEngine.Rendering.Runtime.Vegetation.ProceduralTreeRenderer/BatchPresentation) (at Assets/VoxelEngine/Rendering/Runtime/Vegetation/ProceduralTreeRenderer.cs:1079)
VoxelEngine.Rendering.Runtime.Vegetation.ProceduralTreeRenderer:ClearBatches () (at Assets/VoxelEngine/Rendering/Runtime/Vegetation/ProceduralTreeRenderer.cs:1092)
VoxelEngine.Rendering.Runtime.Vegetation.ProceduralTreeRenderer:ClearGenerated () (at Assets/VoxelEngine/Rendering/Runtime/Vegetation/ProceduralTreeRenderer.cs:1106)
VoxelEngine.Rendering.Runtime.Vegetation.ProceduralTreeRenderer:OnDestroy () (at Assets/VoxelEngine/Rendering/Runtime/Vegetation/ProceduralTreeRenderer.cs:1115)
UnityEditor.TestTools.TestRunner.CommandLineTest.Executer:ExitApplication (UnityEditor.TestTools.TestRunner.CommandLineTest.Executer/ReturnCodes,string) (at ./Library/PackageCache/com.unity.test-framework@1405238725ab/UnityEditor.TestRunner/CommandLineTest/Executer.cs:83)
UnityEditor.TestTools.TestRunner.CommandLineTest.Executer:ExitIfRunIsCompleted () (at ./Library/PackageCache/com.unity.test-framework@1405238725ab/UnityEditor.TestRunner/CommandLineTest/Executer.cs:74)
UnityEditor.EditorApplication:Internal_CallUpdateFunctions () (at /Users/bokken/build/output/unity/unity/Editor/Mono/EditorApplication.cs:403)

[Assets/VoxelEngine/Rendering/Runtime/Vegetation/ProceduralTreeRenderer.cs line 1079]

TreeBatch_2_9_LOD3: Destroy may not be called from edit mode! Use DestroyImmediate instead.
Destroying an object in edit mode destroys it permanently
UnityEngine.Debug:ExtractStackTraceNoAlloc (byte*,int,string)
UnityEngine.StackTraceUtility:ExtractStackTrace () (at /Users/bokken/build/output/unity/unity/Runtime/Export/Scripting/StackTrace.cs:35)
UnityEngine.Object:Destroy (UnityEngine.Object,single)
UnityEngine.Object:Destroy (UnityEngine.Object) (at /Users/bokken/build/output/unity/unity/Runtime/Export/Scripting/UnityEngineObject.bindings.cs:707)
VoxelEngine.Rendering.Runtime.Vegetation.ProceduralTreeRenderer:DestroyBatchObjects (VoxelEngine.Rendering.Runtime.Vegetation.ProceduralTreeRenderer/BatchPresentation) (at Assets/VoxelEngine/Rendering/Runtime/Vegetation/ProceduralTreeRenderer.cs:1081)
VoxelEngine.Rendering.Runtime.Vegetation.ProceduralTreeRenderer:ClearBatches () (at Assets/VoxelEngine/Rendering/Runtime/Vegetation/ProceduralTreeRenderer.cs:1092)
VoxelEngine.Rendering.Runtime.Vegetation.ProceduralTreeRenderer:ClearGenerated () (at Assets/VoxelEngine/Rendering/Runtime/Vegetation/ProceduralTreeRenderer.cs:1106)
VoxelEngine.Rendering.Runtime.Vegetation.ProceduralTreeRenderer:OnDestroy () (at Assets/VoxelEngine/Rendering/Runtime/Vegetation/ProceduralTreeRenderer.cs:1115)
UnityEditor.TestTools.TestRunner.CommandLineTest.Executer:ExitApplication (UnityEditor.TestTools.TestRunner.CommandLineTest.Executer/ReturnCodes,string) (at ./Library/PackageCache/com.unity.test-framework@1405238725ab/UnityEditor.TestRunner/CommandLineTest/Executer.cs:83)
UnityEditor.TestTools.TestRunner.CommandLineTest.Executer:ExitIfRunIsCompleted () (at ./Library/PackageCache/com.unity.test-framework@1405238725ab/UnityEditor.TestRunner/CommandLineTest/Executer.cs:74)
UnityEditor.EditorApplication:Internal_CallUpdateFunctions () (at /Users/bokken/build/output/unity/unity/Editor/Mono/EditorApplication.cs:403)

[Assets/VoxelEngine/Rendering/Runtime/Vegetation/ProceduralTreeRenderer.cs line 1081]

Tree Batch 2,9: Destroy may not be called from edit mode! Use DestroyImmediate instead.
Destroying an object in edit mode destroys it permanently
UnityEngine.Debug:ExtractStackTraceNoAlloc (byte*,int,string)
UnityEngine.StackTraceUtility:ExtractStackTrace () (at /Users/bokken/build/output/unity/unity/Runtime/Export/Scripting/StackTrace.cs:35)
UnityEngine.Object:Destroy (UnityEngine.Object,single)
UnityEngine.Object:Destroy (UnityEngine.Object) (at /Users/bokken/build/output/unity/unity/Runtime/Export/Scripting/UnityEngineObject.bindings.cs:707)
VoxelEngine.Rendering.Runtime.Vegetation.ProceduralTreeRenderer:DestroyBatchObjects (VoxelEngine.Rendering.Runtime.Vegetation.ProceduralTreeRenderer/BatchPresentation) (at Assets/VoxelEngine/Rendering/Runtime/Vegetation/ProceduralTreeRenderer.cs:1085)
VoxelEngine.Rendering.Runtime.Vegetation.ProceduralTreeRenderer:ClearBatches () (at Assets/VoxelEngine/Rendering/Runtime/Vegetation/ProceduralTreeRenderer.cs:1092)
VoxelEngine.Rendering.Runtime.Vegetation.ProceduralTreeRenderer:ClearGenerated () (at Assets/VoxelEngine/Rendering/Runtime/Vegetation/ProceduralTreeRenderer.cs:1106)
VoxelEngine.Rendering.Runtime.Vegetation.ProceduralTreeRenderer:OnDestroy () (at Assets/VoxelEngine/Rendering/Runtime/Vegetation/ProceduralTreeRenderer.cs:1115)
UnityEditor.TestTools.TestRunner.CommandLineTest.Executer:ExitApplication (UnityEditor.TestTools.TestRunner.CommandLineTest.Executer/ReturnCodes,string) (at ./Library/PackageCache/com.unity.test-framework@1405238725ab/UnityEditor.TestRunner/CommandLineTest/Executer.cs:83)
UnityEditor.TestTools.TestRunner.CommandLineTest.Executer:ExitIfRunIsCompleted () (at ./Library/PackageCache/com.unity.test-framework@1405238725ab/UnityEditor.TestRunner/CommandLineTest/Executer.cs:74)
UnityEditor.EditorApplication:Internal_CallUpdateFunctions () (at /Users/bokken/build/output/unity/unity/Editor/Mono/EditorApplication.cs:403)

[Assets/VoxelEngine/Rendering/Runtime/Vegetation/ProceduralTreeRenderer.cs line 1085]

TreeBatch_3_9_LOD0: Destroy may not be called from edit mode! Use DestroyImmediate instead.
Destroying an object in edit mode destroys it permanently
UnityEngine.Debug:ExtractStackTraceNoAlloc (byte*,int,string)
UnityEngine.StackTraceUtility:ExtractStackTrace () (at /Users/bokken/build/output/unity/unity/Runtime/Export/Scripting/StackTrace.cs:35)
UnityEngine.Object:Destroy (UnityEngine.Object,single)
UnityEngine.Object:Destroy (UnityEngine.Object) (at /Users/bokken/build/output/unity/unity/Runtime/Export/Scripting/UnityEngineObject.bindings.cs:707)
VoxelEngine.Rendering.Runtime.Vegetation.ProceduralTreeRenderer:DestroyBatchObjects (VoxelEngine.Rendering.Runtime.Vegetation.ProceduralTreeRenderer/BatchPresentation) (at Assets/VoxelEngine/Rendering/Runtime/Vegetation/ProceduralTreeRenderer.cs:1079)
VoxelEngine.Rendering.Runtime.Vegetation.ProceduralTreeRenderer:ClearBatches () (at Assets/VoxelEngine/Rendering/Runtime/Vegetation/ProceduralTreeRenderer.cs:1092)
VoxelEngine.Rendering.Runtime.Vegetation.ProceduralTreeRenderer:ClearGenerated () (at Assets/VoxelEngine/Rendering/Runtime/Vegetation/ProceduralTreeRenderer.cs:1106)
VoxelEngine.Rendering.Runtime.Vegetation.ProceduralTreeRenderer:OnDestroy () (at Assets/VoxelEngine/Rendering/Runtime/Vegetation/ProceduralTreeRenderer.cs:1115)
UnityEditor.TestTools.TestRunner.CommandLineTest.Executer:ExitApplication (UnityEditor.TestTools.TestRunner.CommandLineTest.Executer/ReturnCodes,string) (at ./Library/PackageCache/com.unity.test-framework@1405238725ab/UnityEditor.TestRunner/CommandLineTest/Executer.cs:83)
UnityEditor.TestTools.TestRunner.CommandLineTest.Executer:ExitIfRunIsCompleted () (at ./Library/PackageCache/com.unity.test-framework@1405238725ab/UnityEditor.TestRunner/CommandLineTest/Executer.cs:74)
UnityEditor.EditorApplication:Internal_CallUpdateFunctions () (at /Users/bokken/build/output/unity/unity/Editor/Mono/EditorApplication.cs:403)

[Assets/VoxelEngine/Rendering/Runtime/Vegetation/ProceduralTreeRenderer.cs line 1079]

TreeBatch_3_9_LOD1: Destroy may not be called from edit mode! Use DestroyImmediate instead.
Destroying an object in edit mode destroys it permanently
UnityEngine.Debug:ExtractStackTraceNoAlloc (byte*,int,string)
UnityEngine.StackTraceUtility:ExtractStackTrace () (at /Users/bokken/build/output/unity/unity/Runtime/Export/Scripting/StackTrace.cs:35)
UnityEngine.Object:Destroy (UnityEngine.Object,single)
UnityEngine.Object:Destroy (UnityEngine.Object) (at /Users/bokken/build/output/unity/unity/Runtime/Export/Scripting/UnityEngineObject.bindings.cs:707)
VoxelEngine.Rendering.Runtime.Vegetation.ProceduralTreeRenderer:DestroyBatchObjects (VoxelEngine.Rendering.Runtime.Vegetation.ProceduralTreeRenderer/BatchPresentation) (at Assets/VoxelEngine/Rendering/Runtime/Vegetation/ProceduralTreeRenderer.cs:1079)
VoxelEngine.Rendering.Runtime.Vegetation.ProceduralTreeRenderer:ClearBatches () (at Assets/VoxelEngine/Rendering/Runtime/Vegetation/ProceduralTreeRenderer.cs:1092)
VoxelEngine.Rendering.Runtime.Vegetation.ProceduralTreeRenderer:ClearGenerated () (at Assets/VoxelEngine/Rendering/Runtime/Vegetation/ProceduralTreeRenderer.cs:1106)
VoxelEngine.Rendering.Runtime.Vegetation.ProceduralTreeRenderer:OnDestroy () (at Assets/VoxelEngine/Rendering/Runtime/Vegetation/ProceduralTreeRenderer.cs:1115)
UnityEditor.TestTools.TestRunner.CommandLineTest.Executer:ExitApplication (UnityEditor.TestTools.TestRunner.CommandLineTest.Executer/ReturnCodes,string) (at ./Library/PackageCache/com.unity.test-framework@1405238725ab/UnityEditor.TestRunner/CommandLineTest/Executer.cs:83)
UnityEditor.TestTools.TestRunner.CommandLineTest.Executer:ExitIfRunIsCompleted () (at ./Library/PackageCache/com.unity.test-framework@1405238725ab/UnityEditor.TestRunner/CommandLineTest/Executer.cs:74)
UnityEditor.EditorApplication:Internal_CallUpdateFunctions () (at /Users/bokken/build/output/unity/unity/Editor/Mono/EditorApplication.cs:403)

[Assets/VoxelEngine/Rendering/Runtime/Vegetation/ProceduralTreeRenderer.cs line 1079]

TreeBatch_3_9_LOD2: Destroy may not be called from edit mode! Use DestroyImmediate instead.
Destroying an object in edit mode destroys it permanently
UnityEngine.Debug:ExtractStackTraceNoAlloc (byte*,int,string)
UnityEngine.StackTraceUtility:ExtractStackTrace () (at /Users/bokken/build/output/unity/unity/Runtime/Export/Scripting/StackTrace.cs:35)
UnityEngine.Object:Destroy (UnityEngine.Object,single)
UnityEngine.Object:Destroy (UnityEngine.Object) (at /Users/bokken/build/output/unity/unity/Runtime/Export/Scripting/UnityEngineObject.bindings.cs:707)
VoxelEngine.Rendering.Runtime.Vegetation.ProceduralTreeRenderer:DestroyBatchObjects (VoxelEngine.Rendering.Runtime.Vegetation.ProceduralTreeRenderer/BatchPresentation) (at Assets/VoxelEngine/Rendering/Runtime/Vegetation/ProceduralTreeRenderer.cs:1079)
VoxelEngine.Rendering.Runtime.Vegetation.ProceduralTreeRenderer:ClearBatches () (at Assets/VoxelEngine/Rendering/Runtime/Vegetation/ProceduralTreeRenderer.cs:1092)
VoxelEngine.Rendering.Runtime.Vegetation.ProceduralTreeRenderer:ClearGenerated () (at Assets/VoxelEngine/Rendering/Runtime/Vegetation/ProceduralTreeRenderer.cs:1106)
VoxelEngine.Rendering.Runtime.Vegetation.ProceduralTreeRenderer:OnDestroy () (at Assets/VoxelEngine/Rendering/Runtime/Vegetation/ProceduralTreeRenderer.cs:1115)
UnityEditor.TestTools.TestRunner.CommandLineTest.Executer:ExitApplication (UnityEditor.TestTools.TestRunner.CommandLineTest.Executer/ReturnCodes,string) (at ./Library/PackageCache/com.unity.test-framework@1405238725ab/UnityEditor.TestRunner/CommandLineTest/Executer.cs:83)
UnityEditor.TestTools.TestRunner.CommandLineTest.Executer:ExitIfRunIsCompleted () (at ./Library/PackageCache/com.unity.test-framework@1405238725ab/UnityEditor.TestRunner/CommandLineTest/Executer.cs:74)
UnityEditor.EditorApplication:Internal_CallUpdateFunctions () (at /Users/bokken/build/output/unity/unity/Editor/Mono/EditorApplication.cs:403)

[Assets/VoxelEngine/Rendering/Runtime/Vegetation/ProceduralTreeRenderer.cs line 1079]

TreeBatch_3_9_LOD3: Destroy may not be called from edit mode! Use DestroyImmediate instead.
Destroying an object in edit mode destroys it permanently
UnityEngine.Debug:ExtractStackTraceNoAlloc (byte*,int,string)
UnityEngine.StackTraceUtility:ExtractStackTrace () (at /Users/bokken/build/output/unity/unity/Runtime/Export/Scripting/StackTrace.cs:35)
UnityEngine.Object:Destroy (UnityEngine.Object,single)
UnityEngine.Object:Destroy (UnityEngine.Object) (at /Users/bokken/build/output/unity/unity/Runtime/Export/Scripting/UnityEngineObject.bindings.cs:707)
VoxelEngine.Rendering.Runtime.Vegetation.ProceduralTreeRenderer:DestroyBatchObjects (VoxelEngine.Rendering.Runtime.Vegetation.ProceduralTreeRenderer/BatchPresentation) (at Assets/VoxelEngine/Rendering/Runtime/Vegetation/ProceduralTreeRenderer.cs:1081)
VoxelEngine.Rendering.Runtime.Vegetation.ProceduralTreeRenderer:ClearBatches () (at Assets/VoxelEngine/Rendering/Runtime/Vegetation/ProceduralTreeRenderer.cs:1092)
VoxelEngine.Rendering.Runtime.Vegetation.ProceduralTreeRenderer:ClearGenerated () (at Assets/VoxelEngine/Rendering/Runtime/Vegetation/ProceduralTreeRenderer.cs:1106)
VoxelEngine.Rendering.Runtime.Vegetation.ProceduralTreeRenderer:OnDestroy () (at Assets/VoxelEngine/Rendering/Runtime/Vegetation/ProceduralTreeRenderer.cs:1115)
UnityEditor.TestTools.TestRunner.CommandLineTest.Executer:ExitApplication (UnityEditor.TestTools.TestRunner.CommandLineTest.Executer/ReturnCodes,string) (at ./Library/PackageCache/com.unity.test-framework@1405238725ab/UnityEditor.TestRunner/CommandLineTest/Executer.cs:83)
UnityEditor.TestTools.TestRunner.CommandLineTest.Executer:ExitIfRunIsCompleted () (at ./Library/PackageCache/com.unity.test-framework@1405238725ab/UnityEditor.TestRunner/CommandLineTest/Executer.cs:74)
UnityEditor.EditorApplication:Internal_CallUpdateFunctions () (at /Users/bokken/build/output/unity/unity/Editor/Mono/EditorApplication.cs:403)

[Assets/VoxelEngine/Rendering/Runtime/Vegetation/ProceduralTreeRenderer.cs line 1081]

Tree Batch 3,9: Destroy may not be called from edit mode! Use DestroyImmediate instead.
Destroying an object in edit mode destroys it permanently
UnityEngine.Debug:ExtractStackTraceNoAlloc (byte*,int,string)
UnityEngine.StackTraceUtility:ExtractStackTrace () (at /Users/bokken/build/output/unity/unity/Runtime/Export/Scripting/StackTrace.cs:35)
UnityEngine.Object:Destroy (UnityEngine.Object,single)
UnityEngine.Object:Destroy (UnityEngine.Object) (at /Users/bokken/build/output/unity/unity/Runtime/Export/Scripting/UnityEngineObject.bindings.cs:707)
VoxelEngine.Rendering.Runtime.Vegetation.ProceduralTreeRenderer:DestroyBatchObjects (VoxelEngine.Rendering.Runtime.Vegetation.ProceduralTreeRenderer/BatchPresentation) (at Assets/VoxelEngine/Rendering/Runtime/Vegetation/ProceduralTreeRenderer.cs:1085)
VoxelEngine.Rendering.Runtime.Vegetation.ProceduralTreeRenderer:ClearBatches () (at Assets/VoxelEngine/Rendering/Runtime/Vegetation/ProceduralTreeRenderer.cs:1092)
VoxelEngine.Rendering.Runtime.Vegetation.ProceduralTreeRenderer:ClearGenerated () (at Assets/VoxelEngine/Rendering/Runtime/Vegetation/ProceduralTreeRenderer.cs:1106)
VoxelEngine.Rendering.Runtime.Vegetation.ProceduralTreeRenderer:OnDestroy () (at Assets/VoxelEngine/Rendering/Runtime/Vegetation/ProceduralTreeRenderer.cs:1115)
UnityEditor.TestTools.TestRunner.CommandLineTest.Executer:ExitApplication (UnityEditor.TestTools.TestRunner.CommandLineTest.Executer/ReturnCodes,string) (at ./Library/PackageCache/com.unity.test-framework@1405238725ab/UnityEditor.TestRunner/CommandLineTest/Executer.cs:83)
UnityEditor.TestTools.TestRunner.CommandLineTest.Executer:ExitIfRunIsCompleted () (at ./Library/PackageCache/com.unity.test-framework@1405238725ab/UnityEditor.TestRunner/CommandLineTest/Executer.cs:74)
UnityEditor.EditorApplication:Internal_CallUpdateFunctions () (at /Users/bokken/build/output/unity/unity/Editor/Mono/EditorApplication.cs:403)

[Assets/VoxelEngine/Rendering/Runtime/Vegetation/ProceduralTreeRenderer.cs line 1085]

TreeBatch_4_9_LOD0: Destroy may not be called from edit mode! Use DestroyImmediate instead.
Destroying an object in edit mode destroys it permanently
UnityEngine.Debug:ExtractStackTraceNoAlloc (byte*,int,string)
UnityEngine.StackTraceUtility:ExtractStackTrace () (at /Users/bokken/build/output/unity/unity/Runtime/Export/Scripting/StackTrace.cs:35)
UnityEngine.Object:Destroy (UnityEngine.Object,single)
UnityEngine.Object:Destroy (UnityEngine.Object) (at /Users/bokken/build/output/unity/unity/Runtime/Export/Scripting/UnityEngineObject.bindings.cs:707)
VoxelEngine.Rendering.Runtime.Vegetation.ProceduralTreeRenderer:DestroyBatchObjects (VoxelEngine.Rendering.Runtime.Vegetation.ProceduralTreeRenderer/BatchPresentation) (at Assets/VoxelEngine/Rendering/Runtime/Vegetation/ProceduralTreeRenderer.cs:1079)
VoxelEngine.Rendering.Runtime.Vegetation.ProceduralTreeRenderer:ClearBatches () (at Assets/VoxelEngine/Rendering/Runtime/Vegetation/ProceduralTreeRenderer.cs:1092)
VoxelEngine.Rendering.Runtime.Vegetation.ProceduralTreeRenderer:ClearGenerated () (at Assets/VoxelEngine/Rendering/Runtime/Vegetation/ProceduralTreeRenderer.cs:1106)
VoxelEngine.Rendering.Runtime.Vegetation.ProceduralTreeRenderer:OnDestroy () (at Assets/VoxelEngine/Rendering/Runtime/Vegetation/ProceduralTreeRenderer.cs:1115)
UnityEditor.TestTools.TestRunner.CommandLineTest.Executer:ExitApplication (UnityEditor.TestTools.TestRunner.CommandLineTest.Executer/ReturnCodes,string) (at ./Library/PackageCache/com.unity.test-framework@1405238725ab/UnityEditor.TestRunner/CommandLineTest/Executer.cs:83)
UnityEditor.TestTools.TestRunner.CommandLineTest.Executer:ExitIfRunIsCompleted () (at ./Library/PackageCache/com.unity.test-framework@1405238725ab/UnityEditor.TestRunner/CommandLineTest/Executer.cs:74)
UnityEditor.EditorApplication:Internal_CallUpdateFunctions () (at /Users/bokken/build/output/unity/unity/Editor/Mono/EditorApplication.cs:403)

[Assets/VoxelEngine/Rendering/Runtime/Vegetation/ProceduralTreeRenderer.cs line 1079]

TreeBatch_4_9_LOD1: Destroy may not be called from edit mode! Use DestroyImmediate instead.
Destroying an object in edit mode destroys it permanently
UnityEngine.Debug:ExtractStackTraceNoAlloc (byte*,int,string)
UnityEngine.StackTraceUtility:ExtractStackTrace () (at /Users/bokken/build/output/unity/unity/Runtime/Export/Scripting/StackTrace.cs:35)
UnityEngine.Object:Destroy (UnityEngine.Object,single)
UnityEngine.Object:Destroy (UnityEngine.Object) (at /Users/bokken/build/output/unity/unity/Runtime/Export/Scripting/UnityEngineObject.bindings.cs:707)
VoxelEngine.Rendering.Runtime.Vegetation.ProceduralTreeRenderer:DestroyBatchObjects (VoxelEngine.Rendering.Runtime.Vegetation.ProceduralTreeRenderer/BatchPresentation) (at Assets/VoxelEngine/Rendering/Runtime/Vegetation/ProceduralTreeRenderer.cs:1079)
VoxelEngine.Rendering.Runtime.Vegetation.ProceduralTreeRenderer:ClearBatches () (at Assets/VoxelEngine/Rendering/Runtime/Vegetation/ProceduralTreeRenderer.cs:1092)
VoxelEngine.Rendering.Runtime.Vegetation.ProceduralTreeRenderer:ClearGenerated () (at Assets/VoxelEngine/Rendering/Runtime/Vegetation/ProceduralTreeRenderer.cs:1106)
VoxelEngine.Rendering.Runtime.Vegetation.ProceduralTreeRenderer:OnDestroy () (at Assets/VoxelEngine/Rendering/Runtime/Vegetation/ProceduralTreeRenderer.cs:1115)
UnityEditor.TestTools.TestRunner.CommandLineTest.Executer:ExitApplication (UnityEditor.TestTools.TestRunner.CommandLineTest.Executer/ReturnCodes,string) (at ./Library/PackageCache/com.unity.test-framework@1405238725ab/UnityEditor.TestRunner/CommandLineTest/Executer.cs:83)
UnityEditor.TestTools.TestRunner.CommandLineTest.Executer:ExitIfRunIsCompleted () (at ./Library/PackageCache/com.unity.test-framework@1405238725ab/UnityEditor.TestRunner/CommandLineTest/Executer.cs:74)
UnityEditor.EditorApplication:Internal_CallUpdateFunctions () (at /Users/bokken/build/output/unity/unity/Editor/Mono/EditorApplication.cs:403)

[Assets/VoxelEngine/Rendering/Runtime/Vegetation/ProceduralTreeRenderer.cs line 1079]

TreeBatch_4_9_LOD2: Destroy may not be called from edit mode! Use DestroyImmediate instead.
Destroying an object in edit mode destroys it permanently
UnityEngine.Debug:ExtractStackTraceNoAlloc (byte*,int,string)
UnityEngine.StackTraceUtility:ExtractStackTrace () (at /Users/bokken/build/output/unity/unity/Runtime/Export/Scripting/StackTrace.cs:35)
UnityEngine.Object:Destroy (UnityEngine.Object,single)
UnityEngine.Object:Destroy (UnityEngine.Object) (at /Users/bokken/build/output/unity/unity/Runtime/Export/Scripting/UnityEngineObject.bindings.cs:707)
VoxelEngine.Rendering.Runtime.Vegetation.ProceduralTreeRenderer:DestroyBatchObjects (VoxelEngine.Rendering.Runtime.Vegetation.ProceduralTreeRenderer/BatchPresentation) (at Assets/VoxelEngine/Rendering/Runtime/Vegetation/ProceduralTreeRenderer.cs:1079)
VoxelEngine.Rendering.Runtime.Vegetation.ProceduralTreeRenderer:ClearBatches () (at Assets/VoxelEngine/Rendering/Runtime/Vegetation/ProceduralTreeRenderer.cs:1092)
VoxelEngine.Rendering.Runtime.Vegetation.ProceduralTreeRenderer:ClearGenerated () (at Assets/VoxelEngine/Rendering/Runtime/Vegetation/ProceduralTreeRenderer.cs:1106)
VoxelEngine.Rendering.Runtime.Vegetation.ProceduralTreeRenderer:OnDestroy () (at Assets/VoxelEngine/Rendering/Runtime/Vegetation/ProceduralTreeRenderer.cs:1115)
UnityEditor.TestTools.TestRunner.CommandLineTest.Executer:ExitApplication (UnityEditor.TestTools.TestRunner.CommandLineTest.Executer/ReturnCodes,string) (at ./Library/PackageCache/com.unity.test-framework@1405238725ab/UnityEditor.TestRunner/CommandLineTest/Executer.cs:83)
UnityEditor.TestTools.TestRunner.CommandLineTest.Executer:ExitIfRunIsCompleted () (at ./Library/PackageCache/com.unity.test-framework@1405238725ab/UnityEditor.TestRunner/CommandLineTest/Executer.cs:74)
UnityEditor.EditorApplication:Internal_CallUpdateFunctions () (at /Users/bokken/build/output/unity/unity/Editor/Mono/EditorApplication.cs:403)

[Assets/VoxelEngine/Rendering/Runtime/Vegetation/ProceduralTreeRenderer.cs line 1079]

TreeBatch_4_9_LOD3: Destroy may not be called from edit mode! Use DestroyImmediate instead.
Destroying an object in edit mode destroys it permanently
UnityEngine.Debug:ExtractStackTraceNoAlloc (byte*,int,string)
UnityEngine.StackTraceUtility:ExtractStackTrace () (at /Users/bokken/build/output/unity/unity/Runtime/Export/Scripting/StackTrace.cs:35)
UnityEngine.Object:Destroy (UnityEngine.Object,single)
UnityEngine.Object:Destroy (UnityEngine.Object) (at /Users/bokken/build/output/unity/unity/Runtime/Export/Scripting/UnityEngineObject.bindings.cs:707)
VoxelEngine.Rendering.Runtime.Vegetation.ProceduralTreeRenderer:DestroyBatchObjects (VoxelEngine.Rendering.Runtime.Vegetation.ProceduralTreeRenderer/BatchPresentation) (at Assets/VoxelEngine/Rendering/Runtime/Vegetation/ProceduralTreeRenderer.cs:1081)
VoxelEngine.Rendering.Runtime.Vegetation.ProceduralTreeRenderer:ClearBatches () (at Assets/VoxelEngine/Rendering/Runtime/Vegetation/ProceduralTreeRenderer.cs:1092)
VoxelEngine.Rendering.Runtime.Vegetation.ProceduralTreeRenderer:ClearGenerated () (at Assets/VoxelEngine/Rendering/Runtime/Vegetation/ProceduralTreeRenderer.cs:1106)
VoxelEngine.Rendering.Runtime.Vegetation.ProceduralTreeRenderer:OnDestroy () (at Assets/VoxelEngine/Rendering/Runtime/Vegetation/ProceduralTreeRenderer.cs:1115)
UnityEditor.TestTools.TestRunner.CommandLineTest.Executer:ExitApplication (UnityEditor.TestTools.TestRunner.CommandLineTest.Executer/ReturnCodes,string) (at ./Library/PackageCache/com.unity.test-framework@1405238725ab/UnityEditor.TestRunner/CommandLineTest/Executer.cs:83)
UnityEditor.TestTools.TestRunner.CommandLineTest.Executer:ExitIfRunIsCompleted () (at ./Library/PackageCache/com.unity.test-framework@1405238725ab/UnityEditor.TestRunner/CommandLineTest/Executer.cs:74)
UnityEditor.EditorApplication:Internal_CallUpdateFunctions () (at /Users/bokken/build/output/unity/unity/Editor/Mono/EditorApplication.cs:403)

[Assets/VoxelEngine/Rendering/Runtime/Vegetation/ProceduralTreeRenderer.cs line 1081]

Tree Batch 4,9: Destroy may not be called from edit mode! Use DestroyImmediate instead.
Destroying an object in edit mode destroys it permanently
UnityEngine.Debug:ExtractStackTraceNoAlloc (byte*,int,string)
UnityEngine.StackTraceUtility:ExtractStackTrace () (at /Users/bokken/build/output/unity/unity/Runtime/Export/Scripting/StackTrace.cs:35)
UnityEngine.Object:Destroy (UnityEngine.Object,single)
UnityEngine.Object:Destroy (UnityEngine.Object) (at /Users/bokken/build/output/unity/unity/Runtime/Export/Scripting/UnityEngineObject.bindings.cs:707)
VoxelEngine.Rendering.Runtime.Vegetation.ProceduralTreeRenderer:DestroyBatchObjects (VoxelEngine.Rendering.Runtime.Vegetation.ProceduralTreeRenderer/BatchPresentation) (at Assets/VoxelEngine/Rendering/Runtime/Vegetation/ProceduralTreeRenderer.cs:1085)
VoxelEngine.Rendering.Runtime.Vegetation.ProceduralTreeRenderer:ClearBatches () (at Assets/VoxelEngine/Rendering/Runtime/Vegetation/ProceduralTreeRenderer.cs:1092)
VoxelEngine.Rendering.Runtime.Vegetation.ProceduralTreeRenderer:ClearGenerated () (at Assets/VoxelEngine/Rendering/Runtime/Vegetation/ProceduralTreeRenderer.cs:1106)
VoxelEngine.Rendering.Runtime.Vegetation.ProceduralTreeRenderer:OnDestroy () (at Assets/VoxelEngine/Rendering/Runtime/Vegetation/ProceduralTreeRenderer.cs:1115)
UnityEditor.TestTools.TestRunner.CommandLineTest.Executer:ExitApplication (UnityEditor.TestTools.TestRunner.CommandLineTest.Executer/ReturnCodes,string) (at ./Library/PackageCache/com.unity.test-framework@1405238725ab/UnityEditor.TestRunner/CommandLineTest/Executer.cs:83)
UnityEditor.TestTools.TestRunner.CommandLineTest.Executer:ExitIfRunIsCompleted () (at ./Library/PackageCache/com.unity.test-framework@1405238725ab/UnityEditor.TestRunner/CommandLineTest/Executer.cs:74)
UnityEditor.EditorApplication:Internal_CallUpdateFunctions () (at /Users/bokken/build/output/unity/unity/Editor/Mono/EditorApplication.cs:403)

[Assets/VoxelEngine/Rendering/Runtime/Vegetation/ProceduralTreeRenderer.cs line 1085]

TreeBatch_5_9_LOD0: Destroy may not be called from edit mode! Use DestroyImmediate instead.
Destroying an object in edit mode destroys it permanently
UnityEngine.Debug:ExtractStackTraceNoAlloc (byte*,int,string)
UnityEngine.StackTraceUtility:ExtractStackTrace () (at /Users/bokken/build/output/unity/unity/Runtime/Export/Scripting/StackTrace.cs:35)
UnityEngine.Object:Destroy (UnityEngine.Object,single)
UnityEngine.Object:Destroy (UnityEngine.Object) (at /Users/bokken/build/output/unity/unity/Runtime/Export/Scripting/UnityEngineObject.bindings.cs:707)
VoxelEngine.Rendering.Runtime.Vegetation.ProceduralTreeRenderer:DestroyBatchObjects (VoxelEngine.Rendering.Runtime.Vegetation.ProceduralTreeRenderer/BatchPresentation) (at Assets/VoxelEngine/Rendering/Runtime/Vegetation/ProceduralTreeRenderer.cs:1079)
VoxelEngine.Rendering.Runtime.Vegetation.ProceduralTreeRenderer:ClearBatches () (at Assets/VoxelEngine/Rendering/Runtime/Vegetation/ProceduralTreeRenderer.cs:1092)
VoxelEngine.Rendering.Runtime.Vegetation.ProceduralTreeRenderer:ClearGenerated () (at Assets/VoxelEngine/Rendering/Runtime/Vegetation/ProceduralTreeRenderer.cs:1106)
VoxelEngine.Rendering.Runtime.Vegetation.ProceduralTreeRenderer:OnDestroy () (at Assets/VoxelEngine/Rendering/Runtime/Vegetation/ProceduralTreeRenderer.cs:1115)
UnityEditor.TestTools.TestRunner.CommandLineTest.Executer:ExitApplication (UnityEditor.TestTools.TestRunner.CommandLineTest.Executer/ReturnCodes,string) (at ./Library/PackageCache/com.unity.test-framework@1405238725ab/UnityEditor.TestRunner/CommandLineTest/Executer.cs:83)
UnityEditor.TestTools.TestRunner.CommandLineTest.Executer:ExitIfRunIsCompleted () (at ./Library/PackageCache/com.unity.test-framework@1405238725ab/UnityEditor.TestRunner/CommandLineTest/Executer.cs:74)
UnityEditor.EditorApplication:Internal_CallUpdateFunctions () (at /Users/bokken/build/output/unity/unity/Editor/Mono/EditorApplication.cs:403)

[Assets/VoxelEngine/Rendering/Runtime/Vegetation/ProceduralTreeRenderer.cs line 1079]

TreeBatch_5_9_LOD1: Destroy may not be called from edit mode! Use DestroyImmediate instead.
Destroying an object in edit mode destroys it permanently
UnityEngine.Debug:ExtractStackTraceNoAlloc (byte*,int,string)
UnityEngine.StackTraceUtility:ExtractStackTrace () (at /Users/bokken/build/output/unity/unity/Runtime/Export/Scripting/StackTrace.cs:35)
UnityEngine.Object:Destroy (UnityEngine.Object,single)
UnityEngine.Object:Destroy (UnityEngine.Object) (at /Users/bokken/build/output/unity/unity/Runtime/Export/Scripting/UnityEngineObject.bindings.cs:707)
VoxelEngine.Rendering.Runtime.Vegetation.ProceduralTreeRenderer:DestroyBatchObjects (VoxelEngine.Rendering.Runtime.Vegetation.ProceduralTreeRenderer/BatchPresentation) (at Assets/VoxelEngine/Rendering/Runtime/Vegetation/ProceduralTreeRenderer.cs:1079)
VoxelEngine.Rendering.Runtime.Vegetation.ProceduralTreeRenderer:ClearBatches () (at Assets/VoxelEngine/Rendering/Runtime/Vegetation/ProceduralTreeRenderer.cs:1092)
VoxelEngine.Rendering.Runtime.Vegetation.ProceduralTreeRenderer:ClearGenerated () (at Assets/VoxelEngine/Rendering/Runtime/Vegetation/ProceduralTreeRenderer.cs:1106)
VoxelEngine.Rendering.Runtime.Vegetation.ProceduralTreeRenderer:OnDestroy () (at Assets/VoxelEngine/Rendering/Runtime/Vegetation/ProceduralTreeRenderer.cs:1115)
UnityEditor.TestTools.TestRunner.CommandLineTest.Executer:ExitApplication (UnityEditor.TestTools.TestRunner.CommandLineTest.Executer/ReturnCodes,string) (at ./Library/PackageCache/com.unity.test-framework@1405238725ab/UnityEditor.TestRunner/CommandLineTest/Executer.cs:83)
UnityEditor.TestTools.TestRunner.CommandLineTest.Executer:ExitIfRunIsCompleted () (at ./Library/PackageCache/com.unity.test-framework@1405238725ab/UnityEditor.TestRunner/CommandLineTest/Executer.cs:74)
UnityEditor.EditorApplication:Internal_CallUpdateFunctions () (at /Users/bokken/build/output/unity/unity/Editor/Mono/EditorApplication.cs:403)

[Assets/VoxelEngine/Rendering/Runtime/Vegetation/ProceduralTreeRenderer.cs line 1079]

TreeBatch_5_9_LOD2: Destroy may not be called from edit mode! Use DestroyImmediate instead.
Destroying an object in edit mode destroys it permanently
UnityEngine.Debug:ExtractStackTraceNoAlloc (byte*,int,string)
UnityEngine.StackTraceUtility:ExtractStackTrace () (at /Users/bokken/build/output/unity/unity/Runtime/Export/Scripting/StackTrace.cs:35)
UnityEngine.Object:Destroy (UnityEngine.Object,single)
UnityEngine.Object:Destroy (UnityEngine.Object) (at /Users/bokken/build/output/unity/unity/Runtime/Export/Scripting/UnityEngineObject.bindings.cs:707)
VoxelEngine.Rendering.Runtime.Vegetation.ProceduralTreeRenderer:DestroyBatchObjects (VoxelEngine.Rendering.Runtime.Vegetation.ProceduralTreeRenderer/BatchPresentation) (at Assets/VoxelEngine/Rendering/Runtime/Vegetation/ProceduralTreeRenderer.cs:1079)
VoxelEngine.Rendering.Runtime.Vegetation.ProceduralTreeRenderer:ClearBatches () (at Assets/VoxelEngine/Rendering/Runtime/Vegetation/ProceduralTreeRenderer.cs:1092)
VoxelEngine.Rendering.Runtime.Vegetation.ProceduralTreeRenderer:ClearGenerated () (at Assets/VoxelEngine/Rendering/Runtime/Vegetation/ProceduralTreeRenderer.cs:1106)
VoxelEngine.Rendering.Runtime.Vegetation.ProceduralTreeRenderer:OnDestroy () (at Assets/VoxelEngine/Rendering/Runtime/Vegetation/ProceduralTreeRenderer.cs:1115)
UnityEditor.TestTools.TestRunner.CommandLineTest.Executer:ExitApplication (UnityEditor.TestTools.TestRunner.CommandLineTest.Executer/ReturnCodes,string) (at ./Library/PackageCache/com.unity.test-framework@1405238725ab/UnityEditor.TestRunner/CommandLineTest/Executer.cs:83)
UnityEditor.TestTools.TestRunner.CommandLineTest.Executer:ExitIfRunIsCompleted () (at ./Library/PackageCache/com.unity.test-framework@1405238725ab/UnityEditor.TestRunner/CommandLineTest/Executer.cs:74)
UnityEditor.EditorApplication:Internal_CallUpdateFunctions () (at /Users/bokken/build/output/unity/unity/Editor/Mono/EditorApplication.cs:403)

[Assets/VoxelEngine/Rendering/Runtime/Vegetation/ProceduralTreeRenderer.cs line 1079]

TreeBatch_5_9_LOD3: Destroy may not be called from edit mode! Use DestroyImmediate instead.
Destroying an object in edit mode destroys it permanently
UnityEngine.Debug:ExtractStackTraceNoAlloc (byte*,int,string)
UnityEngine.StackTraceUtility:ExtractStackTrace () (at /Users/bokken/build/output/unity/unity/Runtime/Export/Scripting/StackTrace.cs:35)
UnityEngine.Object:Destroy (UnityEngine.Object,single)
UnityEngine.Object:Destroy (UnityEngine.Object) (at /Users/bokken/build/output/unity/unity/Runtime/Export/Scripting/UnityEngineObject.bindings.cs:707)
VoxelEngine.Rendering.Runtime.Vegetation.ProceduralTreeRenderer:DestroyBatchObjects (VoxelEngine.Rendering.Runtime.Vegetation.ProceduralTreeRenderer/BatchPresentation) (at Assets/VoxelEngine/Rendering/Runtime/Vegetation/ProceduralTreeRenderer.cs:1081)
VoxelEngine.Rendering.Runtime.Vegetation.ProceduralTreeRenderer:ClearBatches () (at Assets/VoxelEngine/Rendering/Runtime/Vegetation/ProceduralTreeRenderer.cs:1092)
VoxelEngine.Rendering.Runtime.Vegetation.ProceduralTreeRenderer:ClearGenerated () (at Assets/VoxelEngine/Rendering/Runtime/Vegetation/ProceduralTreeRenderer.cs:1106)
VoxelEngine.Rendering.Runtime.Vegetation.ProceduralTreeRenderer:OnDestroy () (at Assets/VoxelEngine/Rendering/Runtime/Vegetation/ProceduralTreeRenderer.cs:1115)
UnityEditor.TestTools.TestRunner.CommandLineTest.Executer:ExitApplication (UnityEditor.TestTools.TestRunner.CommandLineTest.Executer/ReturnCodes,string) (at ./Library/PackageCache/com.unity.test-framework@1405238725ab/UnityEditor.TestRunner/CommandLineTest/Executer.cs:83)
UnityEditor.TestTools.TestRunner.CommandLineTest.Executer:ExitIfRunIsCompleted () (at ./Library/PackageCache/com.unity.test-framework@1405238725ab/UnityEditor.TestRunner/CommandLineTest/Executer.cs:74)
UnityEditor.EditorApplication:Internal_CallUpdateFunctions () (at /Users/bokken/build/output/unity/unity/Editor/Mono/EditorApplication.cs:403)

[Assets/VoxelEngine/Rendering/Runtime/Vegetation/ProceduralTreeRenderer.cs line 1081]

Tree Batch 5,9: Destroy may not be called from edit mode! Use DestroyImmediate instead.
Destroying an object in edit mode destroys it permanently
UnityEngine.Debug:ExtractStackTraceNoAlloc (byte*,int,string)
UnityEngine.StackTraceUtility:ExtractStackTrace () (at /Users/bokken/build/output/unity/unity/Runtime/Export/Scripting/StackTrace.cs:35)
UnityEngine.Object:Destroy (UnityEngine.Object,single)
UnityEngine.Object:Destroy (UnityEngine.Object) (at /Users/bokken/build/output/unity/unity/Runtime/Export/Scripting/UnityEngineObject.bindings.cs:707)
VoxelEngine.Rendering.Runtime.Vegetation.ProceduralTreeRenderer:DestroyBatchObjects (VoxelEngine.Rendering.Runtime.Vegetation.ProceduralTreeRenderer/BatchPresentation) (at Assets/VoxelEngine/Rendering/Runtime/Vegetation/ProceduralTreeRenderer.cs:1085)
VoxelEngine.Rendering.Runtime.Vegetation.ProceduralTreeRenderer:ClearBatches () (at Assets/VoxelEngine/Rendering/Runtime/Vegetation/ProceduralTreeRenderer.cs:1092)
VoxelEngine.Rendering.Runtime.Vegetation.ProceduralTreeRenderer:ClearGenerated () (at Assets/VoxelEngine/Rendering/Runtime/Vegetation/ProceduralTreeRenderer.cs:1106)
VoxelEngine.Rendering.Runtime.Vegetation.ProceduralTreeRenderer:OnDestroy () (at Assets/VoxelEngine/Rendering/Runtime/Vegetation/ProceduralTreeRenderer.cs:1115)
UnityEditor.TestTools.TestRunner.CommandLineTest.Executer:ExitApplication (UnityEditor.TestTools.TestRunner.CommandLineTest.Executer/ReturnCodes,string) (at ./Library/PackageCache/com.unity.test-framework@1405238725ab/UnityEditor.TestRunner/CommandLineTest/Executer.cs:83)
UnityEditor.TestTools.TestRunner.CommandLineTest.Executer:ExitIfRunIsCompleted () (at ./Library/PackageCache/com.unity.test-framework@1405238725ab/UnityEditor.TestRunner/CommandLineTest/Executer.cs:74)
UnityEditor.EditorApplication:Internal_CallUpdateFunctions () (at /Users/bokken/build/output/unity/unity/Editor/Mono/EditorApplication.cs:403)

[Assets/VoxelEngine/Rendering/Runtime/Vegetation/ProceduralTreeRenderer.cs line 1085]

TreeBatch_6_9_LOD0: Destroy may not be called from edit mode! Use DestroyImmediate instead.
Destroying an object in edit mode destroys it permanently
UnityEngine.Debug:ExtractStackTraceNoAlloc (byte*,int,string)
UnityEngine.StackTraceUtility:ExtractStackTrace () (at /Users/bokken/build/output/unity/unity/Runtime/Export/Scripting/StackTrace.cs:35)
UnityEngine.Object:Destroy (UnityEngine.Object,single)
UnityEngine.Object:Destroy (UnityEngine.Object) (at /Users/bokken/build/output/unity/unity/Runtime/Export/Scripting/UnityEngineObject.bindings.cs:707)
VoxelEngine.Rendering.Runtime.Vegetation.ProceduralTreeRenderer:DestroyBatchObjects (VoxelEngine.Rendering.Runtime.Vegetation.ProceduralTreeRenderer/BatchPresentation) (at Assets/VoxelEngine/Rendering/Runtime/Vegetation/ProceduralTreeRenderer.cs:1079)
VoxelEngine.Rendering.Runtime.Vegetation.ProceduralTreeRenderer:ClearBatches () (at Assets/VoxelEngine/Rendering/Runtime/Vegetation/ProceduralTreeRenderer.cs:1092)
VoxelEngine.Rendering.Runtime.Vegetation.ProceduralTreeRenderer:ClearGenerated () (at Assets/VoxelEngine/Rendering/Runtime/Vegetation/ProceduralTreeRenderer.cs:1106)
VoxelEngine.Rendering.Runtime.Vegetation.ProceduralTreeRenderer:OnDestroy () (at Assets/VoxelEngine/Rendering/Runtime/Vegetation/ProceduralTreeRenderer.cs:1115)
UnityEditor.TestTools.TestRunner.CommandLineTest.Executer:ExitApplication (UnityEditor.TestTools.TestRunner.CommandLineTest.Executer/ReturnCodes,string) (at ./Library/PackageCache/com.unity.test-framework@1405238725ab/UnityEditor.TestRunner/CommandLineTest/Executer.cs:83)
UnityEditor.TestTools.TestRunner.CommandLineTest.Executer:ExitIfRunIsCompleted () (at ./Library/PackageCache/com.unity.test-framework@1405238725ab/UnityEditor.TestRunner/CommandLineTest/Executer.cs:74)
UnityEditor.EditorApplication:Internal_CallUpdateFunctions () (at /Users/bokken/build/output/unity/unity/Editor/Mono/EditorApplication.cs:403)

[Assets/VoxelEngine/Rendering/Runtime/Vegetation/ProceduralTreeRenderer.cs line 1079]

TreeBatch_6_9_LOD1: Destroy may not be called from edit mode! Use DestroyImmediate instead.
Destroying an object in edit mode destroys it permanently
UnityEngine.Debug:ExtractStackTraceNoAlloc (byte*,int,string)
UnityEngine.StackTraceUtility:ExtractStackTrace () (at /Users/bokken/build/output/unity/unity/Runtime/Export/Scripting/StackTrace.cs:35)
UnityEngine.Object:Destroy (UnityEngine.Object,single)
UnityEngine.Object:Destroy (UnityEngine.Object) (at /Users/bokken/build/output/unity/unity/Runtime/Export/Scripting/UnityEngineObject.bindings.cs:707)
VoxelEngine.Rendering.Runtime.Vegetation.ProceduralTreeRenderer:DestroyBatchObjects (VoxelEngine.Rendering.Runtime.Vegetation.ProceduralTreeRenderer/BatchPresentation) (at Assets/VoxelEngine/Rendering/Runtime/Vegetation/ProceduralTreeRenderer.cs:1079)
VoxelEngine.Rendering.Runtime.Vegetation.ProceduralTreeRenderer:ClearBatches () (at Assets/VoxelEngine/Rendering/Runtime/Vegetation/ProceduralTreeRenderer.cs:1092)
VoxelEngine.Rendering.Runtime.Vegetation.ProceduralTreeRenderer:ClearGenerated () (at Assets/VoxelEngine/Rendering/Runtime/Vegetation/ProceduralTreeRenderer.cs:1106)
VoxelEngine.Rendering.Runtime.Vegetation.ProceduralTreeRenderer:OnDestroy () (at Assets/VoxelEngine/Rendering/Runtime/Vegetation/ProceduralTreeRenderer.cs:1115)
UnityEditor.TestTools.TestRunner.CommandLineTest.Executer:ExitApplication (UnityEditor.TestTools.TestRunner.CommandLineTest.Executer/ReturnCodes,string) (at ./Library/PackageCache/com.unity.test-framework@1405238725ab/UnityEditor.TestRunner/CommandLineTest/Executer.cs:83)
UnityEditor.TestTools.TestRunner.CommandLineTest.Executer:ExitIfRunIsCompleted () (at ./Library/PackageCache/com.unity.test-framework@1405238725ab/UnityEditor.TestRunner/CommandLineTest/Executer.cs:74)
UnityEditor.EditorApplication:Internal_CallUpdateFunctions () (at /Users/bokken/build/output/unity/unity/Editor/Mono/EditorApplication.cs:403)

[Assets/VoxelEngine/Rendering/Runtime/Vegetation/ProceduralTreeRenderer.cs line 1079]

TreeBatch_6_9_LOD2: Destroy may not be called from edit mode! Use DestroyImmediate instead.
Destroying an object in edit mode destroys it permanently
UnityEngine.Debug:ExtractStackTraceNoAlloc (byte*,int,string)
UnityEngine.StackTraceUtility:ExtractStackTrace () (at /Users/bokken/build/output/unity/unity/Runtime/Export/Scripting/StackTrace.cs:35)
UnityEngine.Object:Destroy (UnityEngine.Object,single)
UnityEngine.Object:Destroy (UnityEngine.Object) (at /Users/bokken/build/output/unity/unity/Runtime/Export/Scripting/UnityEngineObject.bindings.cs:707)
VoxelEngine.Rendering.Runtime.Vegetation.ProceduralTreeRenderer:DestroyBatchObjects (VoxelEngine.Rendering.Runtime.Vegetation.ProceduralTreeRenderer/BatchPresentation) (at Assets/VoxelEngine/Rendering/Runtime/Vegetation/ProceduralTreeRenderer.cs:1079)
VoxelEngine.Rendering.Runtime.Vegetation.ProceduralTreeRenderer:ClearBatches () (at Assets/VoxelEngine/Rendering/Runtime/Vegetation/ProceduralTreeRenderer.cs:1092)
VoxelEngine.Rendering.Runtime.Vegetation.ProceduralTreeRenderer:ClearGenerated () (at Assets/VoxelEngine/Rendering/Runtime/Vegetation/ProceduralTreeRenderer.cs:1106)
VoxelEngine.Rendering.Runtime.Vegetation.ProceduralTreeRenderer:OnDestroy () (at Assets/VoxelEngine/Rendering/Runtime/Vegetation/ProceduralTreeRenderer.cs:1115)
UnityEditor.TestTools.TestRunner.CommandLineTest.Executer:ExitApplication (UnityEditor.TestTools.TestRunner.CommandLineTest.Executer/ReturnCodes,string) (at ./Library/PackageCache/com.unity.test-framework@1405238725ab/UnityEditor.TestRunner/CommandLineTest/Executer.cs:83)
UnityEditor.TestTools.TestRunner.CommandLineTest.Executer:ExitIfRunIsCompleted () (at ./Library/PackageCache/com.unity.test-framework@1405238725ab/UnityEditor.TestRunner/CommandLineTest/Executer.cs:74)
UnityEditor.EditorApplication:Internal_CallUpdateFunctions () (at /Users/bokken/build/output/unity/unity/Editor/Mono/EditorApplication.cs:403)

[Assets/VoxelEngine/Rendering/Runtime/Vegetation/ProceduralTreeRenderer.cs line 1079]

TreeBatch_6_9_LOD3: Destroy may not be called from edit mode! Use DestroyImmediate instead.
Destroying an object in edit mode destroys it permanently
UnityEngine.Debug:ExtractStackTraceNoAlloc (byte*,int,string)
UnityEngine.StackTraceUtility:ExtractStackTrace () (at /Users/bokken/build/output/unity/unity/Runtime/Export/Scripting/StackTrace.cs:35)
UnityEngine.Object:Destroy (UnityEngine.Object,single)
UnityEngine.Object:Destroy (UnityEngine.Object) (at /Users/bokken/build/output/unity/unity/Runtime/Export/Scripting/UnityEngineObject.bindings.cs:707)
VoxelEngine.Rendering.Runtime.Vegetation.ProceduralTreeRenderer:DestroyBatchObjects (VoxelEngine.Rendering.Runtime.Vegetation.ProceduralTreeRenderer/BatchPresentation) (at Assets/VoxelEngine/Rendering/Runtime/Vegetation/ProceduralTreeRenderer.cs:1081)
VoxelEngine.Rendering.Runtime.Vegetation.ProceduralTreeRenderer:ClearBatches () (at Assets/VoxelEngine/Rendering/Runtime/Vegetation/ProceduralTreeRenderer.cs:1092)
VoxelEngine.Rendering.Runtime.Vegetation.ProceduralTreeRenderer:ClearGenerated () (at Assets/VoxelEngine/Rendering/Runtime/Vegetation/ProceduralTreeRenderer.cs:1106)
VoxelEngine.Rendering.Runtime.Vegetation.ProceduralTreeRenderer:OnDestroy () (at Assets/VoxelEngine/Rendering/Runtime/Vegetation/ProceduralTreeRenderer.cs:1115)
UnityEditor.TestTools.TestRunner.CommandLineTest.Executer:ExitApplication (UnityEditor.TestTools.TestRunner.CommandLineTest.Executer/ReturnCodes,string) (at ./Library/PackageCache/com.unity.test-framework@1405238725ab/UnityEditor.TestRunner/CommandLineTest/Executer.cs:83)
UnityEditor.TestTools.TestRunner.CommandLineTest.Executer:ExitIfRunIsCompleted () (at ./Library/PackageCache/com.unity.test-framework@1405238725ab/UnityEditor.TestRunner/CommandLineTest/Executer.cs:74)
UnityEditor.EditorApplication:Internal_CallUpdateFunctions () (at /Users/bokken/build/output/unity/unity/Editor/Mono/EditorApplication.cs:403)

[Assets/VoxelEngine/Rendering/Runtime/Vegetation/ProceduralTreeRenderer.cs line 1081]

Tree Batch 6,9: Destroy may not be called from edit mode! Use DestroyImmediate instead.
Destroying an object in edit mode destroys it permanently
UnityEngine.Debug:ExtractStackTraceNoAlloc (byte*,int,string)
UnityEngine.StackTraceUtility:ExtractStackTrace () (at /Users/bokken/build/output/unity/unity/Runtime/Export/Scripting/StackTrace.cs:35)
UnityEngine.Object:Destroy (UnityEngine.Object,single)
UnityEngine.Object:Destroy (UnityEngine.Object) (at /Users/bokken/build/output/unity/unity/Runtime/Export/Scripting/UnityEngineObject.bindings.cs:707)
VoxelEngine.Rendering.Runtime.Vegetation.ProceduralTreeRenderer:DestroyBatchObjects (VoxelEngine.Rendering.Runtime.Vegetation.ProceduralTreeRenderer/BatchPresentation) (at Assets/VoxelEngine/Rendering/Runtime/Vegetation/ProceduralTreeRenderer.cs:1085)
VoxelEngine.Rendering.Runtime.Vegetation.ProceduralTreeRenderer:ClearBatches () (at Assets/VoxelEngine/Rendering/Runtime/Vegetation/ProceduralTreeRenderer.cs:1092)
VoxelEngine.Rendering.Runtime.Vegetation.ProceduralTreeRenderer:ClearGenerated () (at Assets/VoxelEngine/Rendering/Runtime/Vegetation/ProceduralTreeRenderer.cs:1106)
VoxelEngine.Rendering.Runtime.Vegetation.ProceduralTreeRenderer:OnDestroy () (at Assets/VoxelEngine/Rendering/Runtime/Vegetation/ProceduralTreeRenderer.cs:1115)
UnityEditor.TestTools.TestRunner.CommandLineTest.Executer:ExitApplication (UnityEditor.TestTools.TestRunner.CommandLineTest.Executer/ReturnCodes,string) (at ./Library/PackageCache/com.unity.test-framework@1405238725ab/UnityEditor.TestRunner/CommandLineTest/Executer.cs:83)
UnityEditor.TestTools.TestRunner.CommandLineTest.Executer:ExitIfRunIsCompleted () (at ./Library/PackageCache/com.unity.test-framework@1405238725ab/UnityEditor.TestRunner/CommandLineTest/Executer.cs:74)
UnityEditor.EditorApplication:Internal_CallUpdateFunctions () (at /Users/bokken/build/output/unity/unity/Editor/Mono/EditorApplication.cs:403)

[Assets/VoxelEngine/Rendering/Runtime/Vegetation/ProceduralTreeRenderer.cs line 1085]

TreeBatch_0_10_LOD0: Destroy may not be called from edit mode! Use DestroyImmediate instead.
Destroying an object in edit mode destroys it permanently
UnityEngine.Debug:ExtractStackTraceNoAlloc (byte*,int,string)
UnityEngine.StackTraceUtility:ExtractStackTrace () (at /Users/bokken/build/output/unity/unity/Runtime/Export/Scripting/StackTrace.cs:35)
UnityEngine.Object:Destroy (UnityEngine.Object,single)
UnityEngine.Object:Destroy (UnityEngine.Object) (at /Users/bokken/build/output/unity/unity/Runtime/Export/Scripting/UnityEngineObject.bindings.cs:707)
VoxelEngine.Rendering.Runtime.Vegetation.ProceduralTreeRenderer:DestroyBatchObjects (VoxelEngine.Rendering.Runtime.Vegetation.ProceduralTreeRenderer/BatchPresentation) (at Assets/VoxelEngine/Rendering/Runtime/Vegetation/ProceduralTreeRenderer.cs:1079)
VoxelEngine.Rendering.Runtime.Vegetation.ProceduralTreeRenderer:ClearBatches () (at Assets/VoxelEngine/Rendering/Runtime/Vegetation/ProceduralTreeRenderer.cs:1092)
VoxelEngine.Rendering.Runtime.Vegetation.ProceduralTreeRenderer:ClearGenerated () (at Assets/VoxelEngine/Rendering/Runtime/Vegetation/ProceduralTreeRenderer.cs:1106)
VoxelEngine.Rendering.Runtime.Vegetation.ProceduralTreeRenderer:OnDestroy () (at Assets/VoxelEngine/Rendering/Runtime/Vegetation/ProceduralTreeRenderer.cs:1115)
UnityEditor.TestTools.TestRunner.CommandLineTest.Executer:ExitApplication (UnityEditor.TestTools.TestRunner.CommandLineTest.Executer/ReturnCodes,string) (at ./Library/PackageCache/com.unity.test-framework@1405238725ab/UnityEditor.TestRunner/CommandLineTest/Executer.cs:83)
UnityEditor.TestTools.TestRunner.CommandLineTest.Executer:ExitIfRunIsCompleted () (at ./Library/PackageCache/com.unity.test-framework@1405238725ab/UnityEditor.TestRunner/CommandLineTest/Executer.cs:74)
UnityEditor.EditorApplication:Internal_CallUpdateFunctions () (at /Users/bokken/build/output/unity/unity/Editor/Mono/EditorApplication.cs:403)

[Assets/VoxelEngine/Rendering/Runtime/Vegetation/ProceduralTreeRenderer.cs line 1079]

TreeBatch_0_10_LOD1: Destroy may not be called from edit mode! Use DestroyImmediate instead.
Destroying an object in edit mode destroys it permanently
UnityEngine.Debug:ExtractStackTraceNoAlloc (byte*,int,string)
UnityEngine.StackTraceUtility:ExtractStackTrace () (at /Users/bokken/build/output/unity/unity/Runtime/Export/Scripting/StackTrace.cs:35)
UnityEngine.Object:Destroy (UnityEngine.Object,single)
UnityEngine.Object:Destroy (UnityEngine.Object) (at /Users/bokken/build/output/unity/unity/Runtime/Export/Scripting/UnityEngineObject.bindings.cs:707)
VoxelEngine.Rendering.Runtime.Vegetation.ProceduralTreeRenderer:DestroyBatchObjects (VoxelEngine.Rendering.Runtime.Vegetation.ProceduralTreeRenderer/BatchPresentation) (at Assets/VoxelEngine/Rendering/Runtime/Vegetation/ProceduralTreeRenderer.cs:1079)
VoxelEngine.Rendering.Runtime.Vegetation.ProceduralTreeRenderer:ClearBatches () (at Assets/VoxelEngine/Rendering/Runtime/Vegetation/ProceduralTreeRenderer.cs:1092)
VoxelEngine.Rendering.Runtime.Vegetation.ProceduralTreeRenderer:ClearGenerated () (at Assets/VoxelEngine/Rendering/Runtime/Vegetation/ProceduralTreeRenderer.cs:1106)
VoxelEngine.Rendering.Runtime.Vegetation.ProceduralTreeRenderer:OnDestroy () (at Assets/VoxelEngine/Rendering/Runtime/Vegetation/ProceduralTreeRenderer.cs:1115)
UnityEditor.TestTools.TestRunner.CommandLineTest.Executer:ExitApplication (UnityEditor.TestTools.TestRunner.CommandLineTest.Executer/ReturnCodes,string) (at ./Library/PackageCache/com.unity.test-framework@1405238725ab/UnityEditor.TestRunner/CommandLineTest/Executer.cs:83)
UnityEditor.TestTools.TestRunner.CommandLineTest.Executer:ExitIfRunIsCompleted () (at ./Library/PackageCache/com.unity.test-framework@1405238725ab/UnityEditor.TestRunner/CommandLineTest/Executer.cs:74)
UnityEditor.EditorApplication:Internal_CallUpdateFunctions () (at /Users/bokken/build/output/unity/unity/Editor/Mono/EditorApplication.cs:403)

[Assets/VoxelEngine/Rendering/Runtime/Vegetation/ProceduralTreeRenderer.cs line 1079]

TreeBatch_0_10_LOD2: Destroy may not be called from edit mode! Use DestroyImmediate instead.
Destroying an object in edit mode destroys it permanently
UnityEngine.Debug:ExtractStackTraceNoAlloc (byte*,int,string)
UnityEngine.StackTraceUtility:ExtractStackTrace () (at /Users/bokken/build/output/unity/unity/Runtime/Export/Scripting/StackTrace.cs:35)
UnityEngine.Object:Destroy (UnityEngine.Object,single)
UnityEngine.Object:Destroy (UnityEngine.Object) (at /Users/bokken/build/output/unity/unity/Runtime/Export/Scripting/UnityEngineObject.bindings.cs:707)
VoxelEngine.Rendering.Runtime.Vegetation.ProceduralTreeRenderer:DestroyBatchObjects (VoxelEngine.Rendering.Runtime.Vegetation.ProceduralTreeRenderer/BatchPresentation) (at Assets/VoxelEngine/Rendering/Runtime/Vegetation/ProceduralTreeRenderer.cs:1079)
VoxelEngine.Rendering.Runtime.Vegetation.ProceduralTreeRenderer:ClearBatches () (at Assets/VoxelEngine/Rendering/Runtime/Vegetation/ProceduralTreeRenderer.cs:1092)
VoxelEngine.Rendering.Runtime.Vegetation.ProceduralTreeRenderer:ClearGenerated () (at Assets/VoxelEngine/Rendering/Runtime/Vegetation/ProceduralTreeRenderer.cs:1106)
VoxelEngine.Rendering.Runtime.Vegetation.ProceduralTreeRenderer:OnDestroy () (at Assets/VoxelEngine/Rendering/Runtime/Vegetation/ProceduralTreeRenderer.cs:1115)
UnityEditor.TestTools.TestRunner.CommandLineTest.Executer:ExitApplication (UnityEditor.TestTools.TestRunner.CommandLineTest.Executer/ReturnCodes,string) (at ./Library/PackageCache/com.unity.test-framework@1405238725ab/UnityEditor.TestRunner/CommandLineTest/Executer.cs:83)
UnityEditor.TestTools.TestRunner.CommandLineTest.Executer:ExitIfRunIsCompleted () (at ./Library/PackageCache/com.unity.test-framework@1405238725ab/UnityEditor.TestRunner/CommandLineTest/Executer.cs:74)
UnityEditor.EditorApplication:Internal_CallUpdateFunctions () (at /Users/bokken/build/output/unity/unity/Editor/Mono/EditorApplication.cs:403)

[Assets/VoxelEngine/Rendering/Runtime/Vegetation/ProceduralTreeRenderer.cs line 1079]

TreeBatch_0_10_LOD3: Destroy may not be called from edit mode! Use DestroyImmediate instead.
Destroying an object in edit mode destroys it permanently
UnityEngine.Debug:ExtractStackTraceNoAlloc (byte*,int,string)
UnityEngine.StackTraceUtility:ExtractStackTrace () (at /Users/bokken/build/output/unity/unity/Runtime/Export/Scripting/StackTrace.cs:35)
UnityEngine.Object:Destroy (UnityEngine.Object,single)
UnityEngine.Object:Destroy (UnityEngine.Object) (at /Users/bokken/build/output/unity/unity/Runtime/Export/Scripting/UnityEngineObject.bindings.cs:707)
VoxelEngine.Rendering.Runtime.Vegetation.ProceduralTreeRenderer:DestroyBatchObjects (VoxelEngine.Rendering.Runtime.Vegetation.ProceduralTreeRenderer/BatchPresentation) (at Assets/VoxelEngine/Rendering/Runtime/Vegetation/ProceduralTreeRenderer.cs:1081)
VoxelEngine.Rendering.Runtime.Vegetation.ProceduralTreeRenderer:ClearBatches () (at Assets/VoxelEngine/Rendering/Runtime/Vegetation/ProceduralTreeRenderer.cs:1092)
VoxelEngine.Rendering.Runtime.Vegetation.ProceduralTreeRenderer:ClearGenerated () (at Assets/VoxelEngine/Rendering/Runtime/Vegetation/ProceduralTreeRenderer.cs:1106)
VoxelEngine.Rendering.Runtime.Vegetation.ProceduralTreeRenderer:OnDestroy () (at Assets/VoxelEngine/Rendering/Runtime/Vegetation/ProceduralTreeRenderer.cs:1115)
UnityEditor.TestTools.TestRunner.CommandLineTest.Executer:ExitApplication (UnityEditor.TestTools.TestRunner.CommandLineTest.Executer/ReturnCodes,string) (at ./Library/PackageCache/com.unity.test-framework@1405238725ab/UnityEditor.TestRunner/CommandLineTest/Executer.cs:83)
UnityEditor.TestTools.TestRunner.CommandLineTest.Executer:ExitIfRunIsCompleted () (at ./Library/PackageCache/com.unity.test-framework@1405238725ab/UnityEditor.TestRunner/CommandLineTest/Executer.cs:74)
UnityEditor.EditorApplication:Internal_CallUpdateFunctions () (at /Users/bokken/build/output/unity/unity/Editor/Mono/EditorApplication.cs:403)

[Assets/VoxelEngine/Rendering/Runtime/Vegetation/ProceduralTreeRenderer.cs line 1081]

Tree Batch 0,10: Destroy may not be called from edit mode! Use DestroyImmediate instead.
Destroying an object in edit mode destroys it permanently
UnityEngine.Debug:ExtractStackTraceNoAlloc (byte*,int,string)
UnityEngine.StackTraceUtility:ExtractStackTrace () (at /Users/bokken/build/output/unity/unity/Runtime/Export/Scripting/StackTrace.cs:35)
UnityEngine.Object:Destroy (UnityEngine.Object,single)
UnityEngine.Object:Destroy (UnityEngine.Object) (at /Users/bokken/build/output/unity/unity/Runtime/Export/Scripting/UnityEngineObject.bindings.cs:707)
VoxelEngine.Rendering.Runtime.Vegetation.ProceduralTreeRenderer:DestroyBatchObjects (VoxelEngine.Rendering.Runtime.Vegetation.ProceduralTreeRenderer/BatchPresentation) (at Assets/VoxelEngine/Rendering/Runtime/Vegetation/ProceduralTreeRenderer.cs:1085)
VoxelEngine.Rendering.Runtime.Vegetation.ProceduralTreeRenderer:ClearBatches () (at Assets/VoxelEngine/Rendering/Runtime/Vegetation/ProceduralTreeRenderer.cs:1092)
VoxelEngine.Rendering.Runtime.Vegetation.ProceduralTreeRenderer:ClearGenerated () (at Assets/VoxelEngine/Rendering/Runtime/Vegetation/ProceduralTreeRenderer.cs:1106)
VoxelEngine.Rendering.Runtime.Vegetation.ProceduralTreeRenderer:OnDestroy () (at Assets/VoxelEngine/Rendering/Runtime/Vegetation/ProceduralTreeRenderer.cs:1115)
UnityEditor.TestTools.TestRunner.CommandLineTest.Executer:ExitApplication (UnityEditor.TestTools.TestRunner.CommandLineTest.Executer/ReturnCodes,string) (at ./Library/PackageCache/com.unity.test-framework@1405238725ab/UnityEditor.TestRunner/CommandLineTest/Executer.cs:83)
UnityEditor.TestTools.TestRunner.CommandLineTest.Executer:ExitIfRunIsCompleted () (at ./Library/PackageCache/com.unity.test-framework@1405238725ab/UnityEditor.TestRunner/CommandLineTest/Executer.cs:74)
UnityEditor.EditorApplication:Internal_CallUpdateFunctions () (at /Users/bokken/build/output/unity/unity/Editor/Mono/EditorApplication.cs:403)

[Assets/VoxelEngine/Rendering/Runtime/Vegetation/ProceduralTreeRenderer.cs line 1085]

TreeBatch_1_10_LOD0: Destroy may not be called from edit mode! Use DestroyImmediate instead.
Destroying an object in edit mode destroys it permanently
UnityEngine.Debug:ExtractStackTraceNoAlloc (byte*,int,string)
UnityEngine.StackTraceUtility:ExtractStackTrace () (at /Users/bokken/build/output/unity/unity/Runtime/Export/Scripting/StackTrace.cs:35)
UnityEngine.Object:Destroy (UnityEngine.Object,single)
UnityEngine.Object:Destroy (UnityEngine.Object) (at /Users/bokken/build/output/unity/unity/Runtime/Export/Scripting/UnityEngineObject.bindings.cs:707)
VoxelEngine.Rendering.Runtime.Vegetation.ProceduralTreeRenderer:DestroyBatchObjects (VoxelEngine.Rendering.Runtime.Vegetation.ProceduralTreeRenderer/BatchPresentation) (at Assets/VoxelEngine/Rendering/Runtime/Vegetation/ProceduralTreeRenderer.cs:1079)
VoxelEngine.Rendering.Runtime.Vegetation.ProceduralTreeRenderer:ClearBatches () (at Assets/VoxelEngine/Rendering/Runtime/Vegetation/ProceduralTreeRenderer.cs:1092)
VoxelEngine.Rendering.Runtime.Vegetation.ProceduralTreeRenderer:ClearGenerated () (at Assets/VoxelEngine/Rendering/Runtime/Vegetation/ProceduralTreeRenderer.cs:1106)
VoxelEngine.Rendering.Runtime.Vegetation.ProceduralTreeRenderer:OnDestroy () (at Assets/VoxelEngine/Rendering/Runtime/Vegetation/ProceduralTreeRenderer.cs:1115)
UnityEditor.TestTools.TestRunner.CommandLineTest.Executer:ExitApplication (UnityEditor.TestTools.TestRunner.CommandLineTest.Executer/ReturnCodes,string) (at ./Library/PackageCache/com.unity.test-framework@1405238725ab/UnityEditor.TestRunner/CommandLineTest/Executer.cs:83)
UnityEditor.TestTools.TestRunner.CommandLineTest.Executer:ExitIfRunIsCompleted () (at ./Library/PackageCache/com.unity.test-framework@1405238725ab/UnityEditor.TestRunner/CommandLineTest/Executer.cs:74)
UnityEditor.EditorApplication:Internal_CallUpdateFunctions () (at /Users/bokken/build/output/unity/unity/Editor/Mono/EditorApplication.cs:403)

[Assets/VoxelEngine/Rendering/Runtime/Vegetation/ProceduralTreeRenderer.cs line 1079]

TreeBatch_1_10_LOD1: Destroy may not be called from edit mode! Use DestroyImmediate instead.
Destroying an object in edit mode destroys it permanently
UnityEngine.Debug:ExtractStackTraceNoAlloc (byte*,int,string)
UnityEngine.StackTraceUtility:ExtractStackTrace () (at /Users/bokken/build/output/unity/unity/Runtime/Export/Scripting/StackTrace.cs:35)
UnityEngine.Object:Destroy (UnityEngine.Object,single)
UnityEngine.Object:Destroy (UnityEngine.Object) (at /Users/bokken/build/output/unity/unity/Runtime/Export/Scripting/UnityEngineObject.bindings.cs:707)
VoxelEngine.Rendering.Runtime.Vegetation.ProceduralTreeRenderer:DestroyBatchObjects (VoxelEngine.Rendering.Runtime.Vegetation.ProceduralTreeRenderer/BatchPresentation) (at Assets/VoxelEngine/Rendering/Runtime/Vegetation/ProceduralTreeRenderer.cs:1079)
VoxelEngine.Rendering.Runtime.Vegetation.ProceduralTreeRenderer:ClearBatches () (at Assets/VoxelEngine/Rendering/Runtime/Vegetation/ProceduralTreeRenderer.cs:1092)
VoxelEngine.Rendering.Runtime.Vegetation.ProceduralTreeRenderer:ClearGenerated () (at Assets/VoxelEngine/Rendering/Runtime/Vegetation/ProceduralTreeRenderer.cs:1106)
VoxelEngine.Rendering.Runtime.Vegetation.ProceduralTreeRenderer:OnDestroy () (at Assets/VoxelEngine/Rendering/Runtime/Vegetation/ProceduralTreeRenderer.cs:1115)
UnityEditor.TestTools.TestRunner.CommandLineTest.Executer:ExitApplication (UnityEditor.TestTools.TestRunner.CommandLineTest.Executer/ReturnCodes,string) (at ./Library/PackageCache/com.unity.test-framework@1405238725ab/UnityEditor.TestRunner/CommandLineTest/Executer.cs:83)
UnityEditor.TestTools.TestRunner.CommandLineTest.Executer:ExitIfRunIsCompleted () (at ./Library/PackageCache/com.unity.test-framework@1405238725ab/UnityEditor.TestRunner/CommandLineTest/Executer.cs:74)
UnityEditor.EditorApplication:Internal_CallUpdateFunctions () (at /Users/bokken/build/output/unity/unity/Editor/Mono/EditorApplication.cs:403)

[Assets/VoxelEngine/Rendering/Runtime/Vegetation/ProceduralTreeRenderer.cs line 1079]

TreeBatch_1_10_LOD2: Destroy may not be called from edit mode! Use DestroyImmediate instead.
Destroying an object in edit mode destroys it permanently
UnityEngine.Debug:ExtractStackTraceNoAlloc (byte*,int,string)
UnityEngine.StackTraceUtility:ExtractStackTrace () (at /Users/bokken/build/output/unity/unity/Runtime/Export/Scripting/StackTrace.cs:35)
UnityEngine.Object:Destroy (UnityEngine.Object,single)
UnityEngine.Object:Destroy (UnityEngine.Object) (at /Users/bokken/build/output/unity/unity/Runtime/Export/Scripting/UnityEngineObject.bindings.cs:707)
VoxelEngine.Rendering.Runtime.Vegetation.ProceduralTreeRenderer:DestroyBatchObjects (VoxelEngine.Rendering.Runtime.Vegetation.ProceduralTreeRenderer/BatchPresentation) (at Assets/VoxelEngine/Rendering/Runtime/Vegetation/ProceduralTreeRenderer.cs:1079)
VoxelEngine.Rendering.Runtime.Vegetation.ProceduralTreeRenderer:ClearBatches () (at Assets/VoxelEngine/Rendering/Runtime/Vegetation/ProceduralTreeRenderer.cs:1092)
VoxelEngine.Rendering.Runtime.Vegetation.ProceduralTreeRenderer:ClearGenerated () (at Assets/VoxelEngine/Rendering/Runtime/Vegetation/ProceduralTreeRenderer.cs:1106)
VoxelEngine.Rendering.Runtime.Vegetation.ProceduralTreeRenderer:OnDestroy () (at Assets/VoxelEngine/Rendering/Runtime/Vegetation/ProceduralTreeRenderer.cs:1115)
UnityEditor.TestTools.TestRunner.CommandLineTest.Executer:ExitApplication (UnityEditor.TestTools.TestRunner.CommandLineTest.Executer/ReturnCodes,string) (at ./Library/PackageCache/com.unity.test-framework@1405238725ab/UnityEditor.TestRunner/CommandLineTest/Executer.cs:83)
UnityEditor.TestTools.TestRunner.CommandLineTest.Executer:ExitIfRunIsCompleted () (at ./Library/PackageCache/com.unity.test-framework@1405238725ab/UnityEditor.TestRunner/CommandLineTest/Executer.cs:74)
UnityEditor.EditorApplication:Internal_CallUpdateFunctions () (at /Users/bokken/build/output/unity/unity/Editor/Mono/EditorApplication.cs:403)

[Assets/VoxelEngine/Rendering/Runtime/Vegetation/ProceduralTreeRenderer.cs line 1079]

TreeBatch_1_10_LOD3: Destroy may not be called from edit mode! Use DestroyImmediate instead.
Destroying an object in edit mode destroys it permanently
UnityEngine.Debug:ExtractStackTraceNoAlloc (byte*,int,string)
UnityEngine.StackTraceUtility:ExtractStackTrace () (at /Users/bokken/build/output/unity/unity/Runtime/Export/Scripting/StackTrace.cs:35)
UnityEngine.Object:Destroy (UnityEngine.Object,single)
UnityEngine.Object:Destroy (UnityEngine.Object) (at /Users/bokken/build/output/unity/unity/Runtime/Export/Scripting/UnityEngineObject.bindings.cs:707)
VoxelEngine.Rendering.Runtime.Vegetation.ProceduralTreeRenderer:DestroyBatchObjects (VoxelEngine.Rendering.Runtime.Vegetation.ProceduralTreeRenderer/BatchPresentation) (at Assets/VoxelEngine/Rendering/Runtime/Vegetation/ProceduralTreeRenderer.cs:1081)
VoxelEngine.Rendering.Runtime.Vegetation.ProceduralTreeRenderer:ClearBatches () (at Assets/VoxelEngine/Rendering/Runtime/Vegetation/ProceduralTreeRenderer.cs:1092)
VoxelEngine.Rendering.Runtime.Vegetation.ProceduralTreeRenderer:ClearGenerated () (at Assets/VoxelEngine/Rendering/Runtime/Vegetation/ProceduralTreeRenderer.cs:1106)
VoxelEngine.Rendering.Runtime.Vegetation.ProceduralTreeRenderer:OnDestroy () (at Assets/VoxelEngine/Rendering/Runtime/Vegetation/ProceduralTreeRenderer.cs:1115)
UnityEditor.TestTools.TestRunner.CommandLineTest.Executer:ExitApplication (UnityEditor.TestTools.TestRunner.CommandLineTest.Executer/ReturnCodes,string) (at ./Library/PackageCache/com.unity.test-framework@1405238725ab/UnityEditor.TestRunner/CommandLineTest/Executer.cs:83)
UnityEditor.TestTools.TestRunner.CommandLineTest.Executer:ExitIfRunIsCompleted () (at ./Library/PackageCache/com.unity.test-framework@1405238725ab/UnityEditor.TestRunner/CommandLineTest/Executer.cs:74)
UnityEditor.EditorApplication:Internal_CallUpdateFunctions () (at /Users/bokken/build/output/unity/unity/Editor/Mono/EditorApplication.cs:403)

[Assets/VoxelEngine/Rendering/Runtime/Vegetation/ProceduralTreeRenderer.cs line 1081]

Tree Batch 1,10: Destroy may not be called from edit mode! Use DestroyImmediate instead.
Destroying an object in edit mode destroys it permanently
UnityEngine.Debug:ExtractStackTraceNoAlloc (byte*,int,string)
UnityEngine.StackTraceUtility:ExtractStackTrace () (at /Users/bokken/build/output/unity/unity/Runtime/Export/Scripting/StackTrace.cs:35)
UnityEngine.Object:Destroy (UnityEngine.Object,single)
UnityEngine.Object:Destroy (UnityEngine.Object) (at /Users/bokken/build/output/unity/unity/Runtime/Export/Scripting/UnityEngineObject.bindings.cs:707)
VoxelEngine.Rendering.Runtime.Vegetation.ProceduralTreeRenderer:DestroyBatchObjects (VoxelEngine.Rendering.Runtime.Vegetation.ProceduralTreeRenderer/BatchPresentation) (at Assets/VoxelEngine/Rendering/Runtime/Vegetation/ProceduralTreeRenderer.cs:1085)
VoxelEngine.Rendering.Runtime.Vegetation.ProceduralTreeRenderer:ClearBatches () (at Assets/VoxelEngine/Rendering/Runtime/Vegetation/ProceduralTreeRenderer.cs:1092)
VoxelEngine.Rendering.Runtime.Vegetation.ProceduralTreeRenderer:ClearGenerated () (at Assets/VoxelEngine/Rendering/Runtime/Vegetation/ProceduralTreeRenderer.cs:1106)
VoxelEngine.Rendering.Runtime.Vegetation.ProceduralTreeRenderer:OnDestroy () (at Assets/VoxelEngine/Rendering/Runtime/Vegetation/ProceduralTreeRenderer.cs:1115)
UnityEditor.TestTools.TestRunner.CommandLineTest.Executer:ExitApplication (UnityEditor.TestTools.TestRunner.CommandLineTest.Executer/ReturnCodes,string) (at ./Library/PackageCache/com.unity.test-framework@1405238725ab/UnityEditor.TestRunner/CommandLineTest/Executer.cs:83)
UnityEditor.TestTools.TestRunner.CommandLineTest.Executer:ExitIfRunIsCompleted () (at ./Library/PackageCache/com.unity.test-framework@1405238725ab/UnityEditor.TestRunner/CommandLineTest/Executer.cs:74)
UnityEditor.EditorApplication:Internal_CallUpdateFunctions () (at /Users/bokken/build/output/unity/unity/Editor/Mono/EditorApplication.cs:403)

[Assets/VoxelEngine/Rendering/Runtime/Vegetation/ProceduralTreeRenderer.cs line 1085]

TreeBatch_2_10_LOD0: Destroy may not be called from edit mode! Use DestroyImmediate instead.
Destroying an object in edit mode destroys it permanently
UnityEngine.Debug:ExtractStackTraceNoAlloc (byte*,int,string)
UnityEngine.StackTraceUtility:ExtractStackTrace () (at /Users/bokken/build/output/unity/unity/Runtime/Export/Scripting/StackTrace.cs:35)
UnityEngine.Object:Destroy (UnityEngine.Object,single)
UnityEngine.Object:Destroy (UnityEngine.Object) (at /Users/bokken/build/output/unity/unity/Runtime/Export/Scripting/UnityEngineObject.bindings.cs:707)
VoxelEngine.Rendering.Runtime.Vegetation.ProceduralTreeRenderer:DestroyBatchObjects (VoxelEngine.Rendering.Runtime.Vegetation.ProceduralTreeRenderer/BatchPresentation) (at Assets/VoxelEngine/Rendering/Runtime/Vegetation/ProceduralTreeRenderer.cs:1079)
VoxelEngine.Rendering.Runtime.Vegetation.ProceduralTreeRenderer:ClearBatches () (at Assets/VoxelEngine/Rendering/Runtime/Vegetation/ProceduralTreeRenderer.cs:1092)
VoxelEngine.Rendering.Runtime.Vegetation.ProceduralTreeRenderer:ClearGenerated () (at Assets/VoxelEngine/Rendering/Runtime/Vegetation/ProceduralTreeRenderer.cs:1106)
VoxelEngine.Rendering.Runtime.Vegetation.ProceduralTreeRenderer:OnDestroy () (at Assets/VoxelEngine/Rendering/Runtime/Vegetation/ProceduralTreeRenderer.cs:1115)
UnityEditor.TestTools.TestRunner.CommandLineTest.Executer:ExitApplication (UnityEditor.TestTools.TestRunner.CommandLineTest.Executer/ReturnCodes,string) (at ./Library/PackageCache/com.unity.test-framework@1405238725ab/UnityEditor.TestRunner/CommandLineTest/Executer.cs:83)
UnityEditor.TestTools.TestRunner.CommandLineTest.Executer:ExitIfRunIsCompleted () (at ./Library/PackageCache/com.unity.test-framework@1405238725ab/UnityEditor.TestRunner/CommandLineTest/Executer.cs:74)
UnityEditor.EditorApplication:Internal_CallUpdateFunctions () (at /Users/bokken/build/output/unity/unity/Editor/Mono/EditorApplication.cs:403)

[Assets/VoxelEngine/Rendering/Runtime/Vegetation/ProceduralTreeRenderer.cs line 1079]

TreeBatch_2_10_LOD1: Destroy may not be called from edit mode! Use DestroyImmediate instead.
Destroying an object in edit mode destroys it permanently
UnityEngine.Debug:ExtractStackTraceNoAlloc (byte*,int,string)
UnityEngine.StackTraceUtility:ExtractStackTrace () (at /Users/bokken/build/output/unity/unity/Runtime/Export/Scripting/StackTrace.cs:35)
UnityEngine.Object:Destroy (UnityEngine.Object,single)
UnityEngine.Object:Destroy (UnityEngine.Object) (at /Users/bokken/build/output/unity/unity/Runtime/Export/Scripting/UnityEngineObject.bindings.cs:707)
VoxelEngine.Rendering.Runtime.Vegetation.ProceduralTreeRenderer:DestroyBatchObjects (VoxelEngine.Rendering.Runtime.Vegetation.ProceduralTreeRenderer/BatchPresentation) (at Assets/VoxelEngine/Rendering/Runtime/Vegetation/ProceduralTreeRenderer.cs:1079)
VoxelEngine.Rendering.Runtime.Vegetation.ProceduralTreeRenderer:ClearBatches () (at Assets/VoxelEngine/Rendering/Runtime/Vegetation/ProceduralTreeRenderer.cs:1092)
VoxelEngine.Rendering.Runtime.Vegetation.ProceduralTreeRenderer:ClearGenerated () (at Assets/VoxelEngine/Rendering/Runtime/Vegetation/ProceduralTreeRenderer.cs:1106)
VoxelEngine.Rendering.Runtime.Vegetation.ProceduralTreeRenderer:OnDestroy () (at Assets/VoxelEngine/Rendering/Runtime/Vegetation/ProceduralTreeRenderer.cs:1115)
UnityEditor.TestTools.TestRunner.CommandLineTest.Executer:ExitApplication (UnityEditor.TestTools.TestRunner.CommandLineTest.Executer/ReturnCodes,string) (at ./Library/PackageCache/com.unity.test-framework@1405238725ab/UnityEditor.TestRunner/CommandLineTest/Executer.cs:83)
UnityEditor.TestTools.TestRunner.CommandLineTest.Executer:ExitIfRunIsCompleted () (at ./Library/PackageCache/com.unity.test-framework@1405238725ab/UnityEditor.TestRunner/CommandLineTest/Executer.cs:74)
UnityEditor.EditorApplication:Internal_CallUpdateFunctions () (at /Users/bokken/build/output/unity/unity/Editor/Mono/EditorApplication.cs:403)

[Assets/VoxelEngine/Rendering/Runtime/Vegetation/ProceduralTreeRenderer.cs line 1079]

TreeBatch_2_10_LOD2: Destroy may not be called from edit mode! Use DestroyImmediate instead.
Destroying an object in edit mode destroys it permanently
UnityEngine.Debug:ExtractStackTraceNoAlloc (byte*,int,string)
UnityEngine.StackTraceUtility:ExtractStackTrace () (at /Users/bokken/build/output/unity/unity/Runtime/Export/Scripting/StackTrace.cs:35)
UnityEngine.Object:Destroy (UnityEngine.Object,single)
UnityEngine.Object:Destroy (UnityEngine.Object) (at /Users/bokken/build/output/unity/unity/Runtime/Export/Scripting/UnityEngineObject.bindings.cs:707)
VoxelEngine.Rendering.Runtime.Vegetation.ProceduralTreeRenderer:DestroyBatchObjects (VoxelEngine.Rendering.Runtime.Vegetation.ProceduralTreeRenderer/BatchPresentation) (at Assets/VoxelEngine/Rendering/Runtime/Vegetation/ProceduralTreeRenderer.cs:1079)
VoxelEngine.Rendering.Runtime.Vegetation.ProceduralTreeRenderer:ClearBatches () (at Assets/VoxelEngine/Rendering/Runtime/Vegetation/ProceduralTreeRenderer.cs:1092)
VoxelEngine.Rendering.Runtime.Vegetation.ProceduralTreeRenderer:ClearGenerated () (at Assets/VoxelEngine/Rendering/Runtime/Vegetation/ProceduralTreeRenderer.cs:1106)
VoxelEngine.Rendering.Runtime.Vegetation.ProceduralTreeRenderer:OnDestroy () (at Assets/VoxelEngine/Rendering/Runtime/Vegetation/ProceduralTreeRenderer.cs:1115)
UnityEditor.TestTools.TestRunner.CommandLineTest.Executer:ExitApplication (UnityEditor.TestTools.TestRunner.CommandLineTest.Executer/ReturnCodes,string) (at ./Library/PackageCache/com.unity.test-framework@1405238725ab/UnityEditor.TestRunner/CommandLineTest/Executer.cs:83)
UnityEditor.TestTools.TestRunner.CommandLineTest.Executer:ExitIfRunIsCompleted () (at ./Library/PackageCache/com.unity.test-framework@1405238725ab/UnityEditor.TestRunner/CommandLineTest/Executer.cs:74)
UnityEditor.EditorApplication:Internal_CallUpdateFunctions () (at /Users/bokken/build/output/unity/unity/Editor/Mono/EditorApplication.cs:403)

[Assets/VoxelEngine/Rendering/Runtime/Vegetation/ProceduralTreeRenderer.cs line 1079]

TreeBatch_2_10_LOD3: Destroy may not be called from edit mode! Use DestroyImmediate instead.
Destroying an object in edit mode destroys it permanently
UnityEngine.Debug:ExtractStackTraceNoAlloc (byte*,int,string)
UnityEngine.StackTraceUtility:ExtractStackTrace () (at /Users/bokken/build/output/unity/unity/Runtime/Export/Scripting/StackTrace.cs:35)
UnityEngine.Object:Destroy (UnityEngine.Object,single)
UnityEngine.Object:Destroy (UnityEngine.Object) (at /Users/bokken/build/output/unity/unity/Runtime/Export/Scripting/UnityEngineObject.bindings.cs:707)
VoxelEngine.Rendering.Runtime.Vegetation.ProceduralTreeRenderer:DestroyBatchObjects (VoxelEngine.Rendering.Runtime.Vegetation.ProceduralTreeRenderer/BatchPresentation) (at Assets/VoxelEngine/Rendering/Runtime/Vegetation/ProceduralTreeRenderer.cs:1081)
VoxelEngine.Rendering.Runtime.Vegetation.ProceduralTreeRenderer:ClearBatches () (at Assets/VoxelEngine/Rendering/Runtime/Vegetation/ProceduralTreeRenderer.cs:1092)
VoxelEngine.Rendering.Runtime.Vegetation.ProceduralTreeRenderer:ClearGenerated () (at Assets/VoxelEngine/Rendering/Runtime/Vegetation/ProceduralTreeRenderer.cs:1106)
VoxelEngine.Rendering.Runtime.Vegetation.ProceduralTreeRenderer:OnDestroy () (at Assets/VoxelEngine/Rendering/Runtime/Vegetation/ProceduralTreeRenderer.cs:1115)
UnityEditor.TestTools.TestRunner.CommandLineTest.Executer:ExitApplication (UnityEditor.TestTools.TestRunner.CommandLineTest.Executer/ReturnCodes,string) (at ./Library/PackageCache/com.unity.test-framework@1405238725ab/UnityEditor.TestRunner/CommandLineTest/Executer.cs:83)
UnityEditor.TestTools.TestRunner.CommandLineTest.Executer:ExitIfRunIsCompleted () (at ./Library/PackageCache/com.unity.test-framework@1405238725ab/UnityEditor.TestRunner/CommandLineTest/Executer.cs:74)
UnityEditor.EditorApplication:Internal_CallUpdateFunctions () (at /Users/bokken/build/output/unity/unity/Editor/Mono/EditorApplication.cs:403)

[Assets/VoxelEngine/Rendering/Runtime/Vegetation/ProceduralTreeRenderer.cs line 1081]

Tree Batch 2,10: Destroy may not be called from edit mode! Use DestroyImmediate instead.
Destroying an object in edit mode destroys it permanently
UnityEngine.Debug:ExtractStackTraceNoAlloc (byte*,int,string)
UnityEngine.StackTraceUtility:ExtractStackTrace () (at /Users/bokken/build/output/unity/unity/Runtime/Export/Scripting/StackTrace.cs:35)
UnityEngine.Object:Destroy (UnityEngine.Object,single)
UnityEngine.Object:Destroy (UnityEngine.Object) (at /Users/bokken/build/output/unity/unity/Runtime/Export/Scripting/UnityEngineObject.bindings.cs:707)
VoxelEngine.Rendering.Runtime.Vegetation.ProceduralTreeRenderer:DestroyBatchObjects (VoxelEngine.Rendering.Runtime.Vegetation.ProceduralTreeRenderer/BatchPresentation) (at Assets/VoxelEngine/Rendering/Runtime/Vegetation/ProceduralTreeRenderer.cs:1085)
VoxelEngine.Rendering.Runtime.Vegetation.ProceduralTreeRenderer:ClearBatches () (at Assets/VoxelEngine/Rendering/Runtime/Vegetation/ProceduralTreeRenderer.cs:1092)
VoxelEngine.Rendering.Runtime.Vegetation.ProceduralTreeRenderer:ClearGenerated () (at Assets/VoxelEngine/Rendering/Runtime/Vegetation/ProceduralTreeRenderer.cs:1106)
VoxelEngine.Rendering.Runtime.Vegetation.ProceduralTreeRenderer:OnDestroy () (at Assets/VoxelEngine/Rendering/Runtime/Vegetation/ProceduralTreeRenderer.cs:1115)
UnityEditor.TestTools.TestRunner.CommandLineTest.Executer:ExitApplication (UnityEditor.TestTools.TestRunner.CommandLineTest.Executer/ReturnCodes,string) (at ./Library/PackageCache/com.unity.test-framework@1405238725ab/UnityEditor.TestRunner/CommandLineTest/Executer.cs:83)
UnityEditor.TestTools.TestRunner.CommandLineTest.Executer:ExitIfRunIsCompleted () (at ./Library/PackageCache/com.unity.test-framework@1405238725ab/UnityEditor.TestRunner/CommandLineTest/Executer.cs:74)
UnityEditor.EditorApplication:Internal_CallUpdateFunctions () (at /Users/bokken/build/output/unity/unity/Editor/Mono/EditorApplication.cs:403)

[Assets/VoxelEngine/Rendering/Runtime/Vegetation/ProceduralTreeRenderer.cs line 1085]

TreeBatch_3_10_LOD0: Destroy may not be called from edit mode! Use DestroyImmediate instead.
Destroying an object in edit mode destroys it permanently
UnityEngine.Debug:ExtractStackTraceNoAlloc (byte*,int,string)
UnityEngine.StackTraceUtility:ExtractStackTrace () (at /Users/bokken/build/output/unity/unity/Runtime/Export/Scripting/StackTrace.cs:35)
UnityEngine.Object:Destroy (UnityEngine.Object,single)
UnityEngine.Object:Destroy (UnityEngine.Object) (at /Users/bokken/build/output/unity/unity/Runtime/Export/Scripting/UnityEngineObject.bindings.cs:707)
VoxelEngine.Rendering.Runtime.Vegetation.ProceduralTreeRenderer:DestroyBatchObjects (VoxelEngine.Rendering.Runtime.Vegetation.ProceduralTreeRenderer/BatchPresentation) (at Assets/VoxelEngine/Rendering/Runtime/Vegetation/ProceduralTreeRenderer.cs:1079)
VoxelEngine.Rendering.Runtime.Vegetation.ProceduralTreeRenderer:ClearBatches () (at Assets/VoxelEngine/Rendering/Runtime/Vegetation/ProceduralTreeRenderer.cs:1092)
VoxelEngine.Rendering.Runtime.Vegetation.ProceduralTreeRenderer:ClearGenerated () (at Assets/VoxelEngine/Rendering/Runtime/Vegetation/ProceduralTreeRenderer.cs:1106)
VoxelEngine.Rendering.Runtime.Vegetation.ProceduralTreeRenderer:OnDestroy () (at Assets/VoxelEngine/Rendering/Runtime/Vegetation/ProceduralTreeRenderer.cs:1115)
UnityEditor.TestTools.TestRunner.CommandLineTest.Executer:ExitApplication (UnityEditor.TestTools.TestRunner.CommandLineTest.Executer/ReturnCodes,string) (at ./Library/PackageCache/com.unity.test-framework@1405238725ab/UnityEditor.TestRunner/CommandLineTest/Executer.cs:83)
UnityEditor.TestTools.TestRunner.CommandLineTest.Executer:ExitIfRunIsCompleted () (at ./Library/PackageCache/com.unity.test-framework@1405238725ab/UnityEditor.TestRunner/CommandLineTest/Executer.cs:74)
UnityEditor.EditorApplication:Internal_CallUpdateFunctions () (at /Users/bokken/build/output/unity/unity/Editor/Mono/EditorApplication.cs:403)

[Assets/VoxelEngine/Rendering/Runtime/Vegetation/ProceduralTreeRenderer.cs line 1079]

TreeBatch_3_10_LOD1: Destroy may not be called from edit mode! Use DestroyImmediate instead.
Destroying an object in edit mode destroys it permanently
UnityEngine.Debug:ExtractStackTraceNoAlloc (byte*,int,string)
UnityEngine.StackTraceUtility:ExtractStackTrace () (at /Users/bokken/build/output/unity/unity/Runtime/Export/Scripting/StackTrace.cs:35)
UnityEngine.Object:Destroy (UnityEngine.Object,single)
UnityEngine.Object:Destroy (UnityEngine.Object) (at /Users/bokken/build/output/unity/unity/Runtime/Export/Scripting/UnityEngineObject.bindings.cs:707)
VoxelEngine.Rendering.Runtime.Vegetation.ProceduralTreeRenderer:DestroyBatchObjects (VoxelEngine.Rendering.Runtime.Vegetation.ProceduralTreeRenderer/BatchPresentation) (at Assets/VoxelEngine/Rendering/Runtime/Vegetation/ProceduralTreeRenderer.cs:1079)
VoxelEngine.Rendering.Runtime.Vegetation.ProceduralTreeRenderer:ClearBatches () (at Assets/VoxelEngine/Rendering/Runtime/Vegetation/ProceduralTreeRenderer.cs:1092)
VoxelEngine.Rendering.Runtime.Vegetation.ProceduralTreeRenderer:ClearGenerated () (at Assets/VoxelEngine/Rendering/Runtime/Vegetation/ProceduralTreeRenderer.cs:1106)
VoxelEngine.Rendering.Runtime.Vegetation.ProceduralTreeRenderer:OnDestroy () (at Assets/VoxelEngine/Rendering/Runtime/Vegetation/ProceduralTreeRenderer.cs:1115)
UnityEditor.TestTools.TestRunner.CommandLineTest.Executer:ExitApplication (UnityEditor.TestTools.TestRunner.CommandLineTest.Executer/ReturnCodes,string) (at ./Library/PackageCache/com.unity.test-framework@1405238725ab/UnityEditor.TestRunner/CommandLineTest/Executer.cs:83)
UnityEditor.TestTools.TestRunner.CommandLineTest.Executer:ExitIfRunIsCompleted () (at ./Library/PackageCache/com.unity.test-framework@1405238725ab/UnityEditor.TestRunner/CommandLineTest/Executer.cs:74)
UnityEditor.EditorApplication:Internal_CallUpdateFunctions () (at /Users/bokken/build/output/unity/unity/Editor/Mono/EditorApplication.cs:403)

[Assets/VoxelEngine/Rendering/Runtime/Vegetation/ProceduralTreeRenderer.cs line 1079]

TreeBatch_3_10_LOD2: Destroy may not be called from edit mode! Use DestroyImmediate instead.
Destroying an object in edit mode destroys it permanently
UnityEngine.Debug:ExtractStackTraceNoAlloc (byte*,int,string)
UnityEngine.StackTraceUtility:ExtractStackTrace () (at /Users/bokken/build/output/unity/unity/Runtime/Export/Scripting/StackTrace.cs:35)
UnityEngine.Object:Destroy (UnityEngine.Object,single)
UnityEngine.Object:Destroy (UnityEngine.Object) (at /Users/bokken/build/output/unity/unity/Runtime/Export/Scripting/UnityEngineObject.bindings.cs:707)
VoxelEngine.Rendering.Runtime.Vegetation.ProceduralTreeRenderer:DestroyBatchObjects (VoxelEngine.Rendering.Runtime.Vegetation.ProceduralTreeRenderer/BatchPresentation) (at Assets/VoxelEngine/Rendering/Runtime/Vegetation/ProceduralTreeRenderer.cs:1079)
VoxelEngine.Rendering.Runtime.Vegetation.ProceduralTreeRenderer:ClearBatches () (at Assets/VoxelEngine/Rendering/Runtime/Vegetation/ProceduralTreeRenderer.cs:1092)
VoxelEngine.Rendering.Runtime.Vegetation.ProceduralTreeRenderer:ClearGenerated () (at Assets/VoxelEngine/Rendering/Runtime/Vegetation/ProceduralTreeRenderer.cs:1106)
VoxelEngine.Rendering.Runtime.Vegetation.ProceduralTreeRenderer:OnDestroy () (at Assets/VoxelEngine/Rendering/Runtime/Vegetation/ProceduralTreeRenderer.cs:1115)
UnityEditor.TestTools.TestRunner.CommandLineTest.Executer:ExitApplication (UnityEditor.TestTools.TestRunner.CommandLineTest.Executer/ReturnCodes,string) (at ./Library/PackageCache/com.unity.test-framework@1405238725ab/UnityEditor.TestRunner/CommandLineTest/Executer.cs:83)
UnityEditor.TestTools.TestRunner.CommandLineTest.Executer:ExitIfRunIsCompleted () (at ./Library/PackageCache/com.unity.test-framework@1405238725ab/UnityEditor.TestRunner/CommandLineTest/Executer.cs:74)
UnityEditor.EditorApplication:Internal_CallUpdateFunctions () (at /Users/bokken/build/output/unity/unity/Editor/Mono/EditorApplication.cs:403)

[Assets/VoxelEngine/Rendering/Runtime/Vegetation/ProceduralTreeRenderer.cs line 1079]

TreeBatch_3_10_LOD3: Destroy may not be called from edit mode! Use DestroyImmediate instead.
Destroying an object in edit mode destroys it permanently
UnityEngine.Debug:ExtractStackTraceNoAlloc (byte*,int,string)
UnityEngine.StackTraceUtility:ExtractStackTrace () (at /Users/bokken/build/output/unity/unity/Runtime/Export/Scripting/StackTrace.cs:35)
UnityEngine.Object:Destroy (UnityEngine.Object,single)
UnityEngine.Object:Destroy (UnityEngine.Object) (at /Users/bokken/build/output/unity/unity/Runtime/Export/Scripting/UnityEngineObject.bindings.cs:707)
VoxelEngine.Rendering.Runtime.Vegetation.ProceduralTreeRenderer:DestroyBatchObjects (VoxelEngine.Rendering.Runtime.Vegetation.ProceduralTreeRenderer/BatchPresentation) (at Assets/VoxelEngine/Rendering/Runtime/Vegetation/ProceduralTreeRenderer.cs:1081)
VoxelEngine.Rendering.Runtime.Vegetation.ProceduralTreeRenderer:ClearBatches () (at Assets/VoxelEngine/Rendering/Runtime/Vegetation/ProceduralTreeRenderer.cs:1092)
VoxelEngine.Rendering.Runtime.Vegetation.ProceduralTreeRenderer:ClearGenerated () (at Assets/VoxelEngine/Rendering/Runtime/Vegetation/ProceduralTreeRenderer.cs:1106)
VoxelEngine.Rendering.Runtime.Vegetation.ProceduralTreeRenderer:OnDestroy () (at Assets/VoxelEngine/Rendering/Runtime/Vegetation/ProceduralTreeRenderer.cs:1115)
UnityEditor.TestTools.TestRunner.CommandLineTest.Executer:ExitApplication (UnityEditor.TestTools.TestRunner.CommandLineTest.Executer/ReturnCodes,string) (at ./Library/PackageCache/com.unity.test-framework@1405238725ab/UnityEditor.TestRunner/CommandLineTest/Executer.cs:83)
UnityEditor.TestTools.TestRunner.CommandLineTest.Executer:ExitIfRunIsCompleted () (at ./Library/PackageCache/com.unity.test-framework@1405238725ab/UnityEditor.TestRunner/CommandLineTest/Executer.cs:74)
UnityEditor.EditorApplication:Internal_CallUpdateFunctions () (at /Users/bokken/build/output/unity/unity/Editor/Mono/EditorApplication.cs:403)

[Assets/VoxelEngine/Rendering/Runtime/Vegetation/ProceduralTreeRenderer.cs line 1081]

Tree Batch 3,10: Destroy may not be called from edit mode! Use DestroyImmediate instead.
Destroying an object in edit mode destroys it permanently
UnityEngine.Debug:ExtractStackTraceNoAlloc (byte*,int,string)
UnityEngine.StackTraceUtility:ExtractStackTrace () (at /Users/bokken/build/output/unity/unity/Runtime/Export/Scripting/StackTrace.cs:35)
UnityEngine.Object:Destroy (UnityEngine.Object,single)
UnityEngine.Object:Destroy (UnityEngine.Object) (at /Users/bokken/build/output/unity/unity/Runtime/Export/Scripting/UnityEngineObject.bindings.cs:707)
VoxelEngine.Rendering.Runtime.Vegetation.ProceduralTreeRenderer:DestroyBatchObjects (VoxelEngine.Rendering.Runtime.Vegetation.ProceduralTreeRenderer/BatchPresentation) (at Assets/VoxelEngine/Rendering/Runtime/Vegetation/ProceduralTreeRenderer.cs:1085)
VoxelEngine.Rendering.Runtime.Vegetation.ProceduralTreeRenderer:ClearBatches () (at Assets/VoxelEngine/Rendering/Runtime/Vegetation/ProceduralTreeRenderer.cs:1092)
VoxelEngine.Rendering.Runtime.Vegetation.ProceduralTreeRenderer:ClearGenerated () (at Assets/VoxelEngine/Rendering/Runtime/Vegetation/ProceduralTreeRenderer.cs:1106)
VoxelEngine.Rendering.Runtime.Vegetation.ProceduralTreeRenderer:OnDestroy () (at Assets/VoxelEngine/Rendering/Runtime/Vegetation/ProceduralTreeRenderer.cs:1115)
UnityEditor.TestTools.TestRunner.CommandLineTest.Executer:ExitApplication (UnityEditor.TestTools.TestRunner.CommandLineTest.Executer/ReturnCodes,string) (at ./Library/PackageCache/com.unity.test-framework@1405238725ab/UnityEditor.TestRunner/CommandLineTest/Executer.cs:83)
UnityEditor.TestTools.TestRunner.CommandLineTest.Executer:ExitIfRunIsCompleted () (at ./Library/PackageCache/com.unity.test-framework@1405238725ab/UnityEditor.TestRunner/CommandLineTest/Executer.cs:74)
UnityEditor.EditorApplication:Internal_CallUpdateFunctions () (at /Users/bokken/build/output/unity/unity/Editor/Mono/EditorApplication.cs:403)

[Assets/VoxelEngine/Rendering/Runtime/Vegetation/ProceduralTreeRenderer.cs line 1085]

TreeBatch_4_10_LOD0: Destroy may not be called from edit mode! Use DestroyImmediate instead.
Destroying an object in edit mode destroys it permanently
UnityEngine.Debug:ExtractStackTraceNoAlloc (byte*,int,string)
UnityEngine.StackTraceUtility:ExtractStackTrace () (at /Users/bokken/build/output/unity/unity/Runtime/Export/Scripting/StackTrace.cs:35)
UnityEngine.Object:Destroy (UnityEngine.Object,single)
UnityEngine.Object:Destroy (UnityEngine.Object) (at /Users/bokken/build/output/unity/unity/Runtime/Export/Scripting/UnityEngineObject.bindings.cs:707)
VoxelEngine.Rendering.Runtime.Vegetation.ProceduralTreeRenderer:DestroyBatchObjects (VoxelEngine.Rendering.Runtime.Vegetation.ProceduralTreeRenderer/BatchPresentation) (at Assets/VoxelEngine/Rendering/Runtime/Vegetation/ProceduralTreeRenderer.cs:1079)
VoxelEngine.Rendering.Runtime.Vegetation.ProceduralTreeRenderer:ClearBatches () (at Assets/VoxelEngine/Rendering/Runtime/Vegetation/ProceduralTreeRenderer.cs:1092)
VoxelEngine.Rendering.Runtime.Vegetation.ProceduralTreeRenderer:ClearGenerated () (at Assets/VoxelEngine/Rendering/Runtime/Vegetation/ProceduralTreeRenderer.cs:1106)
VoxelEngine.Rendering.Runtime.Vegetation.ProceduralTreeRenderer:OnDestroy () (at Assets/VoxelEngine/Rendering/Runtime/Vegetation/ProceduralTreeRenderer.cs:1115)
UnityEditor.TestTools.TestRunner.CommandLineTest.Executer:ExitApplication (UnityEditor.TestTools.TestRunner.CommandLineTest.Executer/ReturnCodes,string) (at ./Library/PackageCache/com.unity.test-framework@1405238725ab/UnityEditor.TestRunner/CommandLineTest/Executer.cs:83)
UnityEditor.TestTools.TestRunner.CommandLineTest.Executer:ExitIfRunIsCompleted () (at ./Library/PackageCache/com.unity.test-framework@1405238725ab/UnityEditor.TestRunner/CommandLineTest/Executer.cs:74)
UnityEditor.EditorApplication:Internal_CallUpdateFunctions () (at /Users/bokken/build/output/unity/unity/Editor/Mono/EditorApplication.cs:403)

[Assets/VoxelEngine/Rendering/Runtime/Vegetation/ProceduralTreeRenderer.cs line 1079]

TreeBatch_4_10_LOD1: Destroy may not be called from edit mode! Use DestroyImmediate instead.
Destroying an object in edit mode destroys it permanently
UnityEngine.Debug:ExtractStackTraceNoAlloc (byte*,int,string)
UnityEngine.StackTraceUtility:ExtractStackTrace () (at /Users/bokken/build/output/unity/unity/Runtime/Export/Scripting/StackTrace.cs:35)
UnityEngine.Object:Destroy (UnityEngine.Object,single)
UnityEngine.Object:Destroy (UnityEngine.Object) (at /Users/bokken/build/output/unity/unity/Runtime/Export/Scripting/UnityEngineObject.bindings.cs:707)
VoxelEngine.Rendering.Runtime.Vegetation.ProceduralTreeRenderer:DestroyBatchObjects (VoxelEngine.Rendering.Runtime.Vegetation.ProceduralTreeRenderer/BatchPresentation) (at Assets/VoxelEngine/Rendering/Runtime/Vegetation/ProceduralTreeRenderer.cs:1079)
VoxelEngine.Rendering.Runtime.Vegetation.ProceduralTreeRenderer:ClearBatches () (at Assets/VoxelEngine/Rendering/Runtime/Vegetation/ProceduralTreeRenderer.cs:1092)
VoxelEngine.Rendering.Runtime.Vegetation.ProceduralTreeRenderer:ClearGenerated () (at Assets/VoxelEngine/Rendering/Runtime/Vegetation/ProceduralTreeRenderer.cs:1106)
VoxelEngine.Rendering.Runtime.Vegetation.ProceduralTreeRenderer:OnDestroy () (at Assets/VoxelEngine/Rendering/Runtime/Vegetation/ProceduralTreeRenderer.cs:1115)
UnityEditor.TestTools.TestRunner.CommandLineTest.Executer:ExitApplication (UnityEditor.TestTools.TestRunner.CommandLineTest.Executer/ReturnCodes,string) (at ./Library/PackageCache/com.unity.test-framework@1405238725ab/UnityEditor.TestRunner/CommandLineTest/Executer.cs:83)
UnityEditor.TestTools.TestRunner.CommandLineTest.Executer:ExitIfRunIsCompleted () (at ./Library/PackageCache/com.unity.test-framework@1405238725ab/UnityEditor.TestRunner/CommandLineTest/Executer.cs:74)
UnityEditor.EditorApplication:Internal_CallUpdateFunctions () (at /Users/bokken/build/output/unity/unity/Editor/Mono/EditorApplication.cs:403)

[Assets/VoxelEngine/Rendering/Runtime/Vegetation/ProceduralTreeRenderer.cs line 1079]

TreeBatch_4_10_LOD2: Destroy may not be called from edit mode! Use DestroyImmediate instead.
Destroying an object in edit mode destroys it permanently
UnityEngine.Debug:ExtractStackTraceNoAlloc (byte*,int,string)
UnityEngine.StackTraceUtility:ExtractStackTrace () (at /Users/bokken/build/output/unity/unity/Runtime/Export/Scripting/StackTrace.cs:35)
UnityEngine.Object:Destroy (UnityEngine.Object,single)
UnityEngine.Object:Destroy (UnityEngine.Object) (at /Users/bokken/build/output/unity/unity/Runtime/Export/Scripting/UnityEngineObject.bindings.cs:707)
VoxelEngine.Rendering.Runtime.Vegetation.ProceduralTreeRenderer:DestroyBatchObjects (VoxelEngine.Rendering.Runtime.Vegetation.ProceduralTreeRenderer/BatchPresentation) (at Assets/VoxelEngine/Rendering/Runtime/Vegetation/ProceduralTreeRenderer.cs:1079)
VoxelEngine.Rendering.Runtime.Vegetation.ProceduralTreeRenderer:ClearBatches () (at Assets/VoxelEngine/Rendering/Runtime/Vegetation/ProceduralTreeRenderer.cs:1092)
VoxelEngine.Rendering.Runtime.Vegetation.ProceduralTreeRenderer:ClearGenerated () (at Assets/VoxelEngine/Rendering/Runtime/Vegetation/ProceduralTreeRenderer.cs:1106)
VoxelEngine.Rendering.Runtime.Vegetation.ProceduralTreeRenderer:OnDestroy () (at Assets/VoxelEngine/Rendering/Runtime/Vegetation/ProceduralTreeRenderer.cs:1115)
UnityEditor.TestTools.TestRunner.CommandLineTest.Executer:ExitApplication (UnityEditor.TestTools.TestRunner.CommandLineTest.Executer/ReturnCodes,string) (at ./Library/PackageCache/com.unity.test-framework@1405238725ab/UnityEditor.TestRunner/CommandLineTest/Executer.cs:83)
UnityEditor.TestTools.TestRunner.CommandLineTest.Executer:ExitIfRunIsCompleted () (at ./Library/PackageCache/com.unity.test-framework@1405238725ab/UnityEditor.TestRunner/CommandLineTest/Executer.cs:74)
UnityEditor.EditorApplication:Internal_CallUpdateFunctions () (at /Users/bokken/build/output/unity/unity/Editor/Mono/EditorApplication.cs:403)

[Assets/VoxelEngine/Rendering/Runtime/Vegetation/ProceduralTreeRenderer.cs line 1079]

TreeBatch_4_10_LOD3: Destroy may not be called from edit mode! Use DestroyImmediate instead.
Destroying an object in edit mode destroys it permanently
UnityEngine.Debug:ExtractStackTraceNoAlloc (byte*,int,string)
UnityEngine.StackTraceUtility:ExtractStackTrace () (at /Users/bokken/build/output/unity/unity/Runtime/Export/Scripting/StackTrace.cs:35)
UnityEngine.Object:Destroy (UnityEngine.Object,single)
UnityEngine.Object:Destroy (UnityEngine.Object) (at /Users/bokken/build/output/unity/unity/Runtime/Export/Scripting/UnityEngineObject.bindings.cs:707)
VoxelEngine.Rendering.Runtime.Vegetation.ProceduralTreeRenderer:DestroyBatchObjects (VoxelEngine.Rendering.Runtime.Vegetation.ProceduralTreeRenderer/BatchPresentation) (at Assets/VoxelEngine/Rendering/Runtime/Vegetation/ProceduralTreeRenderer.cs:1081)
VoxelEngine.Rendering.Runtime.Vegetation.ProceduralTreeRenderer:ClearBatches () (at Assets/VoxelEngine/Rendering/Runtime/Vegetation/ProceduralTreeRenderer.cs:1092)
VoxelEngine.Rendering.Runtime.Vegetation.ProceduralTreeRenderer:ClearGenerated () (at Assets/VoxelEngine/Rendering/Runtime/Vegetation/ProceduralTreeRenderer.cs:1106)
VoxelEngine.Rendering.Runtime.Vegetation.ProceduralTreeRenderer:OnDestroy () (at Assets/VoxelEngine/Rendering/Runtime/Vegetation/ProceduralTreeRenderer.cs:1115)
UnityEditor.TestTools.TestRunner.CommandLineTest.Executer:ExitApplication (UnityEditor.TestTools.TestRunner.CommandLineTest.Executer/ReturnCodes,string) (at ./Library/PackageCache/com.unity.test-framework@1405238725ab/UnityEditor.TestRunner/CommandLineTest/Executer.cs:83)
UnityEditor.TestTools.TestRunner.CommandLineTest.Executer:ExitIfRunIsCompleted () (at ./Library/PackageCache/com.unity.test-framework@1405238725ab/UnityEditor.TestRunner/CommandLineTest/Executer.cs:74)
UnityEditor.EditorApplication:Internal_CallUpdateFunctions () (at /Users/bokken/build/output/unity/unity/Editor/Mono/EditorApplication.cs:403)

[Assets/VoxelEngine/Rendering/Runtime/Vegetation/ProceduralTreeRenderer.cs line 1081]

Tree Batch 4,10: Destroy may not be called from edit mode! Use DestroyImmediate instead.
Destroying an object in edit mode destroys it permanently
UnityEngine.Debug:ExtractStackTraceNoAlloc (byte*,int,string)
UnityEngine.StackTraceUtility:ExtractStackTrace () (at /Users/bokken/build/output/unity/unity/Runtime/Export/Scripting/StackTrace.cs:35)
UnityEngine.Object:Destroy (UnityEngine.Object,single)
UnityEngine.Object:Destroy (UnityEngine.Object) (at /Users/bokken/build/output/unity/unity/Runtime/Export/Scripting/UnityEngineObject.bindings.cs:707)
VoxelEngine.Rendering.Runtime.Vegetation.ProceduralTreeRenderer:DestroyBatchObjects (VoxelEngine.Rendering.Runtime.Vegetation.ProceduralTreeRenderer/BatchPresentation) (at Assets/VoxelEngine/Rendering/Runtime/Vegetation/ProceduralTreeRenderer.cs:1085)
VoxelEngine.Rendering.Runtime.Vegetation.ProceduralTreeRenderer:ClearBatches () (at Assets/VoxelEngine/Rendering/Runtime/Vegetation/ProceduralTreeRenderer.cs:1092)
VoxelEngine.Rendering.Runtime.Vegetation.ProceduralTreeRenderer:ClearGenerated () (at Assets/VoxelEngine/Rendering/Runtime/Vegetation/ProceduralTreeRenderer.cs:1106)
VoxelEngine.Rendering.Runtime.Vegetation.ProceduralTreeRenderer:OnDestroy () (at Assets/VoxelEngine/Rendering/Runtime/Vegetation/ProceduralTreeRenderer.cs:1115)
UnityEditor.TestTools.TestRunner.CommandLineTest.Executer:ExitApplication (UnityEditor.TestTools.TestRunner.CommandLineTest.Executer/ReturnCodes,string) (at ./Library/PackageCache/com.unity.test-framework@1405238725ab/UnityEditor.TestRunner/CommandLineTest/Executer.cs:83)
UnityEditor.TestTools.TestRunner.CommandLineTest.Executer:ExitIfRunIsCompleted () (at ./Library/PackageCache/com.unity.test-framework@1405238725ab/UnityEditor.TestRunner/CommandLineTest/Executer.cs:74)
UnityEditor.EditorApplication:Internal_CallUpdateFunctions () (at /Users/bokken/build/output/unity/unity/Editor/Mono/EditorApplication.cs:403)

[Assets/VoxelEngine/Rendering/Runtime/Vegetation/ProceduralTreeRenderer.cs line 1085]

TreeBatch_5_10_LOD0: Destroy may not be called from edit mode! Use DestroyImmediate instead.
Destroying an object in edit mode destroys it permanently
UnityEngine.Debug:ExtractStackTraceNoAlloc (byte*,int,string)
UnityEngine.StackTraceUtility:ExtractStackTrace () (at /Users/bokken/build/output/unity/unity/Runtime/Export/Scripting/StackTrace.cs:35)
UnityEngine.Object:Destroy (UnityEngine.Object,single)
UnityEngine.Object:Destroy (UnityEngine.Object) (at /Users/bokken/build/output/unity/unity/Runtime/Export/Scripting/UnityEngineObject.bindings.cs:707)
VoxelEngine.Rendering.Runtime.Vegetation.ProceduralTreeRenderer:DestroyBatchObjects (VoxelEngine.Rendering.Runtime.Vegetation.ProceduralTreeRenderer/BatchPresentation) (at Assets/VoxelEngine/Rendering/Runtime/Vegetation/ProceduralTreeRenderer.cs:1079)
VoxelEngine.Rendering.Runtime.Vegetation.ProceduralTreeRenderer:ClearBatches () (at Assets/VoxelEngine/Rendering/Runtime/Vegetation/ProceduralTreeRenderer.cs:1092)
VoxelEngine.Rendering.Runtime.Vegetation.ProceduralTreeRenderer:ClearGenerated () (at Assets/VoxelEngine/Rendering/Runtime/Vegetation/ProceduralTreeRenderer.cs:1106)
VoxelEngine.Rendering.Runtime.Vegetation.ProceduralTreeRenderer:OnDestroy () (at Assets/VoxelEngine/Rendering/Runtime/Vegetation/ProceduralTreeRenderer.cs:1115)
UnityEditor.TestTools.TestRunner.CommandLineTest.Executer:ExitApplication (UnityEditor.TestTools.TestRunner.CommandLineTest.Executer/ReturnCodes,string) (at ./Library/PackageCache/com.unity.test-framework@1405238725ab/UnityEditor.TestRunner/CommandLineTest/Executer.cs:83)
UnityEditor.TestTools.TestRunner.CommandLineTest.Executer:ExitIfRunIsCompleted () (at ./Library/PackageCache/com.unity.test-framework@1405238725ab/UnityEditor.TestRunner/CommandLineTest/Executer.cs:74)
UnityEditor.EditorApplication:Internal_CallUpdateFunctions () (at /Users/bokken/build/output/unity/unity/Editor/Mono/EditorApplication.cs:403)

[Assets/VoxelEngine/Rendering/Runtime/Vegetation/ProceduralTreeRenderer.cs line 1079]

TreeBatch_5_10_LOD1: Destroy may not be called from edit mode! Use DestroyImmediate instead.
Destroying an object in edit mode destroys it permanently
UnityEngine.Debug:ExtractStackTraceNoAlloc (byte*,int,string)
UnityEngine.StackTraceUtility:ExtractStackTrace () (at /Users/bokken/build/output/unity/unity/Runtime/Export/Scripting/StackTrace.cs:35)
UnityEngine.Object:Destroy (UnityEngine.Object,single)
UnityEngine.Object:Destroy (UnityEngine.Object) (at /Users/bokken/build/output/unity/unity/Runtime/Export/Scripting/UnityEngineObject.bindings.cs:707)
VoxelEngine.Rendering.Runtime.Vegetation.ProceduralTreeRenderer:DestroyBatchObjects (VoxelEngine.Rendering.Runtime.Vegetation.ProceduralTreeRenderer/BatchPresentation) (at Assets/VoxelEngine/Rendering/Runtime/Vegetation/ProceduralTreeRenderer.cs:1079)
VoxelEngine.Rendering.Runtime.Vegetation.ProceduralTreeRenderer:ClearBatches () (at Assets/VoxelEngine/Rendering/Runtime/Vegetation/ProceduralTreeRenderer.cs:1092)
VoxelEngine.Rendering.Runtime.Vegetation.ProceduralTreeRenderer:ClearGenerated () (at Assets/VoxelEngine/Rendering/Runtime/Vegetation/ProceduralTreeRenderer.cs:1106)
VoxelEngine.Rendering.Runtime.Vegetation.ProceduralTreeRenderer:OnDestroy () (at Assets/VoxelEngine/Rendering/Runtime/Vegetation/ProceduralTreeRenderer.cs:1115)
UnityEditor.TestTools.TestRunner.CommandLineTest.Executer:ExitApplication (UnityEditor.TestTools.TestRunner.CommandLineTest.Executer/ReturnCodes,string) (at ./Library/PackageCache/com.unity.test-framework@1405238725ab/UnityEditor.TestRunner/CommandLineTest/Executer.cs:83)
UnityEditor.TestTools.TestRunner.CommandLineTest.Executer:ExitIfRunIsCompleted () (at ./Library/PackageCache/com.unity.test-framework@1405238725ab/UnityEditor.TestRunner/CommandLineTest/Executer.cs:74)
UnityEditor.EditorApplication:Internal_CallUpdateFunctions () (at /Users/bokken/build/output/unity/unity/Editor/Mono/EditorApplication.cs:403)

[Assets/VoxelEngine/Rendering/Runtime/Vegetation/ProceduralTreeRenderer.cs line 1079]

TreeBatch_5_10_LOD2: Destroy may not be called from edit mode! Use DestroyImmediate instead.
Destroying an object in edit mode destroys it permanently
UnityEngine.Debug:ExtractStackTraceNoAlloc (byte*,int,string)
UnityEngine.StackTraceUtility:ExtractStackTrace () (at /Users/bokken/build/output/unity/unity/Runtime/Export/Scripting/StackTrace.cs:35)
UnityEngine.Object:Destroy (UnityEngine.Object,single)
UnityEngine.Object:Destroy (UnityEngine.Object) (at /Users/bokken/build/output/unity/unity/Runtime/Export/Scripting/UnityEngineObject.bindings.cs:707)
VoxelEngine.Rendering.Runtime.Vegetation.ProceduralTreeRenderer:DestroyBatchObjects (VoxelEngine.Rendering.Runtime.Vegetation.ProceduralTreeRenderer/BatchPresentation) (at Assets/VoxelEngine/Rendering/Runtime/Vegetation/ProceduralTreeRenderer.cs:1079)
VoxelEngine.Rendering.Runtime.Vegetation.ProceduralTreeRenderer:ClearBatches () (at Assets/VoxelEngine/Rendering/Runtime/Vegetation/ProceduralTreeRenderer.cs:1092)
VoxelEngine.Rendering.Runtime.Vegetation.ProceduralTreeRenderer:ClearGenerated () (at Assets/VoxelEngine/Rendering/Runtime/Vegetation/ProceduralTreeRenderer.cs:1106)
VoxelEngine.Rendering.Runtime.Vegetation.ProceduralTreeRenderer:OnDestroy () (at Assets/VoxelEngine/Rendering/Runtime/Vegetation/ProceduralTreeRenderer.cs:1115)
UnityEditor.TestTools.TestRunner.CommandLineTest.Executer:ExitApplication (UnityEditor.TestTools.TestRunner.CommandLineTest.Executer/ReturnCodes,string) (at ./Library/PackageCache/com.unity.test-framework@1405238725ab/UnityEditor.TestRunner/CommandLineTest/Executer.cs:83)
UnityEditor.TestTools.TestRunner.CommandLineTest.Executer:ExitIfRunIsCompleted () (at ./Library/PackageCache/com.unity.test-framework@1405238725ab/UnityEditor.TestRunner/CommandLineTest/Executer.cs:74)
UnityEditor.EditorApplication:Internal_CallUpdateFunctions () (at /Users/bokken/build/output/unity/unity/Editor/Mono/EditorApplication.cs:403)

[Assets/VoxelEngine/Rendering/Runtime/Vegetation/ProceduralTreeRenderer.cs line 1079]

TreeBatch_5_10_LOD3: Destroy may not be called from edit mode! Use DestroyImmediate instead.
Destroying an object in edit mode destroys it permanently
UnityEngine.Debug:ExtractStackTraceNoAlloc (byte*,int,string)
UnityEngine.StackTraceUtility:ExtractStackTrace () (at /Users/bokken/build/output/unity/unity/Runtime/Export/Scripting/StackTrace.cs:35)
UnityEngine.Object:Destroy (UnityEngine.Object,single)
UnityEngine.Object:Destroy (UnityEngine.Object) (at /Users/bokken/build/output/unity/unity/Runtime/Export/Scripting/UnityEngineObject.bindings.cs:707)
VoxelEngine.Rendering.Runtime.Vegetation.ProceduralTreeRenderer:DestroyBatchObjects (VoxelEngine.Rendering.Runtime.Vegetation.ProceduralTreeRenderer/BatchPresentation) (at Assets/VoxelEngine/Rendering/Runtime/Vegetation/ProceduralTreeRenderer.cs:1081)
VoxelEngine.Rendering.Runtime.Vegetation.ProceduralTreeRenderer:ClearBatches () (at Assets/VoxelEngine/Rendering/Runtime/Vegetation/ProceduralTreeRenderer.cs:1092)
VoxelEngine.Rendering.Runtime.Vegetation.ProceduralTreeRenderer:ClearGenerated () (at Assets/VoxelEngine/Rendering/Runtime/Vegetation/ProceduralTreeRenderer.cs:1106)
VoxelEngine.Rendering.Runtime.Vegetation.ProceduralTreeRenderer:OnDestroy () (at Assets/VoxelEngine/Rendering/Runtime/Vegetation/ProceduralTreeRenderer.cs:1115)
UnityEditor.TestTools.TestRunner.CommandLineTest.Executer:ExitApplication (UnityEditor.TestTools.TestRunner.CommandLineTest.Executer/ReturnCodes,string) (at ./Library/PackageCache/com.unity.test-framework@1405238725ab/UnityEditor.TestRunner/CommandLineTest/Executer.cs:83)
UnityEditor.TestTools.TestRunner.CommandLineTest.Executer:ExitIfRunIsCompleted () (at ./Library/PackageCache/com.unity.test-framework@1405238725ab/UnityEditor.TestRunner/CommandLineTest/Executer.cs:74)
UnityEditor.EditorApplication:Internal_CallUpdateFunctions () (at /Users/bokken/build/output/unity/unity/Editor/Mono/EditorApplication.cs:403)

[Assets/VoxelEngine/Rendering/Runtime/Vegetation/ProceduralTreeRenderer.cs line 1081]

Tree Batch 5,10: Destroy may not be called from edit mode! Use DestroyImmediate instead.
Destroying an object in edit mode destroys it permanently
UnityEngine.Debug:ExtractStackTraceNoAlloc (byte*,int,string)
UnityEngine.StackTraceUtility:ExtractStackTrace () (at /Users/bokken/build/output/unity/unity/Runtime/Export/Scripting/StackTrace.cs:35)
UnityEngine.Object:Destroy (UnityEngine.Object,single)
UnityEngine.Object:Destroy (UnityEngine.Object) (at /Users/bokken/build/output/unity/unity/Runtime/Export/Scripting/UnityEngineObject.bindings.cs:707)
VoxelEngine.Rendering.Runtime.Vegetation.ProceduralTreeRenderer:DestroyBatchObjects (VoxelEngine.Rendering.Runtime.Vegetation.ProceduralTreeRenderer/BatchPresentation) (at Assets/VoxelEngine/Rendering/Runtime/Vegetation/ProceduralTreeRenderer.cs:1085)
VoxelEngine.Rendering.Runtime.Vegetation.ProceduralTreeRenderer:ClearBatches () (at Assets/VoxelEngine/Rendering/Runtime/Vegetation/ProceduralTreeRenderer.cs:1092)
VoxelEngine.Rendering.Runtime.Vegetation.ProceduralTreeRenderer:ClearGenerated () (at Assets/VoxelEngine/Rendering/Runtime/Vegetation/ProceduralTreeRenderer.cs:1106)
VoxelEngine.Rendering.Runtime.Vegetation.ProceduralTreeRenderer:OnDestroy () (at Assets/VoxelEngine/Rendering/Runtime/Vegetation/ProceduralTreeRenderer.cs:1115)
UnityEditor.TestTools.TestRunner.CommandLineTest.Executer:ExitApplication (UnityEditor.TestTools.TestRunner.CommandLineTest.Executer/ReturnCodes,string) (at ./Library/PackageCache/com.unity.test-framework@1405238725ab/UnityEditor.TestRunner/CommandLineTest/Executer.cs:83)
UnityEditor.TestTools.TestRunner.CommandLineTest.Executer:ExitIfRunIsCompleted () (at ./Library/PackageCache/com.unity.test-framework@1405238725ab/UnityEditor.TestRunner/CommandLineTest/Executer.cs:74)
UnityEditor.EditorApplication:Internal_CallUpdateFunctions () (at /Users/bokken/build/output/unity/unity/Editor/Mono/EditorApplication.cs:403)

[Assets/VoxelEngine/Rendering/Runtime/Vegetation/ProceduralTreeRenderer.cs line 1085]

TreeBatch_6_10_LOD0: Destroy may not be called from edit mode! Use DestroyImmediate instead.
Destroying an object in edit mode destroys it permanently
UnityEngine.Debug:ExtractStackTraceNoAlloc (byte*,int,string)
UnityEngine.StackTraceUtility:ExtractStackTrace () (at /Users/bokken/build/output/unity/unity/Runtime/Export/Scripting/StackTrace.cs:35)
UnityEngine.Object:Destroy (UnityEngine.Object,single)
UnityEngine.Object:Destroy (UnityEngine.Object) (at /Users/bokken/build/output/unity/unity/Runtime/Export/Scripting/UnityEngineObject.bindings.cs:707)
VoxelEngine.Rendering.Runtime.Vegetation.ProceduralTreeRenderer:DestroyBatchObjects (VoxelEngine.Rendering.Runtime.Vegetation.ProceduralTreeRenderer/BatchPresentation) (at Assets/VoxelEngine/Rendering/Runtime/Vegetation/ProceduralTreeRenderer.cs:1079)
VoxelEngine.Rendering.Runtime.Vegetation.ProceduralTreeRenderer:ClearBatches () (at Assets/VoxelEngine/Rendering/Runtime/Vegetation/ProceduralTreeRenderer.cs:1092)
VoxelEngine.Rendering.Runtime.Vegetation.ProceduralTreeRenderer:ClearGenerated () (at Assets/VoxelEngine/Rendering/Runtime/Vegetation/ProceduralTreeRenderer.cs:1106)
VoxelEngine.Rendering.Runtime.Vegetation.ProceduralTreeRenderer:OnDestroy () (at Assets/VoxelEngine/Rendering/Runtime/Vegetation/ProceduralTreeRenderer.cs:1115)
UnityEditor.TestTools.TestRunner.CommandLineTest.Executer:ExitApplication (UnityEditor.TestTools.TestRunner.CommandLineTest.Executer/ReturnCodes,string) (at ./Library/PackageCache/com.unity.test-framework@1405238725ab/UnityEditor.TestRunner/CommandLineTest/Executer.cs:83)
UnityEditor.TestTools.TestRunner.CommandLineTest.Executer:ExitIfRunIsCompleted () (at ./Library/PackageCache/com.unity.test-framework@1405238725ab/UnityEditor.TestRunner/CommandLineTest/Executer.cs:74)
UnityEditor.EditorApplication:Internal_CallUpdateFunctions () (at /Users/bokken/build/output/unity/unity/Editor/Mono/EditorApplication.cs:403)

[Assets/VoxelEngine/Rendering/Runtime/Vegetation/ProceduralTreeRenderer.cs line 1079]

TreeBatch_6_10_LOD1: Destroy may not be called from edit mode! Use DestroyImmediate instead.
Destroying an object in edit mode destroys it permanently
UnityEngine.Debug:ExtractStackTraceNoAlloc (byte*,int,string)
UnityEngine.StackTraceUtility:ExtractStackTrace () (at /Users/bokken/build/output/unity/unity/Runtime/Export/Scripting/StackTrace.cs:35)
UnityEngine.Object:Destroy (UnityEngine.Object,single)
UnityEngine.Object:Destroy (UnityEngine.Object) (at /Users/bokken/build/output/unity/unity/Runtime/Export/Scripting/UnityEngineObject.bindings.cs:707)
VoxelEngine.Rendering.Runtime.Vegetation.ProceduralTreeRenderer:DestroyBatchObjects (VoxelEngine.Rendering.Runtime.Vegetation.ProceduralTreeRenderer/BatchPresentation) (at Assets/VoxelEngine/Rendering/Runtime/Vegetation/ProceduralTreeRenderer.cs:1079)
VoxelEngine.Rendering.Runtime.Vegetation.ProceduralTreeRenderer:ClearBatches () (at Assets/VoxelEngine/Rendering/Runtime/Vegetation/ProceduralTreeRenderer.cs:1092)
VoxelEngine.Rendering.Runtime.Vegetation.ProceduralTreeRenderer:ClearGenerated () (at Assets/VoxelEngine/Rendering/Runtime/Vegetation/ProceduralTreeRenderer.cs:1106)
VoxelEngine.Rendering.Runtime.Vegetation.ProceduralTreeRenderer:OnDestroy () (at Assets/VoxelEngine/Rendering/Runtime/Vegetation/ProceduralTreeRenderer.cs:1115)
UnityEditor.TestTools.TestRunner.CommandLineTest.Executer:ExitApplication (UnityEditor.TestTools.TestRunner.CommandLineTest.Executer/ReturnCodes,string) (at ./Library/PackageCache/com.unity.test-framework@1405238725ab/UnityEditor.TestRunner/CommandLineTest/Executer.cs:83)
UnityEditor.TestTools.TestRunner.CommandLineTest.Executer:ExitIfRunIsCompleted () (at ./Library/PackageCache/com.unity.test-framework@1405238725ab/UnityEditor.TestRunner/CommandLineTest/Executer.cs:74)
UnityEditor.EditorApplication:Internal_CallUpdateFunctions () (at /Users/bokken/build/output/unity/unity/Editor/Mono/EditorApplication.cs:403)

[Assets/VoxelEngine/Rendering/Runtime/Vegetation/ProceduralTreeRenderer.cs line 1079]

TreeBatch_6_10_LOD2: Destroy may not be called from edit mode! Use DestroyImmediate instead.
Destroying an object in edit mode destroys it permanently
UnityEngine.Debug:ExtractStackTraceNoAlloc (byte*,int,string)
UnityEngine.StackTraceUtility:ExtractStackTrace () (at /Users/bokken/build/output/unity/unity/Runtime/Export/Scripting/StackTrace.cs:35)
UnityEngine.Object:Destroy (UnityEngine.Object,single)
UnityEngine.Object:Destroy (UnityEngine.Object) (at /Users/bokken/build/output/unity/unity/Runtime/Export/Scripting/UnityEngineObject.bindings.cs:707)
VoxelEngine.Rendering.Runtime.Vegetation.ProceduralTreeRenderer:DestroyBatchObjects (VoxelEngine.Rendering.Runtime.Vegetation.ProceduralTreeRenderer/BatchPresentation) (at Assets/VoxelEngine/Rendering/Runtime/Vegetation/ProceduralTreeRenderer.cs:1079)
VoxelEngine.Rendering.Runtime.Vegetation.ProceduralTreeRenderer:ClearBatches () (at Assets/VoxelEngine/Rendering/Runtime/Vegetation/ProceduralTreeRenderer.cs:1092)
VoxelEngine.Rendering.Runtime.Vegetation.ProceduralTreeRenderer:ClearGenerated () (at Assets/VoxelEngine/Rendering/Runtime/Vegetation/ProceduralTreeRenderer.cs:1106)
VoxelEngine.Rendering.Runtime.Vegetation.ProceduralTreeRenderer:OnDestroy () (at Assets/VoxelEngine/Rendering/Runtime/Vegetation/ProceduralTreeRenderer.cs:1115)
UnityEditor.TestTools.TestRunner.CommandLineTest.Executer:ExitApplication (UnityEditor.TestTools.TestRunner.CommandLineTest.Executer/ReturnCodes,string) (at ./Library/PackageCache/com.unity.test-framework@1405238725ab/UnityEditor.TestRunner/CommandLineTest/Executer.cs:83)
UnityEditor.TestTools.TestRunner.CommandLineTest.Executer:ExitIfRunIsCompleted () (at ./Library/PackageCache/com.unity.test-framework@1405238725ab/UnityEditor.TestRunner/CommandLineTest/Executer.cs:74)
UnityEditor.EditorApplication:Internal_CallUpdateFunctions () (at /Users/bokken/build/output/unity/unity/Editor/Mono/EditorApplication.cs:403)

[Assets/VoxelEngine/Rendering/Runtime/Vegetation/ProceduralTreeRenderer.cs line 1079]

TreeBatch_6_10_LOD3: Destroy may not be called from edit mode! Use DestroyImmediate instead.
Destroying an object in edit mode destroys it permanently
UnityEngine.Debug:ExtractStackTraceNoAlloc (byte*,int,string)
UnityEngine.StackTraceUtility:ExtractStackTrace () (at /Users/bokken/build/output/unity/unity/Runtime/Export/Scripting/StackTrace.cs:35)
UnityEngine.Object:Destroy (UnityEngine.Object,single)
UnityEngine.Object:Destroy (UnityEngine.Object) (at /Users/bokken/build/output/unity/unity/Runtime/Export/Scripting/UnityEngineObject.bindings.cs:707)
VoxelEngine.Rendering.Runtime.Vegetation.ProceduralTreeRenderer:DestroyBatchObjects (VoxelEngine.Rendering.Runtime.Vegetation.ProceduralTreeRenderer/BatchPresentation) (at Assets/VoxelEngine/Rendering/Runtime/Vegetation/ProceduralTreeRenderer.cs:1081)
VoxelEngine.Rendering.Runtime.Vegetation.ProceduralTreeRenderer:ClearBatches () (at Assets/VoxelEngine/Rendering/Runtime/Vegetation/ProceduralTreeRenderer.cs:1092)
VoxelEngine.Rendering.Runtime.Vegetation.ProceduralTreeRenderer:ClearGenerated () (at Assets/VoxelEngine/Rendering/Runtime/Vegetation/ProceduralTreeRenderer.cs:1106)
VoxelEngine.Rendering.Runtime.Vegetation.ProceduralTreeRenderer:OnDestroy () (at Assets/VoxelEngine/Rendering/Runtime/Vegetation/ProceduralTreeRenderer.cs:1115)
UnityEditor.TestTools.TestRunner.CommandLineTest.Executer:ExitApplication (UnityEditor.TestTools.TestRunner.CommandLineTest.Executer/ReturnCodes,string) (at ./Library/PackageCache/com.unity.test-framework@1405238725ab/UnityEditor.TestRunner/CommandLineTest/Executer.cs:83)
UnityEditor.TestTools.TestRunner.CommandLineTest.Executer:ExitIfRunIsCompleted () (at ./Library/PackageCache/com.unity.test-framework@1405238725ab/UnityEditor.TestRunner/CommandLineTest/Executer.cs:74)
UnityEditor.EditorApplication:Internal_CallUpdateFunctions () (at /Users/bokken/build/output/unity/unity/Editor/Mono/EditorApplication.cs:403)

[Assets/VoxelEngine/Rendering/Runtime/Vegetation/ProceduralTreeRenderer.cs line 1081]

Tree Batch 6,10: Destroy may not be called from edit mode! Use DestroyImmediate instead.
Destroying an object in edit mode destroys it permanently
UnityEngine.Debug:ExtractStackTraceNoAlloc (byte*,int,string)
UnityEngine.StackTraceUtility:ExtractStackTrace () (at /Users/bokken/build/output/unity/unity/Runtime/Export/Scripting/StackTrace.cs:35)
UnityEngine.Object:Destroy (UnityEngine.Object,single)
UnityEngine.Object:Destroy (UnityEngine.Object) (at /Users/bokken/build/output/unity/unity/Runtime/Export/Scripting/UnityEngineObject.bindings.cs:707)
VoxelEngine.Rendering.Runtime.Vegetation.ProceduralTreeRenderer:DestroyBatchObjects (VoxelEngine.Rendering.Runtime.Vegetation.ProceduralTreeRenderer/BatchPresentation) (at Assets/VoxelEngine/Rendering/Runtime/Vegetation/ProceduralTreeRenderer.cs:1085)
VoxelEngine.Rendering.Runtime.Vegetation.ProceduralTreeRenderer:ClearBatches () (at Assets/VoxelEngine/Rendering/Runtime/Vegetation/ProceduralTreeRenderer.cs:1092)
VoxelEngine.Rendering.Runtime.Vegetation.ProceduralTreeRenderer:ClearGenerated () (at Assets/VoxelEngine/Rendering/Runtime/Vegetation/ProceduralTreeRenderer.cs:1106)
VoxelEngine.Rendering.Runtime.Vegetation.ProceduralTreeRenderer:OnDestroy () (at Assets/VoxelEngine/Rendering/Runtime/Vegetation/ProceduralTreeRenderer.cs:1115)
UnityEditor.TestTools.TestRunner.CommandLineTest.Executer:ExitApplication (UnityEditor.TestTools.TestRunner.CommandLineTest.Executer/ReturnCodes,string) (at ./Library/PackageCache/com.unity.test-framework@1405238725ab/UnityEditor.TestRunner/CommandLineTest/Executer.cs:83)
UnityEditor.TestTools.TestRunner.CommandLineTest.Executer:ExitIfRunIsCompleted () (at ./Library/PackageCache/com.unity.test-framework@1405238725ab/UnityEditor.TestRunner/CommandLineTest/Executer.cs:74)
UnityEditor.EditorApplication:Internal_CallUpdateFunctions () (at /Users/bokken/build/output/unity/unity/Editor/Mono/EditorApplication.cs:403)

[Assets/VoxelEngine/Rendering/Runtime/Vegetation/ProceduralTreeRenderer.cs line 1085]

TreeBatch_0_11_LOD0: Destroy may not be called from edit mode! Use DestroyImmediate instead.
Destroying an object in edit mode destroys it permanently
UnityEngine.Debug:ExtractStackTraceNoAlloc (byte*,int,string)
UnityEngine.StackTraceUtility:ExtractStackTrace () (at /Users/bokken/build/output/unity/unity/Runtime/Export/Scripting/StackTrace.cs:35)
UnityEngine.Object:Destroy (UnityEngine.Object,single)
UnityEngine.Object:Destroy (UnityEngine.Object) (at /Users/bokken/build/output/unity/unity/Runtime/Export/Scripting/UnityEngineObject.bindings.cs:707)
VoxelEngine.Rendering.Runtime.Vegetation.ProceduralTreeRenderer:DestroyBatchObjects (VoxelEngine.Rendering.Runtime.Vegetation.ProceduralTreeRenderer/BatchPresentation) (at Assets/VoxelEngine/Rendering/Runtime/Vegetation/ProceduralTreeRenderer.cs:1079)
VoxelEngine.Rendering.Runtime.Vegetation.ProceduralTreeRenderer:ClearBatches () (at Assets/VoxelEngine/Rendering/Runtime/Vegetation/ProceduralTreeRenderer.cs:1092)
VoxelEngine.Rendering.Runtime.Vegetation.ProceduralTreeRenderer:ClearGenerated () (at Assets/VoxelEngine/Rendering/Runtime/Vegetation/ProceduralTreeRenderer.cs:1106)
VoxelEngine.Rendering.Runtime.Vegetation.ProceduralTreeRenderer:OnDestroy () (at Assets/VoxelEngine/Rendering/Runtime/Vegetation/ProceduralTreeRenderer.cs:1115)
UnityEditor.TestTools.TestRunner.CommandLineTest.Executer:ExitApplication (UnityEditor.TestTools.TestRunner.CommandLineTest.Executer/ReturnCodes,string) (at ./Library/PackageCache/com.unity.test-framework@1405238725ab/UnityEditor.TestRunner/CommandLineTest/Executer.cs:83)
UnityEditor.TestTools.TestRunner.CommandLineTest.Executer:ExitIfRunIsCompleted () (at ./Library/PackageCache/com.unity.test-framework@1405238725ab/UnityEditor.TestRunner/CommandLineTest/Executer.cs:74)
UnityEditor.EditorApplication:Internal_CallUpdateFunctions () (at /Users/bokken/build/output/unity/unity/Editor/Mono/EditorApplication.cs:403)

[Assets/VoxelEngine/Rendering/Runtime/Vegetation/ProceduralTreeRenderer.cs line 1079]

TreeBatch_0_11_LOD1: Destroy may not be called from edit mode! Use DestroyImmediate instead.
Destroying an object in edit mode destroys it permanently
UnityEngine.Debug:ExtractStackTraceNoAlloc (byte*,int,string)
UnityEngine.StackTraceUtility:ExtractStackTrace () (at /Users/bokken/build/output/unity/unity/Runtime/Export/Scripting/StackTrace.cs:35)
UnityEngine.Object:Destroy (UnityEngine.Object,single)
UnityEngine.Object:Destroy (UnityEngine.Object) (at /Users/bokken/build/output/unity/unity/Runtime/Export/Scripting/UnityEngineObject.bindings.cs:707)
VoxelEngine.Rendering.Runtime.Vegetation.ProceduralTreeRenderer:DestroyBatchObjects (VoxelEngine.Rendering.Runtime.Vegetation.ProceduralTreeRenderer/BatchPresentation) (at Assets/VoxelEngine/Rendering/Runtime/Vegetation/ProceduralTreeRenderer.cs:1079)
VoxelEngine.Rendering.Runtime.Vegetation.ProceduralTreeRenderer:ClearBatches () (at Assets/VoxelEngine/Rendering/Runtime/Vegetation/ProceduralTreeRenderer.cs:1092)
VoxelEngine.Rendering.Runtime.Vegetation.ProceduralTreeRenderer:ClearGenerated () (at Assets/VoxelEngine/Rendering/Runtime/Vegetation/ProceduralTreeRenderer.cs:1106)
VoxelEngine.Rendering.Runtime.Vegetation.ProceduralTreeRenderer:OnDestroy () (at Assets/VoxelEngine/Rendering/Runtime/Vegetation/ProceduralTreeRenderer.cs:1115)
UnityEditor.TestTools.TestRunner.CommandLineTest.Executer:ExitApplication (UnityEditor.TestTools.TestRunner.CommandLineTest.Executer/ReturnCodes,string) (at ./Library/PackageCache/com.unity.test-framework@1405238725ab/UnityEditor.TestRunner/CommandLineTest/Executer.cs:83)
UnityEditor.TestTools.TestRunner.CommandLineTest.Executer:ExitIfRunIsCompleted () (at ./Library/PackageCache/com.unity.test-framework@1405238725ab/UnityEditor.TestRunner/CommandLineTest/Executer.cs:74)
UnityEditor.EditorApplication:Internal_CallUpdateFunctions () (at /Users/bokken/build/output/unity/unity/Editor/Mono/EditorApplication.cs:403)

[Assets/VoxelEngine/Rendering/Runtime/Vegetation/ProceduralTreeRenderer.cs line 1079]

TreeBatch_0_11_LOD2: Destroy may not be called from edit mode! Use DestroyImmediate instead.
Destroying an object in edit mode destroys it permanently
UnityEngine.Debug:ExtractStackTraceNoAlloc (byte*,int,string)
UnityEngine.StackTraceUtility:ExtractStackTrace () (at /Users/bokken/build/output/unity/unity/Runtime/Export/Scripting/StackTrace.cs:35)
UnityEngine.Object:Destroy (UnityEngine.Object,single)
UnityEngine.Object:Destroy (UnityEngine.Object) (at /Users/bokken/build/output/unity/unity/Runtime/Export/Scripting/UnityEngineObject.bindings.cs:707)
VoxelEngine.Rendering.Runtime.Vegetation.ProceduralTreeRenderer:DestroyBatchObjects (VoxelEngine.Rendering.Runtime.Vegetation.ProceduralTreeRenderer/BatchPresentation) (at Assets/VoxelEngine/Rendering/Runtime/Vegetation/ProceduralTreeRenderer.cs:1079)
VoxelEngine.Rendering.Runtime.Vegetation.ProceduralTreeRenderer:ClearBatches () (at Assets/VoxelEngine/Rendering/Runtime/Vegetation/ProceduralTreeRenderer.cs:1092)
VoxelEngine.Rendering.Runtime.Vegetation.ProceduralTreeRenderer:ClearGenerated () (at Assets/VoxelEngine/Rendering/Runtime/Vegetation/ProceduralTreeRenderer.cs:1106)
VoxelEngine.Rendering.Runtime.Vegetation.ProceduralTreeRenderer:OnDestroy () (at Assets/VoxelEngine/Rendering/Runtime/Vegetation/ProceduralTreeRenderer.cs:1115)
UnityEditor.TestTools.TestRunner.CommandLineTest.Executer:ExitApplication (UnityEditor.TestTools.TestRunner.CommandLineTest.Executer/ReturnCodes,string) (at ./Library/PackageCache/com.unity.test-framework@1405238725ab/UnityEditor.TestRunner/CommandLineTest/Executer.cs:83)
UnityEditor.TestTools.TestRunner.CommandLineTest.Executer:ExitIfRunIsCompleted () (at ./Library/PackageCache/com.unity.test-framework@1405238725ab/UnityEditor.TestRunner/CommandLineTest/Executer.cs:74)
UnityEditor.EditorApplication:Internal_CallUpdateFunctions () (at /Users/bokken/build/output/unity/unity/Editor/Mono/EditorApplication.cs:403)

[Assets/VoxelEngine/Rendering/Runtime/Vegetation/ProceduralTreeRenderer.cs line 1079]

TreeBatch_0_11_LOD3: Destroy may not be called from edit mode! Use DestroyImmediate instead.
Destroying an object in edit mode destroys it permanently
UnityEngine.Debug:ExtractStackTraceNoAlloc (byte*,int,string)
UnityEngine.StackTraceUtility:ExtractStackTrace () (at /Users/bokken/build/output/unity/unity/Runtime/Export/Scripting/StackTrace.cs:35)
UnityEngine.Object:Destroy (UnityEngine.Object,single)
UnityEngine.Object:Destroy (UnityEngine.Object) (at /Users/bokken/build/output/unity/unity/Runtime/Export/Scripting/UnityEngineObject.bindings.cs:707)
VoxelEngine.Rendering.Runtime.Vegetation.ProceduralTreeRenderer:DestroyBatchObjects (VoxelEngine.Rendering.Runtime.Vegetation.ProceduralTreeRenderer/BatchPresentation) (at Assets/VoxelEngine/Rendering/Runtime/Vegetation/ProceduralTreeRenderer.cs:1081)
VoxelEngine.Rendering.Runtime.Vegetation.ProceduralTreeRenderer:ClearBatches () (at Assets/VoxelEngine/Rendering/Runtime/Vegetation/ProceduralTreeRenderer.cs:1092)
VoxelEngine.Rendering.Runtime.Vegetation.ProceduralTreeRenderer:ClearGenerated () (at Assets/VoxelEngine/Rendering/Runtime/Vegetation/ProceduralTreeRenderer.cs:1106)
VoxelEngine.Rendering.Runtime.Vegetation.ProceduralTreeRenderer:OnDestroy () (at Assets/VoxelEngine/Rendering/Runtime/Vegetation/ProceduralTreeRenderer.cs:1115)
UnityEditor.TestTools.TestRunner.CommandLineTest.Executer:ExitApplication (UnityEditor.TestTools.TestRunner.CommandLineTest.Executer/ReturnCodes,string) (at ./Library/PackageCache/com.unity.test-framework@1405238725ab/UnityEditor.TestRunner/CommandLineTest/Executer.cs:83)
UnityEditor.TestTools.TestRunner.CommandLineTest.Executer:ExitIfRunIsCompleted () (at ./Library/PackageCache/com.unity.test-framework@1405238725ab/UnityEditor.TestRunner/CommandLineTest/Executer.cs:74)
UnityEditor.EditorApplication:Internal_CallUpdateFunctions () (at /Users/bokken/build/output/unity/unity/Editor/Mono/EditorApplication.cs:403)

[Assets/VoxelEngine/Rendering/Runtime/Vegetation/ProceduralTreeRenderer.cs line 1081]

Tree Batch 0,11: Destroy may not be called from edit mode! Use DestroyImmediate instead.
Destroying an object in edit mode destroys it permanently
UnityEngine.Debug:ExtractStackTraceNoAlloc (byte*,int,string)
UnityEngine.StackTraceUtility:ExtractStackTrace () (at /Users/bokken/build/output/unity/unity/Runtime/Export/Scripting/StackTrace.cs:35)
UnityEngine.Object:Destroy (UnityEngine.Object,single)
UnityEngine.Object:Destroy (UnityEngine.Object) (at /Users/bokken/build/output/unity/unity/Runtime/Export/Scripting/UnityEngineObject.bindings.cs:707)
VoxelEngine.Rendering.Runtime.Vegetation.ProceduralTreeRenderer:DestroyBatchObjects (VoxelEngine.Rendering.Runtime.Vegetation.ProceduralTreeRenderer/BatchPresentation) (at Assets/VoxelEngine/Rendering/Runtime/Vegetation/ProceduralTreeRenderer.cs:1085)
VoxelEngine.Rendering.Runtime.Vegetation.ProceduralTreeRenderer:ClearBatches () (at Assets/VoxelEngine/Rendering/Runtime/Vegetation/ProceduralTreeRenderer.cs:1092)
VoxelEngine.Rendering.Runtime.Vegetation.ProceduralTreeRenderer:ClearGenerated () (at Assets/VoxelEngine/Rendering/Runtime/Vegetation/ProceduralTreeRenderer.cs:1106)
VoxelEngine.Rendering.Runtime.Vegetation.ProceduralTreeRenderer:OnDestroy () (at Assets/VoxelEngine/Rendering/Runtime/Vegetation/ProceduralTreeRenderer.cs:1115)
UnityEditor.TestTools.TestRunner.CommandLineTest.Executer:ExitApplication (UnityEditor.TestTools.TestRunner.CommandLineTest.Executer/ReturnCodes,string) (at ./Library/PackageCache/com.unity.test-framework@1405238725ab/UnityEditor.TestRunner/CommandLineTest/Executer.cs:83)
UnityEditor.TestTools.TestRunner.CommandLineTest.Executer:ExitIfRunIsCompleted () (at ./Library/PackageCache/com.unity.test-framework@1405238725ab/UnityEditor.TestRunner/CommandLineTest/Executer.cs:74)
UnityEditor.EditorApplication:Internal_CallUpdateFunctions () (at /Users/bokken/build/output/unity/unity/Editor/Mono/EditorApplication.cs:403)

[Assets/VoxelEngine/Rendering/Runtime/Vegetation/ProceduralTreeRenderer.cs line 1085]

TreeBatch_2_11_LOD0: Destroy may not be called from edit mode! Use DestroyImmediate instead.
Destroying an object in edit mode destroys it permanently
UnityEngine.Debug:ExtractStackTraceNoAlloc (byte*,int,string)
UnityEngine.StackTraceUtility:ExtractStackTrace () (at /Users/bokken/build/output/unity/unity/Runtime/Export/Scripting/StackTrace.cs:35)
UnityEngine.Object:Destroy (UnityEngine.Object,single)
UnityEngine.Object:Destroy (UnityEngine.Object) (at /Users/bokken/build/output/unity/unity/Runtime/Export/Scripting/UnityEngineObject.bindings.cs:707)
VoxelEngine.Rendering.Runtime.Vegetation.ProceduralTreeRenderer:DestroyBatchObjects (VoxelEngine.Rendering.Runtime.Vegetation.ProceduralTreeRenderer/BatchPresentation) (at Assets/VoxelEngine/Rendering/Runtime/Vegetation/ProceduralTreeRenderer.cs:1079)
VoxelEngine.Rendering.Runtime.Vegetation.ProceduralTreeRenderer:ClearBatches () (at Assets/VoxelEngine/Rendering/Runtime/Vegetation/ProceduralTreeRenderer.cs:1092)
VoxelEngine.Rendering.Runtime.Vegetation.ProceduralTreeRenderer:ClearGenerated () (at Assets/VoxelEngine/Rendering/Runtime/Vegetation/ProceduralTreeRenderer.cs:1106)
VoxelEngine.Rendering.Runtime.Vegetation.ProceduralTreeRenderer:OnDestroy () (at Assets/VoxelEngine/Rendering/Runtime/Vegetation/ProceduralTreeRenderer.cs:1115)
UnityEditor.TestTools.TestRunner.CommandLineTest.Executer:ExitApplication (UnityEditor.TestTools.TestRunner.CommandLineTest.Executer/ReturnCodes,string) (at ./Library/PackageCache/com.unity.test-framework@1405238725ab/UnityEditor.TestRunner/CommandLineTest/Executer.cs:83)
UnityEditor.TestTools.TestRunner.CommandLineTest.Executer:ExitIfRunIsCompleted () (at ./Library/PackageCache/com.unity.test-framework@1405238725ab/UnityEditor.TestRunner/CommandLineTest/Executer.cs:74)
UnityEditor.EditorApplication:Internal_CallUpdateFunctions () (at /Users/bokken/build/output/unity/unity/Editor/Mono/EditorApplication.cs:403)

[Assets/VoxelEngine/Rendering/Runtime/Vegetation/ProceduralTreeRenderer.cs line 1079]

TreeBatch_2_11_LOD1: Destroy may not be called from edit mode! Use DestroyImmediate instead.
Destroying an object in edit mode destroys it permanently
UnityEngine.Debug:ExtractStackTraceNoAlloc (byte*,int,string)
UnityEngine.StackTraceUtility:ExtractStackTrace () (at /Users/bokken/build/output/unity/unity/Runtime/Export/Scripting/StackTrace.cs:35)
UnityEngine.Object:Destroy (UnityEngine.Object,single)
UnityEngine.Object:Destroy (UnityEngine.Object) (at /Users/bokken/build/output/unity/unity/Runtime/Export/Scripting/UnityEngineObject.bindings.cs:707)
VoxelEngine.Rendering.Runtime.Vegetation.ProceduralTreeRenderer:DestroyBatchObjects (VoxelEngine.Rendering.Runtime.Vegetation.ProceduralTreeRenderer/BatchPresentation) (at Assets/VoxelEngine/Rendering/Runtime/Vegetation/ProceduralTreeRenderer.cs:1079)
VoxelEngine.Rendering.Runtime.Vegetation.ProceduralTreeRenderer:ClearBatches () (at Assets/VoxelEngine/Rendering/Runtime/Vegetation/ProceduralTreeRenderer.cs:1092)
VoxelEngine.Rendering.Runtime.Vegetation.ProceduralTreeRenderer:ClearGenerated () (at Assets/VoxelEngine/Rendering/Runtime/Vegetation/ProceduralTreeRenderer.cs:1106)
VoxelEngine.Rendering.Runtime.Vegetation.ProceduralTreeRenderer:OnDestroy () (at Assets/VoxelEngine/Rendering/Runtime/Vegetation/ProceduralTreeRenderer.cs:1115)
UnityEditor.TestTools.TestRunner.CommandLineTest.Executer:ExitApplication (UnityEditor.TestTools.TestRunner.CommandLineTest.Executer/ReturnCodes,string) (at ./Library/PackageCache/com.unity.test-framework@1405238725ab/UnityEditor.TestRunner/CommandLineTest/Executer.cs:83)
UnityEditor.TestTools.TestRunner.CommandLineTest.Executer:ExitIfRunIsCompleted () (at ./Library/PackageCache/com.unity.test-framework@1405238725ab/UnityEditor.TestRunner/CommandLineTest/Executer.cs:74)
UnityEditor.EditorApplication:Internal_CallUpdateFunctions () (at /Users/bokken/build/output/unity/unity/Editor/Mono/EditorApplication.cs:403)

[Assets/VoxelEngine/Rendering/Runtime/Vegetation/ProceduralTreeRenderer.cs line 1079]

TreeBatch_2_11_LOD2: Destroy may not be called from edit mode! Use DestroyImmediate instead.
Destroying an object in edit mode destroys it permanently
UnityEngine.Debug:ExtractStackTraceNoAlloc (byte*,int,string)
UnityEngine.StackTraceUtility:ExtractStackTrace () (at /Users/bokken/build/output/unity/unity/Runtime/Export/Scripting/StackTrace.cs:35)
UnityEngine.Object:Destroy (UnityEngine.Object,single)
UnityEngine.Object:Destroy (UnityEngine.Object) (at /Users/bokken/build/output/unity/unity/Runtime/Export/Scripting/UnityEngineObject.bindings.cs:707)
VoxelEngine.Rendering.Runtime.Vegetation.ProceduralTreeRenderer:DestroyBatchObjects (VoxelEngine.Rendering.Runtime.Vegetation.ProceduralTreeRenderer/BatchPresentation) (at Assets/VoxelEngine/Rendering/Runtime/Vegetation/ProceduralTreeRenderer.cs:1079)
VoxelEngine.Rendering.Runtime.Vegetation.ProceduralTreeRenderer:ClearBatches () (at Assets/VoxelEngine/Rendering/Runtime/Vegetation/ProceduralTreeRenderer.cs:1092)
VoxelEngine.Rendering.Runtime.Vegetation.ProceduralTreeRenderer:ClearGenerated () (at Assets/VoxelEngine/Rendering/Runtime/Vegetation/ProceduralTreeRenderer.cs:1106)
VoxelEngine.Rendering.Runtime.Vegetation.ProceduralTreeRenderer:OnDestroy () (at Assets/VoxelEngine/Rendering/Runtime/Vegetation/ProceduralTreeRenderer.cs:1115)
UnityEditor.TestTools.TestRunner.CommandLineTest.Executer:ExitApplication (UnityEditor.TestTools.TestRunner.CommandLineTest.Executer/ReturnCodes,string) (at ./Library/PackageCache/com.unity.test-framework@1405238725ab/UnityEditor.TestRunner/CommandLineTest/Executer.cs:83)
UnityEditor.TestTools.TestRunner.CommandLineTest.Executer:ExitIfRunIsCompleted () (at ./Library/PackageCache/com.unity.test-framework@1405238725ab/UnityEditor.TestRunner/CommandLineTest/Executer.cs:74)
UnityEditor.EditorApplication:Internal_CallUpdateFunctions () (at /Users/bokken/build/output/unity/unity/Editor/Mono/EditorApplication.cs:403)

[Assets/VoxelEngine/Rendering/Runtime/Vegetation/ProceduralTreeRenderer.cs line 1079]

TreeBatch_2_11_LOD3: Destroy may not be called from edit mode! Use DestroyImmediate instead.
Destroying an object in edit mode destroys it permanently
UnityEngine.Debug:ExtractStackTraceNoAlloc (byte*,int,string)
UnityEngine.StackTraceUtility:ExtractStackTrace () (at /Users/bokken/build/output/unity/unity/Runtime/Export/Scripting/StackTrace.cs:35)
UnityEngine.Object:Destroy (UnityEngine.Object,single)
UnityEngine.Object:Destroy (UnityEngine.Object) (at /Users/bokken/build/output/unity/unity/Runtime/Export/Scripting/UnityEngineObject.bindings.cs:707)
VoxelEngine.Rendering.Runtime.Vegetation.ProceduralTreeRenderer:DestroyBatchObjects (VoxelEngine.Rendering.Runtime.Vegetation.ProceduralTreeRenderer/BatchPresentation) (at Assets/VoxelEngine/Rendering/Runtime/Vegetation/ProceduralTreeRenderer.cs:1081)
VoxelEngine.Rendering.Runtime.Vegetation.ProceduralTreeRenderer:ClearBatches () (at Assets/VoxelEngine/Rendering/Runtime/Vegetation/ProceduralTreeRenderer.cs:1092)
VoxelEngine.Rendering.Runtime.Vegetation.ProceduralTreeRenderer:ClearGenerated () (at Assets/VoxelEngine/Rendering/Runtime/Vegetation/ProceduralTreeRenderer.cs:1106)
VoxelEngine.Rendering.Runtime.Vegetation.ProceduralTreeRenderer:OnDestroy () (at Assets/VoxelEngine/Rendering/Runtime/Vegetation/ProceduralTreeRenderer.cs:1115)
UnityEditor.TestTools.TestRunner.CommandLineTest.Executer:ExitApplication (UnityEditor.TestTools.TestRunner.CommandLineTest.Executer/ReturnCodes,string) (at ./Library/PackageCache/com.unity.test-framework@1405238725ab/UnityEditor.TestRunner/CommandLineTest/Executer.cs:83)
UnityEditor.TestTools.TestRunner.CommandLineTest.Executer:ExitIfRunIsCompleted () (at ./Library/PackageCache/com.unity.test-framework@1405238725ab/UnityEditor.TestRunner/CommandLineTest/Executer.cs:74)
UnityEditor.EditorApplication:Internal_CallUpdateFunctions () (at /Users/bokken/build/output/unity/unity/Editor/Mono/EditorApplication.cs:403)

[Assets/VoxelEngine/Rendering/Runtime/Vegetation/ProceduralTreeRenderer.cs line 1081]

Tree Batch 2,11: Destroy may not be called from edit mode! Use DestroyImmediate instead.
Destroying an object in edit mode destroys it permanently
UnityEngine.Debug:ExtractStackTraceNoAlloc (byte*,int,string)
UnityEngine.StackTraceUtility:ExtractStackTrace () (at /Users/bokken/build/output/unity/unity/Runtime/Export/Scripting/StackTrace.cs:35)
UnityEngine.Object:Destroy (UnityEngine.Object,single)
UnityEngine.Object:Destroy (UnityEngine.Object) (at /Users/bokken/build/output/unity/unity/Runtime/Export/Scripting/UnityEngineObject.bindings.cs:707)
VoxelEngine.Rendering.Runtime.Vegetation.ProceduralTreeRenderer:DestroyBatchObjects (VoxelEngine.Rendering.Runtime.Vegetation.ProceduralTreeRenderer/BatchPresentation) (at Assets/VoxelEngine/Rendering/Runtime/Vegetation/ProceduralTreeRenderer.cs:1085)
VoxelEngine.Rendering.Runtime.Vegetation.ProceduralTreeRenderer:ClearBatches () (at Assets/VoxelEngine/Rendering/Runtime/Vegetation/ProceduralTreeRenderer.cs:1092)
VoxelEngine.Rendering.Runtime.Vegetation.ProceduralTreeRenderer:ClearGenerated () (at Assets/VoxelEngine/Rendering/Runtime/Vegetation/ProceduralTreeRenderer.cs:1106)
VoxelEngine.Rendering.Runtime.Vegetation.ProceduralTreeRenderer:OnDestroy () (at Assets/VoxelEngine/Rendering/Runtime/Vegetation/ProceduralTreeRenderer.cs:1115)
UnityEditor.TestTools.TestRunner.CommandLineTest.Executer:ExitApplication (UnityEditor.TestTools.TestRunner.CommandLineTest.Executer/ReturnCodes,string) (at ./Library/PackageCache/com.unity.test-framework@1405238725ab/UnityEditor.TestRunner/CommandLineTest/Executer.cs:83)
UnityEditor.TestTools.TestRunner.CommandLineTest.Executer:ExitIfRunIsCompleted () (at ./Library/PackageCache/com.unity.test-framework@1405238725ab/UnityEditor.TestRunner/CommandLineTest/Executer.cs:74)
UnityEditor.EditorApplication:Internal_CallUpdateFunctions () (at /Users/bokken/build/output/unity/unity/Editor/Mono/EditorApplication.cs:403)

[Assets/VoxelEngine/Rendering/Runtime/Vegetation/ProceduralTreeRenderer.cs line 1085]

TreeBatch_1_11_LOD0: Destroy may not be called from edit mode! Use DestroyImmediate instead.
Destroying an object in edit mode destroys it permanently
UnityEngine.Debug:ExtractStackTraceNoAlloc (byte*,int,string)
UnityEngine.StackTraceUtility:ExtractStackTrace () (at /Users/bokken/build/output/unity/unity/Runtime/Export/Scripting/StackTrace.cs:35)
UnityEngine.Object:Destroy (UnityEngine.Object,single)
UnityEngine.Object:Destroy (UnityEngine.Object) (at /Users/bokken/build/output/unity/unity/Runtime/Export/Scripting/UnityEngineObject.bindings.cs:707)
VoxelEngine.Rendering.Runtime.Vegetation.ProceduralTreeRenderer:DestroyBatchObjects (VoxelEngine.Rendering.Runtime.Vegetation.ProceduralTreeRenderer/BatchPresentation) (at Assets/VoxelEngine/Rendering/Runtime/Vegetation/ProceduralTreeRenderer.cs:1079)
VoxelEngine.Rendering.Runtime.Vegetation.ProceduralTreeRenderer:ClearBatches () (at Assets/VoxelEngine/Rendering/Runtime/Vegetation/ProceduralTreeRenderer.cs:1092)
VoxelEngine.Rendering.Runtime.Vegetation.ProceduralTreeRenderer:ClearGenerated () (at Assets/VoxelEngine/Rendering/Runtime/Vegetation/ProceduralTreeRenderer.cs:1106)
VoxelEngine.Rendering.Runtime.Vegetation.ProceduralTreeRenderer:OnDestroy () (at Assets/VoxelEngine/Rendering/Runtime/Vegetation/ProceduralTreeRenderer.cs:1115)
UnityEditor.TestTools.TestRunner.CommandLineTest.Executer:ExitApplication (UnityEditor.TestTools.TestRunner.CommandLineTest.Executer/ReturnCodes,string) (at ./Library/PackageCache/com.unity.test-framework@1405238725ab/UnityEditor.TestRunner/CommandLineTest/Executer.cs:83)
UnityEditor.TestTools.TestRunner.CommandLineTest.Executer:ExitIfRunIsCompleted () (at ./Library/PackageCache/com.unity.test-framework@1405238725ab/UnityEditor.TestRunner/CommandLineTest/Executer.cs:74)
UnityEditor.EditorApplication:Internal_CallUpdateFunctions () (at /Users/bokken/build/output/unity/unity/Editor/Mono/EditorApplication.cs:403)

[Assets/VoxelEngine/Rendering/Runtime/Vegetation/ProceduralTreeRenderer.cs line 1079]

TreeBatch_1_11_LOD1: Destroy may not be called from edit mode! Use DestroyImmediate instead.
Destroying an object in edit mode destroys it permanently
UnityEngine.Debug:ExtractStackTraceNoAlloc (byte*,int,string)
UnityEngine.StackTraceUtility:ExtractStackTrace () (at /Users/bokken/build/output/unity/unity/Runtime/Export/Scripting/StackTrace.cs:35)
UnityEngine.Object:Destroy (UnityEngine.Object,single)
UnityEngine.Object:Destroy (UnityEngine.Object) (at /Users/bokken/build/output/unity/unity/Runtime/Export/Scripting/UnityEngineObject.bindings.cs:707)
VoxelEngine.Rendering.Runtime.Vegetation.ProceduralTreeRenderer:DestroyBatchObjects (VoxelEngine.Rendering.Runtime.Vegetation.ProceduralTreeRenderer/BatchPresentation) (at Assets/VoxelEngine/Rendering/Runtime/Vegetation/ProceduralTreeRenderer.cs:1079)
VoxelEngine.Rendering.Runtime.Vegetation.ProceduralTreeRenderer:ClearBatches () (at Assets/VoxelEngine/Rendering/Runtime/Vegetation/ProceduralTreeRenderer.cs:1092)
VoxelEngine.Rendering.Runtime.Vegetation.ProceduralTreeRenderer:ClearGenerated () (at Assets/VoxelEngine/Rendering/Runtime/Vegetation/ProceduralTreeRenderer.cs:1106)
VoxelEngine.Rendering.Runtime.Vegetation.ProceduralTreeRenderer:OnDestroy () (at Assets/VoxelEngine/Rendering/Runtime/Vegetation/ProceduralTreeRenderer.cs:1115)
UnityEditor.TestTools.TestRunner.CommandLineTest.Executer:ExitApplication (UnityEditor.TestTools.TestRunner.CommandLineTest.Executer/ReturnCodes,string) (at ./Library/PackageCache/com.unity.test-framework@1405238725ab/UnityEditor.TestRunner/CommandLineTest/Executer.cs:83)
UnityEditor.TestTools.TestRunner.CommandLineTest.Executer:ExitIfRunIsCompleted () (at ./Library/PackageCache/com.unity.test-framework@1405238725ab/UnityEditor.TestRunner/CommandLineTest/Executer.cs:74)
UnityEditor.EditorApplication:Internal_CallUpdateFunctions () (at /Users/bokken/build/output/unity/unity/Editor/Mono/EditorApplication.cs:403)

[Assets/VoxelEngine/Rendering/Runtime/Vegetation/ProceduralTreeRenderer.cs line 1079]

TreeBatch_1_11_LOD2: Destroy may not be called from edit mode! Use DestroyImmediate instead.
Destroying an object in edit mode destroys it permanently
UnityEngine.Debug:ExtractStackTraceNoAlloc (byte*,int,string)
UnityEngine.StackTraceUtility:ExtractStackTrace () (at /Users/bokken/build/output/unity/unity/Runtime/Export/Scripting/StackTrace.cs:35)
UnityEngine.Object:Destroy (UnityEngine.Object,single)
UnityEngine.Object:Destroy (UnityEngine.Object) (at /Users/bokken/build/output/unity/unity/Runtime/Export/Scripting/UnityEngineObject.bindings.cs:707)
VoxelEngine.Rendering.Runtime.Vegetation.ProceduralTreeRenderer:DestroyBatchObjects (VoxelEngine.Rendering.Runtime.Vegetation.ProceduralTreeRenderer/BatchPresentation) (at Assets/VoxelEngine/Rendering/Runtime/Vegetation/ProceduralTreeRenderer.cs:1079)
VoxelEngine.Rendering.Runtime.Vegetation.ProceduralTreeRenderer:ClearBatches () (at Assets/VoxelEngine/Rendering/Runtime/Vegetation/ProceduralTreeRenderer.cs:1092)
VoxelEngine.Rendering.Runtime.Vegetation.ProceduralTreeRenderer:ClearGenerated () (at Assets/VoxelEngine/Rendering/Runtime/Vegetation/ProceduralTreeRenderer.cs:1106)
VoxelEngine.Rendering.Runtime.Vegetation.ProceduralTreeRenderer:OnDestroy () (at Assets/VoxelEngine/Rendering/Runtime/Vegetation/ProceduralTreeRenderer.cs:1115)
UnityEditor.TestTools.TestRunner.CommandLineTest.Executer:ExitApplication (UnityEditor.TestTools.TestRunner.CommandLineTest.Executer/ReturnCodes,string) (at ./Library/PackageCache/com.unity.test-framework@1405238725ab/UnityEditor.TestRunner/CommandLineTest/Executer.cs:83)
UnityEditor.TestTools.TestRunner.CommandLineTest.Executer:ExitIfRunIsCompleted () (at ./Library/PackageCache/com.unity.test-framework@1405238725ab/UnityEditor.TestRunner/CommandLineTest/Executer.cs:74)
UnityEditor.EditorApplication:Internal_CallUpdateFunctions () (at /Users/bokken/build/output/unity/unity/Editor/Mono/EditorApplication.cs:403)

[Assets/VoxelEngine/Rendering/Runtime/Vegetation/ProceduralTreeRenderer.cs line 1079]

TreeBatch_1_11_LOD3: Destroy may not be called from edit mode! Use DestroyImmediate instead.
Destroying an object in edit mode destroys it permanently
UnityEngine.Debug:ExtractStackTraceNoAlloc (byte*,int,string)
UnityEngine.StackTraceUtility:ExtractStackTrace () (at /Users/bokken/build/output/unity/unity/Runtime/Export/Scripting/StackTrace.cs:35)
UnityEngine.Object:Destroy (UnityEngine.Object,single)
UnityEngine.Object:Destroy (UnityEngine.Object) (at /Users/bokken/build/output/unity/unity/Runtime/Export/Scripting/UnityEngineObject.bindings.cs:707)
VoxelEngine.Rendering.Runtime.Vegetation.ProceduralTreeRenderer:DestroyBatchObjects (VoxelEngine.Rendering.Runtime.Vegetation.ProceduralTreeRenderer/BatchPresentation) (at Assets/VoxelEngine/Rendering/Runtime/Vegetation/ProceduralTreeRenderer.cs:1081)
VoxelEngine.Rendering.Runtime.Vegetation.ProceduralTreeRenderer:ClearBatches () (at Assets/VoxelEngine/Rendering/Runtime/Vegetation/ProceduralTreeRenderer.cs:1092)
VoxelEngine.Rendering.Runtime.Vegetation.ProceduralTreeRenderer:ClearGenerated () (at Assets/VoxelEngine/Rendering/Runtime/Vegetation/ProceduralTreeRenderer.cs:1106)
VoxelEngine.Rendering.Runtime.Vegetation.ProceduralTreeRenderer:OnDestroy () (at Assets/VoxelEngine/Rendering/Runtime/Vegetation/ProceduralTreeRenderer.cs:1115)
UnityEditor.TestTools.TestRunner.CommandLineTest.Executer:ExitApplication (UnityEditor.TestTools.TestRunner.CommandLineTest.Executer/ReturnCodes,string) (at ./Library/PackageCache/com.unity.test-framework@1405238725ab/UnityEditor.TestRunner/CommandLineTest/Executer.cs:83)
UnityEditor.TestTools.TestRunner.CommandLineTest.Executer:ExitIfRunIsCompleted () (at ./Library/PackageCache/com.unity.test-framework@1405238725ab/UnityEditor.TestRunner/CommandLineTest/Executer.cs:74)
UnityEditor.EditorApplication:Internal_CallUpdateFunctions () (at /Users/bokken/build/output/unity/unity/Editor/Mono/EditorApplication.cs:403)

[Assets/VoxelEngine/Rendering/Runtime/Vegetation/ProceduralTreeRenderer.cs line 1081]

Tree Batch 1,11: Destroy may not be called from edit mode! Use DestroyImmediate instead.
Destroying an object in edit mode destroys it permanently
UnityEngine.Debug:ExtractStackTraceNoAlloc (byte*,int,string)
UnityEngine.StackTraceUtility:ExtractStackTrace () (at /Users/bokken/build/output/unity/unity/Runtime/Export/Scripting/StackTrace.cs:35)
UnityEngine.Object:Destroy (UnityEngine.Object,single)
UnityEngine.Object:Destroy (UnityEngine.Object) (at /Users/bokken/build/output/unity/unity/Runtime/Export/Scripting/UnityEngineObject.bindings.cs:707)
VoxelEngine.Rendering.Runtime.Vegetation.ProceduralTreeRenderer:DestroyBatchObjects (VoxelEngine.Rendering.Runtime.Vegetation.ProceduralTreeRenderer/BatchPresentation) (at Assets/VoxelEngine/Rendering/Runtime/Vegetation/ProceduralTreeRenderer.cs:1085)
VoxelEngine.Rendering.Runtime.Vegetation.ProceduralTreeRenderer:ClearBatches () (at Assets/VoxelEngine/Rendering/Runtime/Vegetation/ProceduralTreeRenderer.cs:1092)
VoxelEngine.Rendering.Runtime.Vegetation.ProceduralTreeRenderer:ClearGenerated () (at Assets/VoxelEngine/Rendering/Runtime/Vegetation/ProceduralTreeRenderer.cs:1106)
VoxelEngine.Rendering.Runtime.Vegetation.ProceduralTreeRenderer:OnDestroy () (at Assets/VoxelEngine/Rendering/Runtime/Vegetation/ProceduralTreeRenderer.cs:1115)
UnityEditor.TestTools.TestRunner.CommandLineTest.Executer:ExitApplication (UnityEditor.TestTools.TestRunner.CommandLineTest.Executer/ReturnCodes,string) (at ./Library/PackageCache/com.unity.test-framework@1405238725ab/UnityEditor.TestRunner/CommandLineTest/Executer.cs:83)
UnityEditor.TestTools.TestRunner.CommandLineTest.Executer:ExitIfRunIsCompleted () (at ./Library/PackageCache/com.unity.test-framework@1405238725ab/UnityEditor.TestRunner/CommandLineTest/Executer.cs:74)
UnityEditor.EditorApplication:Internal_CallUpdateFunctions () (at /Users/bokken/build/output/unity/unity/Editor/Mono/EditorApplication.cs:403)

[Assets/VoxelEngine/Rendering/Runtime/Vegetation/ProceduralTreeRenderer.cs line 1085]

TreeBatch_3_11_LOD0: Destroy may not be called from edit mode! Use DestroyImmediate instead.
Destroying an object in edit mode destroys it permanently
UnityEngine.Debug:ExtractStackTraceNoAlloc (byte*,int,string)
UnityEngine.StackTraceUtility:ExtractStackTrace () (at /Users/bokken/build/output/unity/unity/Runtime/Export/Scripting/StackTrace.cs:35)
UnityEngine.Object:Destroy (UnityEngine.Object,single)
UnityEngine.Object:Destroy (UnityEngine.Object) (at /Users/bokken/build/output/unity/unity/Runtime/Export/Scripting/UnityEngineObject.bindings.cs:707)
VoxelEngine.Rendering.Runtime.Vegetation.ProceduralTreeRenderer:DestroyBatchObjects (VoxelEngine.Rendering.Runtime.Vegetation.ProceduralTreeRenderer/BatchPresentation) (at Assets/VoxelEngine/Rendering/Runtime/Vegetation/ProceduralTreeRenderer.cs:1079)
VoxelEngine.Rendering.Runtime.Vegetation.ProceduralTreeRenderer:ClearBatches () (at Assets/VoxelEngine/Rendering/Runtime/Vegetation/ProceduralTreeRenderer.cs:1092)
VoxelEngine.Rendering.Runtime.Vegetation.ProceduralTreeRenderer:ClearGenerated () (at Assets/VoxelEngine/Rendering/Runtime/Vegetation/ProceduralTreeRenderer.cs:1106)
VoxelEngine.Rendering.Runtime.Vegetation.ProceduralTreeRenderer:OnDestroy () (at Assets/VoxelEngine/Rendering/Runtime/Vegetation/ProceduralTreeRenderer.cs:1115)
UnityEditor.TestTools.TestRunner.CommandLineTest.Executer:ExitApplication (UnityEditor.TestTools.TestRunner.CommandLineTest.Executer/ReturnCodes,string) (at ./Library/PackageCache/com.unity.test-framework@1405238725ab/UnityEditor.TestRunner/CommandLineTest/Executer.cs:83)
UnityEditor.TestTools.TestRunner.CommandLineTest.Executer:ExitIfRunIsCompleted () (at ./Library/PackageCache/com.unity.test-framework@1405238725ab/UnityEditor.TestRunner/CommandLineTest/Executer.cs:74)
UnityEditor.EditorApplication:Internal_CallUpdateFunctions () (at /Users/bokken/build/output/unity/unity/Editor/Mono/EditorApplication.cs:403)

[Assets/VoxelEngine/Rendering/Runtime/Vegetation/ProceduralTreeRenderer.cs line 1079]

TreeBatch_3_11_LOD1: Destroy may not be called from edit mode! Use DestroyImmediate instead.
Destroying an object in edit mode destroys it permanently
UnityEngine.Debug:ExtractStackTraceNoAlloc (byte*,int,string)
UnityEngine.StackTraceUtility:ExtractStackTrace () (at /Users/bokken/build/output/unity/unity/Runtime/Export/Scripting/StackTrace.cs:35)
UnityEngine.Object:Destroy (UnityEngine.Object,single)
UnityEngine.Object:Destroy (UnityEngine.Object) (at /Users/bokken/build/output/unity/unity/Runtime/Export/Scripting/UnityEngineObject.bindings.cs:707)
VoxelEngine.Rendering.Runtime.Vegetation.ProceduralTreeRenderer:DestroyBatchObjects (VoxelEngine.Rendering.Runtime.Vegetation.ProceduralTreeRenderer/BatchPresentation) (at Assets/VoxelEngine/Rendering/Runtime/Vegetation/ProceduralTreeRenderer.cs:1079)
VoxelEngine.Rendering.Runtime.Vegetation.ProceduralTreeRenderer:ClearBatches () (at Assets/VoxelEngine/Rendering/Runtime/Vegetation/ProceduralTreeRenderer.cs:1092)
VoxelEngine.Rendering.Runtime.Vegetation.ProceduralTreeRenderer:ClearGenerated () (at Assets/VoxelEngine/Rendering/Runtime/Vegetation/ProceduralTreeRenderer.cs:1106)
VoxelEngine.Rendering.Runtime.Vegetation.ProceduralTreeRenderer:OnDestroy () (at Assets/VoxelEngine/Rendering/Runtime/Vegetation/ProceduralTreeRenderer.cs:1115)
UnityEditor.TestTools.TestRunner.CommandLineTest.Executer:ExitApplication (UnityEditor.TestTools.TestRunner.CommandLineTest.Executer/ReturnCodes,string) (at ./Library/PackageCache/com.unity.test-framework@1405238725ab/UnityEditor.TestRunner/CommandLineTest/Executer.cs:83)
UnityEditor.TestTools.TestRunner.CommandLineTest.Executer:ExitIfRunIsCompleted () (at ./Library/PackageCache/com.unity.test-framework@1405238725ab/UnityEditor.TestRunner/CommandLineTest/Executer.cs:74)
UnityEditor.EditorApplication:Internal_CallUpdateFunctions () (at /Users/bokken/build/output/unity/unity/Editor/Mono/EditorApplication.cs:403)

[Assets/VoxelEngine/Rendering/Runtime/Vegetation/ProceduralTreeRenderer.cs line 1079]

TreeBatch_3_11_LOD2: Destroy may not be called from edit mode! Use DestroyImmediate instead.
Destroying an object in edit mode destroys it permanently
UnityEngine.Debug:ExtractStackTraceNoAlloc (byte*,int,string)
UnityEngine.StackTraceUtility:ExtractStackTrace () (at /Users/bokken/build/output/unity/unity/Runtime/Export/Scripting/StackTrace.cs:35)
UnityEngine.Object:Destroy (UnityEngine.Object,single)
UnityEngine.Object:Destroy (UnityEngine.Object) (at /Users/bokken/build/output/unity/unity/Runtime/Export/Scripting/UnityEngineObject.bindings.cs:707)
VoxelEngine.Rendering.Runtime.Vegetation.ProceduralTreeRenderer:DestroyBatchObjects (VoxelEngine.Rendering.Runtime.Vegetation.ProceduralTreeRenderer/BatchPresentation) (at Assets/VoxelEngine/Rendering/Runtime/Vegetation/ProceduralTreeRenderer.cs:1079)
VoxelEngine.Rendering.Runtime.Vegetation.ProceduralTreeRenderer:ClearBatches () (at Assets/VoxelEngine/Rendering/Runtime/Vegetation/ProceduralTreeRenderer.cs:1092)
VoxelEngine.Rendering.Runtime.Vegetation.ProceduralTreeRenderer:ClearGenerated () (at Assets/VoxelEngine/Rendering/Runtime/Vegetation/ProceduralTreeRenderer.cs:1106)
VoxelEngine.Rendering.Runtime.Vegetation.ProceduralTreeRenderer:OnDestroy () (at Assets/VoxelEngine/Rendering/Runtime/Vegetation/ProceduralTreeRenderer.cs:1115)
UnityEditor.TestTools.TestRunner.CommandLineTest.Executer:ExitApplication (UnityEditor.TestTools.TestRunner.CommandLineTest.Executer/ReturnCodes,string) (at ./Library/PackageCache/com.unity.test-framework@1405238725ab/UnityEditor.TestRunner/CommandLineTest/Executer.cs:83)
UnityEditor.TestTools.TestRunner.CommandLineTest.Executer:ExitIfRunIsCompleted () (at ./Library/PackageCache/com.unity.test-framework@1405238725ab/UnityEditor.TestRunner/CommandLineTest/Executer.cs:74)
UnityEditor.EditorApplication:Internal_CallUpdateFunctions () (at /Users/bokken/build/output/unity/unity/Editor/Mono/EditorApplication.cs:403)

[Assets/VoxelEngine/Rendering/Runtime/Vegetation/ProceduralTreeRenderer.cs line 1079]

TreeBatch_3_11_LOD3: Destroy may not be called from edit mode! Use DestroyImmediate instead.
Destroying an object in edit mode destroys it permanently
UnityEngine.Debug:ExtractStackTraceNoAlloc (byte*,int,string)
UnityEngine.StackTraceUtility:ExtractStackTrace () (at /Users/bokken/build/output/unity/unity/Runtime/Export/Scripting/StackTrace.cs:35)
UnityEngine.Object:Destroy (UnityEngine.Object,single)
UnityEngine.Object:Destroy (UnityEngine.Object) (at /Users/bokken/build/output/unity/unity/Runtime/Export/Scripting/UnityEngineObject.bindings.cs:707)
VoxelEngine.Rendering.Runtime.Vegetation.ProceduralTreeRenderer:DestroyBatchObjects (VoxelEngine.Rendering.Runtime.Vegetation.ProceduralTreeRenderer/BatchPresentation) (at Assets/VoxelEngine/Rendering/Runtime/Vegetation/ProceduralTreeRenderer.cs:1081)
VoxelEngine.Rendering.Runtime.Vegetation.ProceduralTreeRenderer:ClearBatches () (at Assets/VoxelEngine/Rendering/Runtime/Vegetation/ProceduralTreeRenderer.cs:1092)
VoxelEngine.Rendering.Runtime.Vegetation.ProceduralTreeRenderer:ClearGenerated () (at Assets/VoxelEngine/Rendering/Runtime/Vegetation/ProceduralTreeRenderer.cs:1106)
VoxelEngine.Rendering.Runtime.Vegetation.ProceduralTreeRenderer:OnDestroy () (at Assets/VoxelEngine/Rendering/Runtime/Vegetation/ProceduralTreeRenderer.cs:1115)
UnityEditor.TestTools.TestRunner.CommandLineTest.Executer:ExitApplication (UnityEditor.TestTools.TestRunner.CommandLineTest.Executer/ReturnCodes,string) (at ./Library/PackageCache/com.unity.test-framework@1405238725ab/UnityEditor.TestRunner/CommandLineTest/Executer.cs:83)
UnityEditor.TestTools.TestRunner.CommandLineTest.Executer:ExitIfRunIsCompleted () (at ./Library/PackageCache/com.unity.test-framework@1405238725ab/UnityEditor.TestRunner/CommandLineTest/Executer.cs:74)
UnityEditor.EditorApplication:Internal_CallUpdateFunctions () (at /Users/bokken/build/output/unity/unity/Editor/Mono/EditorApplication.cs:403)

[Assets/VoxelEngine/Rendering/Runtime/Vegetation/ProceduralTreeRenderer.cs line 1081]

Tree Batch 3,11: Destroy may not be called from edit mode! Use DestroyImmediate instead.
Destroying an object in edit mode destroys it permanently
UnityEngine.Debug:ExtractStackTraceNoAlloc (byte*,int,string)
UnityEngine.StackTraceUtility:ExtractStackTrace () (at /Users/bokken/build/output/unity/unity/Runtime/Export/Scripting/StackTrace.cs:35)
UnityEngine.Object:Destroy (UnityEngine.Object,single)
UnityEngine.Object:Destroy (UnityEngine.Object) (at /Users/bokken/build/output/unity/unity/Runtime/Export/Scripting/UnityEngineObject.bindings.cs:707)
VoxelEngine.Rendering.Runtime.Vegetation.ProceduralTreeRenderer:DestroyBatchObjects (VoxelEngine.Rendering.Runtime.Vegetation.ProceduralTreeRenderer/BatchPresentation) (at Assets/VoxelEngine/Rendering/Runtime/Vegetation/ProceduralTreeRenderer.cs:1085)
VoxelEngine.Rendering.Runtime.Vegetation.ProceduralTreeRenderer:ClearBatches () (at Assets/VoxelEngine/Rendering/Runtime/Vegetation/ProceduralTreeRenderer.cs:1092)
VoxelEngine.Rendering.Runtime.Vegetation.ProceduralTreeRenderer:ClearGenerated () (at Assets/VoxelEngine/Rendering/Runtime/Vegetation/ProceduralTreeRenderer.cs:1106)
VoxelEngine.Rendering.Runtime.Vegetation.ProceduralTreeRenderer:OnDestroy () (at Assets/VoxelEngine/Rendering/Runtime/Vegetation/ProceduralTreeRenderer.cs:1115)
UnityEditor.TestTools.TestRunner.CommandLineTest.Executer:ExitApplication (UnityEditor.TestTools.TestRunner.CommandLineTest.Executer/ReturnCodes,string) (at ./Library/PackageCache/com.unity.test-framework@1405238725ab/UnityEditor.TestRunner/CommandLineTest/Executer.cs:83)
UnityEditor.TestTools.TestRunner.CommandLineTest.Executer:ExitIfRunIsCompleted () (at ./Library/PackageCache/com.unity.test-framework@1405238725ab/UnityEditor.TestRunner/CommandLineTest/Executer.cs:74)
UnityEditor.EditorApplication:Internal_CallUpdateFunctions () (at /Users/bokken/build/output/unity/unity/Editor/Mono/EditorApplication.cs:403)

[Assets/VoxelEngine/Rendering/Runtime/Vegetation/ProceduralTreeRenderer.cs line 1085]

TreeBatch_4_11_LOD0: Destroy may not be called from edit mode! Use DestroyImmediate instead.
Destroying an object in edit mode destroys it permanently
UnityEngine.Debug:ExtractStackTraceNoAlloc (byte*,int,string)
UnityEngine.StackTraceUtility:ExtractStackTrace () (at /Users/bokken/build/output/unity/unity/Runtime/Export/Scripting/StackTrace.cs:35)
UnityEngine.Object:Destroy (UnityEngine.Object,single)
UnityEngine.Object:Destroy (UnityEngine.Object) (at /Users/bokken/build/output/unity/unity/Runtime/Export/Scripting/UnityEngineObject.bindings.cs:707)
VoxelEngine.Rendering.Runtime.Vegetation.ProceduralTreeRenderer:DestroyBatchObjects (VoxelEngine.Rendering.Runtime.Vegetation.ProceduralTreeRenderer/BatchPresentation) (at Assets/VoxelEngine/Rendering/Runtime/Vegetation/ProceduralTreeRenderer.cs:1079)
VoxelEngine.Rendering.Runtime.Vegetation.ProceduralTreeRenderer:ClearBatches () (at Assets/VoxelEngine/Rendering/Runtime/Vegetation/ProceduralTreeRenderer.cs:1092)
VoxelEngine.Rendering.Runtime.Vegetation.ProceduralTreeRenderer:ClearGenerated () (at Assets/VoxelEngine/Rendering/Runtime/Vegetation/ProceduralTreeRenderer.cs:1106)
VoxelEngine.Rendering.Runtime.Vegetation.ProceduralTreeRenderer:OnDestroy () (at Assets/VoxelEngine/Rendering/Runtime/Vegetation/ProceduralTreeRenderer.cs:1115)
UnityEditor.TestTools.TestRunner.CommandLineTest.Executer:ExitApplication (UnityEditor.TestTools.TestRunner.CommandLineTest.Executer/ReturnCodes,string) (at ./Library/PackageCache/com.unity.test-framework@1405238725ab/UnityEditor.TestRunner/CommandLineTest/Executer.cs:83)
UnityEditor.TestTools.TestRunner.CommandLineTest.Executer:ExitIfRunIsCompleted () (at ./Library/PackageCache/com.unity.test-framework@1405238725ab/UnityEditor.TestRunner/CommandLineTest/Executer.cs:74)
UnityEditor.EditorApplication:Internal_CallUpdateFunctions () (at /Users/bokken/build/output/unity/unity/Editor/Mono/EditorApplication.cs:403)

[Assets/VoxelEngine/Rendering/Runtime/Vegetation/ProceduralTreeRenderer.cs line 1079]

TreeBatch_4_11_LOD1: Destroy may not be called from edit mode! Use DestroyImmediate instead.
Destroying an object in edit mode destroys it permanently
UnityEngine.Debug:ExtractStackTraceNoAlloc (byte*,int,string)
UnityEngine.StackTraceUtility:ExtractStackTrace () (at /Users/bokken/build/output/unity/unity/Runtime/Export/Scripting/StackTrace.cs:35)
UnityEngine.Object:Destroy (UnityEngine.Object,single)
UnityEngine.Object:Destroy (UnityEngine.Object) (at /Users/bokken/build/output/unity/unity/Runtime/Export/Scripting/UnityEngineObject.bindings.cs:707)
VoxelEngine.Rendering.Runtime.Vegetation.ProceduralTreeRenderer:DestroyBatchObjects (VoxelEngine.Rendering.Runtime.Vegetation.ProceduralTreeRenderer/BatchPresentation) (at Assets/VoxelEngine/Rendering/Runtime/Vegetation/ProceduralTreeRenderer.cs:1079)
VoxelEngine.Rendering.Runtime.Vegetation.ProceduralTreeRenderer:ClearBatches () (at Assets/VoxelEngine/Rendering/Runtime/Vegetation/ProceduralTreeRenderer.cs:1092)
VoxelEngine.Rendering.Runtime.Vegetation.ProceduralTreeRenderer:ClearGenerated () (at Assets/VoxelEngine/Rendering/Runtime/Vegetation/ProceduralTreeRenderer.cs:1106)
VoxelEngine.Rendering.Runtime.Vegetation.ProceduralTreeRenderer:OnDestroy () (at Assets/VoxelEngine/Rendering/Runtime/Vegetation/ProceduralTreeRenderer.cs:1115)
UnityEditor.TestTools.TestRunner.CommandLineTest.Executer:ExitApplication (UnityEditor.TestTools.TestRunner.CommandLineTest.Executer/ReturnCodes,string) (at ./Library/PackageCache/com.unity.test-framework@1405238725ab/UnityEditor.TestRunner/CommandLineTest/Executer.cs:83)
UnityEditor.TestTools.TestRunner.CommandLineTest.Executer:ExitIfRunIsCompleted () (at ./Library/PackageCache/com.unity.test-framework@1405238725ab/UnityEditor.TestRunner/CommandLineTest/Executer.cs:74)
UnityEditor.EditorApplication:Internal_CallUpdateFunctions () (at /Users/bokken/build/output/unity/unity/Editor/Mono/EditorApplication.cs:403)

[Assets/VoxelEngine/Rendering/Runtime/Vegetation/ProceduralTreeRenderer.cs line 1079]

TreeBatch_4_11_LOD2: Destroy may not be called from edit mode! Use DestroyImmediate instead.
Destroying an object in edit mode destroys it permanently
UnityEngine.Debug:ExtractStackTraceNoAlloc (byte*,int,string)
UnityEngine.StackTraceUtility:ExtractStackTrace () (at /Users/bokken/build/output/unity/unity/Runtime/Export/Scripting/StackTrace.cs:35)
UnityEngine.Object:Destroy (UnityEngine.Object,single)
UnityEngine.Object:Destroy (UnityEngine.Object) (at /Users/bokken/build/output/unity/unity/Runtime/Export/Scripting/UnityEngineObject.bindings.cs:707)
VoxelEngine.Rendering.Runtime.Vegetation.ProceduralTreeRenderer:DestroyBatchObjects (VoxelEngine.Rendering.Runtime.Vegetation.ProceduralTreeRenderer/BatchPresentation) (at Assets/VoxelEngine/Rendering/Runtime/Vegetation/ProceduralTreeRenderer.cs:1079)
VoxelEngine.Rendering.Runtime.Vegetation.ProceduralTreeRenderer:ClearBatches () (at Assets/VoxelEngine/Rendering/Runtime/Vegetation/ProceduralTreeRenderer.cs:1092)
VoxelEngine.Rendering.Runtime.Vegetation.ProceduralTreeRenderer:ClearGenerated () (at Assets/VoxelEngine/Rendering/Runtime/Vegetation/ProceduralTreeRenderer.cs:1106)
VoxelEngine.Rendering.Runtime.Vegetation.ProceduralTreeRenderer:OnDestroy () (at Assets/VoxelEngine/Rendering/Runtime/Vegetation/ProceduralTreeRenderer.cs:1115)
UnityEditor.TestTools.TestRunner.CommandLineTest.Executer:ExitApplication (UnityEditor.TestTools.TestRunner.CommandLineTest.Executer/ReturnCodes,string) (at ./Library/PackageCache/com.unity.test-framework@1405238725ab/UnityEditor.TestRunner/CommandLineTest/Executer.cs:83)
UnityEditor.TestTools.TestRunner.CommandLineTest.Executer:ExitIfRunIsCompleted () (at ./Library/PackageCache/com.unity.test-framework@1405238725ab/UnityEditor.TestRunner/CommandLineTest/Executer.cs:74)
UnityEditor.EditorApplication:Internal_CallUpdateFunctions () (at /Users/bokken/build/output/unity/unity/Editor/Mono/EditorApplication.cs:403)

[Assets/VoxelEngine/Rendering/Runtime/Vegetation/ProceduralTreeRenderer.cs line 1079]

TreeBatch_4_11_LOD3: Destroy may not be called from edit mode! Use DestroyImmediate instead.
Destroying an object in edit mode destroys it permanently
UnityEngine.Debug:ExtractStackTraceNoAlloc (byte*,int,string)
UnityEngine.StackTraceUtility:ExtractStackTrace () (at /Users/bokken/build/output/unity/unity/Runtime/Export/Scripting/StackTrace.cs:35)
UnityEngine.Object:Destroy (UnityEngine.Object,single)
UnityEngine.Object:Destroy (UnityEngine.Object) (at /Users/bokken/build/output/unity/unity/Runtime/Export/Scripting/UnityEngineObject.bindings.cs:707)
VoxelEngine.Rendering.Runtime.Vegetation.ProceduralTreeRenderer:DestroyBatchObjects (VoxelEngine.Rendering.Runtime.Vegetation.ProceduralTreeRenderer/BatchPresentation) (at Assets/VoxelEngine/Rendering/Runtime/Vegetation/ProceduralTreeRenderer.cs:1081)
VoxelEngine.Rendering.Runtime.Vegetation.ProceduralTreeRenderer:ClearBatches () (at Assets/VoxelEngine/Rendering/Runtime/Vegetation/ProceduralTreeRenderer.cs:1092)
VoxelEngine.Rendering.Runtime.Vegetation.ProceduralTreeRenderer:ClearGenerated () (at Assets/VoxelEngine/Rendering/Runtime/Vegetation/ProceduralTreeRenderer.cs:1106)
VoxelEngine.Rendering.Runtime.Vegetation.ProceduralTreeRenderer:OnDestroy () (at Assets/VoxelEngine/Rendering/Runtime/Vegetation/ProceduralTreeRenderer.cs:1115)
UnityEditor.TestTools.TestRunner.CommandLineTest.Executer:ExitApplication (UnityEditor.TestTools.TestRunner.CommandLineTest.Executer/ReturnCodes,string) (at ./Library/PackageCache/com.unity.test-framework@1405238725ab/UnityEditor.TestRunner/CommandLineTest/Executer.cs:83)
UnityEditor.TestTools.TestRunner.CommandLineTest.Executer:ExitIfRunIsCompleted () (at ./Library/PackageCache/com.unity.test-framework@1405238725ab/UnityEditor.TestRunner/CommandLineTest/Executer.cs:74)
UnityEditor.EditorApplication:Internal_CallUpdateFunctions () (at /Users/bokken/build/output/unity/unity/Editor/Mono/EditorApplication.cs:403)

[Assets/VoxelEngine/Rendering/Runtime/Vegetation/ProceduralTreeRenderer.cs line 1081]

Tree Batch 4,11: Destroy may not be called from edit mode! Use DestroyImmediate instead.
Destroying an object in edit mode destroys it permanently
UnityEngine.Debug:ExtractStackTraceNoAlloc (byte*,int,string)
UnityEngine.StackTraceUtility:ExtractStackTrace () (at /Users/bokken/build/output/unity/unity/Runtime/Export/Scripting/StackTrace.cs:35)
UnityEngine.Object:Destroy (UnityEngine.Object,single)
UnityEngine.Object:Destroy (UnityEngine.Object) (at /Users/bokken/build/output/unity/unity/Runtime/Export/Scripting/UnityEngineObject.bindings.cs:707)
VoxelEngine.Rendering.Runtime.Vegetation.ProceduralTreeRenderer:DestroyBatchObjects (VoxelEngine.Rendering.Runtime.Vegetation.ProceduralTreeRenderer/BatchPresentation) (at Assets/VoxelEngine/Rendering/Runtime/Vegetation/ProceduralTreeRenderer.cs:1085)
VoxelEngine.Rendering.Runtime.Vegetation.ProceduralTreeRenderer:ClearBatches () (at Assets/VoxelEngine/Rendering/Runtime/Vegetation/ProceduralTreeRenderer.cs:1092)
VoxelEngine.Rendering.Runtime.Vegetation.ProceduralTreeRenderer:ClearGenerated () (at Assets/VoxelEngine/Rendering/Runtime/Vegetation/ProceduralTreeRenderer.cs:1106)
VoxelEngine.Rendering.Runtime.Vegetation.ProceduralTreeRenderer:OnDestroy () (at Assets/VoxelEngine/Rendering/Runtime/Vegetation/ProceduralTreeRenderer.cs:1115)
UnityEditor.TestTools.TestRunner.CommandLineTest.Executer:ExitApplication (UnityEditor.TestTools.TestRunner.CommandLineTest.Executer/ReturnCodes,string) (at ./Library/PackageCache/com.unity.test-framework@1405238725ab/UnityEditor.TestRunner/CommandLineTest/Executer.cs:83)
UnityEditor.TestTools.TestRunner.CommandLineTest.Executer:ExitIfRunIsCompleted () (at ./Library/PackageCache/com.unity.test-framework@1405238725ab/UnityEditor.TestRunner/CommandLineTest/Executer.cs:74)
UnityEditor.EditorApplication:Internal_CallUpdateFunctions () (at /Users/bokken/build/output/unity/unity/Editor/Mono/EditorApplication.cs:403)

[Assets/VoxelEngine/Rendering/Runtime/Vegetation/ProceduralTreeRenderer.cs line 1085]

TreeBatch_5_11_LOD0: Destroy may not be called from edit mode! Use DestroyImmediate instead.
Destroying an object in edit mode destroys it permanently
UnityEngine.Debug:ExtractStackTraceNoAlloc (byte*,int,string)
UnityEngine.StackTraceUtility:ExtractStackTrace () (at /Users/bokken/build/output/unity/unity/Runtime/Export/Scripting/StackTrace.cs:35)
UnityEngine.Object:Destroy (UnityEngine.Object,single)
UnityEngine.Object:Destroy (UnityEngine.Object) (at /Users/bokken/build/output/unity/unity/Runtime/Export/Scripting/UnityEngineObject.bindings.cs:707)
VoxelEngine.Rendering.Runtime.Vegetation.ProceduralTreeRenderer:DestroyBatchObjects (VoxelEngine.Rendering.Runtime.Vegetation.ProceduralTreeRenderer/BatchPresentation) (at Assets/VoxelEngine/Rendering/Runtime/Vegetation/ProceduralTreeRenderer.cs:1079)
VoxelEngine.Rendering.Runtime.Vegetation.ProceduralTreeRenderer:ClearBatches () (at Assets/VoxelEngine/Rendering/Runtime/Vegetation/ProceduralTreeRenderer.cs:1092)
VoxelEngine.Rendering.Runtime.Vegetation.ProceduralTreeRenderer:ClearGenerated () (at Assets/VoxelEngine/Rendering/Runtime/Vegetation/ProceduralTreeRenderer.cs:1106)
VoxelEngine.Rendering.Runtime.Vegetation.ProceduralTreeRenderer:OnDestroy () (at Assets/VoxelEngine/Rendering/Runtime/Vegetation/ProceduralTreeRenderer.cs:1115)
UnityEditor.TestTools.TestRunner.CommandLineTest.Executer:ExitApplication (UnityEditor.TestTools.TestRunner.CommandLineTest.Executer/ReturnCodes,string) (at ./Library/PackageCache/com.unity.test-framework@1405238725ab/UnityEditor.TestRunner/CommandLineTest/Executer.cs:83)
UnityEditor.TestTools.TestRunner.CommandLineTest.Executer:ExitIfRunIsCompleted () (at ./Library/PackageCache/com.unity.test-framework@1405238725ab/UnityEditor.TestRunner/CommandLineTest/Executer.cs:74)
UnityEditor.EditorApplication:Internal_CallUpdateFunctions () (at /Users/bokken/build/output/unity/unity/Editor/Mono/EditorApplication.cs:403)

[Assets/VoxelEngine/Rendering/Runtime/Vegetation/ProceduralTreeRenderer.cs line 1079]

TreeBatch_5_11_LOD1: Destroy may not be called from edit mode! Use DestroyImmediate instead.
Destroying an object in edit mode destroys it permanently
UnityEngine.Debug:ExtractStackTraceNoAlloc (byte*,int,string)
UnityEngine.StackTraceUtility:ExtractStackTrace () (at /Users/bokken/build/output/unity/unity/Runtime/Export/Scripting/StackTrace.cs:35)
UnityEngine.Object:Destroy (UnityEngine.Object,single)
UnityEngine.Object:Destroy (UnityEngine.Object) (at /Users/bokken/build/output/unity/unity/Runtime/Export/Scripting/UnityEngineObject.bindings.cs:707)
VoxelEngine.Rendering.Runtime.Vegetation.ProceduralTreeRenderer:DestroyBatchObjects (VoxelEngine.Rendering.Runtime.Vegetation.ProceduralTreeRenderer/BatchPresentation) (at Assets/VoxelEngine/Rendering/Runtime/Vegetation/ProceduralTreeRenderer.cs:1079)
VoxelEngine.Rendering.Runtime.Vegetation.ProceduralTreeRenderer:ClearBatches () (at Assets/VoxelEngine/Rendering/Runtime/Vegetation/ProceduralTreeRenderer.cs:1092)
VoxelEngine.Rendering.Runtime.Vegetation.ProceduralTreeRenderer:ClearGenerated () (at Assets/VoxelEngine/Rendering/Runtime/Vegetation/ProceduralTreeRenderer.cs:1106)
VoxelEngine.Rendering.Runtime.Vegetation.ProceduralTreeRenderer:OnDestroy () (at Assets/VoxelEngine/Rendering/Runtime/Vegetation/ProceduralTreeRenderer.cs:1115)
UnityEditor.TestTools.TestRunner.CommandLineTest.Executer:ExitApplication (UnityEditor.TestTools.TestRunner.CommandLineTest.Executer/ReturnCodes,string) (at ./Library/PackageCache/com.unity.test-framework@1405238725ab/UnityEditor.TestRunner/CommandLineTest/Executer.cs:83)
UnityEditor.TestTools.TestRunner.CommandLineTest.Executer:ExitIfRunIsCompleted () (at ./Library/PackageCache/com.unity.test-framework@1405238725ab/UnityEditor.TestRunner/CommandLineTest/Executer.cs:74)
UnityEditor.EditorApplication:Internal_CallUpdateFunctions () (at /Users/bokken/build/output/unity/unity/Editor/Mono/EditorApplication.cs:403)

[Assets/VoxelEngine/Rendering/Runtime/Vegetation/ProceduralTreeRenderer.cs line 1079]

TreeBatch_5_11_LOD2: Destroy may not be called from edit mode! Use DestroyImmediate instead.
Destroying an object in edit mode destroys it permanently
UnityEngine.Debug:ExtractStackTraceNoAlloc (byte*,int,string)
UnityEngine.StackTraceUtility:ExtractStackTrace () (at /Users/bokken/build/output/unity/unity/Runtime/Export/Scripting/StackTrace.cs:35)
UnityEngine.Object:Destroy (UnityEngine.Object,single)
UnityEngine.Object:Destroy (UnityEngine.Object) (at /Users/bokken/build/output/unity/unity/Runtime/Export/Scripting/UnityEngineObject.bindings.cs:707)
VoxelEngine.Rendering.Runtime.Vegetation.ProceduralTreeRenderer:DestroyBatchObjects (VoxelEngine.Rendering.Runtime.Vegetation.ProceduralTreeRenderer/BatchPresentation) (at Assets/VoxelEngine/Rendering/Runtime/Vegetation/ProceduralTreeRenderer.cs:1079)
VoxelEngine.Rendering.Runtime.Vegetation.ProceduralTreeRenderer:ClearBatches () (at Assets/VoxelEngine/Rendering/Runtime/Vegetation/ProceduralTreeRenderer.cs:1092)
VoxelEngine.Rendering.Runtime.Vegetation.ProceduralTreeRenderer:ClearGenerated () (at Assets/VoxelEngine/Rendering/Runtime/Vegetation/ProceduralTreeRenderer.cs:1106)
VoxelEngine.Rendering.Runtime.Vegetation.ProceduralTreeRenderer:OnDestroy () (at Assets/VoxelEngine/Rendering/Runtime/Vegetation/ProceduralTreeRenderer.cs:1115)
UnityEditor.TestTools.TestRunner.CommandLineTest.Executer:ExitApplication (UnityEditor.TestTools.TestRunner.CommandLineTest.Executer/ReturnCodes,string) (at ./Library/PackageCache/com.unity.test-framework@1405238725ab/UnityEditor.TestRunner/CommandLineTest/Executer.cs:83)
UnityEditor.TestTools.TestRunner.CommandLineTest.Executer:ExitIfRunIsCompleted () (at ./Library/PackageCache/com.unity.test-framework@1405238725ab/UnityEditor.TestRunner/CommandLineTest/Executer.cs:74)
UnityEditor.EditorApplication:Internal_CallUpdateFunctions () (at /Users/bokken/build/output/unity/unity/Editor/Mono/EditorApplication.cs:403)

[Assets/VoxelEngine/Rendering/Runtime/Vegetation/ProceduralTreeRenderer.cs line 1079]

TreeBatch_5_11_LOD3: Destroy may not be called from edit mode! Use DestroyImmediate instead.
Destroying an object in edit mode destroys it permanently
UnityEngine.Debug:ExtractStackTraceNoAlloc (byte*,int,string)
UnityEngine.StackTraceUtility:ExtractStackTrace () (at /Users/bokken/build/output/unity/unity/Runtime/Export/Scripting/StackTrace.cs:35)
UnityEngine.Object:Destroy (UnityEngine.Object,single)
UnityEngine.Object:Destroy (UnityEngine.Object) (at /Users/bokken/build/output/unity/unity/Runtime/Export/Scripting/UnityEngineObject.bindings.cs:707)
VoxelEngine.Rendering.Runtime.Vegetation.ProceduralTreeRenderer:DestroyBatchObjects (VoxelEngine.Rendering.Runtime.Vegetation.ProceduralTreeRenderer/BatchPresentation) (at Assets/VoxelEngine/Rendering/Runtime/Vegetation/ProceduralTreeRenderer.cs:1081)
VoxelEngine.Rendering.Runtime.Vegetation.ProceduralTreeRenderer:ClearBatches () (at Assets/VoxelEngine/Rendering/Runtime/Vegetation/ProceduralTreeRenderer.cs:1092)
VoxelEngine.Rendering.Runtime.Vegetation.ProceduralTreeRenderer:ClearGenerated () (at Assets/VoxelEngine/Rendering/Runtime/Vegetation/ProceduralTreeRenderer.cs:1106)
VoxelEngine.Rendering.Runtime.Vegetation.ProceduralTreeRenderer:OnDestroy () (at Assets/VoxelEngine/Rendering/Runtime/Vegetation/ProceduralTreeRenderer.cs:1115)
UnityEditor.TestTools.TestRunner.CommandLineTest.Executer:ExitApplication (UnityEditor.TestTools.TestRunner.CommandLineTest.Executer/ReturnCodes,string) (at ./Library/PackageCache/com.unity.test-framework@1405238725ab/UnityEditor.TestRunner/CommandLineTest/Executer.cs:83)
UnityEditor.TestTools.TestRunner.CommandLineTest.Executer:ExitIfRunIsCompleted () (at ./Library/PackageCache/com.unity.test-framework@1405238725ab/UnityEditor.TestRunner/CommandLineTest/Executer.cs:74)
UnityEditor.EditorApplication:Internal_CallUpdateFunctions () (at /Users/bokken/build/output/unity/unity/Editor/Mono/EditorApplication.cs:403)

[Assets/VoxelEngine/Rendering/Runtime/Vegetation/ProceduralTreeRenderer.cs line 1081]

Tree Batch 5,11: Destroy may not be called from edit mode! Use DestroyImmediate instead.
Destroying an object in edit mode destroys it permanently
UnityEngine.Debug:ExtractStackTraceNoAlloc (byte*,int,string)
UnityEngine.StackTraceUtility:ExtractStackTrace () (at /Users/bokken/build/output/unity/unity/Runtime/Export/Scripting/StackTrace.cs:35)
UnityEngine.Object:Destroy (UnityEngine.Object,single)
UnityEngine.Object:Destroy (UnityEngine.Object) (at /Users/bokken/build/output/unity/unity/Runtime/Export/Scripting/UnityEngineObject.bindings.cs:707)
VoxelEngine.Rendering.Runtime.Vegetation.ProceduralTreeRenderer:DestroyBatchObjects (VoxelEngine.Rendering.Runtime.Vegetation.ProceduralTreeRenderer/BatchPresentation) (at Assets/VoxelEngine/Rendering/Runtime/Vegetation/ProceduralTreeRenderer.cs:1085)
VoxelEngine.Rendering.Runtime.Vegetation.ProceduralTreeRenderer:ClearBatches () (at Assets/VoxelEngine/Rendering/Runtime/Vegetation/ProceduralTreeRenderer.cs:1092)
VoxelEngine.Rendering.Runtime.Vegetation.ProceduralTreeRenderer:ClearGenerated () (at Assets/VoxelEngine/Rendering/Runtime/Vegetation/ProceduralTreeRenderer.cs:1106)
VoxelEngine.Rendering.Runtime.Vegetation.ProceduralTreeRenderer:OnDestroy () (at Assets/VoxelEngine/Rendering/Runtime/Vegetation/ProceduralTreeRenderer.cs:1115)
UnityEditor.TestTools.TestRunner.CommandLineTest.Executer:ExitApplication (UnityEditor.TestTools.TestRunner.CommandLineTest.Executer/ReturnCodes,string) (at ./Library/PackageCache/com.unity.test-framework@1405238725ab/UnityEditor.TestRunner/CommandLineTest/Executer.cs:83)
UnityEditor.TestTools.TestRunner.CommandLineTest.Executer:ExitIfRunIsCompleted () (at ./Library/PackageCache/com.unity.test-framework@1405238725ab/UnityEditor.TestRunner/CommandLineTest/Executer.cs:74)
UnityEditor.EditorApplication:Internal_CallUpdateFunctions () (at /Users/bokken/build/output/unity/unity/Editor/Mono/EditorApplication.cs:403)

[Assets/VoxelEngine/Rendering/Runtime/Vegetation/ProceduralTreeRenderer.cs line 1085]

TreeBatch_6_11_LOD0: Destroy may not be called from edit mode! Use DestroyImmediate instead.
Destroying an object in edit mode destroys it permanently
UnityEngine.Debug:ExtractStackTraceNoAlloc (byte*,int,string)
UnityEngine.StackTraceUtility:ExtractStackTrace () (at /Users/bokken/build/output/unity/unity/Runtime/Export/Scripting/StackTrace.cs:35)
UnityEngine.Object:Destroy (UnityEngine.Object,single)
UnityEngine.Object:Destroy (UnityEngine.Object) (at /Users/bokken/build/output/unity/unity/Runtime/Export/Scripting/UnityEngineObject.bindings.cs:707)
VoxelEngine.Rendering.Runtime.Vegetation.ProceduralTreeRenderer:DestroyBatchObjects (VoxelEngine.Rendering.Runtime.Vegetation.ProceduralTreeRenderer/BatchPresentation) (at Assets/VoxelEngine/Rendering/Runtime/Vegetation/ProceduralTreeRenderer.cs:1079)
VoxelEngine.Rendering.Runtime.Vegetation.ProceduralTreeRenderer:ClearBatches () (at Assets/VoxelEngine/Rendering/Runtime/Vegetation/ProceduralTreeRenderer.cs:1092)
VoxelEngine.Rendering.Runtime.Vegetation.ProceduralTreeRenderer:ClearGenerated () (at Assets/VoxelEngine/Rendering/Runtime/Vegetation/ProceduralTreeRenderer.cs:1106)
VoxelEngine.Rendering.Runtime.Vegetation.ProceduralTreeRenderer:OnDestroy () (at Assets/VoxelEngine/Rendering/Runtime/Vegetation/ProceduralTreeRenderer.cs:1115)
UnityEditor.TestTools.TestRunner.CommandLineTest.Executer:ExitApplication (UnityEditor.TestTools.TestRunner.CommandLineTest.Executer/ReturnCodes,string) (at ./Library/PackageCache/com.unity.test-framework@1405238725ab/UnityEditor.TestRunner/CommandLineTest/Executer.cs:83)
UnityEditor.TestTools.TestRunner.CommandLineTest.Executer:ExitIfRunIsCompleted () (at ./Library/PackageCache/com.unity.test-framework@1405238725ab/UnityEditor.TestRunner/CommandLineTest/Executer.cs:74)
UnityEditor.EditorApplication:Internal_CallUpdateFunctions () (at /Users/bokken/build/output/unity/unity/Editor/Mono/EditorApplication.cs:403)

[Assets/VoxelEngine/Rendering/Runtime/Vegetation/ProceduralTreeRenderer.cs line 1079]

TreeBatch_6_11_LOD1: Destroy may not be called from edit mode! Use DestroyImmediate instead.
Destroying an object in edit mode destroys it permanently
UnityEngine.Debug:ExtractStackTraceNoAlloc (byte*,int,string)
UnityEngine.StackTraceUtility:ExtractStackTrace () (at /Users/bokken/build/output/unity/unity/Runtime/Export/Scripting/StackTrace.cs:35)
UnityEngine.Object:Destroy (UnityEngine.Object,single)
UnityEngine.Object:Destroy (UnityEngine.Object) (at /Users/bokken/build/output/unity/unity/Runtime/Export/Scripting/UnityEngineObject.bindings.cs:707)
VoxelEngine.Rendering.Runtime.Vegetation.ProceduralTreeRenderer:DestroyBatchObjects (VoxelEngine.Rendering.Runtime.Vegetation.ProceduralTreeRenderer/BatchPresentation) (at Assets/VoxelEngine/Rendering/Runtime/Vegetation/ProceduralTreeRenderer.cs:1079)
VoxelEngine.Rendering.Runtime.Vegetation.ProceduralTreeRenderer:ClearBatches () (at Assets/VoxelEngine/Rendering/Runtime/Vegetation/ProceduralTreeRenderer.cs:1092)
VoxelEngine.Rendering.Runtime.Vegetation.ProceduralTreeRenderer:ClearGenerated () (at Assets/VoxelEngine/Rendering/Runtime/Vegetation/ProceduralTreeRenderer.cs:1106)
VoxelEngine.Rendering.Runtime.Vegetation.ProceduralTreeRenderer:OnDestroy () (at Assets/VoxelEngine/Rendering/Runtime/Vegetation/ProceduralTreeRenderer.cs:1115)
UnityEditor.TestTools.TestRunner.CommandLineTest.Executer:ExitApplication (UnityEditor.TestTools.TestRunner.CommandLineTest.Executer/ReturnCodes,string) (at ./Library/PackageCache/com.unity.test-framework@1405238725ab/UnityEditor.TestRunner/CommandLineTest/Executer.cs:83)
UnityEditor.TestTools.TestRunner.CommandLineTest.Executer:ExitIfRunIsCompleted () (at ./Library/PackageCache/com.unity.test-framework@1405238725ab/UnityEditor.TestRunner/CommandLineTest/Executer.cs:74)
UnityEditor.EditorApplication:Internal_CallUpdateFunctions () (at /Users/bokken/build/output/unity/unity/Editor/Mono/EditorApplication.cs:403)

[Assets/VoxelEngine/Rendering/Runtime/Vegetation/ProceduralTreeRenderer.cs line 1079]

TreeBatch_6_11_LOD2: Destroy may not be called from edit mode! Use DestroyImmediate instead.
Destroying an object in edit mode destroys it permanently
UnityEngine.Debug:ExtractStackTraceNoAlloc (byte*,int,string)
UnityEngine.StackTraceUtility:ExtractStackTrace () (at /Users/bokken/build/output/unity/unity/Runtime/Export/Scripting/StackTrace.cs:35)
UnityEngine.Object:Destroy (UnityEngine.Object,single)
UnityEngine.Object:Destroy (UnityEngine.Object) (at /Users/bokken/build/output/unity/unity/Runtime/Export/Scripting/UnityEngineObject.bindings.cs:707)
VoxelEngine.Rendering.Runtime.Vegetation.ProceduralTreeRenderer:DestroyBatchObjects (VoxelEngine.Rendering.Runtime.Vegetation.ProceduralTreeRenderer/BatchPresentation) (at Assets/VoxelEngine/Rendering/Runtime/Vegetation/ProceduralTreeRenderer.cs:1079)
VoxelEngine.Rendering.Runtime.Vegetation.ProceduralTreeRenderer:ClearBatches () (at Assets/VoxelEngine/Rendering/Runtime/Vegetation/ProceduralTreeRenderer.cs:1092)
VoxelEngine.Rendering.Runtime.Vegetation.ProceduralTreeRenderer:ClearGenerated () (at Assets/VoxelEngine/Rendering/Runtime/Vegetation/ProceduralTreeRenderer.cs:1106)
VoxelEngine.Rendering.Runtime.Vegetation.ProceduralTreeRenderer:OnDestroy () (at Assets/VoxelEngine/Rendering/Runtime/Vegetation/ProceduralTreeRenderer.cs:1115)
UnityEditor.TestTools.TestRunner.CommandLineTest.Executer:ExitApplication (UnityEditor.TestTools.TestRunner.CommandLineTest.Executer/ReturnCodes,string) (at ./Library/PackageCache/com.unity.test-framework@1405238725ab/UnityEditor.TestRunner/CommandLineTest/Executer.cs:83)
UnityEditor.TestTools.TestRunner.CommandLineTest.Executer:ExitIfRunIsCompleted () (at ./Library/PackageCache/com.unity.test-framework@1405238725ab/UnityEditor.TestRunner/CommandLineTest/Executer.cs:74)
UnityEditor.EditorApplication:Internal_CallUpdateFunctions () (at /Users/bokken/build/output/unity/unity/Editor/Mono/EditorApplication.cs:403)

[Assets/VoxelEngine/Rendering/Runtime/Vegetation/ProceduralTreeRenderer.cs line 1079]

TreeBatch_6_11_LOD3: Destroy may not be called from edit mode! Use DestroyImmediate instead.
Destroying an object in edit mode destroys it permanently
UnityEngine.Debug:ExtractStackTraceNoAlloc (byte*,int,string)
UnityEngine.StackTraceUtility:ExtractStackTrace () (at /Users/bokken/build/output/unity/unity/Runtime/Export/Scripting/StackTrace.cs:35)
UnityEngine.Object:Destroy (UnityEngine.Object,single)
UnityEngine.Object:Destroy (UnityEngine.Object) (at /Users/bokken/build/output/unity/unity/Runtime/Export/Scripting/UnityEngineObject.bindings.cs:707)
VoxelEngine.Rendering.Runtime.Vegetation.ProceduralTreeRenderer:DestroyBatchObjects (VoxelEngine.Rendering.Runtime.Vegetation.ProceduralTreeRenderer/BatchPresentation) (at Assets/VoxelEngine/Rendering/Runtime/Vegetation/ProceduralTreeRenderer.cs:1081)
VoxelEngine.Rendering.Runtime.Vegetation.ProceduralTreeRenderer:ClearBatches () (at Assets/VoxelEngine/Rendering/Runtime/Vegetation/ProceduralTreeRenderer.cs:1092)
VoxelEngine.Rendering.Runtime.Vegetation.ProceduralTreeRenderer:ClearGenerated () (at Assets/VoxelEngine/Rendering/Runtime/Vegetation/ProceduralTreeRenderer.cs:1106)
VoxelEngine.Rendering.Runtime.Vegetation.ProceduralTreeRenderer:OnDestroy () (at Assets/VoxelEngine/Rendering/Runtime/Vegetation/ProceduralTreeRenderer.cs:1115)
UnityEditor.TestTools.TestRunner.CommandLineTest.Executer:ExitApplication (UnityEditor.TestTools.TestRunner.CommandLineTest.Executer/ReturnCodes,string) (at ./Library/PackageCache/com.unity.test-framework@1405238725ab/UnityEditor.TestRunner/CommandLineTest/Executer.cs:83)
UnityEditor.TestTools.TestRunner.CommandLineTest.Executer:ExitIfRunIsCompleted () (at ./Library/PackageCache/com.unity.test-framework@1405238725ab/UnityEditor.TestRunner/CommandLineTest/Executer.cs:74)
UnityEditor.EditorApplication:Internal_CallUpdateFunctions () (at /Users/bokken/build/output/unity/unity/Editor/Mono/EditorApplication.cs:403)

[Assets/VoxelEngine/Rendering/Runtime/Vegetation/ProceduralTreeRenderer.cs line 1081]

Tree Batch 6,11: Destroy may not be called from edit mode! Use DestroyImmediate instead.
Destroying an object in edit mode destroys it permanently
UnityEngine.Debug:ExtractStackTraceNoAlloc (byte*,int,string)
UnityEngine.StackTraceUtility:ExtractStackTrace () (at /Users/bokken/build/output/unity/unity/Runtime/Export/Scripting/StackTrace.cs:35)
UnityEngine.Object:Destroy (UnityEngine.Object,single)
UnityEngine.Object:Destroy (UnityEngine.Object) (at /Users/bokken/build/output/unity/unity/Runtime/Export/Scripting/UnityEngineObject.bindings.cs:707)
VoxelEngine.Rendering.Runtime.Vegetation.ProceduralTreeRenderer:DestroyBatchObjects (VoxelEngine.Rendering.Runtime.Vegetation.ProceduralTreeRenderer/BatchPresentation) (at Assets/VoxelEngine/Rendering/Runtime/Vegetation/ProceduralTreeRenderer.cs:1085)
VoxelEngine.Rendering.Runtime.Vegetation.ProceduralTreeRenderer:ClearBatches () (at Assets/VoxelEngine/Rendering/Runtime/Vegetation/ProceduralTreeRenderer.cs:1092)
VoxelEngine.Rendering.Runtime.Vegetation.ProceduralTreeRenderer:ClearGenerated () (at Assets/VoxelEngine/Rendering/Runtime/Vegetation/ProceduralTreeRenderer.cs:1106)
VoxelEngine.Rendering.Runtime.Vegetation.ProceduralTreeRenderer:OnDestroy () (at Assets/VoxelEngine/Rendering/Runtime/Vegetation/ProceduralTreeRenderer.cs:1115)
UnityEditor.TestTools.TestRunner.CommandLineTest.Executer:ExitApplication (UnityEditor.TestTools.TestRunner.CommandLineTest.Executer/ReturnCodes,string) (at ./Library/PackageCache/com.unity.test-framework@1405238725ab/UnityEditor.TestRunner/CommandLineTest/Executer.cs:83)
UnityEditor.TestTools.TestRunner.CommandLineTest.Executer:ExitIfRunIsCompleted () (at ./Library/PackageCache/com.unity.test-framework@1405238725ab/UnityEditor.TestRunner/CommandLineTest/Executer.cs:74)
UnityEditor.EditorApplication:Internal_CallUpdateFunctions () (at /Users/bokken/build/output/unity/unity/Editor/Mono/EditorApplication.cs:403)

[Assets/VoxelEngine/Rendering/Runtime/Vegetation/ProceduralTreeRenderer.cs line 1085]

MSBuild server shut down successfully.
[Physics::Module] Cleanup current backend.
[Physics::Module] Id: 0xf2b8ea05
[Licensing::IpcConnector] LicenseClient-jlashmet-6000.5.6-notifications channel disconnected successfully.
[Licensing::IpcConnector] LicenseClient-jlashmet-6000.5.6 channel disconnected successfully.
Thread 0x17cbd3000 may have been prematurely finalized
Thread 0x17cc5f000 may have been prematurely finalized
Thread 0x17ce8f000 may have been prematurely finalized
Thread 0x17ce03000 may have been prematurely finalized
Thread 0x17cceb000 may have been prematurely finalized
Thread 0x17cd77000 may have been prematurely finalized
Thread 0x17cfa7000 may have been prematurely finalized
Thread 0x17cf1b000 may have been prematurely finalized
AcceleratorClientConnectionCallback - disconnected - :0
Thread 0x33fbbf000 may have been prematurely finalized
info: Microsoft.Hosting.Lifetime[0]
      Application is shutting down...
Cleanup mono
CodeReloadManager destroyed
info: Unity.ILPP.Runner.PostProcessingAssemblyLoadContext[0]
      ALC ILPP context 1 is unloading
debugger-agent: Unable to listen on 44
