Unity Editor version:    6000.5.6f1 (0e0577a1a2ac)
Branch:                  6000.5/staging
Build type:              Release
Batch mode:              YES
macOS version:           Version 15.5 (Build 24F74)
Darwin version:          24.5.0
Architecture:            arm64
Running under Rosetta:   NO
Available memory:        65536 MB
Date:                    2026-08-24T19:10:22Z
[Licensing::Module] Trying to connect to existing licensing client channel...
[Licensing::IpcConnector] Successfully connected to: "LicenseClient-jlashmet" at "2026-08-24T19:10:22.523009Z"
Launching external process: /Applications/Unity/Hub/Editor/6000.5.6f1/Unity.app/Contents/Helpers/PackageManager/Server/UnityPackageManager

COMMAND LINE ARGUMENTS:
/Applications/Unity/Hub/Editor/6000.5.6f1/Unity.app/Contents/MacOS/Unity
-projectPath
/Users/jlashmet/code/voxel
-batchmode
-runTests
-testPlatform
PlayMode
-testFilter
VoxelEngine.Tests.PlayMode.KentridgeOpeningCameraReadabilityTests.OpeningCameraKeepsConversationParticipantsReadable
-testResults
/Users/jlashmet/code/voxel/Artifacts/SceneIssue024358Tests/los-results.xml
-logFile
/Users/jlashmet/code/voxel/Artifacts/SceneIssue024358Tests/los-unity.log
Successfully changed project path to: /Users/jlashmet/code/voxel
/Users/jlashmet/code/voxel
[UnityMemory] Configuration Parameters - Can be set up in boot.config
    "memorysetup-temp-allocator-size-gi-baking-worker=262144"
    "memorysetup-temp-allocator-size-gi-baking-worker=262144"
    "memorysetup-temp-allocator-size-gi-baking-worker=262144"
    "memorysetup-temp-allocator-size-gi-baking-worker=262144"
    "memorysetup-temp-allocator-size-gi-baking-worker=262144"
    "memorysetup-temp-allocator-size-nav-mesh-worker=65536"
    "memorysetup-temp-allocator-size-audio-worker=65536"
    "memorysetup-temp-allocator-size-cloud-worker=32768"
    "memorysetup-allocator-temp-initial-block-size-main=262144"
    "memorysetup-allocator-temp-initial-block-size-worker=262144"
    "memorysetup-temp-allocator-size-preload-manager=33554432"
    "memorysetup-temp-allocator-size-gfx=262144"
    "memorysetup-temp-allocator-size-background-worker=32768"
    "memorysetup-temp-allocator-size-job-worker=262144"
    "memorysetup-bucket-allocator-granularity=16"
    "memorysetup-bucket-allocator-bucket-count=8"
    "memorysetup-bucket-allocator-block-size=33554432"
    "memorysetup-bucket-allocator-block-count=8"
    "memorysetup-main-allocator-block-size=16777216"
    "memorysetup-thread-allocator-block-size=16777216"
    "memorysetup-main-allocator-mimalloc-enabled=0"
    "memorysetup-gfx-main-allocator-block-size=16777216"
    "memorysetup-gfx-thread-allocator-block-size=16777216"
    "memorysetup-cache-allocator-block-size=4194304"
    "memorysetup-typetree-allocator-block-size=2097152"
    "memorysetup-profiler-bucket-allocator-granularity=16"
    "memorysetup-profiler-bucket-allocator-bucket-count=8"
    "memorysetup-profiler-bucket-allocator-block-size=33554432"
    "memorysetup-profiler-bucket-allocator-block-count=8"
    "memorysetup-profiler-allocator-block-size=16777216"
    "memorysetup-profiler-editor-allocator-block-size=1048576"
    "memorysetup-temp-allocator-size-main=16777216"
    "memorysetup-job-temp-allocator-block-size=2097152"
    "memorysetup-job-temp-allocator-block-size-background=1048576"
    "memorysetup-job-temp-allocator-reduction-small-platforms=262144"
Logging is directed to a specific file, skipping project log.Player connection [8495210240]  Target information:

Player connection [8495210240]  * "[IP] 192.168.68.59 [Port] 55504 [Flags] 2 [Guid] 1734248386 [EditorId] 1734248386 [Version] 1048832 [Id] OSXEditor(0,Jasons-MacBook-Pro.local) [Debug] 1 [PackageName] OSXEditor [ProjectName] Editor"

Player connection [8495210240] Host joined multi-casting on [225.0.0.222:54997]...
Player connection [8495210240] Host joined alternative multi-casting on [225.0.0.222:34997]...
Input System module state changed to: Initialized.
[Physics::Module] Initialized fallback backend.
[Physics::Module] Id: 0xdecafbad
[Licensing::Client] Error: HandshakeResponse reported an error:
	ResponseCode: 505
	ResponseStatus: Unsupported protocol version '1.18.1'.
[Licensing::Module] Error: Failed to handshake to channel: "LicenseClient-jlashmet"
[Licensing::IpcConnector] LicenseClient-jlashmet channel disconnected successfully.
[Licensing::IpcConnector] Channel LicenseClient-jlashmet-6000.5.6 doesn't exist
Launching external process: /Applications/Unity/Hub/Editor/6000.5.6f1/Unity.app/Contents/Helpers/UnityLicensingClient.app/Contents/MacOS/Unity.Licensing.Client
[Licensing::Module] Successfully launched the LicensingClient (PId: 59566)
[Package Manager] Connected to IPC stream "Upm-59518" after 0.1 seconds.
[Licensing::Module] Licensing is not yet initialized.
[Licensing::IpcConnector] Successfully connected to: "LicenseClient-jlashmet-6000.5.6" at "2026-08-24T19:10:22.796479Z"
[Licensing::Client] Handshaking with LicensingClient:
  Version:                 1.18.1+9fbee8e
  Session Id:              8ff90759626b47bd980b207c7c5a54cc
  Correlation Id:          c00dfe1d225c041f4f9484cfdb0c70eb
  External correlation Id: 5816953593390125193
  Machine Id:              +RIQ8xEkJcR9okhzEI7uTO1sGwM=
[Licensing::Module] Successfully connected to LicensingClient on channel: "LicenseClient-jlashmet-6000.5.6" (connect: 0.12s, validation: 0.01s, handshake: 0.15s)
[Licensing::IpcConnector] Successfully connected to: "LicenseClient-jlashmet-6000.5.6-notifications" at "2026-08-24T19:10:22.962951Z"
[Licensing::Module] Connected to LicensingClient (PId: 59566, launch time: 0.00, total connection time: 0.28s)
[Licensing::Module] Error: Access token is unavailable; failed to update
[Licensing::Client] Successfully resolved entitlement details
[Licensing::Module] License group:
  Id: 3465641-UnityPersXXXX
  Product: Unity Personal
  Type: Assigned
  Expiration: Unlimited
[Licensing::Client] Successfully updated license, isAsync: True, time: 0.00
[Licensing::Module] Licensing Background thread has ended after 0.45s
[Licensing::Module] Licensing is initialized (took 0.28s).
[Licensing::Client] Successfully resolved entitlement details
Library Redirect Path: Library/
[Physics::Module] Selected backend.
[Physics::Module] Name: PhysX
[Physics::Module] Id: 0xf2b8ea05
[Physics::Module] SDK Version: 4.1.2
[Physics::Module] Integration Version: 1.0.0
[Physics::Module] Threading Mode: Multi-Threaded
Initialize engine version: 6000.5.6f1 (0e0577a1a2ac)
[Subsystems] Discovering subsystems at path /Applications/Unity/Hub/Editor/6000.5.6f1/Unity.app/Contents/Resources/UnitySubsystems
[Subsystems] Discovering subsystems at path /Users/jlashmet/code/voxel/Assets
GfxDevice: creating device client; kGfxThreadingModeNonThreaded
 preferred device: Apple M4 Max (high power)
Metal devices available: 1
0: Apple M4 Max (high power)
Using device Apple M4 Max (high power)
Initializing Metal device caps: Apple M4 Max
Mac GPU Family: 2
Apple GPU Family: 9
MSL Version: 3.0
Has Float MSAA: 1
Has Float Filtering: 1
ReadWrite Texture Tier: 2
Initialize mono
Mono path[0] = '/Applications/Unity/Hub/Editor/6000.5.6f1/Unity.app/Contents/Resources/Scripting/Managed'
Mono path[1] = '/Applications/Unity/Hub/Editor/6000.5.6f1/Unity.app/Contents/Resources/Scripting/BCLExtensions/runtime/netstandard2.1'
Mono path[2] = '/Applications/Unity/Hub/Editor/6000.5.6f1/Unity.app/Contents/Resources/Scripting/MonoBleedingEdge/lib/mono/unityjit-macos'
Mono config path = '/Applications/Unity/Hub/Editor/6000.5.6f1/Unity.app/Contents/Resources/Scripting/MonoBleedingEdge/etc'
Using monoOptions --debugger-agent=transport=dt_socket,embedding=1,server=y,suspend=n,address=127.0.0.1:56518
CodeReloadManager initialized
ImportWorker Server TCP listen port: 0
AcceleratorClientConnectionCallback - disconnected - :0
Begin MonoManager ReloadAssembly
Registering precompiled unity dll's ...
Register platform support module: /Applications/Unity/Hub/Editor/6000.5.6f1/PlaybackEngines/WebGLSupport/UnityEditor.WebGL.Extensions.dll
Register platform support module: /Applications/Unity/Hub/Editor/6000.5.6f1/PlaybackEngines/MacStandaloneSupport/UnityEditor.OSXStandalone.Extensions.dll
Registered in 0.000310 seconds.
Native extension for OSXStandalone target not found
Native extension for WebGL target not found
Package Manager log level set to [2]
ScheduleIndexationOnStartup MainProcess:False IndexOnStartup:True
Mono: successfully reloaded assembly
- Finished resetting the current domain, in  0.178 seconds
Domain Reload Profiling: 385ms
	BeginReloadAssembly (49ms)
		CreateAndSetChildDomain (16ms)
	RebuildNativeTypeToScriptingClass (8ms)
	initialDomainReloadingComplete (23ms)
	LoadAllAssembliesAndSetupDomain (124ms)
		LoadAssemblies (33ms)
		AnalyzeDomain (94ms)
			TypeCache.Refresh (93ms)
				TypeCache.ScanAssembly (87ms)
	FinalizeReload (179ms)
		SetupLoadedEditorAssemblies (0ms)
			BeforeProcessingInitializeOnLoad (41ms)
			ProcessInitializeOnLoadAttributes (41ms)
			ProcessInitializeOnLoadMethodAttributes (58ms)
[Licensing::Client] Successfully resolved entitlement details
Application.AssetDatabase Initial Refresh Start
[Package Manager] Restoring resolved packages state from cache
[Licensing::Client] Successfully resolved entitlement details
[Package Manager] Registered 66 packages:
  Packages from [https://packages.unity.com]:
    com.unity.ai.navigation@2.0.14 (location: /Users/jlashmet/code/voxel/Library/PackageCache/com.unity.ai.navigation@134dd6a3b97b)
    com.unity.analytics@3.8.2 (location: /Users/jlashmet/code/voxel/Library/PackageCache/com.unity.analytics@c9d14a6bdec6)
    com.unity.burst@1.8.29 (location: /Users/jlashmet/code/voxel/Library/PackageCache/com.unity.burst@6bb9aca3ef38)
    com.unity.collab-proxy@2.13.3 (location: /Users/jlashmet/code/voxel/Library/PackageCache/com.unity.collab-proxy@4f3be89e8675)
    com.unity.ide.rider@3.0.38 (location: /Users/jlashmet/code/voxel/Library/PackageCache/com.unity.ide.rider@1f60b3138684)
    com.unity.ide.visualstudio@2.0.26 (location: /Users/jlashmet/code/voxel/Library/PackageCache/com.unity.ide.visualstudio@a99d56dec63f)
    com.unity.purchasing@5.4.2 (location: /Users/jlashmet/code/voxel/Library/PackageCache/com.unity.purchasing@290a16a9a099)
    com.unity.timeline@1.8.12 (location: /Users/jlashmet/code/voxel/Library/PackageCache/com.unity.timeline@8cd8509afae5)
    com.unity.xr.legacyinputhelpers@3.0.1 (location: /Users/jlashmet/code/voxel/Library/PackageCache/com.unity.xr.legacyinputhelpers@3f62d634f63b)
    com.unity.services.core@1.18.0 (location: /Users/jlashmet/code/voxel/Library/PackageCache/com.unity.services.core@3464cb68d709)
    com.unity.nuget.mono-cecil@1.11.6 (location: /Users/jlashmet/code/voxel/Library/PackageCache/com.unity.nuget.mono-cecil@ecb9724e46ff)
    com.unity.test-framework.performance@3.5.0 (location: /Users/jlashmet/code/voxel/Library/PackageCache/com.unity.test-framework.performance@8b56083ec0f0)
    com.unity.services.analytics@6.3.0 (location: /Users/jlashmet/code/voxel/Library/PackageCache/com.unity.services.analytics@cde4e6cf92f9)
    com.unity.nuget.newtonsoft-json@3.2.2 (location: /Users/jlashmet/code/voxel/Library/PackageCache/com.unity.nuget.newtonsoft-json@4dfd81071c64)
    com.unity.searcher@4.9.4 (location: /Users/jlashmet/code/voxel/Library/PackageCache/com.unity.searcher@d45a78918735)
  Built-in packages:
    com.unity.2d.sprite@1.0.0 (location: /Users/jlashmet/code/voxel/Library/PackageCache/com.unity.2d.sprite@053a968eab56)
    com.unity.2d.tilemap@1.0.0 (location: /Users/jlashmet/code/voxel/Library/PackageCache/com.unity.2d.tilemap@b959501fd678)
    com.unity.collections@6.5.0 (location: /Users/jlashmet/code/voxel/Library/PackageCache/com.unity.collections@a43cabe808ca)
    com.unity.mathematics@1.4.0 (location: /Users/jlashmet/code/voxel/Library/PackageCache/com.unity.mathematics@981956d94fb6)
    com.unity.multiplayer.center@1.0.1 (location: /Users/jlashmet/code/voxel/Library/PackageCache/com.unity.multiplayer.center@b860850997d0)
    com.unity.render-pipelines.universal@17.5.0 (location: /Users/jlashmet/code/voxel/Library/PackageCache/com.unity.render-pipelines.universal@73b4c4ff130e)
    com.unity.test-framework@1.7.0 (location: /Users/jlashmet/code/voxel/Library/PackageCache/com.unity.test-framework@1405238725ab)
    com.unity.transport@6.5.0 (location: /Users/jlashmet/code/voxel/Library/PackageCache/com.unity.transport@0c07c94c2861)
    com.unity.ugui@2.5.0 (location: /Users/jlashmet/code/voxel/Library/PackageCache/com.unity.ugui@67707a67a4ab)
    com.unity.modules.accessibility@1.0.0 (location: /Users/jlashmet/code/voxel/Library/PackageCache/com.unity.modules.accessibility)
    com.unity.modules.adaptiveperformance@1.0.0 (location: /Users/jlashmet/code/voxel/Library/PackageCache/com.unity.modules.adaptiveperformance)
    com.unity.modules.ai@1.0.0 (location: /Users/jlashmet/code/voxel/Library/PackageCache/com.unity.modules.ai)
    com.unity.modules.androidjni@1.0.0 (location: /Users/jlashmet/code/voxel/Library/PackageCache/com.unity.modules.androidjni)
    com.unity.modules.animation@1.0.0 (location: /Users/jlashmet/code/voxel/Library/PackageCache/com.unity.modules.animation)
    com.unity.modules.assetbundle@1.0.0 (location: /Users/jlashmet/code/voxel/Library/PackageCache/com.unity.modules.assetbundle)
    com.unity.modules.audio@1.0.0 (location: /Users/jlashmet/code/voxel/Library/PackageCache/com.unity.modules.audio)
    com.unity.modules.cloth@1.0.0 (location: /Users/jlashmet/code/voxel/Library/PackageCache/com.unity.modules.cloth)
    com.unity.modules.director@1.0.0 (location: /Users/jlashmet/code/voxel/Library/PackageCache/com.unity.modules.director)
    com.unity.modules.imageconversion@1.0.0 (location: /Users/jlashmet/code/voxel/Library/PackageCache/com.unity.modules.imageconversion)
    com.unity.modules.imgui@1.0.0 (location: /Users/jlashmet/code/voxel/Library/PackageCache/com.unity.modules.imgui)
    com.unity.modules.jsonserialize@1.0.0 (location: /Users/jlashmet/code/voxel/Library/PackageCache/com.unity.modules.jsonserialize)
    com.unity.modules.particlesystem@1.0.0 (location: /Users/jlashmet/code/voxel/Library/PackageCache/com.unity.modules.particlesystem)
    com.unity.modules.physics@1.0.0 (location: /Users/jlashmet/code/voxel/Library/PackageCache/com.unity.modules.physics)
    com.unity.modules.physics2d@1.0.0 (location: /Users/jlashmet/code/voxel/Library/PackageCache/com.unity.modules.physics2d)
    com.unity.modules.physicscore2d@1.0.0 (location: /Users/jlashmet/code/voxel/Library/PackageCache/com.unity.modules.physicscore2d)
    com.unity.modules.screencapture@1.0.0 (location: /Users/jlashmet/code/voxel/Library/PackageCache/com.unity.modules.screencapture)
    com.unity.modules.terrain@1.0.0 (location: /Users/jlashmet/code/voxel/Library/PackageCache/com.unity.modules.terrain)
    com.unity.modules.terrainphysics@1.0.0 (location: /Users/jlashmet/code/voxel/Library/PackageCache/com.unity.modules.terrainphysics)
    com.unity.modules.tilemap@1.0.0 (location: /Users/jlashmet/code/voxel/Library/PackageCache/com.unity.modules.tilemap)
    com.unity.modules.ui@1.0.0 (location: /Users/jlashmet/code/voxel/Library/PackageCache/com.unity.modules.ui)
    com.unity.modules.uielements@1.0.0 (location: /Users/jlashmet/code/voxel/Library/PackageCache/com.unity.modules.uielements)
    com.unity.modules.umbra@1.0.0 (location: /Users/jlashmet/code/voxel/Library/PackageCache/com.unity.modules.umbra)
    com.unity.modules.unityanalytics@1.0.0 (location: /Users/jlashmet/code/voxel/Library/PackageCache/com.unity.modules.unityanalytics)
    com.unity.modules.unitywebrequest@1.0.0 (location: /Users/jlashmet/code/voxel/Library/PackageCache/com.unity.modules.unitywebrequest)
    com.unity.modules.unitywebrequestassetbundle@1.0.0 (location: /Users/jlashmet/code/voxel/Library/PackageCache/com.unity.modules.unitywebrequestassetbundle)
    com.unity.modules.unitywebrequestaudio@1.0.0 (location: /Users/jlashmet/code/voxel/Library/PackageCache/com.unity.modules.unitywebrequestaudio)
    com.unity.modules.unitywebrequesttexture@1.0.0 (location: /Users/jlashmet/code/voxel/Library/PackageCache/com.unity.modules.unitywebrequesttexture)
    com.unity.modules.unitywebrequestwww@1.0.0 (location: /Users/jlashmet/code/voxel/Library/PackageCache/com.unity.modules.unitywebrequestwww)
    com.unity.modules.vectorgraphics@1.0.0 (location: /Users/jlashmet/code/voxel/Library/PackageCache/com.unity.modules.vectorgraphics)
    com.unity.modules.vehicles@1.0.0 (location: /Users/jlashmet/code/voxel/Library/PackageCache/com.unity.modules.vehicles)
    com.unity.modules.video@1.0.0 (location: /Users/jlashmet/code/voxel/Library/PackageCache/com.unity.modules.video)
    com.unity.modules.wind@1.0.0 (location: /Users/jlashmet/code/voxel/Library/PackageCache/com.unity.modules.wind)
    com.unity.modules.xr@1.0.0 (location: /Users/jlashmet/code/voxel/Library/PackageCache/com.unity.modules.xr)
    com.unity.modules.subsystems@1.0.0 (location: /Users/jlashmet/code/voxel/Library/PackageCache/com.unity.modules.subsystems)
    com.unity.modules.hierarchycore@1.0.0 (location: /Users/jlashmet/code/voxel/Library/PackageCache/com.unity.modules.hierarchycore)
    com.unity.ext.nunit@2.1.0 (location: /Users/jlashmet/code/voxel/Library/PackageCache/com.unity.ext.nunit@44f7d31723bd)
    com.unity.render-pipelines.core@17.5.0 (location: /Users/jlashmet/code/voxel/Library/PackageCache/com.unity.render-pipelines.core@645717f21c5f)
    com.unity.shadergraph@17.5.0 (location: /Users/jlashmet/code/voxel/Library/PackageCache/com.unity.shadergraph@8d7376ec43ee)
    com.unity.render-pipelines.universal-config@17.5.0 (location: /Users/jlashmet/code/voxel/Library/PackageCache/com.unity.render-pipelines.universal-config@fdda01c80fe3)
  Embedded packages:
    com.mountingforce.worldgen@file:/Users/jlashmet/code/voxel/Packages/com.mountingforce.worldgen (location: /Users/jlashmet/code/voxel/Packages/com.mountingforce.worldgen)
  Git packages:
    com.coplaydev.unity-mcp@https://github.com/CoplayDev/unity-mcp.git?path=/MCPForUnity#main (location: /Users/jlashmet/code/voxel/Library/PackageCache/com.coplaydev.unity-mcp@8bd91ce7bd3a)
[Subsystems] No new subsystems found in resolved package list.
[Package Manager] Done registering packages in 0.01 seconds
[ScriptCompilation] Requested script compilation because: AssetDatabase observed changes in script compilation related files
Assembly for Assembly Definition File 'Assets/VoxelEngine/StructuralIntegrity/Api/VoxelEngine.StructuralIntegrity.Api.asmdef' will not be compiled, because it has no scripts associated with it.
UnityEngine.Debug:ExtractStackTraceNoAlloc (byte*,int,string)
UnityEngine.StackTraceUtility:ExtractStackTrace () (at /Users/bokken/build/output/unity/unity/Runtime/Export/Scripting/StackTrace.cs:35)
UnityEngine.DebugLogHandler:Internal_Log (UnityEngine.LogType,UnityEngine.LogOption,string,UnityEngine.Object)
UnityEngine.DebugLogHandler:LogFormat (UnityEngine.LogType,UnityEngine.Object,string,object[])
UnityEngine.Logger:LogFormat (UnityEngine.LogType,string,object[])
UnityEngine.Debug:LogWarningFormat (string,object[])
UnityEditor.Scripting.ScriptCompilation.EditorCompilation:WarnIfThereAreAssembliesWithoutAnyScripts (UnityEditor.Scripting.ScriptCompilation.ScriptAssemblySettings,UnityEditor.Scripting.ScriptCompilation.ScriptAssembly[]) (at /Users/bokken/build/output/unity/unity/Editor/Mono/Scripting/ScriptCompilation/EditorCompilation.cs:814)
UnityEditor.Scripting.ScriptCompilation.EditorCompilation:CompileScriptsWithSettings (UnityEditor.Scripting.ScriptCompilation.ScriptAssemblySettings) (at /Users/bokken/build/output/unity/unity/Editor/Mono/Scripting/ScriptCompilation/EditorCompilation.cs:871)
UnityEditor.Scripting.ScriptCompilation.EditorCompilation:CompileScripts (UnityEditor.Scripting.ScriptCompilation.EditorScriptCompilationOptions,UnityEditor.BuildTarget,int,string[]) (at /Users/bokken/build/output/unity/unity/Editor/Mono/Scripting/ScriptCompilation/EditorCompilation.cs:748)
UnityEditor.Scripting.ScriptCompilation.EditorCompilationInterface/<>c__DisplayClass21_0:<CompileScripts>b__0 () (at /Users/bokken/build/output/unity/unity/Editor/Mono/Scripting/ScriptCompilation/EditorCompilationInterface.cs:187)
UnityEditor.Scripting.ScriptCompilation.EditorCompilationInterface:EmitExceptionAsError<UnityEditor.Scripting.ScriptCompilation.EditorCompilation/CompileStatus> (System.Func`1<UnityEditor.Scripting.ScriptCompilation.EditorCompilation/CompileStatus>,UnityEditor.Scripting.ScriptCompilation.EditorCompilation/CompileStatus) (at /Users/bokken/build/output/unity/unity/Editor/Mono/Scripting/ScriptCompilation/EditorCompilationInterface.cs:52)
UnityEditor.Scripting.ScriptCompilation.EditorCompilationInterface:CompileScripts (UnityEditor.Scripting.ScriptCompilation.EditorScriptCompilationOptions,UnityEditor.BuildTarget,int,string[]) (at /Users/bokken/build/output/unity/unity/Editor/Mono/Scripting/ScriptCompilation/EditorCompilationInterface.cs:187)

(Filename: /Users/bokken/build/output/unity/unity/Editor/Mono/Scripting/ScriptCompilation/EditorCompilation.cs Line: 814)

Assembly for Assembly Definition File 'Assets/VoxelEngine/Net/Api/VoxelEngine.Net.Api.asmdef' will not be compiled, because it has no scripts associated with it.
UnityEngine.Debug:ExtractStackTraceNoAlloc (byte*,int,string)
UnityEngine.StackTraceUtility:ExtractStackTrace () (at /Users/bokken/build/output/unity/unity/Runtime/Export/Scripting/StackTrace.cs:35)
UnityEngine.DebugLogHandler:Internal_Log (UnityEngine.LogType,UnityEngine.LogOption,string,UnityEngine.Object)
UnityEngine.DebugLogHandler:LogFormat (UnityEngine.LogType,UnityEngine.Object,string,object[])
UnityEngine.Logger:LogFormat (UnityEngine.LogType,string,object[])
UnityEngine.Debug:LogWarningFormat (string,object[])
UnityEditor.Scripting.ScriptCompilation.EditorCompilation:WarnIfThereAreAssembliesWithoutAnyScripts (UnityEditor.Scripting.ScriptCompilation.ScriptAssemblySettings,UnityEditor.Scripting.ScriptCompilation.ScriptAssembly[]) (at /Users/bokken/build/output/unity/unity/Editor/Mono/Scripting/ScriptCompilation/EditorCompilation.cs:814)
UnityEditor.Scripting.ScriptCompilation.EditorCompilation:CompileScriptsWithSettings (UnityEditor.Scripting.ScriptCompilation.ScriptAssemblySettings) (at /Users/bokken/build/output/unity/unity/Editor/Mono/Scripting/ScriptCompilation/EditorCompilation.cs:871)
UnityEditor.Scripting.ScriptCompilation.EditorCompilation:CompileScripts (UnityEditor.Scripting.ScriptCompilation.EditorScriptCompilationOptions,UnityEditor.BuildTarget,int,string[]) (at /Users/bokken/build/output/unity/unity/Editor/Mono/Scripting/ScriptCompilation/EditorCompilation.cs:748)
UnityEditor.Scripting.ScriptCompilation.EditorCompilationInterface/<>c__DisplayClass21_0:<CompileScripts>b__0 () (at /Users/bokken/build/output/unity/unity/Editor/Mono/Scripting/ScriptCompilation/EditorCompilationInterface.cs:187)
UnityEditor.Scripting.ScriptCompilation.EditorCompilationInterface:EmitExceptionAsError<UnityEditor.Scripting.ScriptCompilation.EditorCompilation/CompileStatus> (System.Func`1<UnityEditor.Scripting.ScriptCompilation.EditorCompilation/CompileStatus>,UnityEditor.Scripting.ScriptCompilation.EditorCompilation/CompileStatus) (at /Users/bokken/build/output/unity/unity/Editor/Mono/Scripting/ScriptCompilation/EditorCompilationInterface.cs:52)
UnityEditor.Scripting.ScriptCompilation.EditorCompilationInterface:CompileScripts (UnityEditor.Scripting.ScriptCompilation.EditorScriptCompilationOptions,UnityEditor.BuildTarget,int,string[]) (at /Users/bokken/build/output/unity/unity/Editor/Mono/Scripting/ScriptCompilation/EditorCompilationInterface.cs:187)

(Filename: /Users/bokken/build/output/unity/unity/Editor/Mono/Scripting/ScriptCompilation/EditorCompilation.cs Line: 814)

info: Microsoft.Hosting.Lifetime[14]
      Now listening on: http://unix:/tmp/ilpp.sock-c3b432dd611250ca5bcc2f17f61b6832
info: Microsoft.Hosting.Lifetime[0]
      Application started. Press Ctrl+C to shut down.
info: Microsoft.Hosting.Lifetime[0]
      Hosting environment: Production
info: Microsoft.Hosting.Lifetime[0]
      Content root path: /Users/jlashmet/code/voxel
info: Microsoft.AspNetCore.Hosting.Diagnostics[1]
      Request starting HTTP/2 POST http://ilpp/UnityILPP.PostProcessing/Ping - application/grpc -
info: Microsoft.AspNetCore.Routing.EndpointMiddleware[0]
      Executing endpoint 'gRPC - /UnityILPP.PostProcessing/Ping'
info: Microsoft.AspNetCore.Routing.EndpointMiddleware[1]
      Executed endpoint 'gRPC - /UnityILPP.PostProcessing/Ping'
info: Microsoft.AspNetCore.Hosting.Diagnostics[2]
      Request finished HTTP/2 POST http://ilpp/UnityILPP.PostProcessing/Ping - 200 - application/grpc 12.6708ms
Starting: /Applications/Unity/Hub/Editor/6000.5.6f1/Unity.app/Contents/Resources/BuildPipeline/bee_backend --ipc --defer-dag-verification --dagfile="Library/Bee/200b0aE.dag" --continue-on-failure --profile="Library/Bee/backend1.traceevents" ScriptAssemblies
WorkingDir: /Users/jlashmet/code/voxel
DisplayProgressbar: Compiling Scripts
info: Microsoft.AspNetCore.Hosting.Diagnostics[1]
      Request starting HTTP/2 POST http://ilpp/UnityILPP.PostProcessing/ConfigurePostProcessors - application/grpc -
info: Microsoft.AspNetCore.Routing.EndpointMiddleware[0]
      Executing endpoint 'gRPC - /UnityILPP.PostProcessing/ConfigurePostProcessors'
warn: Unity.ILPP.Runner.PostProcessingAssemblyLoadContext[0]
      Assembly system.runtime.interopservices.windowsruntime has duplicate hint path. Ignoring "/Applications/Unity/Hub/Editor/6000.5.6f1/Unity.app/Contents/Resources/Scripting/UnityReferenceAssemblies/unity-4.8-api/Facades/System.Runtime.InteropServices.WindowsRuntime.dll" in favor of "/Applications/Unity/Hub/Editor/6000.5.6f1/Unity.app/Contents/Resources/Scripting/NetStandard/Extensions/2.0.0/System.Runtime.InteropServices.WindowsRuntime.dll"
warn: Unity.ILPP.Runner.PostProcessingAssemblyLoadContext[0]
      Assembly system.componentmodel.composition has duplicate hint path. Ignoring "/Applications/Unity/Hub/Editor/6000.5.6f1/Unity.app/Contents/Resources/Scripting/UnityReferenceAssemblies/unity-4.8-api/System.ComponentModel.Composition.dll" in favor of "/Applications/Unity/Hub/Editor/6000.5.6f1/Unity.app/Contents/Resources/Scripting/NetStandard/compat/2.1.0/shims/netfx/System.ComponentModel.Composition.dll"
info: Unity.ILPP.Runner.PostProcessingAssemblyLoadContext[0]
      Resolved Unity.Burst.Cecil, Version=0.11.6.0, Culture=neutral, PublicKeyToken=50cebf1cceb9d05e with Library/PackageCache/com.unity.burst@6bb9aca3ef38/Unity.Burst.CodeGen/Unity.Burst.Cecil.dll
info: Unity.ILPP.Runner.PostProcessingAssemblyLoadContext[0]
      Resolved Mono.Cecil, Version=0.11.5.0, Culture=neutral, PublicKeyToken=50cebf1cceb9d05e with Library/PackageCache/com.unity.nuget.mono-cecil@ecb9724e46ff/Mono.Cecil.dll
info: Microsoft.AspNetCore.Routing.EndpointMiddleware[1]
      Executed endpoint 'gRPC - /UnityILPP.PostProcessing/ConfigurePostProcessors'
info: Microsoft.AspNetCore.Hosting.Diagnostics[2]
      Request finished HTTP/2 POST http://ilpp/UnityILPP.PostProcessing/ConfigurePostProcessors - 200 - application/grpc 12.4745ms
info: Microsoft.AspNetCore.Hosting.Diagnostics[1]
      Request starting HTTP/2 POST http://ilpp/UnityILPP.PostProcessing/PostProcessAssembly - application/grpc -
info: Microsoft.AspNetCore.Routing.EndpointMiddleware[0]
      Executing endpoint 'gRPC - /UnityILPP.PostProcessing/PostProcessAssembly'
info: Unity.ILPP.Runner.PostProcessingPipeline[0]
      Processing assembly Library/Bee/artifacts/200b0aE.dag/VoxelEngine.Tests.PlayMode.dll, with 136 defines and 325 references
info: Unity.ILPP.Runner.PostProcessingPipeline[0]
      processors: Unity.Jobs.CodeGen.JobsILPostProcessor, zzzUnity.Burst.CodeGen.BurstILPostProcessor
info: Unity.ILPP.Runner.PostProcessingPipeline[0]
      running Unity.Jobs.CodeGen.JobsILPostProcessor
info: Unity.ILPP.Runner.PostProcessingAssemblyLoadContext[0]
      Resolved Unity.Collections, Version=0.0.0.0, Culture=neutral, PublicKeyToken=null with Library/Bee/artifacts/200b0aE.dag/Unity.Collections.dll
info: Unity.ILPP.Runner.PostProcessingAssemblyLoadContext[0]
      Resolved UnityEditor.CoreModule, Version=0.0.0.0, Culture=neutral, PublicKeyToken=null with /Applications/Unity/Hub/Editor/6000.5.6f1/Unity.app/Contents/Resources/Scripting/Managed/UnityEngine/UnityEditor.CoreModule.dll
info: Unity.ILPP.Runner.PostProcessingAssemblyLoadContext[0]
      Resolved UnityEngine.CoreModule, Version=0.0.0.0, Culture=neutral, PublicKeyToken=null with /Applications/Unity/Hub/Editor/6000.5.6f1/Unity.app/Contents/Resources/Scripting/Managed/UnityEngine/UnityEngine.CoreModule.dll
info: Unity.ILPP.Runner.PostProcessingAssemblyLoadContext[0]
      Resolved Unity.Scripting, Version=0.0.0.0, Culture=neutral, PublicKeyToken=null with /Applications/Unity/Hub/Editor/6000.5.6f1/Unity.app/Contents/Resources/Scripting/Managed/UnityEngine/Unity.Scripting.dll
info: Unity.ILPP.Runner.PostProcessingPipeline[0]
      running zzzUnity.Burst.CodeGen.BurstILPostProcessor
info: Unity.ILPP.Runner.PostProcessingAssemblyLoadContext[0]
      Resolved Unity.Burst.Cecil.Rocks, Version=0.11.6.0, Culture=neutral, PublicKeyToken=50cebf1cceb9d05e with Library/PackageCache/com.unity.burst@6bb9aca3ef38/Unity.Burst.CodeGen/Unity.Burst.Cecil.Rocks.dll
info: Microsoft.AspNetCore.Routing.EndpointMiddleware[1]
      Executed endpoint 'gRPC - /UnityILPP.PostProcessing/PostProcessAssembly'
info: Microsoft.AspNetCore.Hosting.Diagnostics[2]
      Request finished HTTP/2 POST http://ilpp/UnityILPP.PostProcessing/PostProcessAssembly - 200 - application/grpc 201.3785ms
ExitCode: 0 Duration: 2s129ms
[1334/1852  0s] ILPP-Configuration Library/ilpp-configuration.nevergeneratedoutput
[1848/1852  1s] Csc Library/Bee/artifacts/200b0aE.dag/VoxelEngine.Tests.PlayMode.dll (+2 others)
Assets/Tests/PlayMode/FarFieldMovementSafetyTests.cs(29,38): warning CS0618: 'Object.FindFirstObjectByType<T>()' is obsolete: 'FindFirstObjectByType has been deprecated because it relies on instance ID ordering. Use FindAnyObjectByType instead, which does not depend on ordering.'
Assets/Tests/PlayMode/FarFieldMovementSafetyTests.cs(30,35): warning CS0618: 'Object.FindFirstObjectByType<T>()' is obsolete: 'FindFirstObjectByType has been deprecated because it relies on instance ID ordering. Use FindAnyObjectByType instead, which does not depend on ordering.'
Assets/Tests/PlayMode/CastleExteriorLookdevTests.cs(48,28): warning CS0618: 'Object.FindFirstObjectByType<T>()' is obsolete: 'FindFirstObjectByType has been deprecated because it relies on instance ID ordering. Use FindAnyObjectByType instead, which does not depend on ordering.'
Assets/Tests/PlayMode/CastleScreenshotTests.cs(41,28): warning CS0618: 'Object.FindFirstObjectByType<T>()' is obsolete: 'FindFirstObjectByType has been deprecated because it relies on instance ID ordering. Use FindAnyObjectByType instead, which does not depend on ordering.'
Assets/Tests/PlayMode/CastleAccessTests.cs(44,28): warning CS0618: 'Object.FindFirstObjectByType<T>()' is obsolete: 'FindFirstObjectByType has been deprecated because it relies on instance ID ordering. Use FindAnyObjectByType instead, which does not depend on ordering.'
Assets/Tests/PlayMode/FarFieldCoverageAndColourTests.cs(50,52): warning CS0618: 'Object.FindFirstObjectByType<T>()' is obsolete: 'FindFirstObjectByType has been deprecated because it relies on instance ID ordering. Use FindAnyObjectByType instead, which does not depend on ordering.'
Assets/Tests/PlayMode/FarFieldMovementSafetyTests.cs(95,38): warning CS0618: 'Object.FindFirstObjectByType<T>()' is obsolete: 'FindFirstObjectByType has been deprecated because it relies on instance ID ordering. Use FindAnyObjectByType instead, which does not depend on ordering.'
Assets/Tests/PlayMode/FarFieldMovementSafetyTests.cs(96,35): warning CS0618: 'Object.FindFirstObjectByType<T>()' is obsolete: 'FindFirstObjectByType has been deprecated because it relies on instance ID ordering. Use FindAnyObjectByType instead, which does not depend on ordering.'
Assets/Tests/PlayMode/FarFieldCoverageAndColourTests.cs(52,49): warning CS0618: 'Object.FindFirstObjectByType<T>()' is obsolete: 'FindFirstObjectByType has been deprecated because it relies on instance ID ordering. Use FindAnyObjectByType instead, which does not depend on ordering.'
Assets/Tests/PlayMode/FarFieldMovementSafetyTests.cs(145,23): warning CS0618: 'Object.FindFirstObjectByType<T>()' is obsolete: 'FindFirstObjectByType has been deprecated because it relies on instance ID ordering. Use FindAnyObjectByType instead, which does not depend on ordering.'
Assets/Tests/PlayMode/CastleAccessTests.cs(61,28): warning CS0618: 'Object.FindFirstObjectByType<T>()' is obsolete: 'FindFirstObjectByType has been deprecated because it relies on instance ID ordering. Use FindAnyObjectByType instead, which does not depend on ordering.'
Assets/Tests/PlayMode/FarFieldCoverageInvariantTests.cs(158,42): warning CS0618: 'Object.FindFirstObjectByType<T>()' is obsolete: 'FindFirstObjectByType has been deprecated because it relies on instance ID ordering. Use FindAnyObjectByType instead, which does not depend on ordering.'
Assets/Tests/PlayMode/FarFieldCoverageInvariantTests.cs(159,39): warning CS0618: 'Object.FindFirstObjectByType<T>()' is obsolete: 'FindFirstObjectByType has been deprecated because it relies on instance ID ordering. Use FindAnyObjectByType instead, which does not depend on ordering.'
Assets/Tests/PlayMode/FarFieldCoverageInvariantTests.cs(188,38): warning CS0618: 'Object.FindFirstObjectByType<T>()' is obsolete: 'FindFirstObjectByType has been deprecated because it relies on instance ID ordering. Use FindAnyObjectByType instead, which does not depend on ordering.'
Assets/Tests/PlayMode/FarFieldCoverageInvariantTests.cs(189,35): warning CS0618: 'Object.FindFirstObjectByType<T>()' is obsolete: 'FindFirstObjectByType has been deprecated because it relies on instance ID ordering. Use FindAnyObjectByType instead, which does not depend on ordering.'
Assets/Tests/PlayMode/CastleAccessTests.cs(92,28): warning CS0618: 'Object.FindFirstObjectByType<T>()' is obsolete: 'FindFirstObjectByType has been deprecated because it relies on instance ID ordering. Use FindAnyObjectByType instead, which does not depend on ordering.'
Assets/Tests/PlayMode/FarFieldCoverageInvariantTests.cs(283,38): warning CS0618: 'Object.FindFirstObjectByType<T>()' is obsolete: 'FindFirstObjectByType has been deprecated because it relies on instance ID ordering. Use FindAnyObjectByType instead, which does not depend on ordering.'
Assets/Tests/PlayMode/FarFieldCoverageInvariantTests.cs(284,35): warning CS0618: 'Object.FindFirstObjectByType<T>()' is obsolete: 'FindFirstObjectByType has been deprecated because it relies on instance ID ordering. Use FindAnyObjectByType instead, which does not depend on ordering.'
Assets/Tests/PlayMode/CastleAccessTests.cs(134,28): warning CS0618: 'Object.FindFirstObjectByType<T>()' is obsolete: 'FindFirstObjectByType has been deprecated because it relies on instance ID ordering. Use FindAnyObjectByType instead, which does not depend on ordering.'
Assets/Tests/PlayMode/CastleAccessTests.cs(225,28): warning CS0618: 'Object.FindFirstObjectByType<T>()' is obsolete: 'FindFirstObjectByType has been deprecated because it relies on instance ID ordering. Use FindAnyObjectByType instead, which does not depend on ordering.'
Assets/Tests/PlayMode/CastleAccessTests.cs(272,28): warning CS0618: 'Object.FindFirstObjectByType<T>()' is obsolete: 'FindFirstObjectByType has been deprecated because it relies on instance ID ordering. Use FindAnyObjectByType instead, which does not depend on ordering.'
Assets/Tests/PlayMode/FallingVoxelPhysicsTests.cs(536,28): warning CS0618: 'Object.FindFirstObjectByType<T>()' is obsolete: 'FindFirstObjectByType has been deprecated because it relies on instance ID ordering. Use FindAnyObjectByType instead, which does not depend on ordering.'
Assets/Tests/PlayMode/FallingVoxelPhysicsTests.cs(566,28): warning CS0618: 'Object.FindFirstObjectByType<T>()' is obsolete: 'FindFirstObjectByType has been deprecated because it relies on instance ID ordering. Use FindAnyObjectByType instead, which does not depend on ordering.'
Assets/Tests/PlayMode/AsyncGeometryStressTests.cs(622,28): warning CS0618: 'Object.FindFirstObjectByType<T>()' is obsolete: 'FindFirstObjectByType has been deprecated because it relies on instance ID ordering. Use FindAnyObjectByType instead, which does not depend on ordering.'
Assets/Tests/PlayMode/FallingVoxelPhysicsTests.cs(593,28): warning CS0618: 'Object.FindFirstObjectByType<T>()' is obsolete: 'FindFirstObjectByType has been deprecated because it relies on instance ID ordering. Use FindAnyObjectByType instead, which does not depend on ordering.'
Assets/Tests/PlayMode/AsyncGeometryStressTests.cs(648,24): warning CS0618: 'Object.FindFirstObjectByType<T>()' is obsolete: 'FindFirstObjectByType has been deprecated because it relies on instance ID ordering. Use FindAnyObjectByType instead, which does not depend on ordering.'
Assets/Tests/PlayMode/LodVisualFidelityTests.cs(39,38): warning CS0618: 'Object.FindFirstObjectByType<T>()' is obsolete: 'FindFirstObjectByType has been deprecated because it relies on instance ID ordering. Use FindAnyObjectByType instead, which does not depend on ordering.'
Assets/Tests/PlayMode/ShowcaseAllocationAndThrashTests.cs(30,38): warning CS0618: 'Object.FindFirstObjectByType<T>()' is obsolete: 'FindFirstObjectByType has been deprecated because it relies on instance ID ordering. Use FindAnyObjectByType instead, which does not depend on ordering.'
Assets/Tests/PlayMode/ShowcaseSkyAndFarTerrainTests.cs(37,52): warning CS0618: 'Object.FindFirstObjectByType<T>()' is obsolete: 'FindFirstObjectByType has been deprecated because it relies on instance ID ordering. Use FindAnyObjectByType instead, which does not depend on ordering.'
Assets/Tests/PlayMode/CastleAccessTests.cs(299,28): warning CS0618: 'Object.FindFirstObjectByType<T>()' is obsolete: 'FindFirstObjectByType has been deprecated because it relies on instance ID ordering. Use FindAnyObjectByType instead, which does not depend on ordering.'
Assets/Tests/PlayMode/ShowcaseSkyAndFarTerrainTestsLifecycle.cs(27,38): warning CS0618: 'Object.FindFirstObjectByType<T>()' is obsolete: 'FindFirstObjectByType has been deprecated because it relies on instance ID ordering. Use FindAnyObjectByType instead, which does not depend on ordering.'
Assets/Tests/PlayMode/ShowcaseSkyAndFarTerrainTestsLifecycle.cs(31,17): warning CS0618: 'FindObjectsSortMode' is obsolete: 'FindObjectsSortMode has been deprecated. Use the FindObjectsByType overloads that do not take a FindObjectsSortMode parameter.'
Assets/Tests/PlayMode/ShowcaseSkyAndFarTerrainTestsLifecycle.cs(30,41): warning CS0618: 'Object.FindObjectsByType<T>(FindObjectsSortMode)' is obsolete: 'FindObjectsByType with FindObjectsSortMode parameter has been deprecated. Use FindObjectsByType<T>() or FindObjectsByType<T>(FindObjectsInactive) instead. InstanceID will be replaced in the future with EntityId and previous sort order cannot be maintained.'
Assets/Tests/PlayMode/ShowcaseSkyAndFarTerrainTestsLifecycle.cs(46,17): warning CS0618: 'FindObjectsSortMode' is obsolete: 'FindObjectsSortMode has been deprecated. Use the FindObjectsByType overloads that do not take a FindObjectsSortMode parameter.'
Assets/Tests/PlayMode/ShowcaseSkyAndFarTerrainTestsLifecycle.cs(45,42): warning CS0618: 'Object.FindObjectsByType<T>(FindObjectsSortMode)' is obsolete: 'FindObjectsByType with FindObjectsSortMode parameter has been deprecated. Use FindObjectsByType<T>() or FindObjectsByType<T>(FindObjectsInactive) instead. InstanceID will be replaced in the future with EntityId and previous sort order cannot be maintained.'
Assets/Tests/PlayMode/ShowcaseSkyAndFarTerrainTestsLifecycle.cs(61,17): warning CS0618: 'FindObjectsSortMode' is obsolete: 'FindObjectsSortMode has been deprecated. Use the FindObjectsByType overloads that do not take a FindObjectsSortMode parameter.'
Assets/Tests/PlayMode/ShowcaseSkyAndFarTerrainTestsLifecycle.cs(60,43): warning CS0618: 'Object.FindObjectsByType<T>(FindObjectsSortMode)' is obsolete: 'FindObjectsByType with FindObjectsSortMode parameter has been deprecated. Use FindObjectsByType<T>() or FindObjectsByType<T>(FindObjectsInactive) instead. InstanceID will be replaced in the future with EntityId and previous sort order cannot be maintained.'
Assets/Tests/PlayMode/ShowcaseAllocationAndThrashTests.cs(81,38): warning CS0618: 'Object.FindFirstObjectByType<T>()' is obsolete: 'FindFirstObjectByType has been deprecated because it relies on instance ID ordering. Use FindAnyObjectByType instead, which does not depend on ordering.'
Assets/Tests/PlayMode/ShowcaseAllocationAndThrashTests.cs(82,35): warning CS0618: 'Object.FindFirstObjectByType<T>()' is obsolete: 'FindFirstObjectByType has been deprecated because it relies on instance ID ordering. Use FindAnyObjectByType instead, which does not depend on ordering.'
Assets/Tests/PlayMode/ShowcaseNoStutterTests.cs(40,38): warning CS0618: 'Object.FindFirstObjectByType<T>()' is obsolete: 'FindFirstObjectByType has been deprecated because it relies on instance ID ordering. Use FindAnyObjectByType instead, which does not depend on ordering.'
Assets/Tests/PlayMode/LodRenderingTests.cs(43,28): warning CS0618: 'Object.FindFirstObjectByType<T>()' is obsolete: 'FindFirstObjectByType has been deprecated because it relies on instance ID ordering. Use FindAnyObjectByType instead, which does not depend on ordering.'
Assets/Tests/PlayMode/Step4LifecycleDiagnosticsTests.cs(39,38): warning CS0618: 'Object.FindFirstObjectByType<T>()' is obsolete: 'FindFirstObjectByType has been deprecated because it relies on instance ID ordering. Use FindAnyObjectByType instead, which does not depend on ordering.'
Assets/Tests/PlayMode/ShowcaseAllocationAndThrashTests.cs(169,39): warning CS0618: 'Object.FindFirstObjectByType<T>()' is obsolete: 'FindFirstObjectByType has been deprecated because it relies on instance ID ordering. Use FindAnyObjectByType instead, which does not depend on ordering.'
Assets/Tests/PlayMode/ShowcaseSkyAndFarTerrainTests.cs(115,23): warning CS0618: 'Object.FindFirstObjectByType<T>()' is obsolete: 'FindFirstObjectByType has been deprecated because it relies on instance ID ordering. Use FindAnyObjectByType instead, which does not depend on ordering.'
Assets/Tests/PlayMode/ShowcaseSkyAndFarTerrainTests.cs(128,23): warning CS0618: 'Object.FindFirstObjectByType<T>()' is obsolete: 'FindFirstObjectByType has been deprecated because it relies on instance ID ordering. Use FindAnyObjectByType instead, which does not depend on ordering.'
Assets/Tests/PlayMode/SilhouetteHoleRegressionTests.cs(32,38): warning CS0618: 'Object.FindFirstObjectByType<T>()' is obsolete: 'FindFirstObjectByType has been deprecated because it relies on instance ID ordering. Use FindAnyObjectByType instead, which does not depend on ordering.'
Assets/Tests/PlayMode/ShowcaseSkyAndFarTerrainTests.cs(138,23): warning CS0618: 'Object.FindFirstObjectByType<T>()' is obsolete: 'FindFirstObjectByType has been deprecated because it relies on instance ID ordering. Use FindAnyObjectByType instead, which does not depend on ordering.'
Assets/Tests/PlayMode/ShowcaseSpawnTests.cs(22,28): warning CS0618: 'Object.FindFirstObjectByType<T>()' is obsolete: 'FindFirstObjectByType has been deprecated because it relies on instance ID ordering. Use FindAnyObjectByType instead, which does not depend on ordering.'
Assets/Tests/PlayMode/ShowcaseSkyAndFarTerrainTests.cs(162,23): warning CS0618: 'Object.FindFirstObjectByType<T>()' is obsolete: 'FindFirstObjectByType has been deprecated because it relies on instance ID ordering. Use FindAnyObjectByType instead, which does not depend on ordering.'
Assets/Tests/PlayMode/LodRenderingTests.cs(250,28): warning CS0618: 'Object.FindFirstObjectByType<T>()' is obsolete: 'FindFirstObjectByType has been deprecated because it relies on instance ID ordering. Use FindAnyObjectByType instead, which does not depend on ordering.'
Assets/Tests/PlayMode/Step4CoreResidencyAdmissionTests.cs(42,38): warning CS0618: 'Object.FindFirstObjectByType<T>()' is obsolete: 'FindFirstObjectByType has been deprecated because it relies on instance ID ordering. Use FindAnyObjectByType instead, which does not depend on ordering.'
Assets/Tests/PlayMode/ShowcaseFrameBudgetDiagnosticTests.cs(243,30): warning CS0618: 'FindObjectsSortMode' is obsolete: 'FindObjectsSortMode has been deprecated. Use the FindObjectsByType overloads that do not take a FindObjectsSortMode parameter.'
Assets/Tests/PlayMode/ShowcaseFrameBudgetDiagnosticTests.cs(242,49): warning CS0618: 'Object.FindObjectsByType<T>(FindObjectsSortMode)' is obsolete: 'FindObjectsByType with FindObjectsSortMode parameter has been deprecated. Use FindObjectsByType<T>() or FindObjectsByType<T>(FindObjectsInactive) instead. InstanceID will be replaced in the future with EntityId and previous sort order cannot be maintained.'
Assets/Tests/PlayMode/ShowcaseFrameBudgetDiagnosticTests.cs(312,34): warning CS0618: 'FindObjectsSortMode' is obsolete: 'FindObjectsSortMode has been deprecated. Use the FindObjectsByType overloads that do not take a FindObjectsSortMode parameter.'
Assets/Tests/PlayMode/ShowcaseFrameBudgetDiagnosticTests.cs(311,53): warning CS0618: 'Object.FindObjectsByType<T>(FindObjectsSortMode)' is obsolete: 'FindObjectsByType with FindObjectsSortMode parameter has been deprecated. Use FindObjectsByType<T>() or FindObjectsByType<T>(FindObjectsInactive) instead. InstanceID will be replaced in the future with EntityId and previous sort order cannot be maintained.'
Assets/Tests/PlayMode/ShowcaseFrameBudgetDiagnosticTests.cs(325,34): warning CS0618: 'FindObjectsSortMode' is obsolete: 'FindObjectsSortMode has been deprecated. Use the FindObjectsByType overloads that do not take a FindObjectsSortMode parameter.'
Assets/Tests/PlayMode/ShowcaseFrameBudgetDiagnosticTests.cs(324,45): warning CS0618: 'Object.FindObjectsByType<T>(FindObjectsSortMode)' is obsolete: 'FindObjectsByType with FindObjectsSortMode parameter has been deprecated. Use FindObjectsByType<T>() or FindObjectsByType<T>(FindObjectsInactive) instead. InstanceID will be replaced in the future with EntityId and previous sort order cannot be maintained.'
Assets/Tests/PlayMode/ShowcaseFrameBudgetDiagnosticTests.cs(332,36): warning CS0618: 'Object.FindFirstObjectByType<T>()' is obsolete: 'FindFirstObjectByType has been deprecated because it relies on instance ID ordering. Use FindAnyObjectByType instead, which does not depend on ordering.'
Assets/Tests/PlayMode/LodRenderingTests.cs(334,28): warning CS0618: 'Object.FindFirstObjectByType<T>()' is obsolete: 'FindFirstObjectByType has been deprecated because it relies on instance ID ordering. Use FindAnyObjectByType instead, which does not depend on ordering.'
Assets/Tests/PlayMode/ShowcaseSkyAndFarTerrainTests.cs(176,23): warning CS0618: 'Object.FindFirstObjectByType<T>()' is obsolete: 'FindFirstObjectByType has been deprecated because it relies on instance ID ordering. Use FindAnyObjectByType instead, which does not depend on ordering.'
Assets/Tests/PlayMode/ShowcaseSkyAndFarTerrainTests.cs(216,23): warning CS0618: 'Object.FindFirstObjectByType<T>()' is obsolete: 'FindFirstObjectByType has been deprecated because it relies on instance ID ordering. Use FindAnyObjectByType instead, which does not depend on ordering.'
Assets/Tests/PlayMode/ShowcaseTraversalPerformanceTests.cs(47,38): warning CS0618: 'Object.FindFirstObjectByType<T>()' is obsolete: 'FindFirstObjectByType has been deprecated because it relies on instance ID ordering. Use FindAnyObjectByType instead, which does not depend on ordering.'
Assets/Tests/PlayMode/ShowcaseTraversalPerformanceTests.cs(48,35): warning CS0618: 'Object.FindFirstObjectByType<T>()' is obsolete: 'FindFirstObjectByType has been deprecated because it relies on instance ID ordering. Use FindAnyObjectByType instead, which does not depend on ordering.'
Assets/Tests/PlayMode/Step4FalseEmptyLifecycleTests.cs(42,38): warning CS0618: 'Object.FindFirstObjectByType<T>()' is obsolete: 'FindFirstObjectByType has been deprecated because it relies on instance ID ordering. Use FindAnyObjectByType instead, which does not depend on ordering.'
Assets/Tests/PlayMode/ShowcasePerformanceTests.cs(27,38): warning CS0618: 'Object.FindFirstObjectByType<T>()' is obsolete: 'FindFirstObjectByType has been deprecated because it relies on instance ID ordering. Use FindAnyObjectByType instead, which does not depend on ordering.'
Assets/Tests/PlayMode/ShowcaseSkyAndFarTerrainTests.cs(230,23): warning CS0618: 'Object.FindFirstObjectByType<T>()' is obsolete: 'FindFirstObjectByType has been deprecated because it relies on instance ID ordering. Use FindAnyObjectByType instead, which does not depend on ordering.'
Assets/Tests/PlayMode/ShowcaseFrameBudgetDiagnosticTests.cs(371,26): warning CS0618: 'Object.FindFirstObjectByType<T>()' is obsolete: 'FindFirstObjectByType has been deprecated because it relies on instance ID ordering. Use FindAnyObjectByType instead, which does not depend on ordering.'
Assets/Tests/PlayMode/ShowcaseSkyAndFarTerrainTests.cs(265,23): warning CS0618: 'Object.FindFirstObjectByType<T>()' is obsolete: 'FindFirstObjectByType has been deprecated because it relies on instance ID ordering. Use FindAnyObjectByType instead, which does not depend on ordering.'
Assets/Tests/PlayMode/ShowcaseTraversalPerformanceTests.cs(151,38): warning CS0618: 'Object.FindFirstObjectByType<T>()' is obsolete: 'FindFirstObjectByType has been deprecated because it relies on instance ID ordering. Use FindAnyObjectByType instead, which does not depend on ordering.'
Assets/Tests/PlayMode/ShowcaseTraversalPerformanceTests.cs(152,35): warning CS0618: 'Object.FindFirstObjectByType<T>()' is obsolete: 'FindFirstObjectByType has been deprecated because it relies on instance ID ordering. Use FindAnyObjectByType instead, which does not depend on ordering.'
Assets/Tests/PlayMode/ShowcaseFrameBudgetDiagnosticTests.cs(466,26): warning CS0618: 'Object.FindFirstObjectByType<T>()' is obsolete: 'FindFirstObjectByType has been deprecated because it relies on instance ID ordering. Use FindAnyObjectByType instead, which does not depend on ordering.'
Assets/Tests/PlayMode/ShowcaseSkyAndFarTerrainTests.cs(386,23): warning CS0618: 'Object.FindFirstObjectByType<T>()' is obsolete: 'FindFirstObjectByType has been deprecated because it relies on instance ID ordering. Use FindAnyObjectByType instead, which does not depend on ordering.'
Assets/Tests/PlayMode/ShowcaseSkyAndFarTerrainTests.cs(413,23): warning CS0618: 'Object.FindFirstObjectByType<T>()' is obsolete: 'FindFirstObjectByType has been deprecated because it relies on instance ID ordering. Use FindAnyObjectByType instead, which does not depend on ordering.'
Assets/Tests/PlayMode/ShowcaseFrameBudgetDiagnosticTests.cs(552,26): warning CS0618: 'Object.FindFirstObjectByType<T>()' is obsolete: 'FindFirstObjectByType has been deprecated because it relies on instance ID ordering. Use FindAnyObjectByType instead, which does not depend on ordering.'
Assets/Tests/PlayMode/ShowcaseSkyAndFarTerrainTests.cs(506,23): warning CS0618: 'Object.FindFirstObjectByType<T>()' is obsolete: 'FindFirstObjectByType has been deprecated because it relies on instance ID ordering. Use FindAnyObjectByType instead, which does not depend on ordering.'
[1849/1852  0s] ILPostProcess Library/Bee/artifacts/200b0aE.dag/post-processed/VoxelEngine.Tests.PlayMode.dll (+pdb)
Processing assembly Library/Bee/artifacts/200b0aE.dag/VoxelEngine.Tests.PlayMode.dll, with 136 defines and 325 references
processors: Unity.Jobs.CodeGen.JobsILPostProcessor, zzzUnity.Burst.CodeGen.BurstILPostProcessor
running Unity.Jobs.CodeGen.JobsILPostProcessor
running zzzUnity.Burst.CodeGen.BurstILPostProcessor
[1850/1852  0s] CopyFiles Library/ScriptAssemblies/VoxelEngine.Tests.PlayMode.pdb
[1851/1852  0s] CopyFiles Library/ScriptAssemblies/VoxelEngine.Tests.PlayMode.dll
*** Tundra build success (2.11 seconds), 5 items updated, 1852 evaluated
Assets/Tests/PlayMode/FarFieldMovementSafetyTests.cs(29,38): warning CS0618: 'Object.FindFirstObjectByType<T>()' is obsolete: 'FindFirstObjectByType has been deprecated because it relies on instance ID ordering. Use FindAnyObjectByType instead, which does not depend on ordering.'
Assets/Tests/PlayMode/FarFieldMovementSafetyTests.cs(30,35): warning CS0618: 'Object.FindFirstObjectByType<T>()' is obsolete: 'FindFirstObjectByType has been deprecated because it relies on instance ID ordering. Use FindAnyObjectByType instead, which does not depend on ordering.'
Assets/Tests/PlayMode/CastleExteriorLookdevTests.cs(48,28): warning CS0618: 'Object.FindFirstObjectByType<T>()' is obsolete: 'FindFirstObjectByType has been deprecated because it relies on instance ID ordering. Use FindAnyObjectByType instead, which does not depend on ordering.'
Assets/Tests/PlayMode/CastleScreenshotTests.cs(41,28): warning CS0618: 'Object.FindFirstObjectByType<T>()' is obsolete: 'FindFirstObjectByType has been deprecated because it relies on instance ID ordering. Use FindAnyObjectByType instead, which does not depend on ordering.'
Assets/Tests/PlayMode/CastleAccessTests.cs(44,28): warning CS0618: 'Object.FindFirstObjectByType<T>()' is obsolete: 'FindFirstObjectByType has been deprecated because it relies on instance ID ordering. Use FindAnyObjectByType instead, which does not depend on ordering.'
Assets/Tests/PlayMode/FarFieldCoverageAndColourTests.cs(50,52): warning CS0618: 'Object.FindFirstObjectByType<T>()' is obsolete: 'FindFirstObjectByType has been deprecated because it relies on instance ID ordering. Use FindAnyObjectByType instead, which does not depend on ordering.'
Assets/Tests/PlayMode/FarFieldMovementSafetyTests.cs(95,38): warning CS0618: 'Object.FindFirstObjectByType<T>()' is obsolete: 'FindFirstObjectByType has been deprecated because it relies on instance ID ordering. Use FindAnyObjectByType instead, which does not depend on ordering.'
Assets/Tests/PlayMode/FarFieldMovementSafetyTests.cs(96,35): warning CS0618: 'Object.FindFirstObjectByType<T>()' is obsolete: 'FindFirstObjectByType has been deprecated because it relies on instance ID ordering. Use FindAnyObjectByType instead, which does not depend on ordering.'
Assets/Tests/PlayMode/FarFieldCoverageAndColourTests.cs(52,49): warning CS0618: 'Object.FindFirstObjectByType<T>()' is obsolete: 'FindFirstObjectByType has been deprecated because it relies on instance ID ordering. Use FindAnyObjectByType instead, which does not depend on ordering.'
Assets/Tests/PlayMode/FarFieldMovementSafetyTests.cs(145,23): warning CS0618: 'Object.FindFirstObjectByType<T>()' is obsolete: 'FindFirstObjectByType has been deprecated because it relies on instance ID ordering. Use FindAnyObjectByType instead, which does not depend on ordering.'
Assets/Tests/PlayMode/CastleAccessTests.cs(61,28): warning CS0618: 'Object.FindFirstObjectByType<T>()' is obsolete: 'FindFirstObjectByType has been deprecated because it relies on instance ID ordering. Use FindAnyObjectByType instead, which does not depend on ordering.'
Assets/Tests/PlayMode/FarFieldCoverageInvariantTests.cs(158,42): warning CS0618: 'Object.FindFirstObjectByType<T>()' is obsolete: 'FindFirstObjectByType has been deprecated because it relies on instance ID ordering. Use FindAnyObjectByType instead, which does not depend on ordering.'
Assets/Tests/PlayMode/FarFieldCoverageInvariantTests.cs(159,39): warning CS0618: 'Object.FindFirstObjectByType<T>()' is obsolete: 'FindFirstObjectByType has been deprecated because it relies on instance ID ordering. Use FindAnyObjectByType instead, which does not depend on ordering.'
Assets/Tests/PlayMode/FarFieldCoverageInvariantTests.cs(188,38): warning CS0618: 'Object.FindFirstObjectByType<T>()' is obsolete: 'FindFirstObjectByType has been deprecated because it relies on instance ID ordering. Use FindAnyObjectByType instead, which does not depend on ordering.'
Assets/Tests/PlayMode/FarFieldCoverageInvariantTests.cs(189,35): warning CS0618: 'Object.FindFirstObjectByType<T>()' is obsolete: 'FindFirstObjectByType has been deprecated because it relies on instance ID ordering. Use FindAnyObjectByType instead, which does not depend on ordering.'
Assets/Tests/PlayMode/CastleAccessTests.cs(92,28): warning CS0618: 'Object.FindFirstObjectByType<T>()' is obsolete: 'FindFirstObjectByType has been deprecated because it relies on instance ID ordering. Use FindAnyObjectByType instead, which does not depend on ordering.'
Assets/Tests/PlayMode/FarFieldCoverageInvariantTests.cs(283,38): warning CS0618: 'Object.FindFirstObjectByType<T>()' is obsolete: 'FindFirstObjectByType has been deprecated because it relies on instance ID ordering. Use FindAnyObjectByType instead, which does not depend on ordering.'
Assets/Tests/PlayMode/FarFieldCoverageInvariantTests.cs(284,35): warning CS0618: 'Object.FindFirstObjectByType<T>()' is obsolete: 'FindFirstObjectByType has been deprecated because it relies on instance ID ordering. Use FindAnyObjectByType instead, which does not depend on ordering.'
Assets/Tests/PlayMode/CastleAccessTests.cs(134,28): warning CS0618: 'Object.FindFirstObjectByType<T>()' is obsolete: 'FindFirstObjectByType has been deprecated because it relies on instance ID ordering. Use FindAnyObjectByType instead, which does not depend on ordering.'
Assets/Tests/PlayMode/CastleAccessTests.cs(225,28): warning CS0618: 'Object.FindFirstObjectByType<T>()' is obsolete: 'FindFirstObjectByType has been deprecated because it relies on instance ID ordering. Use FindAnyObjectByType instead, which does not depend on ordering.'
Assets/Tests/PlayMode/CastleAccessTests.cs(272,28): warning CS0618: 'Object.FindFirstObjectByType<T>()' is obsolete: 'FindFirstObjectByType has been deprecated because it relies on instance ID ordering. Use FindAnyObjectByType instead, which does not depend on ordering.'
Assets/Tests/PlayMode/FallingVoxelPhysicsTests.cs(536,28): warning CS0618: 'Object.FindFirstObjectByType<T>()' is obsolete: 'FindFirstObjectByType has been deprecated because it relies on instance ID ordering. Use FindAnyObjectByType instead, which does not depend on ordering.'
Assets/Tests/PlayMode/FallingVoxelPhysicsTests.cs(566,28): warning CS0618: 'Object.FindFirstObjectByType<T>()' is obsolete: 'FindFirstObjectByType has been deprecated because it relies on instance ID ordering. Use FindAnyObjectByType instead, which does not depend on ordering.'
Assets/Tests/PlayMode/AsyncGeometryStressTests.cs(622,28): warning CS0618: 'Object.FindFirstObjectByType<T>()' is obsolete: 'FindFirstObjectByType has been deprecated because it relies on instance ID ordering. Use FindAnyObjectByType instead, which does not depend on ordering.'
Assets/Tests/PlayMode/FallingVoxelPhysicsTests.cs(593,28): warning CS0618: 'Object.FindFirstObjectByType<T>()' is obsolete: 'FindFirstObjectByType has been deprecated because it relies on instance ID ordering. Use FindAnyObjectByType instead, which does not depend on ordering.'
Assets/Tests/PlayMode/AsyncGeometryStressTests.cs(648,24): warning CS0618: 'Object.FindFirstObjectByType<T>()' is obsolete: 'FindFirstObjectByType has been deprecated because it relies on instance ID ordering. Use FindAnyObjectByType instead, which does not depend on ordering.'
Assets/Tests/PlayMode/LodVisualFidelityTests.cs(39,38): warning CS0618: 'Object.FindFirstObjectByType<T>()' is obsolete: 'FindFirstObjectByType has been deprecated because it relies on instance ID ordering. Use FindAnyObjectByType instead, which does not depend on ordering.'
Assets/Tests/PlayMode/ShowcaseAllocationAndThrashTests.cs(30,38): warning CS0618: 'Object.FindFirstObjectByType<T>()' is obsolete: 'FindFirstObjectByType has been deprecated because it relies on instance ID ordering. Use FindAnyObjectByType instead, which does not depend on ordering.'
Assets/Tests/PlayMode/ShowcaseSkyAndFarTerrainTests.cs(37,52): warning CS0618: 'Object.FindFirstObjectByType<T>()' is obsolete: 'FindFirstObjectByType has been deprecated because it relies on instance ID ordering. Use FindAnyObjectByType instead, which does not depend on ordering.'
Assets/Tests/PlayMode/CastleAccessTests.cs(299,28): warning CS0618: 'Object.FindFirstObjectByType<T>()' is obsolete: 'FindFirstObjectByType has been deprecated because it relies on instance ID ordering. Use FindAnyObjectByType instead, which does not depend on ordering.'
Assets/Tests/PlayMode/ShowcaseSkyAndFarTerrainTestsLifecycle.cs(27,38): warning CS0618: 'Object.FindFirstObjectByType<T>()' is obsolete: 'FindFirstObjectByType has been deprecated because it relies on instance ID ordering. Use FindAnyObjectByType instead, which does not depend on ordering.'
Assets/Tests/PlayMode/ShowcaseSkyAndFarTerrainTestsLifecycle.cs(31,17): warning CS0618: 'FindObjectsSortMode' is obsolete: 'FindObjectsSortMode has been deprecated. Use the FindObjectsByType overloads that do not take a FindObjectsSortMode parameter.'
Assets/Tests/PlayMode/ShowcaseSkyAndFarTerrainTestsLifecycle.cs(30,41): warning CS0618: 'Object.FindObjectsByType<T>(FindObjectsSortMode)' is obsolete: 'FindObjectsByType with FindObjectsSortMode parameter has been deprecated. Use FindObjectsByType<T>() or FindObjectsByType<T>(FindObjectsInactive) instead. InstanceID will be replaced in the future with EntityId and previous sort order cannot be maintained.'
Assets/Tests/PlayMode/ShowcaseSkyAndFarTerrainTestsLifecycle.cs(46,17): warning CS0618: 'FindObjectsSortMode' is obsolete: 'FindObjectsSortMode has been deprecated. Use the FindObjectsByType overloads that do not take a FindObjectsSortMode parameter.'
Assets/Tests/PlayMode/ShowcaseSkyAndFarTerrainTestsLifecycle.cs(45,42): warning CS0618: 'Object.FindObjectsByType<T>(FindObjectsSortMode)' is obsolete: 'FindObjectsByType with FindObjectsSortMode parameter has been deprecated. Use FindObjectsByType<T>() or FindObjectsByType<T>(FindObjectsInactive) instead. InstanceID will be replaced in the future with EntityId and previous sort order cannot be maintained.'
Assets/Tests/PlayMode/ShowcaseSkyAndFarTerrainTestsLifecycle.cs(61,17): warning CS0618: 'FindObjectsSortMode' is obsolete: 'FindObjectsSortMode has been deprecated. Use the FindObjectsByType overloads that do not take a FindObjectsSortMode parameter.'
Assets/Tests/PlayMode/ShowcaseSkyAndFarTerrainTestsLifecycle.cs(60,43): warning CS0618: 'Object.FindObjectsByType<T>(FindObjectsSortMode)' is obsolete: 'FindObjectsByType with FindObjectsSortMode parameter has been deprecated. Use FindObjectsByType<T>() or FindObjectsByType<T>(FindObjectsInactive) instead. InstanceID will be replaced in the future with EntityId and previous sort order cannot be maintained.'
Assets/Tests/PlayMode/ShowcaseAllocationAndThrashTests.cs(81,38): warning CS0618: 'Object.FindFirstObjectByType<T>()' is obsolete: 'FindFirstObjectByType has been deprecated because it relies on instance ID ordering. Use FindAnyObjectByType instead, which does not depend on ordering.'
Assets/Tests/PlayMode/ShowcaseAllocationAndThrashTests.cs(82,35): warning CS0618: 'Object.FindFirstObjectByType<T>()' is obsolete: 'FindFirstObjectByType has been deprecated because it relies on instance ID ordering. Use FindAnyObjectByType instead, which does not depend on ordering.'
Assets/Tests/PlayMode/ShowcaseNoStutterTests.cs(40,38): warning CS0618: 'Object.FindFirstObjectByType<T>()' is obsolete: 'FindFirstObjectByType has been deprecated because it relies on instance ID ordering. Use FindAnyObjectByType instead, which does not depend on ordering.'
Assets/Tests/PlayMode/LodRenderingTests.cs(43,28): warning CS0618: 'Object.FindFirstObjectByType<T>()' is obsolete: 'FindFirstObjectByType has been deprecated because it relies on instance ID ordering. Use FindAnyObjectByType instead, which does not depend on ordering.'
Assets/Tests/PlayMode/Step4LifecycleDiagnosticsTests.cs(39,38): warning CS0618: 'Object.FindFirstObjectByType<T>()' is obsolete: 'FindFirstObjectByType has been deprecated because it relies on instance ID ordering. Use FindAnyObjectByType instead, which does not depend on ordering.'
Assets/Tests/PlayMode/ShowcaseAllocationAndThrashTests.cs(169,39): warning CS0618: 'Object.FindFirstObjectByType<T>()' is obsolete: 'FindFirstObjectByType has been deprecated because it relies on instance ID ordering. Use FindAnyObjectByType instead, which does not depend on ordering.'
Assets/Tests/PlayMode/ShowcaseSkyAndFarTerrainTests.cs(115,23): warning CS0618: 'Object.FindFirstObjectByType<T>()' is obsolete: 'FindFirstObjectByType has been deprecated because it relies on instance ID ordering. Use FindAnyObjectByType instead, which does not depend on ordering.'
Assets/Tests/PlayMode/ShowcaseSkyAndFarTerrainTests.cs(128,23): warning CS0618: 'Object.FindFirstObjectByType<T>()' is obsolete: 'FindFirstObjectByType has been deprecated because it relies on instance ID ordering. Use FindAnyObjectByType instead, which does not depend on ordering.'
Assets/Tests/PlayMode/SilhouetteHoleRegressionTests.cs(32,38): warning CS0618: 'Object.FindFirstObjectByType<T>()' is obsolete: 'FindFirstObjectByType has been deprecated because it relies on instance ID ordering. Use FindAnyObjectByType instead, which does not depend on ordering.'
Assets/Tests/PlayMode/ShowcaseSkyAndFarTerrainTests.cs(138,23): warning CS0618: 'Object.FindFirstObjectByType<T>()' is obsolete: 'FindFirstObjectByType has been deprecated because it relies on instance ID ordering. Use FindAnyObjectByType instead, which does not depend on ordering.'
Assets/Tests/PlayMode/ShowcaseSpawnTests.cs(22,28): warning CS0618: 'Object.FindFirstObjectByType<T>()' is obsolete: 'FindFirstObjectByType has been deprecated because it relies on instance ID ordering. Use FindAnyObjectByType instead, which does not depend on ordering.'
Assets/Tests/PlayMode/ShowcaseSkyAndFarTerrainTests.cs(162,23): warning CS0618: 'Object.FindFirstObjectByType<T>()' is obsolete: 'FindFirstObjectByType has been deprecated because it relies on instance ID ordering. Use FindAnyObjectByType instead, which does not depend on ordering.'
Assets/Tests/PlayMode/LodRenderingTests.cs(250,28): warning CS0618: 'Object.FindFirstObjectByType<T>()' is obsolete: 'FindFirstObjectByType has been deprecated because it relies on instance ID ordering. Use FindAnyObjectByType instead, which does not depend on ordering.'
Assets/Tests/PlayMode/Step4CoreResidencyAdmissionTests.cs(42,38): warning CS0618: 'Object.FindFirstObjectByType<T>()' is obsolete: 'FindFirstObjectByType has been deprecated because it relies on instance ID ordering. Use FindAnyObjectByType instead, which does not depend on ordering.'
Assets/Tests/PlayMode/ShowcaseFrameBudgetDiagnosticTests.cs(243,30): warning CS0618: 'FindObjectsSortMode' is obsolete: 'FindObjectsSortMode has been deprecated. Use the FindObjectsByType overloads that do not take a FindObjectsSortMode parameter.'
Assets/Tests/PlayMode/ShowcaseFrameBudgetDiagnosticTests.cs(242,49): warning CS0618: 'Object.FindObjectsByType<T>(FindObjectsSortMode)' is obsolete: 'FindObjectsByType with FindObjectsSortMode parameter has been deprecated. Use FindObjectsByType<T>() or FindObjectsByType<T>(FindObjectsInactive) instead. InstanceID will be replaced in the future with EntityId and previous sort order cannot be maintained.'
Assets/Tests/PlayMode/ShowcaseFrameBudgetDiagnosticTests.cs(312,34): warning CS0618: 'FindObjectsSortMode' is obsolete: 'FindObjectsSortMode has been deprecated. Use the FindObjectsByType overloads that do not take a FindObjectsSortMode parameter.'
Assets/Tests/PlayMode/ShowcaseFrameBudgetDiagnosticTests.cs(311,53): warning CS0618: 'Object.FindObjectsByType<T>(FindObjectsSortMode)' is obsolete: 'FindObjectsByType with FindObjectsSortMode parameter has been deprecated. Use FindObjectsByType<T>() or FindObjectsByType<T>(FindObjectsInactive) instead. InstanceID will be replaced in the future with EntityId and previous sort order cannot be maintained.'
Assets/Tests/PlayMode/ShowcaseFrameBudgetDiagnosticTests.cs(325,34): warning CS0618: 'FindObjectsSortMode' is obsolete: 'FindObjectsSortMode has been deprecated. Use the FindObjectsByType overloads that do not take a FindObjectsSortMode parameter.'
Assets/Tests/PlayMode/ShowcaseFrameBudgetDiagnosticTests.cs(324,45): warning CS0618: 'Object.FindObjectsByType<T>(FindObjectsSortMode)' is obsolete: 'FindObjectsByType with FindObjectsSortMode parameter has been deprecated. Use FindObjectsByType<T>() or FindObjectsByType<T>(FindObjectsInactive) instead. InstanceID will be replaced in the future with EntityId and previous sort order cannot be maintained.'
Assets/Tests/PlayMode/ShowcaseFrameBudgetDiagnosticTests.cs(332,36): warning CS0618: 'Object.FindFirstObjectByType<T>()' is obsolete: 'FindFirstObjectByType has been deprecated because it relies on instance ID ordering. Use FindAnyObjectByType instead, which does not depend on ordering.'
Assets/Tests/PlayMode/LodRenderingTests.cs(334,28): warning CS0618: 'Object.FindFirstObjectByType<T>()' is obsolete: 'FindFirstObjectByType has been deprecated because it relies on instance ID ordering. Use FindAnyObjectByType instead, which does not depend on ordering.'
Assets/Tests/PlayMode/ShowcaseSkyAndFarTerrainTests.cs(176,23): warning CS0618: 'Object.FindFirstObjectByType<T>()' is obsolete: 'FindFirstObjectByType has been deprecated because it relies on instance ID ordering. Use FindAnyObjectByType instead, which does not depend on ordering.'
Assets/Tests/PlayMode/ShowcaseSkyAndFarTerrainTests.cs(216,23): warning CS0618: 'Object.FindFirstObjectByType<T>()' is obsolete: 'FindFirstObjectByType has been deprecated because it relies on instance ID ordering. Use FindAnyObjectByType instead, which does not depend on ordering.'
Assets/Tests/PlayMode/ShowcaseTraversalPerformanceTests.cs(47,38): warning CS0618: 'Object.FindFirstObjectByType<T>()' is obsolete: 'FindFirstObjectByType has been deprecated because it relies on instance ID ordering. Use FindAnyObjectByType instead, which does not depend on ordering.'
Assets/Tests/PlayMode/ShowcaseTraversalPerformanceTests.cs(48,35): warning CS0618: 'Object.FindFirstObjectByType<T>()' is obsolete: 'FindFirstObjectByType has been deprecated because it relies on instance ID ordering. Use FindAnyObjectByType instead, which does not depend on ordering.'
Assets/Tests/PlayMode/Step4FalseEmptyLifecycleTests.cs(42,38): warning CS0618: 'Object.FindFirstObjectByType<T>()' is obsolete: 'FindFirstObjectByType has been deprecated because it relies on instance ID ordering. Use FindAnyObjectByType instead, which does not depend on ordering.'
Assets/Tests/PlayMode/ShowcasePerformanceTests.cs(27,38): warning CS0618: 'Object.FindFirstObjectByType<T>()' is obsolete: 'FindFirstObjectByType has been deprecated because it relies on instance ID ordering. Use FindAnyObjectByType instead, which does not depend on ordering.'
Assets/Tests/PlayMode/ShowcaseSkyAndFarTerrainTests.cs(230,23): warning CS0618: 'Object.FindFirstObjectByType<T>()' is obsolete: 'FindFirstObjectByType has been deprecated because it relies on instance ID ordering. Use FindAnyObjectByType instead, which does not depend on ordering.'
Assets/Tests/PlayMode/ShowcaseFrameBudgetDiagnosticTests.cs(371,26): warning CS0618: 'Object.FindFirstObjectByType<T>()' is obsolete: 'FindFirstObjectByType has been deprecated because it relies on instance ID ordering. Use FindAnyObjectByType instead, which does not depend on ordering.'
Assets/Tests/PlayMode/ShowcaseSkyAndFarTerrainTests.cs(265,23): warning CS0618: 'Object.FindFirstObjectByType<T>()' is obsolete: 'FindFirstObjectByType has been deprecated because it relies on instance ID ordering. Use FindAnyObjectByType instead, which does not depend on ordering.'
Assets/Tests/PlayMode/ShowcaseTraversalPerformanceTests.cs(151,38): warning CS0618: 'Object.FindFirstObjectByType<T>()' is obsolete: 'FindFirstObjectByType has been deprecated because it relies on instance ID ordering. Use FindAnyObjectByType instead, which does not depend on ordering.'
Assets/Tests/PlayMode/ShowcaseTraversalPerformanceTests.cs(152,35): warning CS0618: 'Object.FindFirstObjectByType<T>()' is obsolete: 'FindFirstObjectByType has been deprecated because it relies on instance ID ordering. Use FindAnyObjectByType instead, which does not depend on ordering.'
Assets/Tests/PlayMode/ShowcaseFrameBudgetDiagnosticTests.cs(466,26): warning CS0618: 'Object.FindFirstObjectByType<T>()' is obsolete: 'FindFirstObjectByType has been deprecated because it relies on instance ID ordering. Use FindAnyObjectByType instead, which does not depend on ordering.'
Assets/Tests/PlayMode/ShowcaseSkyAndFarTerrainTests.cs(386,23): warning CS0618: 'Object.FindFirstObjectByType<T>()' is obsolete: 'FindFirstObjectByType has been deprecated because it relies on instance ID ordering. Use FindAnyObjectByType instead, which does not depend on ordering.'
Assets/Tests/PlayMode/ShowcaseSkyAndFarTerrainTests.cs(413,23): warning CS0618: 'Object.FindFirstObjectByType<T>()' is obsolete: 'FindFirstObjectByType has been deprecated because it relies on instance ID ordering. Use FindAnyObjectByType instead, which does not depend on ordering.'
Assets/Tests/PlayMode/ShowcaseFrameBudgetDiagnosticTests.cs(552,26): warning CS0618: 'Object.FindFirstObjectByType<T>()' is obsolete: 'FindFirstObjectByType has been deprecated because it relies on instance ID ordering. Use FindAnyObjectByType instead, which does not depend on ordering.'
Assets/Tests/PlayMode/ShowcaseSkyAndFarTerrainTests.cs(506,23): warning CS0618: 'Object.FindFirstObjectByType<T>()' is obsolete: 'FindFirstObjectByType has been deprecated because it relies on instance ID ordering. Use FindAnyObjectByType instead, which does not depend on ordering.'
AssetDatabase: script compilation time: 2.426019s
Begin MonoManager ReloadAssembly
Total cache size 240783767
Total cache size after purge 240783767, took 00:00:00.1342883
Symbol file LoadedFromMemory is not a mono symbol file
Refreshing native plugins compatible for Editor in 2.10 ms, found 2 plugins.
Native extension for OSXStandalone target not found
Native extension for WebGL target not found
ScheduleIndexationOnStartup MainProcess:True IndexOnStartup:True
Mono: successfully reloaded assembly
- Finished resetting the current domain, in  2.512 seconds
Domain Reload Profiling: 2921ms
	BeginReloadAssembly (85ms)
		DisableScriptedObjects (9ms)
		CreateAndSetChildDomain (23ms)
	RebuildCommonClasses (4ms)
	RebuildNativeTypeToScriptingClass (8ms)
	initialDomainReloadingComplete (21ms)
	LoadAllAssembliesAndSetupDomain (291ms)
		LoadAssemblies (129ms)
		AnalyzeDomain (126ms)
			TypeCache.Refresh (90ms)
				TypeCache.ScanAssembly (81ms)
			BuildScriptInfoCaches (33ms)
			ResolveRequiredComponents (3ms)
	FinalizeReload (2513ms)
		SetupLoadedEditorAssemblies (0ms)
			BeforeProcessingInitializeOnLoad (40ms)
			ProcessInitializeOnLoadAttributes (2188ms)
			ProcessInitializeOnLoadMethodAttributes (176ms)
		AwakeInstancesAfterBackupRestoration (7ms)
Starting new worker id: 0 with log in /Users/jlashmet/code/voxel/Logs/AssetImportWorkerHW0.log

Asset Pipeline Refresh (id=2231c87411117493bb600a136359810f): Total: 6.398 seconds - Initiated by InitialRefreshV2(ForceSynchronousImport)
	(Values over 0.05ms)
	Summary:
		Imports: total=0 (actual=0, local cache=0, cache server=0)
		Asset DB Process Time: managed=0 ms, native=3195 ms
		Asset DB Callback time: managed=302 ms, native=13 ms
		Scripting: domain reloads=1, domain reload time=427 ms, compile time=2427 ms, other=33 ms
		Project Asset Count: scripts=1883, non-scripts=2586
		Asset File Changes: new=0, changed=1, moved=0, deleted=0
		Scan Filter Count: 1
	InvokePackagesCallback: 9.147ms
	ApplyChangesToAssetFolders: 0.177ms
	Scan: 479.708ms
	Collect global state as custom dependencies: 7.680ms
	OnSourceAssetsModified: 0.275ms
	CategorizeScriptCompilationAssets: 20.102ms
	ProcessAssetsWithTransientArtifactChanges: 42.795ms
	CategorizeAssets: 35.473ms
	CompileScripts: 2426.598ms
	ImportOutOfDateAssets: 2553.480ms (2528.217ms without children)
		UnloadImportedAssets: 0.525ms
		EnsureUptoDateAssetsAreRegisteredWithGuidPM: 0.422ms
		ImportSchedulerStart: 24.294ms
	PostProcessAllAssets: 303.261ms
		VCAutoAddAssetPostprocess 0.468ms
		XRBuildSystem.XRAssetImported 0.305ms
		MonoPostProcessAllAssets: 302.300ms
			AssetPostprocessor.OnPostprocessAllAssets 164.407ms
			UniversalRenderPipelineGlobalSettingsPostprocessor.OnPostprocessAllAssets 93.891ms
			StyleCatalogPostProcessor.OnPostprocessAllAssets 22.735ms
			BuilderAssetPostprocessor.OnPostprocessAllAssets 4.847ms
			SpriteSlicePostprocessor.OnPostprocessAllAssets 1.020ms
			WindowAssetPostprocessingWatcher.OnPostprocessAllAssets 0.838ms
			SpeedTree9Postprocessor.OnPostprocessAllAssets 0.803ms
			ShaderGraphAssetPostProcessor.OnPostprocessAllAssets 0.685ms
			AssetChangedListener.OnPostprocessAllAssets 0.614ms
			RetainedModeAssetPostprocessor.OnPostprocessAllAssets 0.590ms
			EditModeScopePostprocessor.OnPostprocessAllAssets 0.428ms
			RenderPipelineGlobalSettingsPostprocessor.OnPostprocessAllAssets 0.347ms
			MaterialPostprocessor.OnPostprocessAllAssets 0.328ms
			ArtifactBrowserPostProcessor.OnPostprocessAllAssets 0.283ms
			UVCSAssetPostprocessor.OnPostprocessAllAssets 0.242ms
			SpriteEditorTexturePostprocessor.OnPostprocessAllAssets 0.238ms
			AudioMixerPostprocessor.OnPostprocessAllAssets 0.159ms
			ReferencedClipsPostProcessor.OnPostprocessAllAssets 0.157ms
			SampleDependencyImporterPostProcessor.OnPostprocessAllAssets 0.152ms
			AssetEvents.OnPostprocessAllAssets 0.151ms
			PlaceholderHumanoidAnimationConfigurator.OnPostprocessAllAssets 0.147ms
			AssetReloadNotifier.OnPostprocessAllAssets 0.133ms
			AssetProcessor.OnPostprocessAllAssets 0.133ms
			TextAssetPostProcessor.OnPostprocessAllAssets 0.133ms
			TMPro_TexturePostProcessor.OnPostprocessAllAssets 0.126ms
			ShaderReflectionAssetPostProcessor.OnPostprocessAllAssets 0.124ms
			CharacterFactoryAssetImporter.OnPostprocessAllAssets 0.120ms
			PostProcessor.OnPostprocessAllAssets 0.106ms
			TerrainToolbarOverlayPostProcessor.OnPostprocessAllAssets 0.075ms
			AssetDatabaseCallbacks.OnPostprocessAllAssets 0.072ms
			AssetPostprocessorProxy.OnPostprocessAllAssets 0.070ms
			ConfigAssetsTracker.OnPostprocessAllAssets 0.068ms
			CharacterFactoryCharacterPrefabCleanup.OnPostprocessAllAssets 0.066ms
			SpeedTreePostProcessor.OnPostprocessAllAssets 0.064ms
			SamplePostprocessor.OnPostprocessAllAssets 0.053ms
	PostAssetChangesProfiler: 3.599ms
	UnloadStreamsBegin: 0.960ms
	PersistCurrentRevisions: 0.091ms
	GenerateScriptTypeHashes: 0.960ms
	GenerateScriptTypeSerializationHashes: 2.005ms
	Untracked: 513.746ms

Application.AssetDatabase Initial Refresh End
Shader Hidden/ChartRasterizerHardware is not supported: GPU does not support conservative rasterization
Launching external process: /Applications/Unity/Hub/Editor/6000.5.6f1/Unity.app/Contents/Helpers/UnityShaderCompiler
Launched and connected shader compiler UnityShaderCompiler after 0.02 seconds
Shader Hidden/ChartRasterizerHardware is not supported: GPU does not support conservative rasterization
Scanning for USB devices : 0.321ms
Initializing Unity extensions:
[MODES] ModeService[none].Initialize
[MODES] ModeService[none].LoadModes
[MODES] Loading mode Default (0) for mode-current-id-voxel
2026-08-24 12:10:30.274 Unity[59518:133517575] NSEventModifierFlagFunction specified to -setKeyEquivalentModifierMask: for item <NSMenuItem: 0x600003f72a70 SDF, ke='Command-F12'>, but is only supported for system-provided menu items; will not be used
Unloading 53 Unused Serialized files (Serialized files now loaded: 0)
Unloading 8018 unused Assets / (9.0 MB). Loaded Objects now: 8848.
Memory consumption went from 277.1 MB to 268.1 MB.
Total: 8.784083 ms (FindLiveObjects: 0.314250 ms CreateObjectMapping: 1.522542 ms MarkObjects: 4.553458 ms  DeleteObjects: 2.393667 ms)

2026-08-24 12:10:30.323 Unity[59518:133517575] NSEventModifierFlagFunction specified to -setKeyEquivalentModifierMask: for item <NSMenuItem: 0x600003f81c70 SDF, ke='Command-F12'>, but is only supported for system-provided menu items; will not be used
[Project] Loading completed in 7.804 seconds
	Project init time: 				7.675 seconds
		Template init time: 		0.000 seconds
		Package Manager init time: 		0.374 seconds
		Asset Database init time: 		0.232 seconds
		Global illumination init time: 	0.000 seconds
		Assemblies load time: 			0.396 seconds
		Unity extensions init time: 	0.012 seconds
		Asset Database refresh time: 	6.398 seconds
	Scene opening time: 			0.078 seconds
##utp:{"type":"ProjectInfo","version":2,"phase":"Immediate","time":1787598630325,"processId":59518,"projectLoad":7.804374292,"projectInit":7.675091459,"templateInit":0.0,"packageManagerInit":0.374495833,"assetDatabaseInit":0.232235458,"globalIlluminationInit":0.000470042,"assembliesLoad":0.396282125,"unityExtensionsInit":0.01232,"assetDatabaseRefresh":6.398426,"sceneOpening":0.077592334}
##utp:{"type":"EditorInfo","version":2,"phase":"Immediate","time":1787598630325,"processId":59518,"editorVersion":"6000.5.6f1 (0e0577a1a2ac)","branch":"6000.5/staging","buildType":"Release","platform":"OSX"}
Subscribe to USB device events
Scanning for USB devices : 0.286ms
[Licensing::Client] Successfully resolved entitlement details
Running tests for ExecutionSettings with details:
targetPlatform =
playerHeartbeatTimeout = 600
filters[0] =
   Filter with settings:
   testMode = PlayMode
   targetPlatform =
   testNames = null
   groupNames = VoxelEngine.Tests.PlayMode.KentridgeOpeningCameraReadabilityTests.OpeningCameraKeepsConversationParticipantsReadable
   categoryNames = null
   assemblyNames = null
ignoreTests = {}
featureFlags = null

UnityEngine.Debug:ExtractStackTraceNoAlloc (byte*,int,string)
UnityEngine.StackTraceUtility:ExtractStackTrace () (at /Users/bokken/build/output/unity/unity/Runtime/Export/Scripting/StackTrace.cs:35)
UnityEngine.DebugLogHandler:Internal_Log (UnityEngine.LogType,UnityEngine.LogOption,string,UnityEngine.Object)
UnityEngine.DebugLogHandler:LogFormat (UnityEngine.LogType,UnityEngine.Object,string,object[])
UnityEngine.Logger:Log (UnityEngine.LogType,object)
UnityEngine.Debug:Log (object)
UnityEditor.TestTools.TestRunner.CommandLineTest.Executer:InitializeAndExecuteRun (string[]) (at ./Library/PackageCache/com.unity.test-framework@1405238725ab/UnityEditor.TestRunner/CommandLineTest/Executer.cs:53)
UnityEditor.TestTools.TestRunner.CommandLineTest.TestStarter:InitializeAndExecuteRun () (at ./Library/PackageCache/com.unity.test-framework@1405238725ab/UnityEditor.TestRunner/CommandLineTest/TestStarter.cs:64)
UnityEditor.EditorApplication:Internal_CallUpdateFunctions () (at /Users/bokken/build/output/unity/unity/Editor/Mono/EditorApplication.cs:403)

(Filename: ./Library/PackageCache/com.unity.test-framework@1405238725ab/UnityEditor.TestRunner/CommandLineTest/Executer.cs Line: 53)

Worker ready: AssetImportWorkerHW0 0
Start Indexing on Editor startup
[Indexing] Starting Initial Indexing for Assets
[UnityConnectServicesConfig] config is NOT valid, switching to default
Created GICache directory at /Users/jlashmet/Library/Caches/com.unity3d.UnityEditor/GiCache. Took: 0.001s, timestamps: [7.806 - 7.807]
[Licensing::Client] Successfully resolved entitlement details
Unloading 3 Unused Serialized files (Serialized files now loaded: 0)
Unloading 1 unused Assets / (54.0 KB). Loaded Objects now: 8868.
Memory consumption went from 246.9 MB to 246.9 MB.
Total: 6.297833 ms (FindLiveObjects: 0.132917 ms CreateObjectMapping: 0.564916 ms MarkObjects: 5.587958 ms  DeleteObjects: 0.011792 ms)

Importing 'GUID: 669bef9093085452b9ebffebb7f7d1e5 - Path: Assets/InitTestScene21660620-6f5e-43a1-877e-29843fb9b369.unity' with importer (DefaultImporter)
Imported 'GUID: 669bef9093085452b9ebffebb7f7d1e5' -> (Import Result ID: '637192c7c83ad2fb2b872d65045ff512') in 0.002 seconds [static dependencies only]. Details - ImportResultOutputID=e5273c78745647c22b7bce6dbf5efc38 DependenciesID=a6140335b478c9f6778bf8bcf34876d7 StaticDependenciesID=dc6b1d6ffa05426f818f89396cc12bbb
Asset Pipeline Refresh (id=25bcb854d5a394370931b70d256bd26d): Total: 0.067 seconds - Initiated by StopAssetImportingV2(NoUpdateAssetOptions)
Executing IPrebuildSetup for: Unity.PerformanceTesting.Editor.TestRunBuilder.
UnityEngine.Debug:ExtractStackTraceNoAlloc (byte*,int,string)
UnityEngine.StackTraceUtility:ExtractStackTrace () (at /Users/bokken/build/output/unity/unity/Runtime/Export/Scripting/StackTrace.cs:35)
UnityEngine.DebugLogHandler:Internal_Log (UnityEngine.LogType,UnityEngine.LogOption,string,UnityEngine.Object)
UnityEngine.DebugLogHandler:LogFormat (UnityEngine.LogType,UnityEngine.Object,string,object[])
UnityEngine.Logger:Log (UnityEngine.LogType,object)
UnityEngine.Debug:Log (object)
UnityEditor.TestTools.TestRunner.TestRun.Tasks.BuildActionTaskBase`1/<ExecuteMethods>d__8<UnityEngine.TestTools.IPrebuildSetup>:MoveNext () (at ./Library/PackageCache/com.unity.test-framework@1405238725ab/UnityEditor.TestRunner/TestRun/Tasks/BuildActionTaskBase.cs:48)
UnityEditor.TestTools.TestRunner.TestRun.Tasks.BuildActionTaskBase`1/<Execute>d__7<UnityEngine.TestTools.IPrebuildSetup>:MoveNext () (at ./Library/PackageCache/com.unity.test-framework@1405238725ab/UnityEditor.TestRunner/TestRun/Tasks/BuildActionTaskBase.cs:34)
UnityEditor.TestTools.TestRunner.TestRun.TestJobRunner:ExecuteStep () (at ./Library/PackageCache/com.unity.test-framework@1405238725ab/UnityEditor.TestRunner/TestRun/TestJobRunner.cs:194)
UnityEditor.TestTools.TestRunner.TestRun.TestJobRunner:ExecuteCallback () (at ./Library/PackageCache/com.unity.test-framework@1405238725ab/UnityEditor.TestRunner/TestRun/TestJobRunner.cs:129)
UnityEditor.EditorApplication:Internal_CallUpdateFunctions () (at /Users/bokken/build/output/unity/unity/Editor/Mono/EditorApplication.cs:403)

(Filename: ./Library/PackageCache/com.unity.test-framework@1405238725ab/UnityEditor.TestRunner/TestRun/Tasks/BuildActionTaskBase.cs Line: 48)

Thread 0x331587000 may have been prematurely finalized
Reloading assemblies for play mode.
Reloading assemblies after forced synchronous recompile.
Begin MonoManager ReloadAssembly
2026-08-24 12:10:31.221 Unity[59518:133517575] NSEventModifierFlagFunction specified to -setKeyEquivalentModifierMask: for item <NSMenuItem: 0x600003f81f80 SDF, ke='Command-F12'>, but is only supported for system-provided menu items; will not be used
2026-08-24 12:10:31.223 Unity[59518:133517575] NSEventModifierFlagFunction specified to -setKeyEquivalentModifierMask: for item <NSMenuItem: 0x600003fb1dc0 SDF, ke='Command-F12'>, but is only supported for system-provided menu items; will not be used
Symbol file LoadedFromMemory is not a mono symbol file
Native extension for OSXStandalone target not found
Native extension for WebGL target not found
ScheduleIndexationOnStartup MainProcess:True IndexOnStartup:True
Mono: successfully reloaded assembly
- Finished resetting the current domain, in  0.857 seconds
Domain Reload Profiling: 1219ms
	BeginReloadAssembly (227ms)
		DisableScriptedObjects (10ms)
		CreateAndSetChildDomain (168ms)
	RebuildCommonClasses (4ms)
	RebuildNativeTypeToScriptingClass (8ms)
	initialDomainReloadingComplete (22ms)
	LoadAllAssembliesAndSetupDomain (100ms)
		LoadAssemblies (47ms)
		AnalyzeDomain (19ms)
			TypeCache.Refresh (5ms)
			ResolveRequiredComponents (12ms)
	FinalizeReload (858ms)
		SetupLoadedEditorAssemblies (0ms)
			BeforeProcessingInitializeOnLoad (38ms)
			ProcessInitializeOnLoadAttributes (532ms)
			ProcessInitializeOnLoadMethodAttributes (110ms)
		AwakeInstancesAfterBackupRestoration (16ms)
No restricted APIs configured; Validation skipped.
Checking 23 assemblies for restricted APIs found 0 usage(s) in 1 ms

Asset Pipeline Refresh (id=088ed2efa05104e8d9b8755ac3791ad3): Total: 1.797 seconds - Initiated by StopAssetImportingV2(ForceSynchronousImport | ForceDomainReload)
	(Values over 0.05ms)
	Summary:
		Imports: total=0 (actual=0, local cache=0, cache server=0)
		Asset DB Process Time: managed=0 ms, native=1023 ms
		Asset DB Callback time: managed=279 ms, native=118 ms
		Scripting: domain reloads=1, domain reload time=375 ms, compile time=1 ms, other=0 ms
		Project Asset Count: scripts=1883, non-scripts=2587
		Asset File Changes: new=0, changed=0, moved=0, deleted=0
		Scan Filter Count: 0
	InvokePackagesCallback: 0.474ms
	ApplyChangesToAssetFolders: 0.156ms
	Collect global state as custom dependencies: 1.045ms
	ProcessAssetsWithTransientArtifactChanges: 78.328ms
	CategorizeAssets: 39.635ms
	CompileScripts: 0.513ms
	ImportOutOfDateAssets: 887.286ms (867.640ms without children)
		CollectScriptTypesHashes: 0.895ms
		ReloadNativeAssets: 0.567ms
		UnloadImportedAssets: 0.073ms
		EnsureUptoDateAssetsAreRegisteredWithGuidPM: 0.382ms
		ImportSchedulerStart: 18.613ms
	PostProcessAllAssets: 390.868ms
		PostProcessCallbackCreateDeferredMaterials 22.055ms
		AssemblyValidation.PostprocessAllAssets 15.441ms
		ShaderAssetModifiedCallback 11.000ms
		ComputeShaderImportPostprocess 5.885ms
		RaytracingShaderImportPostprocess 5.746ms
		SpeedTreeImporter.PostprocessAllAssets 5.111ms
		BlockShaderImporter.PostprocessAllAssets 2.854ms
		LocalizationDatabase.AssetDatabasePostprocessCallback 2.538ms
		XRBuildSystem.XRAssetImported 0.270ms
		MonoPostProcessAllAssets: 278.758ms
			ShaderGraphAssetPostProcessor.OnPostprocessAllAssets 115.561ms
			PostProcessor.OnPostprocessAllAssets 29.933ms
			AssetPostprocessor.OnPostprocessAllAssets 21.349ms
			MaterialPostprocessor.OnPostprocessAllAssets 20.124ms
			SpriteSlicePostprocessor.OnPostprocessAllAssets 12.529ms
			TextAssetPostProcessor.OnPostprocessAllAssets 12.472ms
			StyleCatalogPostProcessor.OnPostprocessAllAssets 8.833ms
			AssetChangedListener.OnPostprocessAllAssets 8.417ms
			UniversalRenderPipelineGlobalSettingsPostprocessor.OnPostprocessAllAssets 4.937ms
			BuilderAssetPostprocessor.OnPostprocessAllAssets 3.423ms
			RenderPipelineGlobalSettingsPostprocessor.OnPostprocessAllAssets 2.955ms
			PlaceholderHumanoidAnimationConfigurator.OnPostprocessAllAssets 1.987ms
			SpeedTree9Postprocessor.OnPostprocessAllAssets 1.855ms
			RetainedModeAssetPostprocessor.OnPostprocessAllAssets 0.916ms
			WindowAssetPostprocessingWatcher.OnPostprocessAllAssets 0.786ms
			CharacterFactoryAssetImporter.OnPostprocessAllAssets 0.271ms
			SpriteEditorTexturePostprocessor.OnPostprocessAllAssets 0.244ms
			ArtifactBrowserPostProcessor.OnPostprocessAllAssets 0.203ms
			CharacterFactoryCharacterPrefabImporter.OnPostprocessAllAssets 0.195ms
			ShaderReflectionAssetPostProcessor.OnPostprocessAllAssets 0.183ms
			SpeedTreePostProcessor.OnPostprocessAllAssets 0.169ms
			UVCSAssetPostprocessor.OnPostprocessAllAssets 0.150ms
			SampleDependencyImporterPostProcessor.OnPostprocessAllAssets 0.141ms
			TMPro_TexturePostProcessor.OnPostprocessAllAssets 0.136ms
			AudioMixerPostprocessor.OnPostprocessAllAssets 0.122ms
			EditModeScopePostprocessor.OnPostprocessAllAssets 0.119ms
			AssetEvents.OnPostprocessAllAssets 0.112ms
			ReferencedClipsPostProcessor.OnPostprocessAllAssets 0.112ms
			SamplePostprocessor.OnPostprocessAllAssets 0.075ms
			TerrainToolbarOverlayPostProcessor.OnPostprocessAllAssets 0.073ms
			AssetPostprocessorProxy.OnPostprocessAllAssets 0.065ms
			CharacterFactoryCharacterPrefabCleanup.OnPostprocessAllAssets 0.061ms
			SyncVS.PostprocessSyncProject 0.057ms
			AssetDatabaseCallbacks.OnPostprocessAllAssets 0.053ms
	PostAssetChangesProfiler: 6.427ms
	GatherAllCurrentPrimaryImportResultRevisions: 0.095ms
	UnloadStreamsBegin: 0.088ms
	PersistCurrentRevisions: 0.088ms
	GenerateScriptTypeHashes: 2.003ms
	GenerateScriptTypeSerializationHashes: 3.454ms
	Untracked: 389.949ms

SCENEISSUE camera replay armed for Kentridge Player Camera
UnityEngine.Debug:ExtractStackTraceNoAlloc (byte*,int,string)
UnityEngine.StackTraceUtility:ExtractStackTrace () (at /Users/bokken/build/output/unity/unity/Runtime/Export/Scripting/StackTrace.cs:35)
UnityEngine.DebugLogHandler:Internal_Log (UnityEngine.LogType,UnityEngine.LogOption,string,UnityEngine.Object)
UnityEngine.DebugLogHandler:LogFormat (UnityEngine.LogType,UnityEngine.Object,string,object[])
UnityEngine.Logger:Log (UnityEngine.LogType,object)
UnityEngine.Debug:Log (object)
VoxelEngine.Showcase.SceneIssueCameraReplayHarness:Install () (at Assets/Scenes/Showcase/SceneIssueCameraReplayHarness.cs:48)

(Filename: Assets/Scenes/Showcase/SceneIssueCameraReplayHarness.cs Line: 48)

Loaded scene 'Temp/__Backupscenes/0.backup'
	Deserialize:            0.384 ms
	Integration:            210.304 ms
	Integration of assets:  0.001 ms
	Thread Wait Time:       0.005 ms
	Total Operation Time:   210.693 ms
[MODES] ModeService[none].Initialize
[MODES] ModeService[none].LoadModes
[Licensing::Client] Successfully resolved entitlement details
[Licensing::Client] Successfully resolved entitlement details
<b><color=#2EA3FF>MCP-FOR-UNITY</color></b>: [TestRunnerNoThrottle] Applied No Throttling for test run.
UnityEngine.Debug:ExtractStackTraceNoAlloc (byte*,int,string)
UnityEngine.StackTraceUtility:ExtractStackTrace () (at /Users/bokken/build/output/unity/unity/Runtime/Export/Scripting/StackTrace.cs:35)
UnityEngine.DebugLogHandler:Internal_Log (UnityEngine.LogType,UnityEngine.LogOption,string,UnityEngine.Object)
UnityEngine.DebugLogHandler:LogFormat (UnityEngine.LogType,UnityEngine.Object,string,object[])
UnityEngine.Logger:Log (UnityEngine.LogType,object)
UnityEngine.Debug:Log (object)
MCPForUnity.Editor.Helpers.McpLog:Info (string,bool) (at ./Library/PackageCache/com.coplaydev.unity-mcp@8bd91ce7bd3a/Editor/Helpers/McpLog.cs:40)
MCPForUnity.Editor.Services.TestRunnerNoThrottle:ApplyNoThrottling () (at ./Library/PackageCache/com.coplaydev.unity-mcp@8bd91ce7bd3a/Editor/Services/TestRunnerNoThrottle.cs:101)
MCPForUnity.Editor.Services.TestRunnerNoThrottle/TestCallbacks:RunStarted (UnityEditor.TestTools.TestRunner.Api.ITestAdaptor) (at ./Library/PackageCache/com.coplaydev.unity-mcp@8bd91ce7bd3a/Editor/Services/TestRunnerNoThrottle.cs:138)
UnityEditor.TestTools.TestRunner.Api.CallbacksDelegator/<>c__DisplayClass7_0:<RunStarted>b__0 (UnityEditor.TestTools.TestRunner.Api.ICallbacks) (at ./Library/PackageCache/com.unity.test-framework@1405238725ab/UnityEditor.TestRunner/Api/CallbacksDelegator.cs:42)
UnityEditor.TestTools.TestRunner.Api.CallbacksDelegator:TryInvokeAllCallbacks (System.Action`1<UnityEditor.TestTools.TestRunner.Api.ICallbacks>) (at ./Library/PackageCache/com.unity.test-framework@1405238725ab/UnityEditor.TestRunner/Api/CallbacksDelegator.cs:135)
UnityEditor.TestTools.TestRunner.Api.CallbacksDelegator:RunStarted (NUnit.Framework.Interfaces.ITest) (at ./Library/PackageCache/com.unity.test-framework@1405238725ab/UnityEditor.TestRunner/Api/CallbacksDelegator.cs:42)
UnityEngine.Events.InvokableCall`1<NUnit.Framework.Interfaces.ITest>:Invoke (NUnit.Framework.Interfaces.ITest) (at /Users/bokken/build/output/unity/unity/Runtime/Export/UnityEvent/UnityEvent.cs:222)
UnityEngine.Events.UnityEvent`1<NUnit.Framework.Interfaces.ITest>:Invoke (NUnit.Framework.Interfaces.ITest) (at /Users/bokken/build/output/unity/unity/artifacts/generated/UnityEvent/UnityEvent_1.cs:59)
UnityEngine.Events.InvokableCall`1<NUnit.Framework.Interfaces.ITest>:Invoke (NUnit.Framework.Interfaces.ITest) (at /Users/bokken/build/output/unity/unity/Runtime/Export/UnityEvent/UnityEvent.cs:222)
UnityEngine.Events.UnityEvent`1<NUnit.Framework.Interfaces.ITest>:Invoke (NUnit.Framework.Interfaces.ITest) (at /Users/bokken/build/output/unity/unity/artifacts/generated/UnityEvent/UnityEvent_1.cs:59)
UnityEngine.TestTools.TestRunner.PlaymodeTestsController/<Run>d__25:MoveNext () (at ./Library/PackageCache/com.unity.test-framework@1405238725ab/UnityEngine.TestRunner/TestRunner/PlaymodeTestsController.cs:140)
UnityEngine.SetupCoroutine:InvokeMoveNext (System.Collections.IEnumerator,intptr) (at /Users/bokken/build/output/unity/unity/Runtime/Export/Scripting/Coroutines.cs:17)

(Filename: ./Library/PackageCache/com.coplaydev.unity-mcp@8bd91ce7bd3a/Editor/Helpers/McpLog.cs Line: 40)

Kentridge region life: 823 trees, 3435 ground cover, 32 wildlife clusters.
UnityEngine.Debug:ExtractStackTraceNoAlloc (byte*,int,string)
UnityEngine.StackTraceUtility:ExtractStackTrace () (at /Users/bokken/build/output/unity/unity/Runtime/Export/Scripting/StackTrace.cs:35)
UnityEngine.DebugLogHandler:Internal_Log (UnityEngine.LogType,UnityEngine.LogOption,string,UnityEngine.Object)
UnityEngine.DebugLogHandler:LogFormat (UnityEngine.LogType,UnityEngine.Object,string,object[])
UnityEngine.Logger:Log (UnityEngine.LogType,object)
UnityEngine.Debug:Log (object)
Game.Kentridge.PlayableSlice.KentridgeRegionLife:Populate (VoxelEngine.Showcase.ShowcaseWorld,MountingForce.WorldGen.RegionThemeMap,single,single,single,single) (at Assets/Scenes/Kentridge/KentridgeRegionLife.cs:81)
Game.Kentridge.PlayableSlice.KentridgePlayableSlice:OnEnable () (at Assets/Scenes/Kentridge/KentridgePlayableSlice.cs:262)

(Filename: Assets/Scenes/Kentridge/KentridgeRegionLife.cs Line: 81)

Loaded scene 'Assets/Scenes/KentridgePlayableSlice.unity'
	Deserialize:            0.851 ms
	Integration:            18466.555 ms
	Integration of assets:  0.001 ms
	Thread Wait Time:       0.689 ms
	Total Operation Time:   18468.096 ms
SCENEISSUE camera pinned at (137.20, 29.50, 74.80) fov=58
UnityEngine.Debug:ExtractStackTraceNoAlloc (byte*,int,string)
UnityEngine.StackTraceUtility:ExtractStackTrace () (at /Users/bokken/build/output/unity/unity/Runtime/Export/Scripting/StackTrace.cs:35)
UnityEngine.DebugLogHandler:Internal_Log (UnityEngine.LogType,UnityEngine.LogOption,string,UnityEngine.Object)
UnityEngine.DebugLogHandler:LogFormat (UnityEngine.LogType,UnityEngine.Object,string,object[])
UnityEngine.Logger:Log (UnityEngine.LogType,object)
UnityEngine.Debug:Log (object)
VoxelEngine.Showcase.SceneIssueCameraReplayHarness/Replay:LateUpdate () (at Assets/Scenes/Showcase/SceneIssueCameraReplayHarness.cs:80)

(Filename: Assets/Scenes/Showcase/SceneIssueCameraReplayHarness.cs Line: 80)

TrimDiskCacheJob: Current cache size 0mb
[VoxelResidency] residentRegions=16 mixed=68,055/262,144 evicted=0 reclaimedMixed=0
UnityEngine.Debug:ExtractStackTraceNoAlloc (byte*,int,string)
UnityEngine.StackTraceUtility:ExtractStackTrace () (at /Users/bokken/build/output/unity/unity/Runtime/Export/Scripting/StackTrace.cs:35)
UnityEngine.DebugLogHandler:Internal_Log (UnityEngine.LogType,UnityEngine.LogOption,string,UnityEngine.Object)
UnityEngine.DebugLogHandler:LogFormat (UnityEngine.LogType,UnityEngine.Object,string,object[])
UnityEngine.Logger:Log (UnityEngine.LogType,object)
UnityEngine.Debug:Log (object)
VoxelEngine.Storage.Runtime.RegionResidencyStore:Refresh (VoxelEngine.Storage.Runtime.RegionTable&,VoxelEngine.Storage.Runtime.BrickPool&) (at Assets/VoxelEngine/Storage/Runtime/RegionResidencyStore.cs:46)
VoxelEngine.Composition.VoxelEngineBootstrap/StorageRuntimeLifetime:get_ResidencyStore () (at Assets/VoxelEngine/Composition/VoxelEngineBootstrap.cs:322)
VoxelEngine.Showcase.ShowcaseWorld:get__residencyStore () (at Assets/Game/Composition/Showcase/ShowcaseWorld.cs:96)
VoxelEngine.Showcase.ShowcaseWorld:EvictDistantRegions (Unity.Mathematics.int3) (at Assets/Game/Composition/Showcase/ShowcaseWorld.cs:709)
VoxelEngine.Showcase.ShowcaseWorld:StepStreaming (Unity.Mathematics.float3,double) (at Assets/Game/Composition/Showcase/ShowcaseWorld.cs:453)
Game.Kentridge.PlayableSlice.KentridgePlayableSlice:Update () (at Assets/Scenes/Kentridge/KentridgePlayableSlice.cs:440)

(Filename: Assets/VoxelEngine/Storage/Runtime/RegionResidencyStore.cs Line: 46)

KENTRIDGE_ACTOR_WORLD_BOUNDS participant=Weldon at line 1 root=(133.700, 21.900, 75.800) min=(133.010, 21.868, 75.565) max=(134.391, 23.716, 76.003) camera=(137.200, 29.500, 74.800)
UnityEngine.Debug:ExtractStackTraceNoAlloc (byte*,int,string)
UnityEngine.StackTraceUtility:ExtractStackTrace () (at /Users/bokken/build/output/unity/unity/Runtime/Export/Scripting/StackTrace.cs:35)
UnityEngine.DebugLogHandler:Internal_Log (UnityEngine.LogType,UnityEngine.LogOption,string,UnityEngine.Object)
UnityEngine.DebugLogHandler:LogFormat (UnityEngine.LogType,UnityEngine.Object,string,object[])
UnityEngine.Logger:Log (UnityEngine.LogType,object)
UnityEngine.Debug:Log (object)
VoxelEngine.Tests.PlayMode.KentridgeOpeningCameraReadabilityTests:Measure (UnityEngine.Camera,UnityEngine.GameObject,string) (at Assets/Tests/PlayMode/KentridgeOpeningCameraReadabilityTests.cs:214)
VoxelEngine.Tests.PlayMode.KentridgeOpeningCameraReadabilityTests:AssertPhaseReadable (UnityEngine.Camera,string,string[],UnityEngine.GameObject[]) (at Assets/Tests/PlayMode/KentridgeOpeningCameraReadabilityTests.cs:162)
VoxelEngine.Tests.PlayMode.KentridgeOpeningCameraReadabilityTests/<OpeningCameraKeepsConversationParticipantsReadable>d__6:MoveNext () (at Assets/Tests/PlayMode/KentridgeOpeningCameraReadabilityTests.cs:71)
UnityEngine.TestTools.TestEnumerator/<Execute>d__7:MoveNext () (at ./Library/PackageCache/com.unity.test-framework@1405238725ab/UnityEngine.TestRunner/NUnitExtensions/Attributes/TestEnumerator.cs:44)
UnityEngine.TestTools.EnumerableTestMethodCommand/<ExecuteEnumerableAndRecordExceptions>d__4:MoveNext () (at ./Library/PackageCache/com.unity.test-framework@1405238725ab/UnityEngine.TestRunner/NUnitExtensions/Commands/EnumerableTestMethodCommand.cs:85)
UnityEngine.TestTools.EnumerableTestMethodCommand:AdvanceEnumerator (System.Collections.IEnumerator) (at ./Library/PackageCache/com.unity.test-framework@1405238725ab/UnityEngine.TestRunner/NUnitExtensions/Commands/EnumerableTestMethodCommand.cs:64)
UnityEngine.TestTools.EnumerableTestMethodCommand/<ExecuteEnumerable>d__2:MoveNext () (at ./Library/PackageCache/com.unity.test-framework@1405238725ab/UnityEngine.TestRunner/NUnitExtensions/Commands/EnumerableTestMethodCommand.cs:47)
UnityEngine.TestRunner.NUnitExtensions.Runner.UnityLogCheckDelegatingCommand/<ExecuteEnumerable>d__3:MoveNext () (at ./Library/PackageCache/com.unity.test-framework@1405238725ab/UnityEngine.TestRunner/NUnitExtensions/Runner/UnityLogCheckDelegatingCommand.cs:48)
UnityEngine.TestTools.BeforeAfterTestCommandBase`1/<ExecuteEnumerable>d__16<NUnit.Framework.ITestAction>:MoveNext () (at ./Library/PackageCache/com.unity.test-framework@1405238725ab/UnityEngine.TestRunner/NUnitExtensions/Commands/BeforeAfterTestCommandBase.cs:212)
UnityEngine.TestTools.BeforeAfterTestCommandBase`1/<ExecuteEnumerable>d__16<System.Reflection.MethodInfo>:MoveNext () (at ./Library/PackageCache/com.unity.test-framework@1405238725ab/UnityEngine.TestRunner/NUnitExtensions/Commands/BeforeAfterTestCommandBase.cs:212)
UnityEngine.TestTools.BeforeAfterTestCommandBase`1/<ExecuteEnumerable>d__16<System.Reflection.MethodInfo>:MoveNext () (at ./Library/PackageCache/com.unity.test-framework@1405238725ab/UnityEngine.TestRunner/NUnitExtensions/Commands/BeforeAfterTestCommandBase.cs:212)
UnityEngine.TestTools.BeforeAfterTestCommandBase`1/<ExecuteEnumerable>d__16<UnityEngine.TestTools.IOuterUnityTestAction>:MoveNext () (at ./Library/PackageCache/com.unity.test-framework@1405238725ab/UnityEngine.TestRunner/NUnitExtensions/Commands/BeforeAfterTestCommandBase.cs:212)
UnityEngine.TestTools.RetryCommand/<ExecuteEnumerable>d__2:MoveNext () (at ./Library/PackageCache/com.unity.test-framework@1405238725ab/UnityEngine.TestRunner/NUnitExtensions/Commands/RetryCommand.cs:37)
UnityEngine.TestTools.RepeatCommand/<ExecuteEnumerable>d__2:MoveNext () (at ./Library/PackageCache/com.unity.test-framework@1405238725ab/UnityEngine.TestRunner/NUnitExtensions/Commands/RepeatCommand.cs:36)
UnityEngine.TestTools.IgnoreTestCommand/<ExecuteEnumerable>d__3:MoveNext () (at ./Library/PackageCache/com.unity.test-framework@1405238725ab/UnityEngine.TestRunner/NUnitExtensions/Commands/IgnoreTestCommand.cs:42)
UnityEngine.TestTools.StrictCheckCommand/<ExecuteEnumerable>d__2:MoveNext () (at ./Library/PackageCache/com.unity.test-framework@1405238725ab/UnityEngine.TestRunner/NUnitExtensions/Commands/StrictCheckCommand.cs:29)
UnityEngine.TestTools.Utils.CoroutineRunner/<WrapEnumeratorForChecks>d__8:MoveNext () (at ./Library/PackageCache/com.unity.test-framework@1405238725ab/UnityEngine.TestRunner/Utils/CoroutineRunner.cs:58)
UnityEngine.SetupCoroutine:InvokeMoveNext (System.Collections.IEnumerator,intptr) (at /Users/bokken/build/output/unity/unity/Runtime/Export/Scripting/Coroutines.cs:17)

(Filename: Assets/Tests/PlayMode/KentridgeOpeningCameraReadabilityTests.cs Line: 214)

KENTRIDGE_ACTOR_WORLD_BOUNDS participant=Madeline at line 1 root=(133.700, 21.900, 73.800) min=(133.016, 21.897, 73.623) max=(134.384, 23.745, 74.009) camera=(137.200, 29.500, 74.800)
UnityEngine.Debug:ExtractStackTraceNoAlloc (byte*,int,string)
UnityEngine.StackTraceUtility:ExtractStackTrace () (at /Users/bokken/build/output/unity/unity/Runtime/Export/Scripting/StackTrace.cs:35)
UnityEngine.DebugLogHandler:Internal_Log (UnityEngine.LogType,UnityEngine.LogOption,string,UnityEngine.Object)
UnityEngine.DebugLogHandler:LogFormat (UnityEngine.LogType,UnityEngine.Object,string,object[])
UnityEngine.Logger:Log (UnityEngine.LogType,object)
UnityEngine.Debug:Log (object)
VoxelEngine.Tests.PlayMode.KentridgeOpeningCameraReadabilityTests:Measure (UnityEngine.Camera,UnityEngine.GameObject,string) (at Assets/Tests/PlayMode/KentridgeOpeningCameraReadabilityTests.cs:214)
VoxelEngine.Tests.PlayMode.KentridgeOpeningCameraReadabilityTests:AssertPhaseReadable (UnityEngine.Camera,string,string[],UnityEngine.GameObject[]) (at Assets/Tests/PlayMode/KentridgeOpeningCameraReadabilityTests.cs:162)
VoxelEngine.Tests.PlayMode.KentridgeOpeningCameraReadabilityTests/<OpeningCameraKeepsConversationParticipantsReadable>d__6:MoveNext () (at Assets/Tests/PlayMode/KentridgeOpeningCameraReadabilityTests.cs:71)
UnityEngine.TestTools.TestEnumerator/<Execute>d__7:MoveNext () (at ./Library/PackageCache/com.unity.test-framework@1405238725ab/UnityEngine.TestRunner/NUnitExtensions/Attributes/TestEnumerator.cs:44)
UnityEngine.TestTools.EnumerableTestMethodCommand/<ExecuteEnumerableAndRecordExceptions>d__4:MoveNext () (at ./Library/PackageCache/com.unity.test-framework@1405238725ab/UnityEngine.TestRunner/NUnitExtensions/Commands/EnumerableTestMethodCommand.cs:85)
UnityEngine.TestTools.EnumerableTestMethodCommand:AdvanceEnumerator (System.Collections.IEnumerator) (at ./Library/PackageCache/com.unity.test-framework@1405238725ab/UnityEngine.TestRunner/NUnitExtensions/Commands/EnumerableTestMethodCommand.cs:64)
UnityEngine.TestTools.EnumerableTestMethodCommand/<ExecuteEnumerable>d__2:MoveNext () (at ./Library/PackageCache/com.unity.test-framework@1405238725ab/UnityEngine.TestRunner/NUnitExtensions/Commands/EnumerableTestMethodCommand.cs:47)
UnityEngine.TestRunner.NUnitExtensions.Runner.UnityLogCheckDelegatingCommand/<ExecuteEnumerable>d__3:MoveNext () (at ./Library/PackageCache/com.unity.test-framework@1405238725ab/UnityEngine.TestRunner/NUnitExtensions/Runner/UnityLogCheckDelegatingCommand.cs:48)
UnityEngine.TestTools.BeforeAfterTestCommandBase`1/<ExecuteEnumerable>d__16<NUnit.Framework.ITestAction>:MoveNext () (at ./Library/PackageCache/com.unity.test-framework@1405238725ab/UnityEngine.TestRunner/NUnitExtensions/Commands/BeforeAfterTestCommandBase.cs:212)
UnityEngine.TestTools.BeforeAfterTestCommandBase`1/<ExecuteEnumerable>d__16<System.Reflection.MethodInfo>:MoveNext () (at ./Library/PackageCache/com.unity.test-framework@1405238725ab/UnityEngine.TestRunner/NUnitExtensions/Commands/BeforeAfterTestCommandBase.cs:212)
UnityEngine.TestTools.BeforeAfterTestCommandBase`1/<ExecuteEnumerable>d__16<System.Reflection.MethodInfo>:MoveNext () (at ./Library/PackageCache/com.unity.test-framework@1405238725ab/UnityEngine.TestRunner/NUnitExtensions/Commands/BeforeAfterTestCommandBase.cs:212)
UnityEngine.TestTools.BeforeAfterTestCommandBase`1/<ExecuteEnumerable>d__16<UnityEngine.TestTools.IOuterUnityTestAction>:MoveNext () (at ./Library/PackageCache/com.unity.test-framework@1405238725ab/UnityEngine.TestRunner/NUnitExtensions/Commands/BeforeAfterTestCommandBase.cs:212)
UnityEngine.TestTools.RetryCommand/<ExecuteEnumerable>d__2:MoveNext () (at ./Library/PackageCache/com.unity.test-framework@1405238725ab/UnityEngine.TestRunner/NUnitExtensions/Commands/RetryCommand.cs:37)
UnityEngine.TestTools.RepeatCommand/<ExecuteEnumerable>d__2:MoveNext () (at ./Library/PackageCache/com.unity.test-framework@1405238725ab/UnityEngine.TestRunner/NUnitExtensions/Commands/RepeatCommand.cs:36)
UnityEngine.TestTools.IgnoreTestCommand/<ExecuteEnumerable>d__3:MoveNext () (at ./Library/PackageCache/com.unity.test-framework@1405238725ab/UnityEngine.TestRunner/NUnitExtensions/Commands/IgnoreTestCommand.cs:42)
UnityEngine.TestTools.StrictCheckCommand/<ExecuteEnumerable>d__2:MoveNext () (at ./Library/PackageCache/com.unity.test-framework@1405238725ab/UnityEngine.TestRunner/NUnitExtensions/Commands/StrictCheckCommand.cs:29)
UnityEngine.TestTools.Utils.CoroutineRunner/<WrapEnumeratorForChecks>d__8:MoveNext () (at ./Library/PackageCache/com.unity.test-framework@1405238725ab/UnityEngine.TestRunner/Utils/CoroutineRunner.cs:58)
UnityEngine.SetupCoroutine:InvokeMoveNext (System.Collections.IEnumerator,intptr) (at /Users/bokken/build/output/unity/unity/Runtime/Export/Scripting/Coroutines.cs:17)

(Filename: Assets/Tests/PlayMode/KentridgeOpeningCameraReadabilityTests.cs Line: 214)

KENTRIDGE_ACTOR_WORLD_BOUNDS participant=Steven at line 1 root=(133.700, 21.900, 74.800) min=(133.016, 21.897, 74.623) max=(134.384, 23.745, 75.009) camera=(137.200, 29.500, 74.800)
UnityEngine.Debug:ExtractStackTraceNoAlloc (byte*,int,string)
UnityEngine.StackTraceUtility:ExtractStackTrace () (at /Users/bokken/build/output/unity/unity/Runtime/Export/Scripting/StackTrace.cs:35)
UnityEngine.DebugLogHandler:Internal_Log (UnityEngine.LogType,UnityEngine.LogOption,string,UnityEngine.Object)
UnityEngine.DebugLogHandler:LogFormat (UnityEngine.LogType,UnityEngine.Object,string,object[])
UnityEngine.Logger:Log (UnityEngine.LogType,object)
UnityEngine.Debug:Log (object)
VoxelEngine.Tests.PlayMode.KentridgeOpeningCameraReadabilityTests:Measure (UnityEngine.Camera,UnityEngine.GameObject,string) (at Assets/Tests/PlayMode/KentridgeOpeningCameraReadabilityTests.cs:214)
VoxelEngine.Tests.PlayMode.KentridgeOpeningCameraReadabilityTests:AssertPhaseReadable (UnityEngine.Camera,string,string[],UnityEngine.GameObject[]) (at Assets/Tests/PlayMode/KentridgeOpeningCameraReadabilityTests.cs:162)
VoxelEngine.Tests.PlayMode.KentridgeOpeningCameraReadabilityTests/<OpeningCameraKeepsConversationParticipantsReadable>d__6:MoveNext () (at Assets/Tests/PlayMode/KentridgeOpeningCameraReadabilityTests.cs:71)
UnityEngine.TestTools.TestEnumerator/<Execute>d__7:MoveNext () (at ./Library/PackageCache/com.unity.test-framework@1405238725ab/UnityEngine.TestRunner/NUnitExtensions/Attributes/TestEnumerator.cs:44)
UnityEngine.TestTools.EnumerableTestMethodCommand/<ExecuteEnumerableAndRecordExceptions>d__4:MoveNext () (at ./Library/PackageCache/com.unity.test-framework@1405238725ab/UnityEngine.TestRunner/NUnitExtensions/Commands/EnumerableTestMethodCommand.cs:85)
UnityEngine.TestTools.EnumerableTestMethodCommand:AdvanceEnumerator (System.Collections.IEnumerator) (at ./Library/PackageCache/com.unity.test-framework@1405238725ab/UnityEngine.TestRunner/NUnitExtensions/Commands/EnumerableTestMethodCommand.cs:64)
UnityEngine.TestTools.EnumerableTestMethodCommand/<ExecuteEnumerable>d__2:MoveNext () (at ./Library/PackageCache/com.unity.test-framework@1405238725ab/UnityEngine.TestRunner/NUnitExtensions/Commands/EnumerableTestMethodCommand.cs:47)
UnityEngine.TestRunner.NUnitExtensions.Runner.UnityLogCheckDelegatingCommand/<ExecuteEnumerable>d__3:MoveNext () (at ./Library/PackageCache/com.unity.test-framework@1405238725ab/UnityEngine.TestRunner/NUnitExtensions/Runner/UnityLogCheckDelegatingCommand.cs:48)
UnityEngine.TestTools.BeforeAfterTestCommandBase`1/<ExecuteEnumerable>d__16<NUnit.Framework.ITestAction>:MoveNext () (at ./Library/PackageCache/com.unity.test-framework@1405238725ab/UnityEngine.TestRunner/NUnitExtensions/Commands/BeforeAfterTestCommandBase.cs:212)
UnityEngine.TestTools.BeforeAfterTestCommandBase`1/<ExecuteEnumerable>d__16<System.Reflection.MethodInfo>:MoveNext () (at ./Library/PackageCache/com.unity.test-framework@1405238725ab/UnityEngine.TestRunner/NUnitExtensions/Commands/BeforeAfterTestCommandBase.cs:212)
UnityEngine.TestTools.BeforeAfterTestCommandBase`1/<ExecuteEnumerable>d__16<System.Reflection.MethodInfo>:MoveNext () (at ./Library/PackageCache/com.unity.test-framework@1405238725ab/UnityEngine.TestRunner/NUnitExtensions/Commands/BeforeAfterTestCommandBase.cs:212)
UnityEngine.TestTools.BeforeAfterTestCommandBase`1/<ExecuteEnumerable>d__16<UnityEngine.TestTools.IOuterUnityTestAction>:MoveNext () (at ./Library/PackageCache/com.unity.test-framework@1405238725ab/UnityEngine.TestRunner/NUnitExtensions/Commands/BeforeAfterTestCommandBase.cs:212)
UnityEngine.TestTools.RetryCommand/<ExecuteEnumerable>d__2:MoveNext () (at ./Library/PackageCache/com.unity.test-framework@1405238725ab/UnityEngine.TestRunner/NUnitExtensions/Commands/RetryCommand.cs:37)
UnityEngine.TestTools.RepeatCommand/<ExecuteEnumerable>d__2:MoveNext () (at ./Library/PackageCache/com.unity.test-framework@1405238725ab/UnityEngine.TestRunner/NUnitExtensions/Commands/RepeatCommand.cs:36)
UnityEngine.TestTools.IgnoreTestCommand/<ExecuteEnumerable>d__3:MoveNext () (at ./Library/PackageCache/com.unity.test-framework@1405238725ab/UnityEngine.TestRunner/NUnitExtensions/Commands/IgnoreTestCommand.cs:42)
UnityEngine.TestTools.StrictCheckCommand/<ExecuteEnumerable>d__2:MoveNext () (at ./Library/PackageCache/com.unity.test-framework@1405238725ab/UnityEngine.TestRunner/NUnitExtensions/Commands/StrictCheckCommand.cs:29)
UnityEngine.TestTools.Utils.CoroutineRunner/<WrapEnumeratorForChecks>d__8:MoveNext () (at ./Library/PackageCache/com.unity.test-framework@1405238725ab/UnityEngine.TestRunner/Utils/CoroutineRunner.cs:58)
UnityEngine.SetupCoroutine:InvokeMoveNext (System.Collections.IEnumerator,intptr) (at /Users/bokken/build/output/unity/unity/Runtime/Export/Scripting/Coroutines.cs:17)

(Filename: Assets/Tests/PlayMode/KentridgeOpeningCameraReadabilityTests.cs Line: 214)

KENTRIDGE_CAMERA_READABILITY phase=line 1 Weldon=h=0.249 w=0.067 bounds=(0.560,0.410)-(0.627,0.659); Madeline=h=0.249 w=0.062 bounds=(0.376,0.412)-(0.438,0.661); Steven=h=0.249 w=0.041 bounds=(0.481,0.412)-(0.522,0.661)
UnityEngine.Debug:ExtractStackTraceNoAlloc (byte*,int,string)
UnityEngine.StackTraceUtility:ExtractStackTrace () (at /Users/bokken/build/output/unity/unity/Runtime/Export/Scripting/StackTrace.cs:35)
UnityEngine.DebugLogHandler:Internal_Log (UnityEngine.LogType,UnityEngine.LogOption,string,UnityEngine.Object)
UnityEngine.DebugLogHandler:LogFormat (UnityEngine.LogType,UnityEngine.Object,string,object[])
UnityEngine.Logger:Log (UnityEngine.LogType,object)
UnityEngine.Debug:Log (object)
VoxelEngine.Tests.PlayMode.KentridgeOpeningCameraReadabilityTests:AssertPhaseReadable (UnityEngine.Camera,string,string[],UnityEngine.GameObject[]) (at Assets/Tests/PlayMode/KentridgeOpeningCameraReadabilityTests.cs:178)
VoxelEngine.Tests.PlayMode.KentridgeOpeningCameraReadabilityTests/<OpeningCameraKeepsConversationParticipantsReadable>d__6:MoveNext () (at Assets/Tests/PlayMode/KentridgeOpeningCameraReadabilityTests.cs:71)
UnityEngine.TestTools.TestEnumerator/<Execute>d__7:MoveNext () (at ./Library/PackageCache/com.unity.test-framework@1405238725ab/UnityEngine.TestRunner/NUnitExtensions/Attributes/TestEnumerator.cs:44)
UnityEngine.TestTools.EnumerableTestMethodCommand/<ExecuteEnumerableAndRecordExceptions>d__4:MoveNext () (at ./Library/PackageCache/com.unity.test-framework@1405238725ab/UnityEngine.TestRunner/NUnitExtensions/Commands/EnumerableTestMethodCommand.cs:85)
UnityEngine.TestTools.EnumerableTestMethodCommand:AdvanceEnumerator (System.Collections.IEnumerator) (at ./Library/PackageCache/com.unity.test-framework@1405238725ab/UnityEngine.TestRunner/NUnitExtensions/Commands/EnumerableTestMethodCommand.cs:64)
UnityEngine.TestTools.EnumerableTestMethodCommand/<ExecuteEnumerable>d__2:MoveNext () (at ./Library/PackageCache/com.unity.test-framework@1405238725ab/UnityEngine.TestRunner/NUnitExtensions/Commands/EnumerableTestMethodCommand.cs:47)
UnityEngine.TestRunner.NUnitExtensions.Runner.UnityLogCheckDelegatingCommand/<ExecuteEnumerable>d__3:MoveNext () (at ./Library/PackageCache/com.unity.test-framework@1405238725ab/UnityEngine.TestRunner/NUnitExtensions/Runner/UnityLogCheckDelegatingCommand.cs:48)
UnityEngine.TestTools.BeforeAfterTestCommandBase`1/<ExecuteEnumerable>d__16<NUnit.Framework.ITestAction>:MoveNext () (at ./Library/PackageCache/com.unity.test-framework@1405238725ab/UnityEngine.TestRunner/NUnitExtensions/Commands/BeforeAfterTestCommandBase.cs:212)
UnityEngine.TestTools.BeforeAfterTestCommandBase`1/<ExecuteEnumerable>d__16<System.Reflection.MethodInfo>:MoveNext () (at ./Library/PackageCache/com.unity.test-framework@1405238725ab/UnityEngine.TestRunner/NUnitExtensions/Commands/BeforeAfterTestCommandBase.cs:212)
UnityEngine.TestTools.BeforeAfterTestCommandBase`1/<ExecuteEnumerable>d__16<System.Reflection.MethodInfo>:MoveNext () (at ./Library/PackageCache/com.unity.test-framework@1405238725ab/UnityEngine.TestRunner/NUnitExtensions/Commands/BeforeAfterTestCommandBase.cs:212)
UnityEngine.TestTools.BeforeAfterTestCommandBase`1/<ExecuteEnumerable>d__16<UnityEngine.TestTools.IOuterUnityTestAction>:MoveNext () (at ./Library/PackageCache/com.unity.test-framework@1405238725ab/UnityEngine.TestRunner/NUnitExtensions/Commands/BeforeAfterTestCommandBase.cs:212)
UnityEngine.TestTools.RetryCommand/<ExecuteEnumerable>d__2:MoveNext () (at ./Library/PackageCache/com.unity.test-framework@1405238725ab/UnityEngine.TestRunner/NUnitExtensions/Commands/RetryCommand.cs:37)
UnityEngine.TestTools.RepeatCommand/<ExecuteEnumerable>d__2:MoveNext () (at ./Library/PackageCache/com.unity.test-framework@1405238725ab/UnityEngine.TestRunner/NUnitExtensions/Commands/RepeatCommand.cs:36)
UnityEngine.TestTools.IgnoreTestCommand/<ExecuteEnumerable>d__3:MoveNext () (at ./Library/PackageCache/com.unity.test-framework@1405238725ab/UnityEngine.TestRunner/NUnitExtensions/Commands/IgnoreTestCommand.cs:42)
UnityEngine.TestTools.StrictCheckCommand/<ExecuteEnumerable>d__2:MoveNext () (at ./Library/PackageCache/com.unity.test-framework@1405238725ab/UnityEngine.TestRunner/NUnitExtensions/Commands/StrictCheckCommand.cs:29)
UnityEngine.TestTools.Utils.CoroutineRunner/<WrapEnumeratorForChecks>d__8:MoveNext () (at ./Library/PackageCache/com.unity.test-framework@1405238725ab/UnityEngine.TestRunner/Utils/CoroutineRunner.cs:58)
UnityEngine.SetupCoroutine:InvokeMoveNext (System.Collections.IEnumerator,intptr) (at /Users/bokken/build/output/unity/unity/Runtime/Export/Scripting/Coroutines.cs:17)

(Filename: Assets/Tests/PlayMode/KentridgeOpeningCameraReadabilityTests.cs Line: 178)

<b><color=#2EA3FF>MCP-FOR-UNITY</color></b>: [TestRunnerNoThrottle] Restored Interaction Mode after test run.
UnityEngine.Debug:ExtractStackTraceNoAlloc (byte*,int,string)
UnityEngine.StackTraceUtility:ExtractStackTrace () (at /Users/bokken/build/output/unity/unity/Runtime/Export/Scripting/StackTrace.cs:35)
UnityEngine.DebugLogHandler:Internal_Log (UnityEngine.LogType,UnityEngine.LogOption,string,UnityEngine.Object)
UnityEngine.DebugLogHandler:LogFormat (UnityEngine.LogType,UnityEngine.Object,string,object[])
UnityEngine.Logger:Log (UnityEngine.LogType,object)
UnityEngine.Debug:Log (object)
MCPForUnity.Editor.Helpers.McpLog:Info (string,bool) (at ./Library/PackageCache/com.coplaydev.unity-mcp@8bd91ce7bd3a/Editor/Helpers/McpLog.cs:40)
MCPForUnity.Editor.Services.TestRunnerNoThrottle:RestoreThrottling () (at ./Library/PackageCache/com.coplaydev.unity-mcp@8bd91ce7bd3a/Editor/Services/TestRunnerNoThrottle.cs:114)
MCPForUnity.Editor.Services.TestRunnerNoThrottle/TestCallbacks:RunFinished (UnityEditor.TestTools.TestRunner.Api.ITestResultAdaptor) (at ./Library/PackageCache/com.coplaydev.unity-mcp@8bd91ce7bd3a/Editor/Services/TestRunnerNoThrottle.cs:143)
UnityEditor.TestTools.TestRunner.Api.CallbacksDelegator/<>c__DisplayClass9_0:<RunFinished>b__0 (UnityEditor.TestTools.TestRunner.Api.ICallbacks) (at ./Library/PackageCache/com.unity.test-framework@1405238725ab/UnityEditor.TestRunner/Api/CallbacksDelegator.cs:55)
UnityEditor.TestTools.TestRunner.Api.CallbacksDelegator:TryInvokeAllCallbacks (System.Action`1<UnityEditor.TestTools.TestRunner.Api.ICallbacks>) (at ./Library/PackageCache/com.unity.test-framework@1405238725ab/UnityEditor.TestRunner/Api/CallbacksDelegator.cs:135)
UnityEditor.TestTools.TestRunner.Api.CallbacksDelegator:RunFinished (NUnit.Framework.Interfaces.ITestResult) (at ./Library/PackageCache/com.unity.test-framework@1405238725ab/UnityEditor.TestRunner/Api/CallbacksDelegator.cs:55)
UnityEngine.Events.InvokableCall`1<NUnit.Framework.Interfaces.ITestResult>:Invoke (NUnit.Framework.Interfaces.ITestResult) (at /Users/bokken/build/output/unity/unity/Runtime/Export/UnityEvent/UnityEvent.cs:222)
UnityEngine.Events.UnityEvent`1<NUnit.Framework.Interfaces.ITestResult>:Invoke (NUnit.Framework.Interfaces.ITestResult) (at /Users/bokken/build/output/unity/unity/artifacts/generated/UnityEvent/UnityEvent_1.cs:59)
UnityEngine.Events.InvokableCall`1<NUnit.Framework.Interfaces.ITestResult>:Invoke (NUnit.Framework.Interfaces.ITestResult) (at /Users/bokken/build/output/unity/unity/Runtime/Export/UnityEvent/UnityEvent.cs:222)
UnityEngine.Events.UnityEvent`1<NUnit.Framework.Interfaces.ITestResult>:Invoke (NUnit.Framework.Interfaces.ITestResult) (at /Users/bokken/build/output/unity/unity/artifacts/generated/UnityEvent/UnityEvent_1.cs:59)
UnityEngine.TestTools.TestRunner.PlaymodeTestsController/<TestRunnerCoroutine>d__24:MoveNext () (at ./Library/PackageCache/com.unity.test-framework@1405238725ab/UnityEngine.TestRunner/TestRunner/PlaymodeTestsController.cs:110)
UnityEngine.SetupCoroutine:InvokeMoveNext (System.Collections.IEnumerator,intptr) (at /Users/bokken/build/output/unity/unity/Runtime/Export/Scripting/Coroutines.cs:17)

(Filename: ./Library/PackageCache/com.coplaydev.unity-mcp@8bd91ce7bd3a/Editor/Helpers/McpLog.cs Line: 40)

Saving results to: /Users/jlashmet/Library/Application Support/DefaultCompany/voxel/TestResults.xml
Saving results to: /Users/jlashmet/code/voxel/Artifacts/SceneIssue024358Tests/los-results.xml
Thread 0x354d23000 may have been prematurely finalized
Unloading 12 Unused Serialized files (Serialized files now loaded: 0)
Loaded scene 'Temp/__Backupscenes/0.backup'
	Deserialize:            0.221 ms
	Integration:            130.969 ms
	Integration of assets:  0.001 ms
	Thread Wait Time:       0.007 ms
	Total Operation Time:   131.198 ms
Unloading 7495 unused Assets / (4.0 MB). Loaded Objects now: 10292.
Memory consumption went from 0.90 GB to 0.90 GB.
Total: 9.441958 ms (FindLiveObjects: 0.308667 ms CreateObjectMapping: 1.336125 ms MarkObjects: 6.428417 ms  DeleteObjects: 1.368625 ms)

Executing IPostBuildCleanup for: Unity.PerformanceTesting.Editor.TestRunBuilder.
UnityEngine.Debug:ExtractStackTraceNoAlloc (byte*,int,string)
UnityEngine.StackTraceUtility:ExtractStackTrace () (at /Users/bokken/build/output/unity/unity/Runtime/Export/Scripting/StackTrace.cs:35)
UnityEngine.DebugLogHandler:Internal_Log (UnityEngine.LogType,UnityEngine.LogOption,string,UnityEngine.Object)
UnityEngine.DebugLogHandler:LogFormat (UnityEngine.LogType,UnityEngine.Object,string,object[])
UnityEngine.Logger:Log (UnityEngine.LogType,object)
UnityEngine.Debug:Log (object)
UnityEditor.TestTools.TestRunner.TestRun.Tasks.BuildActionTaskBase`1/<ExecuteMethods>d__8<UnityEngine.TestTools.IPostBuildCleanup>:MoveNext () (at ./Library/PackageCache/com.unity.test-framework@1405238725ab/UnityEditor.TestRunner/TestRun/Tasks/BuildActionTaskBase.cs:48)
UnityEditor.TestTools.TestRunner.TestRun.Tasks.BuildActionTaskBase`1/<Execute>d__7<UnityEngine.TestTools.IPostBuildCleanup>:MoveNext () (at ./Library/PackageCache/com.unity.test-framework@1405238725ab/UnityEditor.TestRunner/TestRun/Tasks/BuildActionTaskBase.cs:34)
UnityEditor.TestTools.TestRunner.TestRun.TestJobRunner:ExecuteStep () (at ./Library/PackageCache/com.unity.test-framework@1405238725ab/UnityEditor.TestRunner/TestRun/TestJobRunner.cs:194)
UnityEditor.TestTools.TestRunner.TestRun.TestJobRunner:ExecuteCallback () (at ./Library/PackageCache/com.unity.test-framework@1405238725ab/UnityEditor.TestRunner/TestRun/TestJobRunner.cs:129)
UnityEditor.EditorApplication:Internal_CallUpdateFunctions () (at /Users/bokken/build/output/unity/unity/Editor/Mono/EditorApplication.cs:403)

(Filename: ./Library/PackageCache/com.unity.test-framework@1405238725ab/UnityEditor.TestRunner/TestRun/Tasks/BuildActionTaskBase.cs Line: 48)

Unloading 0 Unused Serialized files (Serialized files now loaded: 0)
Unloading 0 unused Assets / (0 B). Loaded Objects now: 10297.
Memory consumption went from 0.89 GB to 0.89 GB.
Total: 7.424541 ms (FindLiveObjects: 0.137292 ms CreateObjectMapping: 0.517917 ms MarkObjects: 6.762208 ms  DeleteObjects: 0.006542 ms)

Asset Pipeline Refresh (id=75009cb2f7c3c43689c70ed4b4d7b089): Total: 0.053 seconds - Initiated by StopAssetImportingV2(NoUpdateAssetOptions)
DisplayProgressbar: Undo
Test run completed. Exiting with code 2 (Failed). One or more tests failed.
UnityEngine.Debug:ExtractStackTraceNoAlloc (byte*,int,string)
UnityEngine.StackTraceUtility:ExtractStackTrace () (at /Users/bokken/build/output/unity/unity/Runtime/Export/Scripting/StackTrace.cs:35)
UnityEngine.DebugLogHandler:Internal_Log (UnityEngine.LogType,UnityEngine.LogOption,string,UnityEngine.Object)
UnityEngine.DebugLogHandler:LogFormat (UnityEngine.LogType,UnityEngine.Object,string,object[])
UnityEngine.Logger:Log (UnityEngine.LogType,object)
UnityEngine.Debug:Log (object)
UnityEditor.TestTools.TestRunner.CommandLineTest.Executer:ExitApplication (UnityEditor.TestTools.TestRunner.CommandLineTest.Executer/ReturnCodes,string) (at ./Library/PackageCache/com.unity.test-framework@1405238725ab/UnityEditor.TestRunner/CommandLineTest/Executer.cs:81)
UnityEditor.TestTools.TestRunner.CommandLineTest.Executer:ExitIfRunIsCompleted () (at ./Library/PackageCache/com.unity.test-framework@1405238725ab/UnityEditor.TestRunner/CommandLineTest/Executer.cs:74)
UnityEditor.EditorApplication:Internal_CallUpdateFunctions () (at /Users/bokken/build/output/unity/unity/Editor/Mono/EditorApplication.cs:403)

(Filename: ./Library/PackageCache/com.unity.test-framework@1405238725ab/UnityEditor.TestRunner/CommandLineTest/Executer.cs Line: 81)

MonoPathRemapper: Attempts to remap: 76428; Successful remaps: 24502
Serialized file version minimum: 22, current 23
Importing 'GUID: 00000000000000004000000000000000 - Path: ProjectSettings/ProjectSettings.asset' with importer (LibraryAssetImporter)
Imported 'GUID: 00000000000000004000000000000000' -> (Import Result ID: '9ad3f3e2301e5e615432b356fa3deb55') in 0.002 seconds [static dependencies only]. Details - ImportResultOutputID=276a810dac73e1f29404d5e5f692e214 DependenciesID=761d66b4aa0627967a6c3241cbf86e3b StaticDependenciesID=7cdae28cc0dc3a7edcfa253e7bfbec6d
Refreshing native plugins compatible for Editor in 2.12 ms, found 2 plugins.
Asset Pipeline Refresh (id=29f616193ee784ad6ad6afa9c5e9778e): Total: 0.041 seconds - Initiated by StopAssetImportingV2(NoUpdateAssetOptions)
Thread 0x16dfaf000 may have been prematurely finalized
Shutting down MSBuild server...
Shutting down VB/C# compiler server...
VB/C# compiler server shut down successfully.
Input System module state changed to: ShutdownInProgress.
Input Polling Thread exited.
Input System module state changed to: Shutdown.
TreeBatch_2_3_LOD0: Destroy may not be called from edit mode! Use DestroyImmediate instead.
Destroying an object in edit mode destroys it permanently
UnityEngine.Debug:ExtractStackTraceNoAlloc (byte*,int,string)
UnityEngine.StackTraceUtility:ExtractStackTrace () (at /Users/bokken/build/output/unity/unity/Runtime/Export/Scripting/StackTrace.cs:35)
UnityEngine.Object:Destroy (UnityEngine.Object,single)
UnityEngine.Object:Destroy (UnityEngine.Object) (at /Users/bokken/build/output/unity/unity/Runtime/Export/Scripting/UnityEngineObject.bindings.cs:707)
VoxelEngine.Rendering.Runtime.Vegetation.ProceduralTreeRenderer:DestroyBatchObjects (VoxelEngine.Rendering.Runtime.Vegetation.ProceduralTreeRenderer/BatchPresentation) (at Assets/VoxelEngine/Rendering/Runtime/Vegetation/ProceduralTreeRenderer.cs:1079)
VoxelEngine.Rendering.Runtime.Vegetation.ProceduralTreeRenderer:ClearBatches () (at Assets/VoxelEngine/Rendering/Runtime/Vegetation/ProceduralTreeRenderer.cs:1092)
VoxelEngine.Rendering.Runtime.Vegetation.ProceduralTreeRenderer:ClearGenerated () (at Assets/VoxelEngine/Rendering/Runtime/Vegetation/ProceduralTreeRenderer.cs:1106)
VoxelEngine.Rendering.Runtime.Vegetation.ProceduralTreeRenderer:OnDestroy () (at Assets/VoxelEngine/Rendering/Runtime/Vegetation/ProceduralTreeRenderer.cs:1115)
UnityEditor.TestTools.TestRunner.CommandLineTest.Executer:ExitApplication (UnityEditor.TestTools.TestRunner.CommandLineTest.Executer/ReturnCodes,string) (at ./Library/PackageCache/com.unity.test-framework@1405238725ab/UnityEditor.TestRunner/CommandLineTest/Executer.cs:83)
UnityEditor.TestTools.TestRunner.CommandLineTest.Executer:ExitIfRunIsCompleted () (at ./Library/PackageCache/com.unity.test-framework@1405238725ab/UnityEditor.TestRunner/CommandLineTest/Executer.cs:74)
UnityEditor.EditorApplication:Internal_CallUpdateFunctions () (at /Users/bokken/build/output/unity/unity/Editor/Mono/EditorApplication.cs:403)

[Assets/VoxelEngine/Rendering/Runtime/Vegetation/ProceduralTreeRenderer.cs line 1079]

TreeBatch_2_3_LOD1: Destroy may not be called from edit mode! Use DestroyImmediate instead.
Destroying an object in edit mode destroys it permanently
UnityEngine.Debug:ExtractStackTraceNoAlloc (byte*,int,string)
UnityEngine.StackTraceUtility:ExtractStackTrace () (at /Users/bokken/build/output/unity/unity/Runtime/Export/Scripting/StackTrace.cs:35)
UnityEngine.Object:Destroy (UnityEngine.Object,single)
UnityEngine.Object:Destroy (UnityEngine.Object) (at /Users/bokken/build/output/unity/unity/Runtime/Export/Scripting/UnityEngineObject.bindings.cs:707)
VoxelEngine.Rendering.Runtime.Vegetation.ProceduralTreeRenderer:DestroyBatchObjects (VoxelEngine.Rendering.Runtime.Vegetation.ProceduralTreeRenderer/BatchPresentation) (at Assets/VoxelEngine/Rendering/Runtime/Vegetation/ProceduralTreeRenderer.cs:1079)
VoxelEngine.Rendering.Runtime.Vegetation.ProceduralTreeRenderer:ClearBatches () (at Assets/VoxelEngine/Rendering/Runtime/Vegetation/ProceduralTreeRenderer.cs:1092)
VoxelEngine.Rendering.Runtime.Vegetation.ProceduralTreeRenderer:ClearGenerated () (at Assets/VoxelEngine/Rendering/Runtime/Vegetation/ProceduralTreeRenderer.cs:1106)
VoxelEngine.Rendering.Runtime.Vegetation.ProceduralTreeRenderer:OnDestroy () (at Assets/VoxelEngine/Rendering/Runtime/Vegetation/ProceduralTreeRenderer.cs:1115)
UnityEditor.TestTools.TestRunner.CommandLineTest.Executer:ExitApplication (UnityEditor.TestTools.TestRunner.CommandLineTest.Executer/ReturnCodes,string) (at ./Library/PackageCache/com.unity.test-framework@1405238725ab/UnityEditor.TestRunner/CommandLineTest/Executer.cs:83)
UnityEditor.TestTools.TestRunner.CommandLineTest.Executer:ExitIfRunIsCompleted () (at ./Library/PackageCache/com.unity.test-framework@1405238725ab/UnityEditor.TestRunner/CommandLineTest/Executer.cs:74)
UnityEditor.EditorApplication:Internal_CallUpdateFunctions () (at /Users/bokken/build/output/unity/unity/Editor/Mono/EditorApplication.cs:403)

[Assets/VoxelEngine/Rendering/Runtime/Vegetation/ProceduralTreeRenderer.cs line 1079]

TreeBatch_2_3_LOD2: Destroy may not be called from edit mode! Use DestroyImmediate instead.
Destroying an object in edit mode destroys it permanently
UnityEngine.Debug:ExtractStackTraceNoAlloc (byte*,int,string)
UnityEngine.StackTraceUtility:ExtractStackTrace () (at /Users/bokken/build/output/unity/unity/Runtime/Export/Scripting/StackTrace.cs:35)
UnityEngine.Object:Destroy (UnityEngine.Object,single)
UnityEngine.Object:Destroy (UnityEngine.Object) (at /Users/bokken/build/output/unity/unity/Runtime/Export/Scripting/UnityEngineObject.bindings.cs:707)
VoxelEngine.Rendering.Runtime.Vegetation.ProceduralTreeRenderer:DestroyBatchObjects (VoxelEngine.Rendering.Runtime.Vegetation.ProceduralTreeRenderer/BatchPresentation) (at Assets/VoxelEngine/Rendering/Runtime/Vegetation/ProceduralTreeRenderer.cs:1079)
VoxelEngine.Rendering.Runtime.Vegetation.ProceduralTreeRenderer:ClearBatches () (at Assets/VoxelEngine/Rendering/Runtime/Vegetation/ProceduralTreeRenderer.cs:1092)
VoxelEngine.Rendering.Runtime.Vegetation.ProceduralTreeRenderer:ClearGenerated () (at Assets/VoxelEngine/Rendering/Runtime/Vegetation/ProceduralTreeRenderer.cs:1106)
VoxelEngine.Rendering.Runtime.Vegetation.ProceduralTreeRenderer:OnDestroy () (at Assets/VoxelEngine/Rendering/Runtime/Vegetation/ProceduralTreeRenderer.cs:1115)
UnityEditor.TestTools.TestRunner.CommandLineTest.Executer:ExitApplication (UnityEditor.TestTools.TestRunner.CommandLineTest.Executer/ReturnCodes,string) (at ./Library/PackageCache/com.unity.test-framework@1405238725ab/UnityEditor.TestRunner/CommandLineTest/Executer.cs:83)
UnityEditor.TestTools.TestRunner.CommandLineTest.Executer:ExitIfRunIsCompleted () (at ./Library/PackageCache/com.unity.test-framework@1405238725ab/UnityEditor.TestRunner/CommandLineTest/Executer.cs:74)
UnityEditor.EditorApplication:Internal_CallUpdateFunctions () (at /Users/bokken/build/output/unity/unity/Editor/Mono/EditorApplication.cs:403)

[Assets/VoxelEngine/Rendering/Runtime/Vegetation/ProceduralTreeRenderer.cs line 1079]

TreeBatch_2_3_LOD3: Destroy may not be called from edit mode! Use DestroyImmediate instead.
Destroying an object in edit mode destroys it permanently
UnityEngine.Debug:ExtractStackTraceNoAlloc (byte*,int,string)
UnityEngine.StackTraceUtility:ExtractStackTrace () (at /Users/bokken/build/output/unity/unity/Runtime/Export/Scripting/StackTrace.cs:35)
UnityEngine.Object:Destroy (UnityEngine.Object,single)
UnityEngine.Object:Destroy (UnityEngine.Object) (at /Users/bokken/build/output/unity/unity/Runtime/Export/Scripting/UnityEngineObject.bindings.cs:707)
VoxelEngine.Rendering.Runtime.Vegetation.ProceduralTreeRenderer:DestroyBatchObjects (VoxelEngine.Rendering.Runtime.Vegetation.ProceduralTreeRenderer/BatchPresentation) (at Assets/VoxelEngine/Rendering/Runtime/Vegetation/ProceduralTreeRenderer.cs:1081)
VoxelEngine.Rendering.Runtime.Vegetation.ProceduralTreeRenderer:ClearBatches () (at Assets/VoxelEngine/Rendering/Runtime/Vegetation/ProceduralTreeRenderer.cs:1092)
VoxelEngine.Rendering.Runtime.Vegetation.ProceduralTreeRenderer:ClearGenerated () (at Assets/VoxelEngine/Rendering/Runtime/Vegetation/ProceduralTreeRenderer.cs:1106)
VoxelEngine.Rendering.Runtime.Vegetation.ProceduralTreeRenderer:OnDestroy () (at Assets/VoxelEngine/Rendering/Runtime/Vegetation/ProceduralTreeRenderer.cs:1115)
UnityEditor.TestTools.TestRunner.CommandLineTest.Executer:ExitApplication (UnityEditor.TestTools.TestRunner.CommandLineTest.Executer/ReturnCodes,string) (at ./Library/PackageCache/com.unity.test-framework@1405238725ab/UnityEditor.TestRunner/CommandLineTest/Executer.cs:83)
UnityEditor.TestTools.TestRunner.CommandLineTest.Executer:ExitIfRunIsCompleted () (at ./Library/PackageCache/com.unity.test-framework@1405238725ab/UnityEditor.TestRunner/CommandLineTest/Executer.cs:74)
UnityEditor.EditorApplication:Internal_CallUpdateFunctions () (at /Users/bokken/build/output/unity/unity/Editor/Mono/EditorApplication.cs:403)

[Assets/VoxelEngine/Rendering/Runtime/Vegetation/ProceduralTreeRenderer.cs line 1081]

Tree Batch 2,3: Destroy may not be called from edit mode! Use DestroyImmediate instead.
Destroying an object in edit mode destroys it permanently
UnityEngine.Debug:ExtractStackTraceNoAlloc (byte*,int,string)
UnityEngine.StackTraceUtility:ExtractStackTrace () (at /Users/bokken/build/output/unity/unity/Runtime/Export/Scripting/StackTrace.cs:35)
UnityEngine.Object:Destroy (UnityEngine.Object,single)
UnityEngine.Object:Destroy (UnityEngine.Object) (at /Users/bokken/build/output/unity/unity/Runtime/Export/Scripting/UnityEngineObject.bindings.cs:707)
VoxelEngine.Rendering.Runtime.Vegetation.ProceduralTreeRenderer:DestroyBatchObjects (VoxelEngine.Rendering.Runtime.Vegetation.ProceduralTreeRenderer/BatchPresentation) (at Assets/VoxelEngine/Rendering/Runtime/Vegetation/ProceduralTreeRenderer.cs:1085)
VoxelEngine.Rendering.Runtime.Vegetation.ProceduralTreeRenderer:ClearBatches () (at Assets/VoxelEngine/Rendering/Runtime/Vegetation/ProceduralTreeRenderer.cs:1092)
VoxelEngine.Rendering.Runtime.Vegetation.ProceduralTreeRenderer:ClearGenerated () (at Assets/VoxelEngine/Rendering/Runtime/Vegetation/ProceduralTreeRenderer.cs:1106)
VoxelEngine.Rendering.Runtime.Vegetation.ProceduralTreeRenderer:OnDestroy () (at Assets/VoxelEngine/Rendering/Runtime/Vegetation/ProceduralTreeRenderer.cs:1115)
UnityEditor.TestTools.TestRunner.CommandLineTest.Executer:ExitApplication (UnityEditor.TestTools.TestRunner.CommandLineTest.Executer/ReturnCodes,string) (at ./Library/PackageCache/com.unity.test-framework@1405238725ab/UnityEditor.TestRunner/CommandLineTest/Executer.cs:83)
UnityEditor.TestTools.TestRunner.CommandLineTest.Executer:ExitIfRunIsCompleted () (at ./Library/PackageCache/com.unity.test-framework@1405238725ab/UnityEditor.TestRunner/CommandLineTest/Executer.cs:74)
UnityEditor.EditorApplication:Internal_CallUpdateFunctions () (at /Users/bokken/build/output/unity/unity/Editor/Mono/EditorApplication.cs:403)

[Assets/VoxelEngine/Rendering/Runtime/Vegetation/ProceduralTreeRenderer.cs line 1085]

TreeBatch_3_3_LOD0: Destroy may not be called from edit mode! Use DestroyImmediate instead.
Destroying an object in edit mode destroys it permanently
UnityEngine.Debug:ExtractStackTraceNoAlloc (byte*,int,string)
UnityEngine.StackTraceUtility:ExtractStackTrace () (at /Users/bokken/build/output/unity/unity/Runtime/Export/Scripting/StackTrace.cs:35)
UnityEngine.Object:Destroy (UnityEngine.Object,single)
UnityEngine.Object:Destroy (UnityEngine.Object) (at /Users/bokken/build/output/unity/unity/Runtime/Export/Scripting/UnityEngineObject.bindings.cs:707)
VoxelEngine.Rendering.Runtime.Vegetation.ProceduralTreeRenderer:DestroyBatchObjects (VoxelEngine.Rendering.Runtime.Vegetation.ProceduralTreeRenderer/BatchPresentation) (at Assets/VoxelEngine/Rendering/Runtime/Vegetation/ProceduralTreeRenderer.cs:1079)
VoxelEngine.Rendering.Runtime.Vegetation.ProceduralTreeRenderer:ClearBatches () (at Assets/VoxelEngine/Rendering/Runtime/Vegetation/ProceduralTreeRenderer.cs:1092)
VoxelEngine.Rendering.Runtime.Vegetation.ProceduralTreeRenderer:ClearGenerated () (at Assets/VoxelEngine/Rendering/Runtime/Vegetation/ProceduralTreeRenderer.cs:1106)
VoxelEngine.Rendering.Runtime.Vegetation.ProceduralTreeRenderer:OnDestroy () (at Assets/VoxelEngine/Rendering/Runtime/Vegetation/ProceduralTreeRenderer.cs:1115)
UnityEditor.TestTools.TestRunner.CommandLineTest.Executer:ExitApplication (UnityEditor.TestTools.TestRunner.CommandLineTest.Executer/ReturnCodes,string) (at ./Library/PackageCache/com.unity.test-framework@1405238725ab/UnityEditor.TestRunner/CommandLineTest/Executer.cs:83)
UnityEditor.TestTools.TestRunner.CommandLineTest.Executer:ExitIfRunIsCompleted () (at ./Library/PackageCache/com.unity.test-framework@1405238725ab/UnityEditor.TestRunner/CommandLineTest/Executer.cs:74)
UnityEditor.EditorApplication:Internal_CallUpdateFunctions () (at /Users/bokken/build/output/unity/unity/Editor/Mono/EditorApplication.cs:403)

[Assets/VoxelEngine/Rendering/Runtime/Vegetation/ProceduralTreeRenderer.cs line 1079]

TreeBatch_3_3_LOD1: Destroy may not be called from edit mode! Use DestroyImmediate instead.
Destroying an object in edit mode destroys it permanently
UnityEngine.Debug:ExtractStackTraceNoAlloc (byte*,int,string)
UnityEngine.StackTraceUtility:ExtractStackTrace () (at /Users/bokken/build/output/unity/unity/Runtime/Export/Scripting/StackTrace.cs:35)
UnityEngine.Object:Destroy (UnityEngine.Object,single)
UnityEngine.Object:Destroy (UnityEngine.Object) (at /Users/bokken/build/output/unity/unity/Runtime/Export/Scripting/UnityEngineObject.bindings.cs:707)
VoxelEngine.Rendering.Runtime.Vegetation.ProceduralTreeRenderer:DestroyBatchObjects (VoxelEngine.Rendering.Runtime.Vegetation.ProceduralTreeRenderer/BatchPresentation) (at Assets/VoxelEngine/Rendering/Runtime/Vegetation/ProceduralTreeRenderer.cs:1079)
VoxelEngine.Rendering.Runtime.Vegetation.ProceduralTreeRenderer:ClearBatches () (at Assets/VoxelEngine/Rendering/Runtime/Vegetation/ProceduralTreeRenderer.cs:1092)
VoxelEngine.Rendering.Runtime.Vegetation.ProceduralTreeRenderer:ClearGenerated () (at Assets/VoxelEngine/Rendering/Runtime/Vegetation/ProceduralTreeRenderer.cs:1106)
VoxelEngine.Rendering.Runtime.Vegetation.ProceduralTreeRenderer:OnDestroy () (at Assets/VoxelEngine/Rendering/Runtime/Vegetation/ProceduralTreeRenderer.cs:1115)
UnityEditor.TestTools.TestRunner.CommandLineTest.Executer:ExitApplication (UnityEditor.TestTools.TestRunner.CommandLineTest.Executer/ReturnCodes,string) (at ./Library/PackageCache/com.unity.test-framework@1405238725ab/UnityEditor.TestRunner/CommandLineTest/Executer.cs:83)
UnityEditor.TestTools.TestRunner.CommandLineTest.Executer:ExitIfRunIsCompleted () (at ./Library/PackageCache/com.unity.test-framework@1405238725ab/UnityEditor.TestRunner/CommandLineTest/Executer.cs:74)
UnityEditor.EditorApplication:Internal_CallUpdateFunctions () (at /Users/bokken/build/output/unity/unity/Editor/Mono/EditorApplication.cs:403)

[Assets/VoxelEngine/Rendering/Runtime/Vegetation/ProceduralTreeRenderer.cs line 1079]

TreeBatch_3_3_LOD2: Destroy may not be called from edit mode! Use DestroyImmediate instead.
Destroying an object in edit mode destroys it permanently
UnityEngine.Debug:ExtractStackTraceNoAlloc (byte*,int,string)
UnityEngine.StackTraceUtility:ExtractStackTrace () (at /Users/bokken/build/output/unity/unity/Runtime/Export/Scripting/StackTrace.cs:35)
UnityEngine.Object:Destroy (UnityEngine.Object,single)
UnityEngine.Object:Destroy (UnityEngine.Object) (at /Users/bokken/build/output/unity/unity/Runtime/Export/Scripting/UnityEngineObject.bindings.cs:707)
VoxelEngine.Rendering.Runtime.Vegetation.ProceduralTreeRenderer:DestroyBatchObjects (VoxelEngine.Rendering.Runtime.Vegetation.ProceduralTreeRenderer/BatchPresentation) (at Assets/VoxelEngine/Rendering/Runtime/Vegetation/ProceduralTreeRenderer.cs:1079)
VoxelEngine.Rendering.Runtime.Vegetation.ProceduralTreeRenderer:ClearBatches () (at Assets/VoxelEngine/Rendering/Runtime/Vegetation/ProceduralTreeRenderer.cs:1092)
VoxelEngine.Rendering.Runtime.Vegetation.ProceduralTreeRenderer:ClearGenerated () (at Assets/VoxelEngine/Rendering/Runtime/Vegetation/ProceduralTreeRenderer.cs:1106)
VoxelEngine.Rendering.Runtime.Vegetation.ProceduralTreeRenderer:OnDestroy () (at Assets/VoxelEngine/Rendering/Runtime/Vegetation/ProceduralTreeRenderer.cs:1115)
UnityEditor.TestTools.TestRunner.CommandLineTest.Executer:ExitApplication (UnityEditor.TestTools.TestRunner.CommandLineTest.Executer/ReturnCodes,string) (at ./Library/PackageCache/com.unity.test-framework@1405238725ab/UnityEditor.TestRunner/CommandLineTest/Executer.cs:83)
UnityEditor.TestTools.TestRunner.CommandLineTest.Executer:ExitIfRunIsCompleted () (at ./Library/PackageCache/com.unity.test-framework@1405238725ab/UnityEditor.TestRunner/CommandLineTest/Executer.cs:74)
UnityEditor.EditorApplication:Internal_CallUpdateFunctions () (at /Users/bokken/build/output/unity/unity/Editor/Mono/EditorApplication.cs:403)

[Assets/VoxelEngine/Rendering/Runtime/Vegetation/ProceduralTreeRenderer.cs line 1079]

TreeBatch_3_3_LOD3: Destroy may not be called from edit mode! Use DestroyImmediate instead.
Destroying an object in edit mode destroys it permanently
UnityEngine.Debug:ExtractStackTraceNoAlloc (byte*,int,string)
UnityEngine.StackTraceUtility:ExtractStackTrace () (at /Users/bokken/build/output/unity/unity/Runtime/Export/Scripting/StackTrace.cs:35)
UnityEngine.Object:Destroy (UnityEngine.Object,single)
UnityEngine.Object:Destroy (UnityEngine.Object) (at /Users/bokken/build/output/unity/unity/Runtime/Export/Scripting/UnityEngineObject.bindings.cs:707)
VoxelEngine.Rendering.Runtime.Vegetation.ProceduralTreeRenderer:DestroyBatchObjects (VoxelEngine.Rendering.Runtime.Vegetation.ProceduralTreeRenderer/BatchPresentation) (at Assets/VoxelEngine/Rendering/Runtime/Vegetation/ProceduralTreeRenderer.cs:1081)
VoxelEngine.Rendering.Runtime.Vegetation.ProceduralTreeRenderer:ClearBatches () (at Assets/VoxelEngine/Rendering/Runtime/Vegetation/ProceduralTreeRenderer.cs:1092)
VoxelEngine.Rendering.Runtime.Vegetation.ProceduralTreeRenderer:ClearGenerated () (at Assets/VoxelEngine/Rendering/Runtime/Vegetation/ProceduralTreeRenderer.cs:1106)
VoxelEngine.Rendering.Runtime.Vegetation.ProceduralTreeRenderer:OnDestroy () (at Assets/VoxelEngine/Rendering/Runtime/Vegetation/ProceduralTreeRenderer.cs:1115)
UnityEditor.TestTools.TestRunner.CommandLineTest.Executer:ExitApplication (UnityEditor.TestTools.TestRunner.CommandLineTest.Executer/ReturnCodes,string) (at ./Library/PackageCache/com.unity.test-framework@1405238725ab/UnityEditor.TestRunner/CommandLineTest/Executer.cs:83)
UnityEditor.TestTools.TestRunner.CommandLineTest.Executer:ExitIfRunIsCompleted () (at ./Library/PackageCache/com.unity.test-framework@1405238725ab/UnityEditor.TestRunner/CommandLineTest/Executer.cs:74)
UnityEditor.EditorApplication:Internal_CallUpdateFunctions () (at /Users/bokken/build/output/unity/unity/Editor/Mono/EditorApplication.cs:403)

[Assets/VoxelEngine/Rendering/Runtime/Vegetation/ProceduralTreeRenderer.cs line 1081]

Tree Batch 3,3: Destroy may not be called from edit mode! Use DestroyImmediate instead.
Destroying an object in edit mode destroys it permanently
UnityEngine.Debug:ExtractStackTraceNoAlloc (byte*,int,string)
UnityEngine.StackTraceUtility:ExtractStackTrace () (at /Users/bokken/build/output/unity/unity/Runtime/Export/Scripting/StackTrace.cs:35)
UnityEngine.Object:Destroy (UnityEngine.Object,single)
UnityEngine.Object:Destroy (UnityEngine.Object) (at /Users/bokken/build/output/unity/unity/Runtime/Export/Scripting/UnityEngineObject.bindings.cs:707)
VoxelEngine.Rendering.Runtime.Vegetation.ProceduralTreeRenderer:DestroyBatchObjects (VoxelEngine.Rendering.Runtime.Vegetation.ProceduralTreeRenderer/BatchPresentation) (at Assets/VoxelEngine/Rendering/Runtime/Vegetation/ProceduralTreeRenderer.cs:1085)
VoxelEngine.Rendering.Runtime.Vegetation.ProceduralTreeRenderer:ClearBatches () (at Assets/VoxelEngine/Rendering/Runtime/Vegetation/ProceduralTreeRenderer.cs:1092)
VoxelEngine.Rendering.Runtime.Vegetation.ProceduralTreeRenderer:ClearGenerated () (at Assets/VoxelEngine/Rendering/Runtime/Vegetation/ProceduralTreeRenderer.cs:1106)
VoxelEngine.Rendering.Runtime.Vegetation.ProceduralTreeRenderer:OnDestroy () (at Assets/VoxelEngine/Rendering/Runtime/Vegetation/ProceduralTreeRenderer.cs:1115)
UnityEditor.TestTools.TestRunner.CommandLineTest.Executer:ExitApplication (UnityEditor.TestTools.TestRunner.CommandLineTest.Executer/ReturnCodes,string) (at ./Library/PackageCache/com.unity.test-framework@1405238725ab/UnityEditor.TestRunner/CommandLineTest/Executer.cs:83)
UnityEditor.TestTools.TestRunner.CommandLineTest.Executer:ExitIfRunIsCompleted () (at ./Library/PackageCache/com.unity.test-framework@1405238725ab/UnityEditor.TestRunner/CommandLineTest/Executer.cs:74)
UnityEditor.EditorApplication:Internal_CallUpdateFunctions () (at /Users/bokken/build/output/unity/unity/Editor/Mono/EditorApplication.cs:403)

[Assets/VoxelEngine/Rendering/Runtime/Vegetation/ProceduralTreeRenderer.cs line 1085]

TreeBatch_4_3_LOD0: Destroy may not be called from edit mode! Use DestroyImmediate instead.
Destroying an object in edit mode destroys it permanently
UnityEngine.Debug:ExtractStackTraceNoAlloc (byte*,int,string)
UnityEngine.StackTraceUtility:ExtractStackTrace () (at /Users/bokken/build/output/unity/unity/Runtime/Export/Scripting/StackTrace.cs:35)
UnityEngine.Object:Destroy (UnityEngine.Object,single)
UnityEngine.Object:Destroy (UnityEngine.Object) (at /Users/bokken/build/output/unity/unity/Runtime/Export/Scripting/UnityEngineObject.bindings.cs:707)
VoxelEngine.Rendering.Runtime.Vegetation.ProceduralTreeRenderer:DestroyBatchObjects (VoxelEngine.Rendering.Runtime.Vegetation.ProceduralTreeRenderer/BatchPresentation) (at Assets/VoxelEngine/Rendering/Runtime/Vegetation/ProceduralTreeRenderer.cs:1079)
VoxelEngine.Rendering.Runtime.Vegetation.ProceduralTreeRenderer:ClearBatches () (at Assets/VoxelEngine/Rendering/Runtime/Vegetation/ProceduralTreeRenderer.cs:1092)
VoxelEngine.Rendering.Runtime.Vegetation.ProceduralTreeRenderer:ClearGenerated () (at Assets/VoxelEngine/Rendering/Runtime/Vegetation/ProceduralTreeRenderer.cs:1106)
VoxelEngine.Rendering.Runtime.Vegetation.ProceduralTreeRenderer:OnDestroy () (at Assets/VoxelEngine/Rendering/Runtime/Vegetation/ProceduralTreeRenderer.cs:1115)
UnityEditor.TestTools.TestRunner.CommandLineTest.Executer:ExitApplication (UnityEditor.TestTools.TestRunner.CommandLineTest.Executer/ReturnCodes,string) (at ./Library/PackageCache/com.unity.test-framework@1405238725ab/UnityEditor.TestRunner/CommandLineTest/Executer.cs:83)
UnityEditor.TestTools.TestRunner.CommandLineTest.Executer:ExitIfRunIsCompleted () (at ./Library/PackageCache/com.unity.test-framework@1405238725ab/UnityEditor.TestRunner/CommandLineTest/Executer.cs:74)
UnityEditor.EditorApplication:Internal_CallUpdateFunctions () (at /Users/bokken/build/output/unity/unity/Editor/Mono/EditorApplication.cs:403)

[Assets/VoxelEngine/Rendering/Runtime/Vegetation/ProceduralTreeRenderer.cs line 1079]

TreeBatch_4_3_LOD1: Destroy may not be called from edit mode! Use DestroyImmediate instead.
Destroying an object in edit mode destroys it permanently
UnityEngine.Debug:ExtractStackTraceNoAlloc (byte*,int,string)
UnityEngine.StackTraceUtility:ExtractStackTrace () (at /Users/bokken/build/output/unity/unity/Runtime/Export/Scripting/StackTrace.cs:35)
UnityEngine.Object:Destroy (UnityEngine.Object,single)
UnityEngine.Object:Destroy (UnityEngine.Object) (at /Users/bokken/build/output/unity/unity/Runtime/Export/Scripting/UnityEngineObject.bindings.cs:707)
VoxelEngine.Rendering.Runtime.Vegetation.ProceduralTreeRenderer:DestroyBatchObjects (VoxelEngine.Rendering.Runtime.Vegetation.ProceduralTreeRenderer/BatchPresentation) (at Assets/VoxelEngine/Rendering/Runtime/Vegetation/ProceduralTreeRenderer.cs:1079)
VoxelEngine.Rendering.Runtime.Vegetation.ProceduralTreeRenderer:ClearBatches () (at Assets/VoxelEngine/Rendering/Runtime/Vegetation/ProceduralTreeRenderer.cs:1092)
VoxelEngine.Rendering.Runtime.Vegetation.ProceduralTreeRenderer:ClearGenerated () (at Assets/VoxelEngine/Rendering/Runtime/Vegetation/ProceduralTreeRenderer.cs:1106)
VoxelEngine.Rendering.Runtime.Vegetation.ProceduralTreeRenderer:OnDestroy () (at Assets/VoxelEngine/Rendering/Runtime/Vegetation/ProceduralTreeRenderer.cs:1115)
UnityEditor.TestTools.TestRunner.CommandLineTest.Executer:ExitApplication (UnityEditor.TestTools.TestRunner.CommandLineTest.Executer/ReturnCodes,string) (at ./Library/PackageCache/com.unity.test-framework@1405238725ab/UnityEditor.TestRunner/CommandLineTest/Executer.cs:83)
UnityEditor.TestTools.TestRunner.CommandLineTest.Executer:ExitIfRunIsCompleted () (at ./Library/PackageCache/com.unity.test-framework@1405238725ab/UnityEditor.TestRunner/CommandLineTest/Executer.cs:74)
UnityEditor.EditorApplication:Internal_CallUpdateFunctions () (at /Users/bokken/build/output/unity/unity/Editor/Mono/EditorApplication.cs:403)

[Assets/VoxelEngine/Rendering/Runtime/Vegetation/ProceduralTreeRenderer.cs line 1079]

TreeBatch_4_3_LOD2: Destroy may not be called from edit mode! Use DestroyImmediate instead.
Destroying an object in edit mode destroys it permanently
UnityEngine.Debug:ExtractStackTraceNoAlloc (byte*,int,string)
UnityEngine.StackTraceUtility:ExtractStackTrace () (at /Users/bokken/build/output/unity/unity/Runtime/Export/Scripting/StackTrace.cs:35)
UnityEngine.Object:Destroy (UnityEngine.Object,single)
UnityEngine.Object:Destroy (UnityEngine.Object) (at /Users/bokken/build/output/unity/unity/Runtime/Export/Scripting/UnityEngineObject.bindings.cs:707)
VoxelEngine.Rendering.Runtime.Vegetation.ProceduralTreeRenderer:DestroyBatchObjects (VoxelEngine.Rendering.Runtime.Vegetation.ProceduralTreeRenderer/BatchPresentation) (at Assets/VoxelEngine/Rendering/Runtime/Vegetation/ProceduralTreeRenderer.cs:1079)
VoxelEngine.Rendering.Runtime.Vegetation.ProceduralTreeRenderer:ClearBatches () (at Assets/VoxelEngine/Rendering/Runtime/Vegetation/ProceduralTreeRenderer.cs:1092)
VoxelEngine.Rendering.Runtime.Vegetation.ProceduralTreeRenderer:ClearGenerated () (at Assets/VoxelEngine/Rendering/Runtime/Vegetation/ProceduralTreeRenderer.cs:1106)
VoxelEngine.Rendering.Runtime.Vegetation.ProceduralTreeRenderer:OnDestroy () (at Assets/VoxelEngine/Rendering/Runtime/Vegetation/ProceduralTreeRenderer.cs:1115)
UnityEditor.TestTools.TestRunner.CommandLineTest.Executer:ExitApplication (UnityEditor.TestTools.TestRunner.CommandLineTest.Executer/ReturnCodes,string) (at ./Library/PackageCache/com.unity.test-framework@1405238725ab/UnityEditor.TestRunner/CommandLineTest/Executer.cs:83)
UnityEditor.TestTools.TestRunner.CommandLineTest.Executer:ExitIfRunIsCompleted () (at ./Library/PackageCache/com.unity.test-framework@1405238725ab/UnityEditor.TestRunner/CommandLineTest/Executer.cs:74)
UnityEditor.EditorApplication:Internal_CallUpdateFunctions () (at /Users/bokken/build/output/unity/unity/Editor/Mono/EditorApplication.cs:403)

[Assets/VoxelEngine/Rendering/Runtime/Vegetation/ProceduralTreeRenderer.cs line 1079]

TreeBatch_4_3_LOD3: Destroy may not be called from edit mode! Use DestroyImmediate instead.
Destroying an object in edit mode destroys it permanently
UnityEngine.Debug:ExtractStackTraceNoAlloc (byte*,int,string)
UnityEngine.StackTraceUtility:ExtractStackTrace () (at /Users/bokken/build/output/unity/unity/Runtime/Export/Scripting/StackTrace.cs:35)
UnityEngine.Object:Destroy (UnityEngine.Object,single)
UnityEngine.Object:Destroy (UnityEngine.Object) (at /Users/bokken/build/output/unity/unity/Runtime/Export/Scripting/UnityEngineObject.bindings.cs:707)
VoxelEngine.Rendering.Runtime.Vegetation.ProceduralTreeRenderer:DestroyBatchObjects (VoxelEngine.Rendering.Runtime.Vegetation.ProceduralTreeRenderer/BatchPresentation) (at Assets/VoxelEngine/Rendering/Runtime/Vegetation/ProceduralTreeRenderer.cs:1081)
VoxelEngine.Rendering.Runtime.Vegetation.ProceduralTreeRenderer:ClearBatches () (at Assets/VoxelEngine/Rendering/Runtime/Vegetation/ProceduralTreeRenderer.cs:1092)
VoxelEngine.Rendering.Runtime.Vegetation.ProceduralTreeRenderer:ClearGenerated () (at Assets/VoxelEngine/Rendering/Runtime/Vegetation/ProceduralTreeRenderer.cs:1106)
VoxelEngine.Rendering.Runtime.Vegetation.ProceduralTreeRenderer:OnDestroy () (at Assets/VoxelEngine/Rendering/Runtime/Vegetation/ProceduralTreeRenderer.cs:1115)
UnityEditor.TestTools.TestRunner.CommandLineTest.Executer:ExitApplication (UnityEditor.TestTools.TestRunner.CommandLineTest.Executer/ReturnCodes,string) (at ./Library/PackageCache/com.unity.test-framework@1405238725ab/UnityEditor.TestRunner/CommandLineTest/Executer.cs:83)
UnityEditor.TestTools.TestRunner.CommandLineTest.Executer:ExitIfRunIsCompleted () (at ./Library/PackageCache/com.unity.test-framework@1405238725ab/UnityEditor.TestRunner/CommandLineTest/Executer.cs:74)
UnityEditor.EditorApplication:Internal_CallUpdateFunctions () (at /Users/bokken/build/output/unity/unity/Editor/Mono/EditorApplication.cs:403)

[Assets/VoxelEngine/Rendering/Runtime/Vegetation/ProceduralTreeRenderer.cs line 1081]

Tree Batch 4,3: Destroy may not be called from edit mode! Use DestroyImmediate instead.
Destroying an object in edit mode destroys it permanently
UnityEngine.Debug:ExtractStackTraceNoAlloc (byte*,int,string)
UnityEngine.StackTraceUtility:ExtractStackTrace () (at /Users/bokken/build/output/unity/unity/Runtime/Export/Scripting/StackTrace.cs:35)
UnityEngine.Object:Destroy (UnityEngine.Object,single)
UnityEngine.Object:Destroy (UnityEngine.Object) (at /Users/bokken/build/output/unity/unity/Runtime/Export/Scripting/UnityEngineObject.bindings.cs:707)
VoxelEngine.Rendering.Runtime.Vegetation.ProceduralTreeRenderer:DestroyBatchObjects (VoxelEngine.Rendering.Runtime.Vegetation.ProceduralTreeRenderer/BatchPresentation) (at Assets/VoxelEngine/Rendering/Runtime/Vegetation/ProceduralTreeRenderer.cs:1085)
VoxelEngine.Rendering.Runtime.Vegetation.ProceduralTreeRenderer:ClearBatches () (at Assets/VoxelEngine/Rendering/Runtime/Vegetation/ProceduralTreeRenderer.cs:1092)
VoxelEngine.Rendering.Runtime.Vegetation.ProceduralTreeRenderer:ClearGenerated () (at Assets/VoxelEngine/Rendering/Runtime/Vegetation/ProceduralTreeRenderer.cs:1106)
VoxelEngine.Rendering.Runtime.Vegetation.ProceduralTreeRenderer:OnDestroy () (at Assets/VoxelEngine/Rendering/Runtime/Vegetation/ProceduralTreeRenderer.cs:1115)
UnityEditor.TestTools.TestRunner.CommandLineTest.Executer:ExitApplication (UnityEditor.TestTools.TestRunner.CommandLineTest.Executer/ReturnCodes,string) (at ./Library/PackageCache/com.unity.test-framework@1405238725ab/UnityEditor.TestRunner/CommandLineTest/Executer.cs:83)
UnityEditor.TestTools.TestRunner.CommandLineTest.Executer:ExitIfRunIsCompleted () (at ./Library/PackageCache/com.unity.test-framework@1405238725ab/UnityEditor.TestRunner/CommandLineTest/Executer.cs:74)
UnityEditor.EditorApplication:Internal_CallUpdateFunctions () (at /Users/bokken/build/output/unity/unity/Editor/Mono/EditorApplication.cs:403)

[Assets/VoxelEngine/Rendering/Runtime/Vegetation/ProceduralTreeRenderer.cs line 1085]

TreeBatch_1_4_LOD0: Destroy may not be called from edit mode! Use DestroyImmediate instead.
Destroying an object in edit mode destroys it permanently
UnityEngine.Debug:ExtractStackTraceNoAlloc (byte*,int,string)
UnityEngine.StackTraceUtility:ExtractStackTrace () (at /Users/bokken/build/output/unity/unity/Runtime/Export/Scripting/StackTrace.cs:35)
UnityEngine.Object:Destroy (UnityEngine.Object,single)
UnityEngine.Object:Destroy (UnityEngine.Object) (at /Users/bokken/build/output/unity/unity/Runtime/Export/Scripting/UnityEngineObject.bindings.cs:707)
VoxelEngine.Rendering.Runtime.Vegetation.ProceduralTreeRenderer:DestroyBatchObjects (VoxelEngine.Rendering.Runtime.Vegetation.ProceduralTreeRenderer/BatchPresentation) (at Assets/VoxelEngine/Rendering/Runtime/Vegetation/ProceduralTreeRenderer.cs:1079)
VoxelEngine.Rendering.Runtime.Vegetation.ProceduralTreeRenderer:ClearBatches () (at Assets/VoxelEngine/Rendering/Runtime/Vegetation/ProceduralTreeRenderer.cs:1092)
VoxelEngine.Rendering.Runtime.Vegetation.ProceduralTreeRenderer:ClearGenerated () (at Assets/VoxelEngine/Rendering/Runtime/Vegetation/ProceduralTreeRenderer.cs:1106)
VoxelEngine.Rendering.Runtime.Vegetation.ProceduralTreeRenderer:OnDestroy () (at Assets/VoxelEngine/Rendering/Runtime/Vegetation/ProceduralTreeRenderer.cs:1115)
UnityEditor.TestTools.TestRunner.CommandLineTest.Executer:ExitApplication (UnityEditor.TestTools.TestRunner.CommandLineTest.Executer/ReturnCodes,string) (at ./Library/PackageCache/com.unity.test-framework@1405238725ab/UnityEditor.TestRunner/CommandLineTest/Executer.cs:83)
UnityEditor.TestTools.TestRunner.CommandLineTest.Executer:ExitIfRunIsCompleted () (at ./Library/PackageCache/com.unity.test-framework@1405238725ab/UnityEditor.TestRunner/CommandLineTest/Executer.cs:74)
UnityEditor.EditorApplication:Internal_CallUpdateFunctions () (at /Users/bokken/build/output/unity/unity/Editor/Mono/EditorApplication.cs:403)

[Assets/VoxelEngine/Rendering/Runtime/Vegetation/ProceduralTreeRenderer.cs line 1079]

TreeBatch_1_4_LOD1: Destroy may not be called from edit mode! Use DestroyImmediate instead.
Destroying an object in edit mode destroys it permanently
UnityEngine.Debug:ExtractStackTraceNoAlloc (byte*,int,string)
UnityEngine.StackTraceUtility:ExtractStackTrace () (at /Users/bokken/build/output/unity/unity/Runtime/Export/Scripting/StackTrace.cs:35)
UnityEngine.Object:Destroy (UnityEngine.Object,single)
UnityEngine.Object:Destroy (UnityEngine.Object) (at /Users/bokken/build/output/unity/unity/Runtime/Export/Scripting/UnityEngineObject.bindings.cs:707)
VoxelEngine.Rendering.Runtime.Vegetation.ProceduralTreeRenderer:DestroyBatchObjects (VoxelEngine.Rendering.Runtime.Vegetation.ProceduralTreeRenderer/BatchPresentation) (at Assets/VoxelEngine/Rendering/Runtime/Vegetation/ProceduralTreeRenderer.cs:1079)
VoxelEngine.Rendering.Runtime.Vegetation.ProceduralTreeRenderer:ClearBatches () (at Assets/VoxelEngine/Rendering/Runtime/Vegetation/ProceduralTreeRenderer.cs:1092)
VoxelEngine.Rendering.Runtime.Vegetation.ProceduralTreeRenderer:ClearGenerated () (at Assets/VoxelEngine/Rendering/Runtime/Vegetation/ProceduralTreeRenderer.cs:1106)
VoxelEngine.Rendering.Runtime.Vegetation.ProceduralTreeRenderer:OnDestroy () (at Assets/VoxelEngine/Rendering/Runtime/Vegetation/ProceduralTreeRenderer.cs:1115)
UnityEditor.TestTools.TestRunner.CommandLineTest.Executer:ExitApplication (UnityEditor.TestTools.TestRunner.CommandLineTest.Executer/ReturnCodes,string) (at ./Library/PackageCache/com.unity.test-framework@1405238725ab/UnityEditor.TestRunner/CommandLineTest/Executer.cs:83)
UnityEditor.TestTools.TestRunner.CommandLineTest.Executer:ExitIfRunIsCompleted () (at ./Library/PackageCache/com.unity.test-framework@1405238725ab/UnityEditor.TestRunner/CommandLineTest/Executer.cs:74)
UnityEditor.EditorApplication:Internal_CallUpdateFunctions () (at /Users/bokken/build/output/unity/unity/Editor/Mono/EditorApplication.cs:403)

[Assets/VoxelEngine/Rendering/Runtime/Vegetation/ProceduralTreeRenderer.cs line 1079]

TreeBatch_1_4_LOD2: Destroy may not be called from edit mode! Use DestroyImmediate instead.
Destroying an object in edit mode destroys it permanently
UnityEngine.Debug:ExtractStackTraceNoAlloc (byte*,int,string)
UnityEngine.StackTraceUtility:ExtractStackTrace () (at /Users/bokken/build/output/unity/unity/Runtime/Export/Scripting/StackTrace.cs:35)
UnityEngine.Object:Destroy (UnityEngine.Object,single)
UnityEngine.Object:Destroy (UnityEngine.Object) (at /Users/bokken/build/output/unity/unity/Runtime/Export/Scripting/UnityEngineObject.bindings.cs:707)
VoxelEngine.Rendering.Runtime.Vegetation.ProceduralTreeRenderer:DestroyBatchObjects (VoxelEngine.Rendering.Runtime.Vegetation.ProceduralTreeRenderer/BatchPresentation) (at Assets/VoxelEngine/Rendering/Runtime/Vegetation/ProceduralTreeRenderer.cs:1079)
VoxelEngine.Rendering.Runtime.Vegetation.ProceduralTreeRenderer:ClearBatches () (at Assets/VoxelEngine/Rendering/Runtime/Vegetation/ProceduralTreeRenderer.cs:1092)
VoxelEngine.Rendering.Runtime.Vegetation.ProceduralTreeRenderer:ClearGenerated () (at Assets/VoxelEngine/Rendering/Runtime/Vegetation/ProceduralTreeRenderer.cs:1106)
VoxelEngine.Rendering.Runtime.Vegetation.ProceduralTreeRenderer:OnDestroy () (at Assets/VoxelEngine/Rendering/Runtime/Vegetation/ProceduralTreeRenderer.cs:1115)
UnityEditor.TestTools.TestRunner.CommandLineTest.Executer:ExitApplication (UnityEditor.TestTools.TestRunner.CommandLineTest.Executer/ReturnCodes,string) (at ./Library/PackageCache/com.unity.test-framework@1405238725ab/UnityEditor.TestRunner/CommandLineTest/Executer.cs:83)
UnityEditor.TestTools.TestRunner.CommandLineTest.Executer:ExitIfRunIsCompleted () (at ./Library/PackageCache/com.unity.test-framework@1405238725ab/UnityEditor.TestRunner/CommandLineTest/Executer.cs:74)
UnityEditor.EditorApplication:Internal_CallUpdateFunctions () (at /Users/bokken/build/output/unity/unity/Editor/Mono/EditorApplication.cs:403)

[Assets/VoxelEngine/Rendering/Runtime/Vegetation/ProceduralTreeRenderer.cs line 1079]

TreeBatch_1_4_LOD3: Destroy may not be called from edit mode! Use DestroyImmediate instead.
Destroying an object in edit mode destroys it permanently
UnityEngine.Debug:ExtractStackTraceNoAlloc (byte*,int,string)
UnityEngine.StackTraceUtility:ExtractStackTrace () (at /Users/bokken/build/output/unity/unity/Runtime/Export/Scripting/StackTrace.cs:35)
UnityEngine.Object:Destroy (UnityEngine.Object,single)
UnityEngine.Object:Destroy (UnityEngine.Object) (at /Users/bokken/build/output/unity/unity/Runtime/Export/Scripting/UnityEngineObject.bindings.cs:707)
VoxelEngine.Rendering.Runtime.Vegetation.ProceduralTreeRenderer:DestroyBatchObjects (VoxelEngine.Rendering.Runtime.Vegetation.ProceduralTreeRenderer/BatchPresentation) (at Assets/VoxelEngine/Rendering/Runtime/Vegetation/ProceduralTreeRenderer.cs:1081)
VoxelEngine.Rendering.Runtime.Vegetation.ProceduralTreeRenderer:ClearBatches () (at Assets/VoxelEngine/Rendering/Runtime/Vegetation/ProceduralTreeRenderer.cs:1092)
VoxelEngine.Rendering.Runtime.Vegetation.ProceduralTreeRenderer:ClearGenerated () (at Assets/VoxelEngine/Rendering/Runtime/Vegetation/ProceduralTreeRenderer.cs:1106)
VoxelEngine.Rendering.Runtime.Vegetation.ProceduralTreeRenderer:OnDestroy () (at Assets/VoxelEngine/Rendering/Runtime/Vegetation/ProceduralTreeRenderer.cs:1115)
UnityEditor.TestTools.TestRunner.CommandLineTest.Executer:ExitApplication (UnityEditor.TestTools.TestRunner.CommandLineTest.Executer/ReturnCodes,string) (at ./Library/PackageCache/com.unity.test-framework@1405238725ab/UnityEditor.TestRunner/CommandLineTest/Executer.cs:83)
UnityEditor.TestTools.TestRunner.CommandLineTest.Executer:ExitIfRunIsCompleted () (at ./Library/PackageCache/com.unity.test-framework@1405238725ab/UnityEditor.TestRunner/CommandLineTest/Executer.cs:74)
UnityEditor.EditorApplication:Internal_CallUpdateFunctions () (at /Users/bokken/build/output/unity/unity/Editor/Mono/EditorApplication.cs:403)

[Assets/VoxelEngine/Rendering/Runtime/Vegetation/ProceduralTreeRenderer.cs line 1081]

Tree Batch 1,4: Destroy may not be called from edit mode! Use DestroyImmediate instead.
Destroying an object in edit mode destroys it permanently
UnityEngine.Debug:ExtractStackTraceNoAlloc (byte*,int,string)
UnityEngine.StackTraceUtility:ExtractStackTrace () (at /Users/bokken/build/output/unity/unity/Runtime/Export/Scripting/StackTrace.cs:35)
UnityEngine.Object:Destroy (UnityEngine.Object,single)
UnityEngine.Object:Destroy (UnityEngine.Object) (at /Users/bokken/build/output/unity/unity/Runtime/Export/Scripting/UnityEngineObject.bindings.cs:707)
VoxelEngine.Rendering.Runtime.Vegetation.ProceduralTreeRenderer:DestroyBatchObjects (VoxelEngine.Rendering.Runtime.Vegetation.ProceduralTreeRenderer/BatchPresentation) (at Assets/VoxelEngine/Rendering/Runtime/Vegetation/ProceduralTreeRenderer.cs:1085)
VoxelEngine.Rendering.Runtime.Vegetation.ProceduralTreeRenderer:ClearBatches () (at Assets/VoxelEngine/Rendering/Runtime/Vegetation/ProceduralTreeRenderer.cs:1092)
VoxelEngine.Rendering.Runtime.Vegetation.ProceduralTreeRenderer:ClearGenerated () (at Assets/VoxelEngine/Rendering/Runtime/Vegetation/ProceduralTreeRenderer.cs:1106)
VoxelEngine.Rendering.Runtime.Vegetation.ProceduralTreeRenderer:OnDestroy () (at Assets/VoxelEngine/Rendering/Runtime/Vegetation/ProceduralTreeRenderer.cs:1115)
UnityEditor.TestTools.TestRunner.CommandLineTest.Executer:ExitApplication (UnityEditor.TestTools.TestRunner.CommandLineTest.Executer/ReturnCodes,string) (at ./Library/PackageCache/com.unity.test-framework@1405238725ab/UnityEditor.TestRunner/CommandLineTest/Executer.cs:83)
UnityEditor.TestTools.TestRunner.CommandLineTest.Executer:ExitIfRunIsCompleted () (at ./Library/PackageCache/com.unity.test-framework@1405238725ab/UnityEditor.TestRunner/CommandLineTest/Executer.cs:74)
UnityEditor.EditorApplication:Internal_CallUpdateFunctions () (at /Users/bokken/build/output/unity/unity/Editor/Mono/EditorApplication.cs:403)

[Assets/VoxelEngine/Rendering/Runtime/Vegetation/ProceduralTreeRenderer.cs line 1085]

TreeBatch_5_3_LOD0: Destroy may not be called from edit mode! Use DestroyImmediate instead.
Destroying an object in edit mode destroys it permanently
UnityEngine.Debug:ExtractStackTraceNoAlloc (byte*,int,string)
UnityEngine.StackTraceUtility:ExtractStackTrace () (at /Users/bokken/build/output/unity/unity/Runtime/Export/Scripting/StackTrace.cs:35)
UnityEngine.Object:Destroy (UnityEngine.Object,single)
UnityEngine.Object:Destroy (UnityEngine.Object) (at /Users/bokken/build/output/unity/unity/Runtime/Export/Scripting/UnityEngineObject.bindings.cs:707)
VoxelEngine.Rendering.Runtime.Vegetation.ProceduralTreeRenderer:DestroyBatchObjects (VoxelEngine.Rendering.Runtime.Vegetation.ProceduralTreeRenderer/BatchPresentation) (at Assets/VoxelEngine/Rendering/Runtime/Vegetation/ProceduralTreeRenderer.cs:1079)
VoxelEngine.Rendering.Runtime.Vegetation.ProceduralTreeRenderer:ClearBatches () (at Assets/VoxelEngine/Rendering/Runtime/Vegetation/ProceduralTreeRenderer.cs:1092)
VoxelEngine.Rendering.Runtime.Vegetation.ProceduralTreeRenderer:ClearGenerated () (at Assets/VoxelEngine/Rendering/Runtime/Vegetation/ProceduralTreeRenderer.cs:1106)
VoxelEngine.Rendering.Runtime.Vegetation.ProceduralTreeRenderer:OnDestroy () (at Assets/VoxelEngine/Rendering/Runtime/Vegetation/ProceduralTreeRenderer.cs:1115)
UnityEditor.TestTools.TestRunner.CommandLineTest.Executer:ExitApplication (UnityEditor.TestTools.TestRunner.CommandLineTest.Executer/ReturnCodes,string) (at ./Library/PackageCache/com.unity.test-framework@1405238725ab/UnityEditor.TestRunner/CommandLineTest/Executer.cs:83)
UnityEditor.TestTools.TestRunner.CommandLineTest.Executer:ExitIfRunIsCompleted () (at ./Library/PackageCache/com.unity.test-framework@1405238725ab/UnityEditor.TestRunner/CommandLineTest/Executer.cs:74)
UnityEditor.EditorApplication:Internal_CallUpdateFunctions () (at /Users/bokken/build/output/unity/unity/Editor/Mono/EditorApplication.cs:403)

[Assets/VoxelEngine/Rendering/Runtime/Vegetation/ProceduralTreeRenderer.cs line 1079]

TreeBatch_5_3_LOD1: Destroy may not be called from edit mode! Use DestroyImmediate instead.
Destroying an object in edit mode destroys it permanently
UnityEngine.Debug:ExtractStackTraceNoAlloc (byte*,int,string)
UnityEngine.StackTraceUtility:ExtractStackTrace () (at /Users/bokken/build/output/unity/unity/Runtime/Export/Scripting/StackTrace.cs:35)
UnityEngine.Object:Destroy (UnityEngine.Object,single)
UnityEngine.Object:Destroy (UnityEngine.Object) (at /Users/bokken/build/output/unity/unity/Runtime/Export/Scripting/UnityEngineObject.bindings.cs:707)
VoxelEngine.Rendering.Runtime.Vegetation.ProceduralTreeRenderer:DestroyBatchObjects (VoxelEngine.Rendering.Runtime.Vegetation.ProceduralTreeRenderer/BatchPresentation) (at Assets/VoxelEngine/Rendering/Runtime/Vegetation/ProceduralTreeRenderer.cs:1079)
VoxelEngine.Rendering.Runtime.Vegetation.ProceduralTreeRenderer:ClearBatches () (at Assets/VoxelEngine/Rendering/Runtime/Vegetation/ProceduralTreeRenderer.cs:1092)
VoxelEngine.Rendering.Runtime.Vegetation.ProceduralTreeRenderer:ClearGenerated () (at Assets/VoxelEngine/Rendering/Runtime/Vegetation/ProceduralTreeRenderer.cs:1106)
VoxelEngine.Rendering.Runtime.Vegetation.ProceduralTreeRenderer:OnDestroy () (at Assets/VoxelEngine/Rendering/Runtime/Vegetation/ProceduralTreeRenderer.cs:1115)
UnityEditor.TestTools.TestRunner.CommandLineTest.Executer:ExitApplication (UnityEditor.TestTools.TestRunner.CommandLineTest.Executer/ReturnCodes,string) (at ./Library/PackageCache/com.unity.test-framework@1405238725ab/UnityEditor.TestRunner/CommandLineTest/Executer.cs:83)
UnityEditor.TestTools.TestRunner.CommandLineTest.Executer:ExitIfRunIsCompleted () (at ./Library/PackageCache/com.unity.test-framework@1405238725ab/UnityEditor.TestRunner/CommandLineTest/Executer.cs:74)
UnityEditor.EditorApplication:Internal_CallUpdateFunctions () (at /Users/bokken/build/output/unity/unity/Editor/Mono/EditorApplication.cs:403)

[Assets/VoxelEngine/Rendering/Runtime/Vegetation/ProceduralTreeRenderer.cs line 1079]

TreeBatch_5_3_LOD2: Destroy may not be called from edit mode! Use DestroyImmediate instead.
Destroying an object in edit mode destroys it permanently
UnityEngine.Debug:ExtractStackTraceNoAlloc (byte*,int,string)
UnityEngine.StackTraceUtility:ExtractStackTrace () (at /Users/bokken/build/output/unity/unity/Runtime/Export/Scripting/StackTrace.cs:35)
UnityEngine.Object:Destroy (UnityEngine.Object,single)
UnityEngine.Object:Destroy (UnityEngine.Object) (at /Users/bokken/build/output/unity/unity/Runtime/Export/Scripting/UnityEngineObject.bindings.cs:707)
VoxelEngine.Rendering.Runtime.Vegetation.ProceduralTreeRenderer:DestroyBatchObjects (VoxelEngine.Rendering.Runtime.Vegetation.ProceduralTreeRenderer/BatchPresentation) (at Assets/VoxelEngine/Rendering/Runtime/Vegetation/ProceduralTreeRenderer.cs:1079)
VoxelEngine.Rendering.Runtime.Vegetation.ProceduralTreeRenderer:ClearBatches () (at Assets/VoxelEngine/Rendering/Runtime/Vegetation/ProceduralTreeRenderer.cs:1092)
VoxelEngine.Rendering.Runtime.Vegetation.ProceduralTreeRenderer:ClearGenerated () (at Assets/VoxelEngine/Rendering/Runtime/Vegetation/ProceduralTreeRenderer.cs:1106)
VoxelEngine.Rendering.Runtime.Vegetation.ProceduralTreeRenderer:OnDestroy () (at Assets/VoxelEngine/Rendering/Runtime/Vegetation/ProceduralTreeRenderer.cs:1115)
UnityEditor.TestTools.TestRunner.CommandLineTest.Executer:ExitApplication (UnityEditor.TestTools.TestRunner.CommandLineTest.Executer/ReturnCodes,string) (at ./Library/PackageCache/com.unity.test-framework@1405238725ab/UnityEditor.TestRunner/CommandLineTest/Executer.cs:83)
UnityEditor.TestTools.TestRunner.CommandLineTest.Executer:ExitIfRunIsCompleted () (at ./Library/PackageCache/com.unity.test-framework@1405238725ab/UnityEditor.TestRunner/CommandLineTest/Executer.cs:74)
UnityEditor.EditorApplication:Internal_CallUpdateFunctions () (at /Users/bokken/build/output/unity/unity/Editor/Mono/EditorApplication.cs:403)

[Assets/VoxelEngine/Rendering/Runtime/Vegetation/ProceduralTreeRenderer.cs line 1079]

TreeBatch_5_3_LOD3: Destroy may not be called from edit mode! Use DestroyImmediate instead.
Destroying an object in edit mode destroys it permanently
UnityEngine.Debug:ExtractStackTraceNoAlloc (byte*,int,string)
UnityEngine.StackTraceUtility:ExtractStackTrace () (at /Users/bokken/build/output/unity/unity/Runtime/Export/Scripting/StackTrace.cs:35)
UnityEngine.Object:Destroy (UnityEngine.Object,single)
UnityEngine.Object:Destroy (UnityEngine.Object) (at /Users/bokken/build/output/unity/unity/Runtime/Export/Scripting/UnityEngineObject.bindings.cs:707)
VoxelEngine.Rendering.Runtime.Vegetation.ProceduralTreeRenderer:DestroyBatchObjects (VoxelEngine.Rendering.Runtime.Vegetation.ProceduralTreeRenderer/BatchPresentation) (at Assets/VoxelEngine/Rendering/Runtime/Vegetation/ProceduralTreeRenderer.cs:1081)
VoxelEngine.Rendering.Runtime.Vegetation.ProceduralTreeRenderer:ClearBatches () (at Assets/VoxelEngine/Rendering/Runtime/Vegetation/ProceduralTreeRenderer.cs:1092)
VoxelEngine.Rendering.Runtime.Vegetation.ProceduralTreeRenderer:ClearGenerated () (at Assets/VoxelEngine/Rendering/Runtime/Vegetation/ProceduralTreeRenderer.cs:1106)
VoxelEngine.Rendering.Runtime.Vegetation.ProceduralTreeRenderer:OnDestroy () (at Assets/VoxelEngine/Rendering/Runtime/Vegetation/ProceduralTreeRenderer.cs:1115)
UnityEditor.TestTools.TestRunner.CommandLineTest.Executer:ExitApplication (UnityEditor.TestTools.TestRunner.CommandLineTest.Executer/ReturnCodes,string) (at ./Library/PackageCache/com.unity.test-framework@1405238725ab/UnityEditor.TestRunner/CommandLineTest/Executer.cs:83)
UnityEditor.TestTools.TestRunner.CommandLineTest.Executer:ExitIfRunIsCompleted () (at ./Library/PackageCache/com.unity.test-framework@1405238725ab/UnityEditor.TestRunner/CommandLineTest/Executer.cs:74)
UnityEditor.EditorApplication:Internal_CallUpdateFunctions () (at /Users/bokken/build/output/unity/unity/Editor/Mono/EditorApplication.cs:403)

[Assets/VoxelEngine/Rendering/Runtime/Vegetation/ProceduralTreeRenderer.cs line 1081]

Tree Batch 5,3: Destroy may not be called from edit mode! Use DestroyImmediate instead.
Destroying an object in edit mode destroys it permanently
UnityEngine.Debug:ExtractStackTraceNoAlloc (byte*,int,string)
UnityEngine.StackTraceUtility:ExtractStackTrace () (at /Users/bokken/build/output/unity/unity/Runtime/Export/Scripting/StackTrace.cs:35)
UnityEngine.Object:Destroy (UnityEngine.Object,single)
UnityEngine.Object:Destroy (UnityEngine.Object) (at /Users/bokken/build/output/unity/unity/Runtime/Export/Scripting/UnityEngineObject.bindings.cs:707)
VoxelEngine.Rendering.Runtime.Vegetation.ProceduralTreeRenderer:DestroyBatchObjects (VoxelEngine.Rendering.Runtime.Vegetation.ProceduralTreeRenderer/BatchPresentation) (at Assets/VoxelEngine/Rendering/Runtime/Vegetation/ProceduralTreeRenderer.cs:1085)
VoxelEngine.Rendering.Runtime.Vegetation.ProceduralTreeRenderer:ClearBatches () (at Assets/VoxelEngine/Rendering/Runtime/Vegetation/ProceduralTreeRenderer.cs:1092)
VoxelEngine.Rendering.Runtime.Vegetation.ProceduralTreeRenderer:ClearGenerated () (at Assets/VoxelEngine/Rendering/Runtime/Vegetation/ProceduralTreeRenderer.cs:1106)
VoxelEngine.Rendering.Runtime.Vegetation.ProceduralTreeRenderer:OnDestroy () (at Assets/VoxelEngine/Rendering/Runtime/Vegetation/ProceduralTreeRenderer.cs:1115)
UnityEditor.TestTools.TestRunner.CommandLineTest.Executer:ExitApplication (UnityEditor.TestTools.TestRunner.CommandLineTest.Executer/ReturnCodes,string) (at ./Library/PackageCache/com.unity.test-framework@1405238725ab/UnityEditor.TestRunner/CommandLineTest/Executer.cs:83)
UnityEditor.TestTools.TestRunner.CommandLineTest.Executer:ExitIfRunIsCompleted () (at ./Library/PackageCache/com.unity.test-framework@1405238725ab/UnityEditor.TestRunner/CommandLineTest/Executer.cs:74)
UnityEditor.EditorApplication:Internal_CallUpdateFunctions () (at /Users/bokken/build/output/unity/unity/Editor/Mono/EditorApplication.cs:403)

[Assets/VoxelEngine/Rendering/Runtime/Vegetation/ProceduralTreeRenderer.cs line 1085]

TreeBatch_5_4_LOD0: Destroy may not be called from edit mode! Use DestroyImmediate instead.
Destroying an object in edit mode destroys it permanently
UnityEngine.Debug:ExtractStackTraceNoAlloc (byte*,int,string)
UnityEngine.StackTraceUtility:ExtractStackTrace () (at /Users/bokken/build/output/unity/unity/Runtime/Export/Scripting/StackTrace.cs:35)
UnityEngine.Object:Destroy (UnityEngine.Object,single)
UnityEngine.Object:Destroy (UnityEngine.Object) (at /Users/bokken/build/output/unity/unity/Runtime/Export/Scripting/UnityEngineObject.bindings.cs:707)
VoxelEngine.Rendering.Runtime.Vegetation.ProceduralTreeRenderer:DestroyBatchObjects (VoxelEngine.Rendering.Runtime.Vegetation.ProceduralTreeRenderer/BatchPresentation) (at Assets/VoxelEngine/Rendering/Runtime/Vegetation/ProceduralTreeRenderer.cs:1079)
VoxelEngine.Rendering.Runtime.Vegetation.ProceduralTreeRenderer:ClearBatches () (at Assets/VoxelEngine/Rendering/Runtime/Vegetation/ProceduralTreeRenderer.cs:1092)
VoxelEngine.Rendering.Runtime.Vegetation.ProceduralTreeRenderer:ClearGenerated () (at Assets/VoxelEngine/Rendering/Runtime/Vegetation/ProceduralTreeRenderer.cs:1106)
VoxelEngine.Rendering.Runtime.Vegetation.ProceduralTreeRenderer:OnDestroy () (at Assets/VoxelEngine/Rendering/Runtime/Vegetation/ProceduralTreeRenderer.cs:1115)
UnityEditor.TestTools.TestRunner.CommandLineTest.Executer:ExitApplication (UnityEditor.TestTools.TestRunner.CommandLineTest.Executer/ReturnCodes,string) (at ./Library/PackageCache/com.unity.test-framework@1405238725ab/UnityEditor.TestRunner/CommandLineTest/Executer.cs:83)
UnityEditor.TestTools.TestRunner.CommandLineTest.Executer:ExitIfRunIsCompleted () (at ./Library/PackageCache/com.unity.test-framework@1405238725ab/UnityEditor.TestRunner/CommandLineTest/Executer.cs:74)
UnityEditor.EditorApplication:Internal_CallUpdateFunctions () (at /Users/bokken/build/output/unity/unity/Editor/Mono/EditorApplication.cs:403)

[Assets/VoxelEngine/Rendering/Runtime/Vegetation/ProceduralTreeRenderer.cs line 1079]

TreeBatch_5_4_LOD1: Destroy may not be called from edit mode! Use DestroyImmediate instead.
Destroying an object in edit mode destroys it permanently
UnityEngine.Debug:ExtractStackTraceNoAlloc (byte*,int,string)
UnityEngine.StackTraceUtility:ExtractStackTrace () (at /Users/bokken/build/output/unity/unity/Runtime/Export/Scripting/StackTrace.cs:35)
UnityEngine.Object:Destroy (UnityEngine.Object,single)
UnityEngine.Object:Destroy (UnityEngine.Object) (at /Users/bokken/build/output/unity/unity/Runtime/Export/Scripting/UnityEngineObject.bindings.cs:707)
VoxelEngine.Rendering.Runtime.Vegetation.ProceduralTreeRenderer:DestroyBatchObjects (VoxelEngine.Rendering.Runtime.Vegetation.ProceduralTreeRenderer/BatchPresentation) (at Assets/VoxelEngine/Rendering/Runtime/Vegetation/ProceduralTreeRenderer.cs:1079)
VoxelEngine.Rendering.Runtime.Vegetation.ProceduralTreeRenderer:ClearBatches () (at Assets/VoxelEngine/Rendering/Runtime/Vegetation/ProceduralTreeRenderer.cs:1092)
VoxelEngine.Rendering.Runtime.Vegetation.ProceduralTreeRenderer:ClearGenerated () (at Assets/VoxelEngine/Rendering/Runtime/Vegetation/ProceduralTreeRenderer.cs:1106)
VoxelEngine.Rendering.Runtime.Vegetation.ProceduralTreeRenderer:OnDestroy () (at Assets/VoxelEngine/Rendering/Runtime/Vegetation/ProceduralTreeRenderer.cs:1115)
UnityEditor.TestTools.TestRunner.CommandLineTest.Executer:ExitApplication (UnityEditor.TestTools.TestRunner.CommandLineTest.Executer/ReturnCodes,string) (at ./Library/PackageCache/com.unity.test-framework@1405238725ab/UnityEditor.TestRunner/CommandLineTest/Executer.cs:83)
UnityEditor.TestTools.TestRunner.CommandLineTest.Executer:ExitIfRunIsCompleted () (at ./Library/PackageCache/com.unity.test-framework@1405238725ab/UnityEditor.TestRunner/CommandLineTest/Executer.cs:74)
UnityEditor.EditorApplication:Internal_CallUpdateFunctions () (at /Users/bokken/build/output/unity/unity/Editor/Mono/EditorApplication.cs:403)

[Assets/VoxelEngine/Rendering/Runtime/Vegetation/ProceduralTreeRenderer.cs line 1079]

TreeBatch_5_4_LOD2: Destroy may not be called from edit mode! Use DestroyImmediate instead.
Destroying an object in edit mode destroys it permanently
UnityEngine.Debug:ExtractStackTraceNoAlloc (byte*,int,string)
UnityEngine.StackTraceUtility:ExtractStackTrace () (at /Users/bokken/build/output/unity/unity/Runtime/Export/Scripting/StackTrace.cs:35)
UnityEngine.Object:Destroy (UnityEngine.Object,single)
UnityEngine.Object:Destroy (UnityEngine.Object) (at /Users/bokken/build/output/unity/unity/Runtime/Export/Scripting/UnityEngineObject.bindings.cs:707)
VoxelEngine.Rendering.Runtime.Vegetation.ProceduralTreeRenderer:DestroyBatchObjects (VoxelEngine.Rendering.Runtime.Vegetation.ProceduralTreeRenderer/BatchPresentation) (at Assets/VoxelEngine/Rendering/Runtime/Vegetation/ProceduralTreeRenderer.cs:1079)
VoxelEngine.Rendering.Runtime.Vegetation.ProceduralTreeRenderer:ClearBatches () (at Assets/VoxelEngine/Rendering/Runtime/Vegetation/ProceduralTreeRenderer.cs:1092)
VoxelEngine.Rendering.Runtime.Vegetation.ProceduralTreeRenderer:ClearGenerated () (at Assets/VoxelEngine/Rendering/Runtime/Vegetation/ProceduralTreeRenderer.cs:1106)
VoxelEngine.Rendering.Runtime.Vegetation.ProceduralTreeRenderer:OnDestroy () (at Assets/VoxelEngine/Rendering/Runtime/Vegetation/ProceduralTreeRenderer.cs:1115)
UnityEditor.TestTools.TestRunner.CommandLineTest.Executer:ExitApplication (UnityEditor.TestTools.TestRunner.CommandLineTest.Executer/ReturnCodes,string) (at ./Library/PackageCache/com.unity.test-framework@1405238725ab/UnityEditor.TestRunner/CommandLineTest/Executer.cs:83)
UnityEditor.TestTools.TestRunner.CommandLineTest.Executer:ExitIfRunIsCompleted () (at ./Library/PackageCache/com.unity.test-framework@1405238725ab/UnityEditor.TestRunner/CommandLineTest/Executer.cs:74)
UnityEditor.EditorApplication:Internal_CallUpdateFunctions () (at /Users/bokken/build/output/unity/unity/Editor/Mono/EditorApplication.cs:403)

[Assets/VoxelEngine/Rendering/Runtime/Vegetation/ProceduralTreeRenderer.cs line 1079]

TreeBatch_5_4_LOD3: Destroy may not be called from edit mode! Use DestroyImmediate instead.
Destroying an object in edit mode destroys it permanently
UnityEngine.Debug:ExtractStackTraceNoAlloc (byte*,int,string)
UnityEngine.StackTraceUtility:ExtractStackTrace () (at /Users/bokken/build/output/unity/unity/Runtime/Export/Scripting/StackTrace.cs:35)
UnityEngine.Object:Destroy (UnityEngine.Object,single)
UnityEngine.Object:Destroy (UnityEngine.Object) (at /Users/bokken/build/output/unity/unity/Runtime/Export/Scripting/UnityEngineObject.bindings.cs:707)
VoxelEngine.Rendering.Runtime.Vegetation.ProceduralTreeRenderer:DestroyBatchObjects (VoxelEngine.Rendering.Runtime.Vegetation.ProceduralTreeRenderer/BatchPresentation) (at Assets/VoxelEngine/Rendering/Runtime/Vegetation/ProceduralTreeRenderer.cs:1081)
VoxelEngine.Rendering.Runtime.Vegetation.ProceduralTreeRenderer:ClearBatches () (at Assets/VoxelEngine/Rendering/Runtime/Vegetation/ProceduralTreeRenderer.cs:1092)
VoxelEngine.Rendering.Runtime.Vegetation.ProceduralTreeRenderer:ClearGenerated () (at Assets/VoxelEngine/Rendering/Runtime/Vegetation/ProceduralTreeRenderer.cs:1106)
VoxelEngine.Rendering.Runtime.Vegetation.ProceduralTreeRenderer:OnDestroy () (at Assets/VoxelEngine/Rendering/Runtime/Vegetation/ProceduralTreeRenderer.cs:1115)
UnityEditor.TestTools.TestRunner.CommandLineTest.Executer:ExitApplication (UnityEditor.TestTools.TestRunner.CommandLineTest.Executer/ReturnCodes,string) (at ./Library/PackageCache/com.unity.test-framework@1405238725ab/UnityEditor.TestRunner/CommandLineTest/Executer.cs:83)
UnityEditor.TestTools.TestRunner.CommandLineTest.Executer:ExitIfRunIsCompleted () (at ./Library/PackageCache/com.unity.test-framework@1405238725ab/UnityEditor.TestRunner/CommandLineTest/Executer.cs:74)
UnityEditor.EditorApplication:Internal_CallUpdateFunctions () (at /Users/bokken/build/output/unity/unity/Editor/Mono/EditorApplication.cs:403)

[Assets/VoxelEngine/Rendering/Runtime/Vegetation/ProceduralTreeRenderer.cs line 1081]

Tree Batch 5,4: Destroy may not be called from edit mode! Use DestroyImmediate instead.
Destroying an object in edit mode destroys it permanently
UnityEngine.Debug:ExtractStackTraceNoAlloc (byte*,int,string)
UnityEngine.StackTraceUtility:ExtractStackTrace () (at /Users/bokken/build/output/unity/unity/Runtime/Export/Scripting/StackTrace.cs:35)
UnityEngine.Object:Destroy (UnityEngine.Object,single)
UnityEngine.Object:Destroy (UnityEngine.Object) (at /Users/bokken/build/output/unity/unity/Runtime/Export/Scripting/UnityEngineObject.bindings.cs:707)
VoxelEngine.Rendering.Runtime.Vegetation.ProceduralTreeRenderer:DestroyBatchObjects (VoxelEngine.Rendering.Runtime.Vegetation.ProceduralTreeRenderer/BatchPresentation) (at Assets/VoxelEngine/Rendering/Runtime/Vegetation/ProceduralTreeRenderer.cs:1085)
VoxelEngine.Rendering.Runtime.Vegetation.ProceduralTreeRenderer:ClearBatches () (at Assets/VoxelEngine/Rendering/Runtime/Vegetation/ProceduralTreeRenderer.cs:1092)
VoxelEngine.Rendering.Runtime.Vegetation.ProceduralTreeRenderer:ClearGenerated () (at Assets/VoxelEngine/Rendering/Runtime/Vegetation/ProceduralTreeRenderer.cs:1106)
VoxelEngine.Rendering.Runtime.Vegetation.ProceduralTreeRenderer:OnDestroy () (at Assets/VoxelEngine/Rendering/Runtime/Vegetation/ProceduralTreeRenderer.cs:1115)
UnityEditor.TestTools.TestRunner.CommandLineTest.Executer:ExitApplication (UnityEditor.TestTools.TestRunner.CommandLineTest.Executer/ReturnCodes,string) (at ./Library/PackageCache/com.unity.test-framework@1405238725ab/UnityEditor.TestRunner/CommandLineTest/Executer.cs:83)
UnityEditor.TestTools.TestRunner.CommandLineTest.Executer:ExitIfRunIsCompleted () (at ./Library/PackageCache/com.unity.test-framework@1405238725ab/UnityEditor.TestRunner/CommandLineTest/Executer.cs:74)
UnityEditor.EditorApplication:Internal_CallUpdateFunctions () (at /Users/bokken/build/output/unity/unity/Editor/Mono/EditorApplication.cs:403)

[Assets/VoxelEngine/Rendering/Runtime/Vegetation/ProceduralTreeRenderer.cs line 1085]

TreeBatch_6_4_LOD0: Destroy may not be called from edit mode! Use DestroyImmediate instead.
Destroying an object in edit mode destroys it permanently
UnityEngine.Debug:ExtractStackTraceNoAlloc (byte*,int,string)
UnityEngine.StackTraceUtility:ExtractStackTrace () (at /Users/bokken/build/output/unity/unity/Runtime/Export/Scripting/StackTrace.cs:35)
UnityEngine.Object:Destroy (UnityEngine.Object,single)
UnityEngine.Object:Destroy (UnityEngine.Object) (at /Users/bokken/build/output/unity/unity/Runtime/Export/Scripting/UnityEngineObject.bindings.cs:707)
VoxelEngine.Rendering.Runtime.Vegetation.ProceduralTreeRenderer:DestroyBatchObjects (VoxelEngine.Rendering.Runtime.Vegetation.ProceduralTreeRenderer/BatchPresentation) (at Assets/VoxelEngine/Rendering/Runtime/Vegetation/ProceduralTreeRenderer.cs:1079)
VoxelEngine.Rendering.Runtime.Vegetation.ProceduralTreeRenderer:ClearBatches () (at Assets/VoxelEngine/Rendering/Runtime/Vegetation/ProceduralTreeRenderer.cs:1092)
VoxelEngine.Rendering.Runtime.Vegetation.ProceduralTreeRenderer:ClearGenerated () (at Assets/VoxelEngine/Rendering/Runtime/Vegetation/ProceduralTreeRenderer.cs:1106)
VoxelEngine.Rendering.Runtime.Vegetation.ProceduralTreeRenderer:OnDestroy () (at Assets/VoxelEngine/Rendering/Runtime/Vegetation/ProceduralTreeRenderer.cs:1115)
UnityEditor.TestTools.TestRunner.CommandLineTest.Executer:ExitApplication (UnityEditor.TestTools.TestRunner.CommandLineTest.Executer/ReturnCodes,string) (at ./Library/PackageCache/com.unity.test-framework@1405238725ab/UnityEditor.TestRunner/CommandLineTest/Executer.cs:83)
UnityEditor.TestTools.TestRunner.CommandLineTest.Executer:ExitIfRunIsCompleted () (at ./Library/PackageCache/com.unity.test-framework@1405238725ab/UnityEditor.TestRunner/CommandLineTest/Executer.cs:74)
UnityEditor.EditorApplication:Internal_CallUpdateFunctions () (at /Users/bokken/build/output/unity/unity/Editor/Mono/EditorApplication.cs:403)

[Assets/VoxelEngine/Rendering/Runtime/Vegetation/ProceduralTreeRenderer.cs line 1079]

TreeBatch_6_4_LOD1: Destroy may not be called from edit mode! Use DestroyImmediate instead.
Destroying an object in edit mode destroys it permanently
UnityEngine.Debug:ExtractStackTraceNoAlloc (byte*,int,string)
UnityEngine.StackTraceUtility:ExtractStackTrace () (at /Users/bokken/build/output/unity/unity/Runtime/Export/Scripting/StackTrace.cs:35)
UnityEngine.Object:Destroy (UnityEngine.Object,single)
UnityEngine.Object:Destroy (UnityEngine.Object) (at /Users/bokken/build/output/unity/unity/Runtime/Export/Scripting/UnityEngineObject.bindings.cs:707)
VoxelEngine.Rendering.Runtime.Vegetation.ProceduralTreeRenderer:DestroyBatchObjects (VoxelEngine.Rendering.Runtime.Vegetation.ProceduralTreeRenderer/BatchPresentation) (at Assets/VoxelEngine/Rendering/Runtime/Vegetation/ProceduralTreeRenderer.cs:1079)
VoxelEngine.Rendering.Runtime.Vegetation.ProceduralTreeRenderer:ClearBatches () (at Assets/VoxelEngine/Rendering/Runtime/Vegetation/ProceduralTreeRenderer.cs:1092)
VoxelEngine.Rendering.Runtime.Vegetation.ProceduralTreeRenderer:ClearGenerated () (at Assets/VoxelEngine/Rendering/Runtime/Vegetation/ProceduralTreeRenderer.cs:1106)
VoxelEngine.Rendering.Runtime.Vegetation.ProceduralTreeRenderer:OnDestroy () (at Assets/VoxelEngine/Rendering/Runtime/Vegetation/ProceduralTreeRenderer.cs:1115)
UnityEditor.TestTools.TestRunner.CommandLineTest.Executer:ExitApplication (UnityEditor.TestTools.TestRunner.CommandLineTest.Executer/ReturnCodes,string) (at ./Library/PackageCache/com.unity.test-framework@1405238725ab/UnityEditor.TestRunner/CommandLineTest/Executer.cs:83)
UnityEditor.TestTools.TestRunner.CommandLineTest.Executer:ExitIfRunIsCompleted () (at ./Library/PackageCache/com.unity.test-framework@1405238725ab/UnityEditor.TestRunner/CommandLineTest/Executer.cs:74)
UnityEditor.EditorApplication:Internal_CallUpdateFunctions () (at /Users/bokken/build/output/unity/unity/Editor/Mono/EditorApplication.cs:403)

[Assets/VoxelEngine/Rendering/Runtime/Vegetation/ProceduralTreeRenderer.cs line 1079]

TreeBatch_6_4_LOD2: Destroy may not be called from edit mode! Use DestroyImmediate instead.
Destroying an object in edit mode destroys it permanently
UnityEngine.Debug:ExtractStackTraceNoAlloc (byte*,int,string)
UnityEngine.StackTraceUtility:ExtractStackTrace () (at /Users/bokken/build/output/unity/unity/Runtime/Export/Scripting/StackTrace.cs:35)
UnityEngine.Object:Destroy (UnityEngine.Object,single)
UnityEngine.Object:Destroy (UnityEngine.Object) (at /Users/bokken/build/output/unity/unity/Runtime/Export/Scripting/UnityEngineObject.bindings.cs:707)
VoxelEngine.Rendering.Runtime.Vegetation.ProceduralTreeRenderer:DestroyBatchObjects (VoxelEngine.Rendering.Runtime.Vegetation.ProceduralTreeRenderer/BatchPresentation) (at Assets/VoxelEngine/Rendering/Runtime/Vegetation/ProceduralTreeRenderer.cs:1079)
VoxelEngine.Rendering.Runtime.Vegetation.ProceduralTreeRenderer:ClearBatches () (at Assets/VoxelEngine/Rendering/Runtime/Vegetation/ProceduralTreeRenderer.cs:1092)
VoxelEngine.Rendering.Runtime.Vegetation.ProceduralTreeRenderer:ClearGenerated () (at Assets/VoxelEngine/Rendering/Runtime/Vegetation/ProceduralTreeRenderer.cs:1106)
VoxelEngine.Rendering.Runtime.Vegetation.ProceduralTreeRenderer:OnDestroy () (at Assets/VoxelEngine/Rendering/Runtime/Vegetation/ProceduralTreeRenderer.cs:1115)
UnityEditor.TestTools.TestRunner.CommandLineTest.Executer:ExitApplication (UnityEditor.TestTools.TestRunner.CommandLineTest.Executer/ReturnCodes,string) (at ./Library/PackageCache/com.unity.test-framework@1405238725ab/UnityEditor.TestRunner/CommandLineTest/Executer.cs:83)
UnityEditor.TestTools.TestRunner.CommandLineTest.Executer:ExitIfRunIsCompleted () (at ./Library/PackageCache/com.unity.test-framework@1405238725ab/UnityEditor.TestRunner/CommandLineTest/Executer.cs:74)
UnityEditor.EditorApplication:Internal_CallUpdateFunctions () (at /Users/bokken/build/output/unity/unity/Editor/Mono/EditorApplication.cs:403)

[Assets/VoxelEngine/Rendering/Runtime/Vegetation/ProceduralTreeRenderer.cs line 1079]

TreeBatch_6_4_LOD3: Destroy may not be called from edit mode! Use DestroyImmediate instead.
Destroying an object in edit mode destroys it permanently
UnityEngine.Debug:ExtractStackTraceNoAlloc (byte*,int,string)
UnityEngine.StackTraceUtility:ExtractStackTrace () (at /Users/bokken/build/output/unity/unity/Runtime/Export/Scripting/StackTrace.cs:35)
UnityEngine.Object:Destroy (UnityEngine.Object,single)
UnityEngine.Object:Destroy (UnityEngine.Object) (at /Users/bokken/build/output/unity/unity/Runtime/Export/Scripting/UnityEngineObject.bindings.cs:707)
VoxelEngine.Rendering.Runtime.Vegetation.ProceduralTreeRenderer:DestroyBatchObjects (VoxelEngine.Rendering.Runtime.Vegetation.ProceduralTreeRenderer/BatchPresentation) (at Assets/VoxelEngine/Rendering/Runtime/Vegetation/ProceduralTreeRenderer.cs:1081)
VoxelEngine.Rendering.Runtime.Vegetation.ProceduralTreeRenderer:ClearBatches () (at Assets/VoxelEngine/Rendering/Runtime/Vegetation/ProceduralTreeRenderer.cs:1092)
VoxelEngine.Rendering.Runtime.Vegetation.ProceduralTreeRenderer:ClearGenerated () (at Assets/VoxelEngine/Rendering/Runtime/Vegetation/ProceduralTreeRenderer.cs:1106)
VoxelEngine.Rendering.Runtime.Vegetation.ProceduralTreeRenderer:OnDestroy () (at Assets/VoxelEngine/Rendering/Runtime/Vegetation/ProceduralTreeRenderer.cs:1115)
UnityEditor.TestTools.TestRunner.CommandLineTest.Executer:ExitApplication (UnityEditor.TestTools.TestRunner.CommandLineTest.Executer/ReturnCodes,string) (at ./Library/PackageCache/com.unity.test-framework@1405238725ab/UnityEditor.TestRunner/CommandLineTest/Executer.cs:83)
UnityEditor.TestTools.TestRunner.CommandLineTest.Executer:ExitIfRunIsCompleted () (at ./Library/PackageCache/com.unity.test-framework@1405238725ab/UnityEditor.TestRunner/CommandLineTest/Executer.cs:74)
UnityEditor.EditorApplication:Internal_CallUpdateFunctions () (at /Users/bokken/build/output/unity/unity/Editor/Mono/EditorApplication.cs:403)

[Assets/VoxelEngine/Rendering/Runtime/Vegetation/ProceduralTreeRenderer.cs line 1081]

Tree Batch 6,4: Destroy may not be called from edit mode! Use DestroyImmediate instead.
Destroying an object in edit mode destroys it permanently
UnityEngine.Debug:ExtractStackTraceNoAlloc (byte*,int,string)
UnityEngine.StackTraceUtility:ExtractStackTrace () (at /Users/bokken/build/output/unity/unity/Runtime/Export/Scripting/StackTrace.cs:35)
UnityEngine.Object:Destroy (UnityEngine.Object,single)
UnityEngine.Object:Destroy (UnityEngine.Object) (at /Users/bokken/build/output/unity/unity/Runtime/Export/Scripting/UnityEngineObject.bindings.cs:707)
VoxelEngine.Rendering.Runtime.Vegetation.ProceduralTreeRenderer:DestroyBatchObjects (VoxelEngine.Rendering.Runtime.Vegetation.ProceduralTreeRenderer/BatchPresentation) (at Assets/VoxelEngine/Rendering/Runtime/Vegetation/ProceduralTreeRenderer.cs:1085)
VoxelEngine.Rendering.Runtime.Vegetation.ProceduralTreeRenderer:ClearBatches () (at Assets/VoxelEngine/Rendering/Runtime/Vegetation/ProceduralTreeRenderer.cs:1092)
VoxelEngine.Rendering.Runtime.Vegetation.ProceduralTreeRenderer:ClearGenerated () (at Assets/VoxelEngine/Rendering/Runtime/Vegetation/ProceduralTreeRenderer.cs:1106)
VoxelEngine.Rendering.Runtime.Vegetation.ProceduralTreeRenderer:OnDestroy () (at Assets/VoxelEngine/Rendering/Runtime/Vegetation/ProceduralTreeRenderer.cs:1115)
UnityEditor.TestTools.TestRunner.CommandLineTest.Executer:ExitApplication (UnityEditor.TestTools.TestRunner.CommandLineTest.Executer/ReturnCodes,string) (at ./Library/PackageCache/com.unity.test-framework@1405238725ab/UnityEditor.TestRunner/CommandLineTest/Executer.cs:83)
UnityEditor.TestTools.TestRunner.CommandLineTest.Executer:ExitIfRunIsCompleted () (at ./Library/PackageCache/com.unity.test-framework@1405238725ab/UnityEditor.TestRunner/CommandLineTest/Executer.cs:74)
UnityEditor.EditorApplication:Internal_CallUpdateFunctions () (at /Users/bokken/build/output/unity/unity/Editor/Mono/EditorApplication.cs:403)

[Assets/VoxelEngine/Rendering/Runtime/Vegetation/ProceduralTreeRenderer.cs line 1085]

TreeBatch_0_4_LOD0: Destroy may not be called from edit mode! Use DestroyImmediate instead.
Destroying an object in edit mode destroys it permanently
UnityEngine.Debug:ExtractStackTraceNoAlloc (byte*,int,string)
UnityEngine.StackTraceUtility:ExtractStackTrace () (at /Users/bokken/build/output/unity/unity/Runtime/Export/Scripting/StackTrace.cs:35)
UnityEngine.Object:Destroy (UnityEngine.Object,single)
UnityEngine.Object:Destroy (UnityEngine.Object) (at /Users/bokken/build/output/unity/unity/Runtime/Export/Scripting/UnityEngineObject.bindings.cs:707)
VoxelEngine.Rendering.Runtime.Vegetation.ProceduralTreeRenderer:DestroyBatchObjects (VoxelEngine.Rendering.Runtime.Vegetation.ProceduralTreeRenderer/BatchPresentation) (at Assets/VoxelEngine/Rendering/Runtime/Vegetation/ProceduralTreeRenderer.cs:1079)
VoxelEngine.Rendering.Runtime.Vegetation.ProceduralTreeRenderer:ClearBatches () (at Assets/VoxelEngine/Rendering/Runtime/Vegetation/ProceduralTreeRenderer.cs:1092)
VoxelEngine.Rendering.Runtime.Vegetation.ProceduralTreeRenderer:ClearGenerated () (at Assets/VoxelEngine/Rendering/Runtime/Vegetation/ProceduralTreeRenderer.cs:1106)
VoxelEngine.Rendering.Runtime.Vegetation.ProceduralTreeRenderer:OnDestroy () (at Assets/VoxelEngine/Rendering/Runtime/Vegetation/ProceduralTreeRenderer.cs:1115)
UnityEditor.TestTools.TestRunner.CommandLineTest.Executer:ExitApplication (UnityEditor.TestTools.TestRunner.CommandLineTest.Executer/ReturnCodes,string) (at ./Library/PackageCache/com.unity.test-framework@1405238725ab/UnityEditor.TestRunner/CommandLineTest/Executer.cs:83)
UnityEditor.TestTools.TestRunner.CommandLineTest.Executer:ExitIfRunIsCompleted () (at ./Library/PackageCache/com.unity.test-framework@1405238725ab/UnityEditor.TestRunner/CommandLineTest/Executer.cs:74)
UnityEditor.EditorApplication:Internal_CallUpdateFunctions () (at /Users/bokken/build/output/unity/unity/Editor/Mono/EditorApplication.cs:403)

[Assets/VoxelEngine/Rendering/Runtime/Vegetation/ProceduralTreeRenderer.cs line 1079]

TreeBatch_0_4_LOD1: Destroy may not be called from edit mode! Use DestroyImmediate instead.
Destroying an object in edit mode destroys it permanently
UnityEngine.Debug:ExtractStackTraceNoAlloc (byte*,int,string)
UnityEngine.StackTraceUtility:ExtractStackTrace () (at /Users/bokken/build/output/unity/unity/Runtime/Export/Scripting/StackTrace.cs:35)
UnityEngine.Object:Destroy (UnityEngine.Object,single)
UnityEngine.Object:Destroy (UnityEngine.Object) (at /Users/bokken/build/output/unity/unity/Runtime/Export/Scripting/UnityEngineObject.bindings.cs:707)
VoxelEngine.Rendering.Runtime.Vegetation.ProceduralTreeRenderer:DestroyBatchObjects (VoxelEngine.Rendering.Runtime.Vegetation.ProceduralTreeRenderer/BatchPresentation) (at Assets/VoxelEngine/Rendering/Runtime/Vegetation/ProceduralTreeRenderer.cs:1079)
VoxelEngine.Rendering.Runtime.Vegetation.ProceduralTreeRenderer:ClearBatches () (at Assets/VoxelEngine/Rendering/Runtime/Vegetation/ProceduralTreeRenderer.cs:1092)
VoxelEngine.Rendering.Runtime.Vegetation.ProceduralTreeRenderer:ClearGenerated () (at Assets/VoxelEngine/Rendering/Runtime/Vegetation/ProceduralTreeRenderer.cs:1106)
VoxelEngine.Rendering.Runtime.Vegetation.ProceduralTreeRenderer:OnDestroy () (at Assets/VoxelEngine/Rendering/Runtime/Vegetation/ProceduralTreeRenderer.cs:1115)
UnityEditor.TestTools.TestRunner.CommandLineTest.Executer:ExitApplication (UnityEditor.TestTools.TestRunner.CommandLineTest.Executer/ReturnCodes,string) (at ./Library/PackageCache/com.unity.test-framework@1405238725ab/UnityEditor.TestRunner/CommandLineTest/Executer.cs:83)
UnityEditor.TestTools.TestRunner.CommandLineTest.Executer:ExitIfRunIsCompleted () (at ./Library/PackageCache/com.unity.test-framework@1405238725ab/UnityEditor.TestRunner/CommandLineTest/Executer.cs:74)
UnityEditor.EditorApplication:Internal_CallUpdateFunctions () (at /Users/bokken/build/output/unity/unity/Editor/Mono/EditorApplication.cs:403)

[Assets/VoxelEngine/Rendering/Runtime/Vegetation/ProceduralTreeRenderer.cs line 1079]

TreeBatch_0_4_LOD2: Destroy may not be called from edit mode! Use DestroyImmediate instead.
Destroying an object in edit mode destroys it permanently
UnityEngine.Debug:ExtractStackTraceNoAlloc (byte*,int,string)
UnityEngine.StackTraceUtility:ExtractStackTrace () (at /Users/bokken/build/output/unity/unity/Runtime/Export/Scripting/StackTrace.cs:35)
UnityEngine.Object:Destroy (UnityEngine.Object,single)
UnityEngine.Object:Destroy (UnityEngine.Object) (at /Users/bokken/build/output/unity/unity/Runtime/Export/Scripting/UnityEngineObject.bindings.cs:707)
VoxelEngine.Rendering.Runtime.Vegetation.ProceduralTreeRenderer:DestroyBatchObjects (VoxelEngine.Rendering.Runtime.Vegetation.ProceduralTreeRenderer/BatchPresentation) (at Assets/VoxelEngine/Rendering/Runtime/Vegetation/ProceduralTreeRenderer.cs:1079)
VoxelEngine.Rendering.Runtime.Vegetation.ProceduralTreeRenderer:ClearBatches () (at Assets/VoxelEngine/Rendering/Runtime/Vegetation/ProceduralTreeRenderer.cs:1092)
VoxelEngine.Rendering.Runtime.Vegetation.ProceduralTreeRenderer:ClearGenerated () (at Assets/VoxelEngine/Rendering/Runtime/Vegetation/ProceduralTreeRenderer.cs:1106)
VoxelEngine.Rendering.Runtime.Vegetation.ProceduralTreeRenderer:OnDestroy () (at Assets/VoxelEngine/Rendering/Runtime/Vegetation/ProceduralTreeRenderer.cs:1115)
UnityEditor.TestTools.TestRunner.CommandLineTest.Executer:ExitApplication (UnityEditor.TestTools.TestRunner.CommandLineTest.Executer/ReturnCodes,string) (at ./Library/PackageCache/com.unity.test-framework@1405238725ab/UnityEditor.TestRunner/CommandLineTest/Executer.cs:83)
UnityEditor.TestTools.TestRunner.CommandLineTest.Executer:ExitIfRunIsCompleted () (at ./Library/PackageCache/com.unity.test-framework@1405238725ab/UnityEditor.TestRunner/CommandLineTest/Executer.cs:74)
UnityEditor.EditorApplication:Internal_CallUpdateFunctions () (at /Users/bokken/build/output/unity/unity/Editor/Mono/EditorApplication.cs:403)

[Assets/VoxelEngine/Rendering/Runtime/Vegetation/ProceduralTreeRenderer.cs line 1079]

TreeBatch_0_4_LOD3: Destroy may not be called from edit mode! Use DestroyImmediate instead.
Destroying an object in edit mode destroys it permanently
UnityEngine.Debug:ExtractStackTraceNoAlloc (byte*,int,string)
UnityEngine.StackTraceUtility:ExtractStackTrace () (at /Users/bokken/build/output/unity/unity/Runtime/Export/Scripting/StackTrace.cs:35)
UnityEngine.Object:Destroy (UnityEngine.Object,single)
UnityEngine.Object:Destroy (UnityEngine.Object) (at /Users/bokken/build/output/unity/unity/Runtime/Export/Scripting/UnityEngineObject.bindings.cs:707)
VoxelEngine.Rendering.Runtime.Vegetation.ProceduralTreeRenderer:DestroyBatchObjects (VoxelEngine.Rendering.Runtime.Vegetation.ProceduralTreeRenderer/BatchPresentation) (at Assets/VoxelEngine/Rendering/Runtime/Vegetation/ProceduralTreeRenderer.cs:1081)
VoxelEngine.Rendering.Runtime.Vegetation.ProceduralTreeRenderer:ClearBatches () (at Assets/VoxelEngine/Rendering/Runtime/Vegetation/ProceduralTreeRenderer.cs:1092)
VoxelEngine.Rendering.Runtime.Vegetation.ProceduralTreeRenderer:ClearGenerated () (at Assets/VoxelEngine/Rendering/Runtime/Vegetation/ProceduralTreeRenderer.cs:1106)
VoxelEngine.Rendering.Runtime.Vegetation.ProceduralTreeRenderer:OnDestroy () (at Assets/VoxelEngine/Rendering/Runtime/Vegetation/ProceduralTreeRenderer.cs:1115)
UnityEditor.TestTools.TestRunner.CommandLineTest.Executer:ExitApplication (UnityEditor.TestTools.TestRunner.CommandLineTest.Executer/ReturnCodes,string) (at ./Library/PackageCache/com.unity.test-framework@1405238725ab/UnityEditor.TestRunner/CommandLineTest/Executer.cs:83)
UnityEditor.TestTools.TestRunner.CommandLineTest.Executer:ExitIfRunIsCompleted () (at ./Library/PackageCache/com.unity.test-framework@1405238725ab/UnityEditor.TestRunner/CommandLineTest/Executer.cs:74)
UnityEditor.EditorApplication:Internal_CallUpdateFunctions () (at /Users/bokken/build/output/unity/unity/Editor/Mono/EditorApplication.cs:403)

[Assets/VoxelEngine/Rendering/Runtime/Vegetation/ProceduralTreeRenderer.cs line 1081]

Tree Batch 0,4: Destroy may not be called from edit mode! Use DestroyImmediate instead.
Destroying an object in edit mode destroys it permanently
UnityEngine.Debug:ExtractStackTraceNoAlloc (byte*,int,string)
UnityEngine.StackTraceUtility:ExtractStackTrace () (at /Users/bokken/build/output/unity/unity/Runtime/Export/Scripting/StackTrace.cs:35)
UnityEngine.Object:Destroy (UnityEngine.Object,single)
UnityEngine.Object:Destroy (UnityEngine.Object) (at /Users/bokken/build/output/unity/unity/Runtime/Export/Scripting/UnityEngineObject.bindings.cs:707)
VoxelEngine.Rendering.Runtime.Vegetation.ProceduralTreeRenderer:DestroyBatchObjects (VoxelEngine.Rendering.Runtime.Vegetation.ProceduralTreeRenderer/BatchPresentation) (at Assets/VoxelEngine/Rendering/Runtime/Vegetation/ProceduralTreeRenderer.cs:1085)
VoxelEngine.Rendering.Runtime.Vegetation.ProceduralTreeRenderer:ClearBatches () (at Assets/VoxelEngine/Rendering/Runtime/Vegetation/ProceduralTreeRenderer.cs:1092)
VoxelEngine.Rendering.Runtime.Vegetation.ProceduralTreeRenderer:ClearGenerated () (at Assets/VoxelEngine/Rendering/Runtime/Vegetation/ProceduralTreeRenderer.cs:1106)
VoxelEngine.Rendering.Runtime.Vegetation.ProceduralTreeRenderer:OnDestroy () (at Assets/VoxelEngine/Rendering/Runtime/Vegetation/ProceduralTreeRenderer.cs:1115)
UnityEditor.TestTools.TestRunner.CommandLineTest.Executer:ExitApplication (UnityEditor.TestTools.TestRunner.CommandLineTest.Executer/ReturnCodes,string) (at ./Library/PackageCache/com.unity.test-framework@1405238725ab/UnityEditor.TestRunner/CommandLineTest/Executer.cs:83)
UnityEditor.TestTools.TestRunner.CommandLineTest.Executer:ExitIfRunIsCompleted () (at ./Library/PackageCache/com.unity.test-framework@1405238725ab/UnityEditor.TestRunner/CommandLineTest/Executer.cs:74)
UnityEditor.EditorApplication:Internal_CallUpdateFunctions () (at /Users/bokken/build/output/unity/unity/Editor/Mono/EditorApplication.cs:403)

[Assets/VoxelEngine/Rendering/Runtime/Vegetation/ProceduralTreeRenderer.cs line 1085]

TreeBatch_2_4_LOD0: Destroy may not be called from edit mode! Use DestroyImmediate instead.
Destroying an object in edit mode destroys it permanently
UnityEngine.Debug:ExtractStackTraceNoAlloc (byte*,int,string)
UnityEngine.StackTraceUtility:ExtractStackTrace () (at /Users/bokken/build/output/unity/unity/Runtime/Export/Scripting/StackTrace.cs:35)
UnityEngine.Object:Destroy (UnityEngine.Object,single)
UnityEngine.Object:Destroy (UnityEngine.Object) (at /Users/bokken/build/output/unity/unity/Runtime/Export/Scripting/UnityEngineObject.bindings.cs:707)
VoxelEngine.Rendering.Runtime.Vegetation.ProceduralTreeRenderer:DestroyBatchObjects (VoxelEngine.Rendering.Runtime.Vegetation.ProceduralTreeRenderer/BatchPresentation) (at Assets/VoxelEngine/Rendering/Runtime/Vegetation/ProceduralTreeRenderer.cs:1079)
VoxelEngine.Rendering.Runtime.Vegetation.ProceduralTreeRenderer:ClearBatches () (at Assets/VoxelEngine/Rendering/Runtime/Vegetation/ProceduralTreeRenderer.cs:1092)
VoxelEngine.Rendering.Runtime.Vegetation.ProceduralTreeRenderer:ClearGenerated () (at Assets/VoxelEngine/Rendering/Runtime/Vegetation/ProceduralTreeRenderer.cs:1106)
VoxelEngine.Rendering.Runtime.Vegetation.ProceduralTreeRenderer:OnDestroy () (at Assets/VoxelEngine/Rendering/Runtime/Vegetation/ProceduralTreeRenderer.cs:1115)
UnityEditor.TestTools.TestRunner.CommandLineTest.Executer:ExitApplication (UnityEditor.TestTools.TestRunner.CommandLineTest.Executer/ReturnCodes,string) (at ./Library/PackageCache/com.unity.test-framework@1405238725ab/UnityEditor.TestRunner/CommandLineTest/Executer.cs:83)
UnityEditor.TestTools.TestRunner.CommandLineTest.Executer:ExitIfRunIsCompleted () (at ./Library/PackageCache/com.unity.test-framework@1405238725ab/UnityEditor.TestRunner/CommandLineTest/Executer.cs:74)
UnityEditor.EditorApplication:Internal_CallUpdateFunctions () (at /Users/bokken/build/output/unity/unity/Editor/Mono/EditorApplication.cs:403)

[Assets/VoxelEngine/Rendering/Runtime/Vegetation/ProceduralTreeRenderer.cs line 1079]

TreeBatch_2_4_LOD1: Destroy may not be called from edit mode! Use DestroyImmediate instead.
Destroying an object in edit mode destroys it permanently
UnityEngine.Debug:ExtractStackTraceNoAlloc (byte*,int,string)
UnityEngine.StackTraceUtility:ExtractStackTrace () (at /Users/bokken/build/output/unity/unity/Runtime/Export/Scripting/StackTrace.cs:35)
UnityEngine.Object:Destroy (UnityEngine.Object,single)
UnityEngine.Object:Destroy (UnityEngine.Object) (at /Users/bokken/build/output/unity/unity/Runtime/Export/Scripting/UnityEngineObject.bindings.cs:707)
VoxelEngine.Rendering.Runtime.Vegetation.ProceduralTreeRenderer:DestroyBatchObjects (VoxelEngine.Rendering.Runtime.Vegetation.ProceduralTreeRenderer/BatchPresentation) (at Assets/VoxelEngine/Rendering/Runtime/Vegetation/ProceduralTreeRenderer.cs:1079)
VoxelEngine.Rendering.Runtime.Vegetation.ProceduralTreeRenderer:ClearBatches () (at Assets/VoxelEngine/Rendering/Runtime/Vegetation/ProceduralTreeRenderer.cs:1092)
VoxelEngine.Rendering.Runtime.Vegetation.ProceduralTreeRenderer:ClearGenerated () (at Assets/VoxelEngine/Rendering/Runtime/Vegetation/ProceduralTreeRenderer.cs:1106)
VoxelEngine.Rendering.Runtime.Vegetation.ProceduralTreeRenderer:OnDestroy () (at Assets/VoxelEngine/Rendering/Runtime/Vegetation/ProceduralTreeRenderer.cs:1115)
UnityEditor.TestTools.TestRunner.CommandLineTest.Executer:ExitApplication (UnityEditor.TestTools.TestRunner.CommandLineTest.Executer/ReturnCodes,string) (at ./Library/PackageCache/com.unity.test-framework@1405238725ab/UnityEditor.TestRunner/CommandLineTest/Executer.cs:83)
UnityEditor.TestTools.TestRunner.CommandLineTest.Executer:ExitIfRunIsCompleted () (at ./Library/PackageCache/com.unity.test-framework@1405238725ab/UnityEditor.TestRunner/CommandLineTest/Executer.cs:74)
UnityEditor.EditorApplication:Internal_CallUpdateFunctions () (at /Users/bokken/build/output/unity/unity/Editor/Mono/EditorApplication.cs:403)

[Assets/VoxelEngine/Rendering/Runtime/Vegetation/ProceduralTreeRenderer.cs line 1079]

TreeBatch_2_4_LOD2: Destroy may not be called from edit mode! Use DestroyImmediate instead.
Destroying an object in edit mode destroys it permanently
UnityEngine.Debug:ExtractStackTraceNoAlloc (byte*,int,string)
UnityEngine.StackTraceUtility:ExtractStackTrace () (at /Users/bokken/build/output/unity/unity/Runtime/Export/Scripting/StackTrace.cs:35)
UnityEngine.Object:Destroy (UnityEngine.Object,single)
UnityEngine.Object:Destroy (UnityEngine.Object) (at /Users/bokken/build/output/unity/unity/Runtime/Export/Scripting/UnityEngineObject.bindings.cs:707)
VoxelEngine.Rendering.Runtime.Vegetation.ProceduralTreeRenderer:DestroyBatchObjects (VoxelEngine.Rendering.Runtime.Vegetation.ProceduralTreeRenderer/BatchPresentation) (at Assets/VoxelEngine/Rendering/Runtime/Vegetation/ProceduralTreeRenderer.cs:1079)
VoxelEngine.Rendering.Runtime.Vegetation.ProceduralTreeRenderer:ClearBatches () (at Assets/VoxelEngine/Rendering/Runtime/Vegetation/ProceduralTreeRenderer.cs:1092)
VoxelEngine.Rendering.Runtime.Vegetation.ProceduralTreeRenderer:ClearGenerated () (at Assets/VoxelEngine/Rendering/Runtime/Vegetation/ProceduralTreeRenderer.cs:1106)
VoxelEngine.Rendering.Runtime.Vegetation.ProceduralTreeRenderer:OnDestroy () (at Assets/VoxelEngine/Rendering/Runtime/Vegetation/ProceduralTreeRenderer.cs:1115)
UnityEditor.TestTools.TestRunner.CommandLineTest.Executer:ExitApplication (UnityEditor.TestTools.TestRunner.CommandLineTest.Executer/ReturnCodes,string) (at ./Library/PackageCache/com.unity.test-framework@1405238725ab/UnityEditor.TestRunner/CommandLineTest/Executer.cs:83)
UnityEditor.TestTools.TestRunner.CommandLineTest.Executer:ExitIfRunIsCompleted () (at ./Library/PackageCache/com.unity.test-framework@1405238725ab/UnityEditor.TestRunner/CommandLineTest/Executer.cs:74)
UnityEditor.EditorApplication:Internal_CallUpdateFunctions () (at /Users/bokken/build/output/unity/unity/Editor/Mono/EditorApplication.cs:403)

[Assets/VoxelEngine/Rendering/Runtime/Vegetation/ProceduralTreeRenderer.cs line 1079]

TreeBatch_2_4_LOD3: Destroy may not be called from edit mode! Use DestroyImmediate instead.
Destroying an object in edit mode destroys it permanently
UnityEngine.Debug:ExtractStackTraceNoAlloc (byte*,int,string)
UnityEngine.StackTraceUtility:ExtractStackTrace () (at /Users/bokken/build/output/unity/unity/Runtime/Export/Scripting/StackTrace.cs:35)
UnityEngine.Object:Destroy (UnityEngine.Object,single)
UnityEngine.Object:Destroy (UnityEngine.Object) (at /Users/bokken/build/output/unity/unity/Runtime/Export/Scripting/UnityEngineObject.bindings.cs:707)
VoxelEngine.Rendering.Runtime.Vegetation.ProceduralTreeRenderer:DestroyBatchObjects (VoxelEngine.Rendering.Runtime.Vegetation.ProceduralTreeRenderer/BatchPresentation) (at Assets/VoxelEngine/Rendering/Runtime/Vegetation/ProceduralTreeRenderer.cs:1081)
VoxelEngine.Rendering.Runtime.Vegetation.ProceduralTreeRenderer:ClearBatches () (at Assets/VoxelEngine/Rendering/Runtime/Vegetation/ProceduralTreeRenderer.cs:1092)
VoxelEngine.Rendering.Runtime.Vegetation.ProceduralTreeRenderer:ClearGenerated () (at Assets/VoxelEngine/Rendering/Runtime/Vegetation/ProceduralTreeRenderer.cs:1106)
VoxelEngine.Rendering.Runtime.Vegetation.ProceduralTreeRenderer:OnDestroy () (at Assets/VoxelEngine/Rendering/Runtime/Vegetation/ProceduralTreeRenderer.cs:1115)
UnityEditor.TestTools.TestRunner.CommandLineTest.Executer:ExitApplication (UnityEditor.TestTools.TestRunner.CommandLineTest.Executer/ReturnCodes,string) (at ./Library/PackageCache/com.unity.test-framework@1405238725ab/UnityEditor.TestRunner/CommandLineTest/Executer.cs:83)
UnityEditor.TestTools.TestRunner.CommandLineTest.Executer:ExitIfRunIsCompleted () (at ./Library/PackageCache/com.unity.test-framework@1405238725ab/UnityEditor.TestRunner/CommandLineTest/Executer.cs:74)
UnityEditor.EditorApplication:Internal_CallUpdateFunctions () (at /Users/bokken/build/output/unity/unity/Editor/Mono/EditorApplication.cs:403)

[Assets/VoxelEngine/Rendering/Runtime/Vegetation/ProceduralTreeRenderer.cs line 1081]

Tree Batch 2,4: Destroy may not be called from edit mode! Use DestroyImmediate instead.
Destroying an object in edit mode destroys it permanently
UnityEngine.Debug:ExtractStackTraceNoAlloc (byte*,int,string)
UnityEngine.StackTraceUtility:ExtractStackTrace () (at /Users/bokken/build/output/unity/unity/Runtime/Export/Scripting/StackTrace.cs:35)
UnityEngine.Object:Destroy (UnityEngine.Object,single)
UnityEngine.Object:Destroy (UnityEngine.Object) (at /Users/bokken/build/output/unity/unity/Runtime/Export/Scripting/UnityEngineObject.bindings.cs:707)
VoxelEngine.Rendering.Runtime.Vegetation.ProceduralTreeRenderer:DestroyBatchObjects (VoxelEngine.Rendering.Runtime.Vegetation.ProceduralTreeRenderer/BatchPresentation) (at Assets/VoxelEngine/Rendering/Runtime/Vegetation/ProceduralTreeRenderer.cs:1085)
VoxelEngine.Rendering.Runtime.Vegetation.ProceduralTreeRenderer:ClearBatches () (at Assets/VoxelEngine/Rendering/Runtime/Vegetation/ProceduralTreeRenderer.cs:1092)
VoxelEngine.Rendering.Runtime.Vegetation.ProceduralTreeRenderer:ClearGenerated () (at Assets/VoxelEngine/Rendering/Runtime/Vegetation/ProceduralTreeRenderer.cs:1106)
VoxelEngine.Rendering.Runtime.Vegetation.ProceduralTreeRenderer:OnDestroy () (at Assets/VoxelEngine/Rendering/Runtime/Vegetation/ProceduralTreeRenderer.cs:1115)
UnityEditor.TestTools.TestRunner.CommandLineTest.Executer:ExitApplication (UnityEditor.TestTools.TestRunner.CommandLineTest.Executer/ReturnCodes,string) (at ./Library/PackageCache/com.unity.test-framework@1405238725ab/UnityEditor.TestRunner/CommandLineTest/Executer.cs:83)
UnityEditor.TestTools.TestRunner.CommandLineTest.Executer:ExitIfRunIsCompleted () (at ./Library/PackageCache/com.unity.test-framework@1405238725ab/UnityEditor.TestRunner/CommandLineTest/Executer.cs:74)
UnityEditor.EditorApplication:Internal_CallUpdateFunctions () (at /Users/bokken/build/output/unity/unity/Editor/Mono/EditorApplication.cs:403)

[Assets/VoxelEngine/Rendering/Runtime/Vegetation/ProceduralTreeRenderer.cs line 1085]

TreeBatch_3_4_LOD0: Destroy may not be called from edit mode! Use DestroyImmediate instead.
Destroying an object in edit mode destroys it permanently
UnityEngine.Debug:ExtractStackTraceNoAlloc (byte*,int,string)
UnityEngine.StackTraceUtility:ExtractStackTrace () (at /Users/bokken/build/output/unity/unity/Runtime/Export/Scripting/StackTrace.cs:35)
UnityEngine.Object:Destroy (UnityEngine.Object,single)
UnityEngine.Object:Destroy (UnityEngine.Object) (at /Users/bokken/build/output/unity/unity/Runtime/Export/Scripting/UnityEngineObject.bindings.cs:707)
VoxelEngine.Rendering.Runtime.Vegetation.ProceduralTreeRenderer:DestroyBatchObjects (VoxelEngine.Rendering.Runtime.Vegetation.ProceduralTreeRenderer/BatchPresentation) (at Assets/VoxelEngine/Rendering/Runtime/Vegetation/ProceduralTreeRenderer.cs:1079)
VoxelEngine.Rendering.Runtime.Vegetation.ProceduralTreeRenderer:ClearBatches () (at Assets/VoxelEngine/Rendering/Runtime/Vegetation/ProceduralTreeRenderer.cs:1092)
VoxelEngine.Rendering.Runtime.Vegetation.ProceduralTreeRenderer:ClearGenerated () (at Assets/VoxelEngine/Rendering/Runtime/Vegetation/ProceduralTreeRenderer.cs:1106)
VoxelEngine.Rendering.Runtime.Vegetation.ProceduralTreeRenderer:OnDestroy () (at Assets/VoxelEngine/Rendering/Runtime/Vegetation/ProceduralTreeRenderer.cs:1115)
UnityEditor.TestTools.TestRunner.CommandLineTest.Executer:ExitApplication (UnityEditor.TestTools.TestRunner.CommandLineTest.Executer/ReturnCodes,string) (at ./Library/PackageCache/com.unity.test-framework@1405238725ab/UnityEditor.TestRunner/CommandLineTest/Executer.cs:83)
UnityEditor.TestTools.TestRunner.CommandLineTest.Executer:ExitIfRunIsCompleted () (at ./Library/PackageCache/com.unity.test-framework@1405238725ab/UnityEditor.TestRunner/CommandLineTest/Executer.cs:74)
UnityEditor.EditorApplication:Internal_CallUpdateFunctions () (at /Users/bokken/build/output/unity/unity/Editor/Mono/EditorApplication.cs:403)

[Assets/VoxelEngine/Rendering/Runtime/Vegetation/ProceduralTreeRenderer.cs line 1079]

TreeBatch_3_4_LOD1: Destroy may not be called from edit mode! Use DestroyImmediate instead.
Destroying an object in edit mode destroys it permanently
UnityEngine.Debug:ExtractStackTraceNoAlloc (byte*,int,string)
UnityEngine.StackTraceUtility:ExtractStackTrace () (at /Users/bokken/build/output/unity/unity/Runtime/Export/Scripting/StackTrace.cs:35)
UnityEngine.Object:Destroy (UnityEngine.Object,single)
UnityEngine.Object:Destroy (UnityEngine.Object) (at /Users/bokken/build/output/unity/unity/Runtime/Export/Scripting/UnityEngineObject.bindings.cs:707)
VoxelEngine.Rendering.Runtime.Vegetation.ProceduralTreeRenderer:DestroyBatchObjects (VoxelEngine.Rendering.Runtime.Vegetation.ProceduralTreeRenderer/BatchPresentation) (at Assets/VoxelEngine/Rendering/Runtime/Vegetation/ProceduralTreeRenderer.cs:1079)
VoxelEngine.Rendering.Runtime.Vegetation.ProceduralTreeRenderer:ClearBatches () (at Assets/VoxelEngine/Rendering/Runtime/Vegetation/ProceduralTreeRenderer.cs:1092)
VoxelEngine.Rendering.Runtime.Vegetation.ProceduralTreeRenderer:ClearGenerated () (at Assets/VoxelEngine/Rendering/Runtime/Vegetation/ProceduralTreeRenderer.cs:1106)
VoxelEngine.Rendering.Runtime.Vegetation.ProceduralTreeRenderer:OnDestroy () (at Assets/VoxelEngine/Rendering/Runtime/Vegetation/ProceduralTreeRenderer.cs:1115)
UnityEditor.TestTools.TestRunner.CommandLineTest.Executer:ExitApplication (UnityEditor.TestTools.TestRunner.CommandLineTest.Executer/ReturnCodes,string) (at ./Library/PackageCache/com.unity.test-framework@1405238725ab/UnityEditor.TestRunner/CommandLineTest/Executer.cs:83)
UnityEditor.TestTools.TestRunner.CommandLineTest.Executer:ExitIfRunIsCompleted () (at ./Library/PackageCache/com.unity.test-framework@1405238725ab/UnityEditor.TestRunner/CommandLineTest/Executer.cs:74)
UnityEditor.EditorApplication:Internal_CallUpdateFunctions () (at /Users/bokken/build/output/unity/unity/Editor/Mono/EditorApplication.cs:403)

[Assets/VoxelEngine/Rendering/Runtime/Vegetation/ProceduralTreeRenderer.cs line 1079]

TreeBatch_3_4_LOD2: Destroy may not be called from edit mode! Use DestroyImmediate instead.
Destroying an object in edit mode destroys it permanently
UnityEngine.Debug:ExtractStackTraceNoAlloc (byte*,int,string)
UnityEngine.StackTraceUtility:ExtractStackTrace () (at /Users/bokken/build/output/unity/unity/Runtime/Export/Scripting/StackTrace.cs:35)
UnityEngine.Object:Destroy (UnityEngine.Object,single)
UnityEngine.Object:Destroy (UnityEngine.Object) (at /Users/bokken/build/output/unity/unity/Runtime/Export/Scripting/UnityEngineObject.bindings.cs:707)
VoxelEngine.Rendering.Runtime.Vegetation.ProceduralTreeRenderer:DestroyBatchObjects (VoxelEngine.Rendering.Runtime.Vegetation.ProceduralTreeRenderer/BatchPresentation) (at Assets/VoxelEngine/Rendering/Runtime/Vegetation/ProceduralTreeRenderer.cs:1079)
VoxelEngine.Rendering.Runtime.Vegetation.ProceduralTreeRenderer:ClearBatches () (at Assets/VoxelEngine/Rendering/Runtime/Vegetation/ProceduralTreeRenderer.cs:1092)
VoxelEngine.Rendering.Runtime.Vegetation.ProceduralTreeRenderer:ClearGenerated () (at Assets/VoxelEngine/Rendering/Runtime/Vegetation/ProceduralTreeRenderer.cs:1106)
VoxelEngine.Rendering.Runtime.Vegetation.ProceduralTreeRenderer:OnDestroy () (at Assets/VoxelEngine/Rendering/Runtime/Vegetation/ProceduralTreeRenderer.cs:1115)
UnityEditor.TestTools.TestRunner.CommandLineTest.Executer:ExitApplication (UnityEditor.TestTools.TestRunner.CommandLineTest.Executer/ReturnCodes,string) (at ./Library/PackageCache/com.unity.test-framework@1405238725ab/UnityEditor.TestRunner/CommandLineTest/Executer.cs:83)
UnityEditor.TestTools.TestRunner.CommandLineTest.Executer:ExitIfRunIsCompleted () (at ./Library/PackageCache/com.unity.test-framework@1405238725ab/UnityEditor.TestRunner/CommandLineTest/Executer.cs:74)
UnityEditor.EditorApplication:Internal_CallUpdateFunctions () (at /Users/bokken/build/output/unity/unity/Editor/Mono/EditorApplication.cs:403)

[Assets/VoxelEngine/Rendering/Runtime/Vegetation/ProceduralTreeRenderer.cs line 1079]

TreeBatch_3_4_LOD3: Destroy may not be called from edit mode! Use DestroyImmediate instead.
Destroying an object in edit mode destroys it permanently
UnityEngine.Debug:ExtractStackTraceNoAlloc (byte*,int,string)
UnityEngine.StackTraceUtility:ExtractStackTrace () (at /Users/bokken/build/output/unity/unity/Runtime/Export/Scripting/StackTrace.cs:35)
UnityEngine.Object:Destroy (UnityEngine.Object,single)
UnityEngine.Object:Destroy (UnityEngine.Object) (at /Users/bokken/build/output/unity/unity/Runtime/Export/Scripting/UnityEngineObject.bindings.cs:707)
VoxelEngine.Rendering.Runtime.Vegetation.ProceduralTreeRenderer:DestroyBatchObjects (VoxelEngine.Rendering.Runtime.Vegetation.ProceduralTreeRenderer/BatchPresentation) (at Assets/VoxelEngine/Rendering/Runtime/Vegetation/ProceduralTreeRenderer.cs:1081)
VoxelEngine.Rendering.Runtime.Vegetation.ProceduralTreeRenderer:ClearBatches () (at Assets/VoxelEngine/Rendering/Runtime/Vegetation/ProceduralTreeRenderer.cs:1092)
VoxelEngine.Rendering.Runtime.Vegetation.ProceduralTreeRenderer:ClearGenerated () (at Assets/VoxelEngine/Rendering/Runtime/Vegetation/ProceduralTreeRenderer.cs:1106)
VoxelEngine.Rendering.Runtime.Vegetation.ProceduralTreeRenderer:OnDestroy () (at Assets/VoxelEngine/Rendering/Runtime/Vegetation/ProceduralTreeRenderer.cs:1115)
UnityEditor.TestTools.TestRunner.CommandLineTest.Executer:ExitApplication (UnityEditor.TestTools.TestRunner.CommandLineTest.Executer/ReturnCodes,string) (at ./Library/PackageCache/com.unity.test-framework@1405238725ab/UnityEditor.TestRunner/CommandLineTest/Executer.cs:83)
UnityEditor.TestTools.TestRunner.CommandLineTest.Executer:ExitIfRunIsCompleted () (at ./Library/PackageCache/com.unity.test-framework@1405238725ab/UnityEditor.TestRunner/CommandLineTest/Executer.cs:74)
UnityEditor.EditorApplication:Internal_CallUpdateFunctions () (at /Users/bokken/build/output/unity/unity/Editor/Mono/EditorApplication.cs:403)

[Assets/VoxelEngine/Rendering/Runtime/Vegetation/ProceduralTreeRenderer.cs line 1081]

Tree Batch 3,4: Destroy may not be called from edit mode! Use DestroyImmediate instead.
Destroying an object in edit mode destroys it permanently
UnityEngine.Debug:ExtractStackTraceNoAlloc (byte*,int,string)
UnityEngine.StackTraceUtility:ExtractStackTrace () (at /Users/bokken/build/output/unity/unity/Runtime/Export/Scripting/StackTrace.cs:35)
UnityEngine.Object:Destroy (UnityEngine.Object,single)
UnityEngine.Object:Destroy (UnityEngine.Object) (at /Users/bokken/build/output/unity/unity/Runtime/Export/Scripting/UnityEngineObject.bindings.cs:707)
VoxelEngine.Rendering.Runtime.Vegetation.ProceduralTreeRenderer:DestroyBatchObjects (VoxelEngine.Rendering.Runtime.Vegetation.ProceduralTreeRenderer/BatchPresentation) (at Assets/VoxelEngine/Rendering/Runtime/Vegetation/ProceduralTreeRenderer.cs:1085)
VoxelEngine.Rendering.Runtime.Vegetation.ProceduralTreeRenderer:ClearBatches () (at Assets/VoxelEngine/Rendering/Runtime/Vegetation/ProceduralTreeRenderer.cs:1092)
VoxelEngine.Rendering.Runtime.Vegetation.ProceduralTreeRenderer:ClearGenerated () (at Assets/VoxelEngine/Rendering/Runtime/Vegetation/ProceduralTreeRenderer.cs:1106)
VoxelEngine.Rendering.Runtime.Vegetation.ProceduralTreeRenderer:OnDestroy () (at Assets/VoxelEngine/Rendering/Runtime/Vegetation/ProceduralTreeRenderer.cs:1115)
UnityEditor.TestTools.TestRunner.CommandLineTest.Executer:ExitApplication (UnityEditor.TestTools.TestRunner.CommandLineTest.Executer/ReturnCodes,string) (at ./Library/PackageCache/com.unity.test-framework@1405238725ab/UnityEditor.TestRunner/CommandLineTest/Executer.cs:83)
UnityEditor.TestTools.TestRunner.CommandLineTest.Executer:ExitIfRunIsCompleted () (at ./Library/PackageCache/com.unity.test-framework@1405238725ab/UnityEditor.TestRunner/CommandLineTest/Executer.cs:74)
UnityEditor.EditorApplication:Internal_CallUpdateFunctions () (at /Users/bokken/build/output/unity/unity/Editor/Mono/EditorApplication.cs:403)

[Assets/VoxelEngine/Rendering/Runtime/Vegetation/ProceduralTreeRenderer.cs line 1085]

TreeBatch_4_4_LOD0: Destroy may not be called from edit mode! Use DestroyImmediate instead.
Destroying an object in edit mode destroys it permanently
UnityEngine.Debug:ExtractStackTraceNoAlloc (byte*,int,string)
UnityEngine.StackTraceUtility:ExtractStackTrace () (at /Users/bokken/build/output/unity/unity/Runtime/Export/Scripting/StackTrace.cs:35)
UnityEngine.Object:Destroy (UnityEngine.Object,single)
UnityEngine.Object:Destroy (UnityEngine.Object) (at /Users/bokken/build/output/unity/unity/Runtime/Export/Scripting/UnityEngineObject.bindings.cs:707)
VoxelEngine.Rendering.Runtime.Vegetation.ProceduralTreeRenderer:DestroyBatchObjects (VoxelEngine.Rendering.Runtime.Vegetation.ProceduralTreeRenderer/BatchPresentation) (at Assets/VoxelEngine/Rendering/Runtime/Vegetation/ProceduralTreeRenderer.cs:1079)
VoxelEngine.Rendering.Runtime.Vegetation.ProceduralTreeRenderer:ClearBatches () (at Assets/VoxelEngine/Rendering/Runtime/Vegetation/ProceduralTreeRenderer.cs:1092)
VoxelEngine.Rendering.Runtime.Vegetation.ProceduralTreeRenderer:ClearGenerated () (at Assets/VoxelEngine/Rendering/Runtime/Vegetation/ProceduralTreeRenderer.cs:1106)
VoxelEngine.Rendering.Runtime.Vegetation.ProceduralTreeRenderer:OnDestroy () (at Assets/VoxelEngine/Rendering/Runtime/Vegetation/ProceduralTreeRenderer.cs:1115)
UnityEditor.TestTools.TestRunner.CommandLineTest.Executer:ExitApplication (UnityEditor.TestTools.TestRunner.CommandLineTest.Executer/ReturnCodes,string) (at ./Library/PackageCache/com.unity.test-framework@1405238725ab/UnityEditor.TestRunner/CommandLineTest/Executer.cs:83)
UnityEditor.TestTools.TestRunner.CommandLineTest.Executer:ExitIfRunIsCompleted () (at ./Library/PackageCache/com.unity.test-framework@1405238725ab/UnityEditor.TestRunner/CommandLineTest/Executer.cs:74)
UnityEditor.EditorApplication:Internal_CallUpdateFunctions () (at /Users/bokken/build/output/unity/unity/Editor/Mono/EditorApplication.cs:403)

[Assets/VoxelEngine/Rendering/Runtime/Vegetation/ProceduralTreeRenderer.cs line 1079]

TreeBatch_4_4_LOD1: Destroy may not be called from edit mode! Use DestroyImmediate instead.
Destroying an object in edit mode destroys it permanently
UnityEngine.Debug:ExtractStackTraceNoAlloc (byte*,int,string)
UnityEngine.StackTraceUtility:ExtractStackTrace () (at /Users/bokken/build/output/unity/unity/Runtime/Export/Scripting/StackTrace.cs:35)
UnityEngine.Object:Destroy (UnityEngine.Object,single)
UnityEngine.Object:Destroy (UnityEngine.Object) (at /Users/bokken/build/output/unity/unity/Runtime/Export/Scripting/UnityEngineObject.bindings.cs:707)
VoxelEngine.Rendering.Runtime.Vegetation.ProceduralTreeRenderer:DestroyBatchObjects (VoxelEngine.Rendering.Runtime.Vegetation.ProceduralTreeRenderer/BatchPresentation) (at Assets/VoxelEngine/Rendering/Runtime/Vegetation/ProceduralTreeRenderer.cs:1079)
VoxelEngine.Rendering.Runtime.Vegetation.ProceduralTreeRenderer:ClearBatches () (at Assets/VoxelEngine/Rendering/Runtime/Vegetation/ProceduralTreeRenderer.cs:1092)
VoxelEngine.Rendering.Runtime.Vegetation.ProceduralTreeRenderer:ClearGenerated () (at Assets/VoxelEngine/Rendering/Runtime/Vegetation/ProceduralTreeRenderer.cs:1106)
VoxelEngine.Rendering.Runtime.Vegetation.ProceduralTreeRenderer:OnDestroy () (at Assets/VoxelEngine/Rendering/Runtime/Vegetation/ProceduralTreeRenderer.cs:1115)
UnityEditor.TestTools.TestRunner.CommandLineTest.Executer:ExitApplication (UnityEditor.TestTools.TestRunner.CommandLineTest.Executer/ReturnCodes,string) (at ./Library/PackageCache/com.unity.test-framework@1405238725ab/UnityEditor.TestRunner/CommandLineTest/Executer.cs:83)
UnityEditor.TestTools.TestRunner.CommandLineTest.Executer:ExitIfRunIsCompleted () (at ./Library/PackageCache/com.unity.test-framework@1405238725ab/UnityEditor.TestRunner/CommandLineTest/Executer.cs:74)
UnityEditor.EditorApplication:Internal_CallUpdateFunctions () (at /Users/bokken/build/output/unity/unity/Editor/Mono/EditorApplication.cs:403)

[Assets/VoxelEngine/Rendering/Runtime/Vegetation/ProceduralTreeRenderer.cs line 1079]

TreeBatch_4_4_LOD2: Destroy may not be called from edit mode! Use DestroyImmediate instead.
Destroying an object in edit mode destroys it permanently
UnityEngine.Debug:ExtractStackTraceNoAlloc (byte*,int,string)
UnityEngine.StackTraceUtility:ExtractStackTrace () (at /Users/bokken/build/output/unity/unity/Runtime/Export/Scripting/StackTrace.cs:35)
UnityEngine.Object:Destroy (UnityEngine.Object,single)
UnityEngine.Object:Destroy (UnityEngine.Object) (at /Users/bokken/build/output/unity/unity/Runtime/Export/Scripting/UnityEngineObject.bindings.cs:707)
VoxelEngine.Rendering.Runtime.Vegetation.ProceduralTreeRenderer:DestroyBatchObjects (VoxelEngine.Rendering.Runtime.Vegetation.ProceduralTreeRenderer/BatchPresentation) (at Assets/VoxelEngine/Rendering/Runtime/Vegetation/ProceduralTreeRenderer.cs:1079)
VoxelEngine.Rendering.Runtime.Vegetation.ProceduralTreeRenderer:ClearBatches () (at Assets/VoxelEngine/Rendering/Runtime/Vegetation/ProceduralTreeRenderer.cs:1092)
VoxelEngine.Rendering.Runtime.Vegetation.ProceduralTreeRenderer:ClearGenerated () (at Assets/VoxelEngine/Rendering/Runtime/Vegetation/ProceduralTreeRenderer.cs:1106)
VoxelEngine.Rendering.Runtime.Vegetation.ProceduralTreeRenderer:OnDestroy () (at Assets/VoxelEngine/Rendering/Runtime/Vegetation/ProceduralTreeRenderer.cs:1115)
UnityEditor.TestTools.TestRunner.CommandLineTest.Executer:ExitApplication (UnityEditor.TestTools.TestRunner.CommandLineTest.Executer/ReturnCodes,string) (at ./Library/PackageCache/com.unity.test-framework@1405238725ab/UnityEditor.TestRunner/CommandLineTest/Executer.cs:83)
UnityEditor.TestTools.TestRunner.CommandLineTest.Executer:ExitIfRunIsCompleted () (at ./Library/PackageCache/com.unity.test-framework@1405238725ab/UnityEditor.TestRunner/CommandLineTest/Executer.cs:74)
UnityEditor.EditorApplication:Internal_CallUpdateFunctions () (at /Users/bokken/build/output/unity/unity/Editor/Mono/EditorApplication.cs:403)

[Assets/VoxelEngine/Rendering/Runtime/Vegetation/ProceduralTreeRenderer.cs line 1079]

TreeBatch_4_4_LOD3: Destroy may not be called from edit mode! Use DestroyImmediate instead.
Destroying an object in edit mode destroys it permanently
UnityEngine.Debug:ExtractStackTraceNoAlloc (byte*,int,string)
UnityEngine.StackTraceUtility:ExtractStackTrace () (at /Users/bokken/build/output/unity/unity/Runtime/Export/Scripting/StackTrace.cs:35)
UnityEngine.Object:Destroy (UnityEngine.Object,single)
UnityEngine.Object:Destroy (UnityEngine.Object) (at /Users/bokken/build/output/unity/unity/Runtime/Export/Scripting/UnityEngineObject.bindings.cs:707)
VoxelEngine.Rendering.Runtime.Vegetation.ProceduralTreeRenderer:DestroyBatchObjects (VoxelEngine.Rendering.Runtime.Vegetation.ProceduralTreeRenderer/BatchPresentation) (at Assets/VoxelEngine/Rendering/Runtime/Vegetation/ProceduralTreeRenderer.cs:1081)
VoxelEngine.Rendering.Runtime.Vegetation.ProceduralTreeRenderer:ClearBatches () (at Assets/VoxelEngine/Rendering/Runtime/Vegetation/ProceduralTreeRenderer.cs:1092)
VoxelEngine.Rendering.Runtime.Vegetation.ProceduralTreeRenderer:ClearGenerated () (at Assets/VoxelEngine/Rendering/Runtime/Vegetation/ProceduralTreeRenderer.cs:1106)
VoxelEngine.Rendering.Runtime.Vegetation.ProceduralTreeRenderer:OnDestroy () (at Assets/VoxelEngine/Rendering/Runtime/Vegetation/ProceduralTreeRenderer.cs:1115)
UnityEditor.TestTools.TestRunner.CommandLineTest.Executer:ExitApplication (UnityEditor.TestTools.TestRunner.CommandLineTest.Executer/ReturnCodes,string) (at ./Library/PackageCache/com.unity.test-framework@1405238725ab/UnityEditor.TestRunner/CommandLineTest/Executer.cs:83)
UnityEditor.TestTools.TestRunner.CommandLineTest.Executer:ExitIfRunIsCompleted () (at ./Library/PackageCache/com.unity.test-framework@1405238725ab/UnityEditor.TestRunner/CommandLineTest/Executer.cs:74)
UnityEditor.EditorApplication:Internal_CallUpdateFunctions () (at /Users/bokken/build/output/unity/unity/Editor/Mono/EditorApplication.cs:403)

[Assets/VoxelEngine/Rendering/Runtime/Vegetation/ProceduralTreeRenderer.cs line 1081]

Tree Batch 4,4: Destroy may not be called from edit mode! Use DestroyImmediate instead.
Destroying an object in edit mode destroys it permanently
UnityEngine.Debug:ExtractStackTraceNoAlloc (byte*,int,string)
UnityEngine.StackTraceUtility:ExtractStackTrace () (at /Users/bokken/build/output/unity/unity/Runtime/Export/Scripting/StackTrace.cs:35)
UnityEngine.Object:Destroy (UnityEngine.Object,single)
UnityEngine.Object:Destroy (UnityEngine.Object) (at /Users/bokken/build/output/unity/unity/Runtime/Export/Scripting/UnityEngineObject.bindings.cs:707)
VoxelEngine.Rendering.Runtime.Vegetation.ProceduralTreeRenderer:DestroyBatchObjects (VoxelEngine.Rendering.Runtime.Vegetation.ProceduralTreeRenderer/BatchPresentation) (at Assets/VoxelEngine/Rendering/Runtime/Vegetation/ProceduralTreeRenderer.cs:1085)
VoxelEngine.Rendering.Runtime.Vegetation.ProceduralTreeRenderer:ClearBatches () (at Assets/VoxelEngine/Rendering/Runtime/Vegetation/ProceduralTreeRenderer.cs:1092)
VoxelEngine.Rendering.Runtime.Vegetation.ProceduralTreeRenderer:ClearGenerated () (at Assets/VoxelEngine/Rendering/Runtime/Vegetation/ProceduralTreeRenderer.cs:1106)
VoxelEngine.Rendering.Runtime.Vegetation.ProceduralTreeRenderer:OnDestroy () (at Assets/VoxelEngine/Rendering/Runtime/Vegetation/ProceduralTreeRenderer.cs:1115)
UnityEditor.TestTools.TestRunner.CommandLineTest.Executer:ExitApplication (UnityEditor.TestTools.TestRunner.CommandLineTest.Executer/ReturnCodes,string) (at ./Library/PackageCache/com.unity.test-framework@1405238725ab/UnityEditor.TestRunner/CommandLineTest/Executer.cs:83)
UnityEditor.TestTools.TestRunner.CommandLineTest.Executer:ExitIfRunIsCompleted () (at ./Library/PackageCache/com.unity.test-framework@1405238725ab/UnityEditor.TestRunner/CommandLineTest/Executer.cs:74)
UnityEditor.EditorApplication:Internal_CallUpdateFunctions () (at /Users/bokken/build/output/unity/unity/Editor/Mono/EditorApplication.cs:403)

[Assets/VoxelEngine/Rendering/Runtime/Vegetation/ProceduralTreeRenderer.cs line 1085]

TreeBatch_0_5_LOD0: Destroy may not be called from edit mode! Use DestroyImmediate instead.
Destroying an object in edit mode destroys it permanently
UnityEngine.Debug:ExtractStackTraceNoAlloc (byte*,int,string)
UnityEngine.StackTraceUtility:ExtractStackTrace () (at /Users/bokken/build/output/unity/unity/Runtime/Export/Scripting/StackTrace.cs:35)
UnityEngine.Object:Destroy (UnityEngine.Object,single)
UnityEngine.Object:Destroy (UnityEngine.Object) (at /Users/bokken/build/output/unity/unity/Runtime/Export/Scripting/UnityEngineObject.bindings.cs:707)
VoxelEngine.Rendering.Runtime.Vegetation.ProceduralTreeRenderer:DestroyBatchObjects (VoxelEngine.Rendering.Runtime.Vegetation.ProceduralTreeRenderer/BatchPresentation) (at Assets/VoxelEngine/Rendering/Runtime/Vegetation/ProceduralTreeRenderer.cs:1079)
VoxelEngine.Rendering.Runtime.Vegetation.ProceduralTreeRenderer:ClearBatches () (at Assets/VoxelEngine/Rendering/Runtime/Vegetation/ProceduralTreeRenderer.cs:1092)
VoxelEngine.Rendering.Runtime.Vegetation.ProceduralTreeRenderer:ClearGenerated () (at Assets/VoxelEngine/Rendering/Runtime/Vegetation/ProceduralTreeRenderer.cs:1106)
VoxelEngine.Rendering.Runtime.Vegetation.ProceduralTreeRenderer:OnDestroy () (at Assets/VoxelEngine/Rendering/Runtime/Vegetation/ProceduralTreeRenderer.cs:1115)
UnityEditor.TestTools.TestRunner.CommandLineTest.Executer:ExitApplication (UnityEditor.TestTools.TestRunner.CommandLineTest.Executer/ReturnCodes,string) (at ./Library/PackageCache/com.unity.test-framework@1405238725ab/UnityEditor.TestRunner/CommandLineTest/Executer.cs:83)
UnityEditor.TestTools.TestRunner.CommandLineTest.Executer:ExitIfRunIsCompleted () (at ./Library/PackageCache/com.unity.test-framework@1405238725ab/UnityEditor.TestRunner/CommandLineTest/Executer.cs:74)
UnityEditor.EditorApplication:Internal_CallUpdateFunctions () (at /Users/bokken/build/output/unity/unity/Editor/Mono/EditorApplication.cs:403)

[Assets/VoxelEngine/Rendering/Runtime/Vegetation/ProceduralTreeRenderer.cs line 1079]

TreeBatch_0_5_LOD1: Destroy may not be called from edit mode! Use DestroyImmediate instead.
Destroying an object in edit mode destroys it permanently
UnityEngine.Debug:ExtractStackTraceNoAlloc (byte*,int,string)
UnityEngine.StackTraceUtility:ExtractStackTrace () (at /Users/bokken/build/output/unity/unity/Runtime/Export/Scripting/StackTrace.cs:35)
UnityEngine.Object:Destroy (UnityEngine.Object,single)
UnityEngine.Object:Destroy (UnityEngine.Object) (at /Users/bokken/build/output/unity/unity/Runtime/Export/Scripting/UnityEngineObject.bindings.cs:707)
VoxelEngine.Rendering.Runtime.Vegetation.ProceduralTreeRenderer:DestroyBatchObjects (VoxelEngine.Rendering.Runtime.Vegetation.ProceduralTreeRenderer/BatchPresentation) (at Assets/VoxelEngine/Rendering/Runtime/Vegetation/ProceduralTreeRenderer.cs:1079)
VoxelEngine.Rendering.Runtime.Vegetation.ProceduralTreeRenderer:ClearBatches () (at Assets/VoxelEngine/Rendering/Runtime/Vegetation/ProceduralTreeRenderer.cs:1092)
VoxelEngine.Rendering.Runtime.Vegetation.ProceduralTreeRenderer:ClearGenerated () (at Assets/VoxelEngine/Rendering/Runtime/Vegetation/ProceduralTreeRenderer.cs:1106)
VoxelEngine.Rendering.Runtime.Vegetation.ProceduralTreeRenderer:OnDestroy () (at Assets/VoxelEngine/Rendering/Runtime/Vegetation/ProceduralTreeRenderer.cs:1115)
UnityEditor.TestTools.TestRunner.CommandLineTest.Executer:ExitApplication (UnityEditor.TestTools.TestRunner.CommandLineTest.Executer/ReturnCodes,string) (at ./Library/PackageCache/com.unity.test-framework@1405238725ab/UnityEditor.TestRunner/CommandLineTest/Executer.cs:83)
UnityEditor.TestTools.TestRunner.CommandLineTest.Executer:ExitIfRunIsCompleted () (at ./Library/PackageCache/com.unity.test-framework@1405238725ab/UnityEditor.TestRunner/CommandLineTest/Executer.cs:74)
UnityEditor.EditorApplication:Internal_CallUpdateFunctions () (at /Users/bokken/build/output/unity/unity/Editor/Mono/EditorApplication.cs:403)

[Assets/VoxelEngine/Rendering/Runtime/Vegetation/ProceduralTreeRenderer.cs line 1079]

TreeBatch_0_5_LOD2: Destroy may not be called from edit mode! Use DestroyImmediate instead.
Destroying an object in edit mode destroys it permanently
UnityEngine.Debug:ExtractStackTraceNoAlloc (byte*,int,string)
UnityEngine.StackTraceUtility:ExtractStackTrace () (at /Users/bokken/build/output/unity/unity/Runtime/Export/Scripting/StackTrace.cs:35)
UnityEngine.Object:Destroy (UnityEngine.Object,single)
UnityEngine.Object:Destroy (UnityEngine.Object) (at /Users/bokken/build/output/unity/unity/Runtime/Export/Scripting/UnityEngineObject.bindings.cs:707)
VoxelEngine.Rendering.Runtime.Vegetation.ProceduralTreeRenderer:DestroyBatchObjects (VoxelEngine.Rendering.Runtime.Vegetation.ProceduralTreeRenderer/BatchPresentation) (at Assets/VoxelEngine/Rendering/Runtime/Vegetation/ProceduralTreeRenderer.cs:1079)
VoxelEngine.Rendering.Runtime.Vegetation.ProceduralTreeRenderer:ClearBatches () (at Assets/VoxelEngine/Rendering/Runtime/Vegetation/ProceduralTreeRenderer.cs:1092)
VoxelEngine.Rendering.Runtime.Vegetation.ProceduralTreeRenderer:ClearGenerated () (at Assets/VoxelEngine/Rendering/Runtime/Vegetation/ProceduralTreeRenderer.cs:1106)
VoxelEngine.Rendering.Runtime.Vegetation.ProceduralTreeRenderer:OnDestroy () (at Assets/VoxelEngine/Rendering/Runtime/Vegetation/ProceduralTreeRenderer.cs:1115)
UnityEditor.TestTools.TestRunner.CommandLineTest.Executer:ExitApplication (UnityEditor.TestTools.TestRunner.CommandLineTest.Executer/ReturnCodes,string) (at ./Library/PackageCache/com.unity.test-framework@1405238725ab/UnityEditor.TestRunner/CommandLineTest/Executer.cs:83)
UnityEditor.TestTools.TestRunner.CommandLineTest.Executer:ExitIfRunIsCompleted () (at ./Library/PackageCache/com.unity.test-framework@1405238725ab/UnityEditor.TestRunner/CommandLineTest/Executer.cs:74)
UnityEditor.EditorApplication:Internal_CallUpdateFunctions () (at /Users/bokken/build/output/unity/unity/Editor/Mono/EditorApplication.cs:403)

[Assets/VoxelEngine/Rendering/Runtime/Vegetation/ProceduralTreeRenderer.cs line 1079]

TreeBatch_0_5_LOD3: Destroy may not be called from edit mode! Use DestroyImmediate instead.
Destroying an object in edit mode destroys it permanently
UnityEngine.Debug:ExtractStackTraceNoAlloc (byte*,int,string)
UnityEngine.StackTraceUtility:ExtractStackTrace () (at /Users/bokken/build/output/unity/unity/Runtime/Export/Scripting/StackTrace.cs:35)
UnityEngine.Object:Destroy (UnityEngine.Object,single)
UnityEngine.Object:Destroy (UnityEngine.Object) (at /Users/bokken/build/output/unity/unity/Runtime/Export/Scripting/UnityEngineObject.bindings.cs:707)
VoxelEngine.Rendering.Runtime.Vegetation.ProceduralTreeRenderer:DestroyBatchObjects (VoxelEngine.Rendering.Runtime.Vegetation.ProceduralTreeRenderer/BatchPresentation) (at Assets/VoxelEngine/Rendering/Runtime/Vegetation/ProceduralTreeRenderer.cs:1081)
VoxelEngine.Rendering.Runtime.Vegetation.ProceduralTreeRenderer:ClearBatches () (at Assets/VoxelEngine/Rendering/Runtime/Vegetation/ProceduralTreeRenderer.cs:1092)
VoxelEngine.Rendering.Runtime.Vegetation.ProceduralTreeRenderer:ClearGenerated () (at Assets/VoxelEngine/Rendering/Runtime/Vegetation/ProceduralTreeRenderer.cs:1106)
VoxelEngine.Rendering.Runtime.Vegetation.ProceduralTreeRenderer:OnDestroy () (at Assets/VoxelEngine/Rendering/Runtime/Vegetation/ProceduralTreeRenderer.cs:1115)
UnityEditor.TestTools.TestRunner.CommandLineTest.Executer:ExitApplication (UnityEditor.TestTools.TestRunner.CommandLineTest.Executer/ReturnCodes,string) (at ./Library/PackageCache/com.unity.test-framework@1405238725ab/UnityEditor.TestRunner/CommandLineTest/Executer.cs:83)
UnityEditor.TestTools.TestRunner.CommandLineTest.Executer:ExitIfRunIsCompleted () (at ./Library/PackageCache/com.unity.test-framework@1405238725ab/UnityEditor.TestRunner/CommandLineTest/Executer.cs:74)
UnityEditor.EditorApplication:Internal_CallUpdateFunctions () (at /Users/bokken/build/output/unity/unity/Editor/Mono/EditorApplication.cs:403)

[Assets/VoxelEngine/Rendering/Runtime/Vegetation/ProceduralTreeRenderer.cs line 1081]

Tree Batch 0,5: Destroy may not be called from edit mode! Use DestroyImmediate instead.
Destroying an object in edit mode destroys it permanently
UnityEngine.Debug:ExtractStackTraceNoAlloc (byte*,int,string)
UnityEngine.StackTraceUtility:ExtractStackTrace () (at /Users/bokken/build/output/unity/unity/Runtime/Export/Scripting/StackTrace.cs:35)
UnityEngine.Object:Destroy (UnityEngine.Object,single)
UnityEngine.Object:Destroy (UnityEngine.Object) (at /Users/bokken/build/output/unity/unity/Runtime/Export/Scripting/UnityEngineObject.bindings.cs:707)
VoxelEngine.Rendering.Runtime.Vegetation.ProceduralTreeRenderer:DestroyBatchObjects (VoxelEngine.Rendering.Runtime.Vegetation.ProceduralTreeRenderer/BatchPresentation) (at Assets/VoxelEngine/Rendering/Runtime/Vegetation/ProceduralTreeRenderer.cs:1085)
VoxelEngine.Rendering.Runtime.Vegetation.ProceduralTreeRenderer:ClearBatches () (at Assets/VoxelEngine/Rendering/Runtime/Vegetation/ProceduralTreeRenderer.cs:1092)
VoxelEngine.Rendering.Runtime.Vegetation.ProceduralTreeRenderer:ClearGenerated () (at Assets/VoxelEngine/Rendering/Runtime/Vegetation/ProceduralTreeRenderer.cs:1106)
VoxelEngine.Rendering.Runtime.Vegetation.ProceduralTreeRenderer:OnDestroy () (at Assets/VoxelEngine/Rendering/Runtime/Vegetation/ProceduralTreeRenderer.cs:1115)
UnityEditor.TestTools.TestRunner.CommandLineTest.Executer:ExitApplication (UnityEditor.TestTools.TestRunner.CommandLineTest.Executer/ReturnCodes,string) (at ./Library/PackageCache/com.unity.test-framework@1405238725ab/UnityEditor.TestRunner/CommandLineTest/Executer.cs:83)
UnityEditor.TestTools.TestRunner.CommandLineTest.Executer:ExitIfRunIsCompleted () (at ./Library/PackageCache/com.unity.test-framework@1405238725ab/UnityEditor.TestRunner/CommandLineTest/Executer.cs:74)
UnityEditor.EditorApplication:Internal_CallUpdateFunctions () (at /Users/bokken/build/output/unity/unity/Editor/Mono/EditorApplication.cs:403)

[Assets/VoxelEngine/Rendering/Runtime/Vegetation/ProceduralTreeRenderer.cs line 1085]

TreeBatch_1_5_LOD0: Destroy may not be called from edit mode! Use DestroyImmediate instead.
Destroying an object in edit mode destroys it permanently
UnityEngine.Debug:ExtractStackTraceNoAlloc (byte*,int,string)
UnityEngine.StackTraceUtility:ExtractStackTrace () (at /Users/bokken/build/output/unity/unity/Runtime/Export/Scripting/StackTrace.cs:35)
UnityEngine.Object:Destroy (UnityEngine.Object,single)
UnityEngine.Object:Destroy (UnityEngine.Object) (at /Users/bokken/build/output/unity/unity/Runtime/Export/Scripting/UnityEngineObject.bindings.cs:707)
VoxelEngine.Rendering.Runtime.Vegetation.ProceduralTreeRenderer:DestroyBatchObjects (VoxelEngine.Rendering.Runtime.Vegetation.ProceduralTreeRenderer/BatchPresentation) (at Assets/VoxelEngine/Rendering/Runtime/Vegetation/ProceduralTreeRenderer.cs:1079)
VoxelEngine.Rendering.Runtime.Vegetation.ProceduralTreeRenderer:ClearBatches () (at Assets/VoxelEngine/Rendering/Runtime/Vegetation/ProceduralTreeRenderer.cs:1092)
VoxelEngine.Rendering.Runtime.Vegetation.ProceduralTreeRenderer:ClearGenerated () (at Assets/VoxelEngine/Rendering/Runtime/Vegetation/ProceduralTreeRenderer.cs:1106)
VoxelEngine.Rendering.Runtime.Vegetation.ProceduralTreeRenderer:OnDestroy () (at Assets/VoxelEngine/Rendering/Runtime/Vegetation/ProceduralTreeRenderer.cs:1115)
UnityEditor.TestTools.TestRunner.CommandLineTest.Executer:ExitApplication (UnityEditor.TestTools.TestRunner.CommandLineTest.Executer/ReturnCodes,string) (at ./Library/PackageCache/com.unity.test-framework@1405238725ab/UnityEditor.TestRunner/CommandLineTest/Executer.cs:83)
UnityEditor.TestTools.TestRunner.CommandLineTest.Executer:ExitIfRunIsCompleted () (at ./Library/PackageCache/com.unity.test-framework@1405238725ab/UnityEditor.TestRunner/CommandLineTest/Executer.cs:74)
UnityEditor.EditorApplication:Internal_CallUpdateFunctions () (at /Users/bokken/build/output/unity/unity/Editor/Mono/EditorApplication.cs:403)

[Assets/VoxelEngine/Rendering/Runtime/Vegetation/ProceduralTreeRenderer.cs line 1079]

TreeBatch_1_5_LOD1: Destroy may not be called from edit mode! Use DestroyImmediate instead.
Destroying an object in edit mode destroys it permanently
UnityEngine.Debug:ExtractStackTraceNoAlloc (byte*,int,string)
UnityEngine.StackTraceUtility:ExtractStackTrace () (at /Users/bokken/build/output/unity/unity/Runtime/Export/Scripting/StackTrace.cs:35)
UnityEngine.Object:Destroy (UnityEngine.Object,single)
UnityEngine.Object:Destroy (UnityEngine.Object) (at /Users/bokken/build/output/unity/unity/Runtime/Export/Scripting/UnityEngineObject.bindings.cs:707)
VoxelEngine.Rendering.Runtime.Vegetation.ProceduralTreeRenderer:DestroyBatchObjects (VoxelEngine.Rendering.Runtime.Vegetation.ProceduralTreeRenderer/BatchPresentation) (at Assets/VoxelEngine/Rendering/Runtime/Vegetation/ProceduralTreeRenderer.cs:1079)
VoxelEngine.Rendering.Runtime.Vegetation.ProceduralTreeRenderer:ClearBatches () (at Assets/VoxelEngine/Rendering/Runtime/Vegetation/ProceduralTreeRenderer.cs:1092)
VoxelEngine.Rendering.Runtime.Vegetation.ProceduralTreeRenderer:ClearGenerated () (at Assets/VoxelEngine/Rendering/Runtime/Vegetation/ProceduralTreeRenderer.cs:1106)
VoxelEngine.Rendering.Runtime.Vegetation.ProceduralTreeRenderer:OnDestroy () (at Assets/VoxelEngine/Rendering/Runtime/Vegetation/ProceduralTreeRenderer.cs:1115)
UnityEditor.TestTools.TestRunner.CommandLineTest.Executer:ExitApplication (UnityEditor.TestTools.TestRunner.CommandLineTest.Executer/ReturnCodes,string) (at ./Library/PackageCache/com.unity.test-framework@1405238725ab/UnityEditor.TestRunner/CommandLineTest/Executer.cs:83)
UnityEditor.TestTools.TestRunner.CommandLineTest.Executer:ExitIfRunIsCompleted () (at ./Library/PackageCache/com.unity.test-framework@1405238725ab/UnityEditor.TestRunner/CommandLineTest/Executer.cs:74)
UnityEditor.EditorApplication:Internal_CallUpdateFunctions () (at /Users/bokken/build/output/unity/unity/Editor/Mono/EditorApplication.cs:403)

[Assets/VoxelEngine/Rendering/Runtime/Vegetation/ProceduralTreeRenderer.cs line 1079]

TreeBatch_1_5_LOD2: Destroy may not be called from edit mode! Use DestroyImmediate instead.
Destroying an object in edit mode destroys it permanently
UnityEngine.Debug:ExtractStackTraceNoAlloc (byte*,int,string)
UnityEngine.StackTraceUtility:ExtractStackTrace () (at /Users/bokken/build/output/unity/unity/Runtime/Export/Scripting/StackTrace.cs:35)
UnityEngine.Object:Destroy (UnityEngine.Object,single)
UnityEngine.Object:Destroy (UnityEngine.Object) (at /Users/bokken/build/output/unity/unity/Runtime/Export/Scripting/UnityEngineObject.bindings.cs:707)
VoxelEngine.Rendering.Runtime.Vegetation.ProceduralTreeRenderer:DestroyBatchObjects (VoxelEngine.Rendering.Runtime.Vegetation.ProceduralTreeRenderer/BatchPresentation) (at Assets/VoxelEngine/Rendering/Runtime/Vegetation/ProceduralTreeRenderer.cs:1079)
VoxelEngine.Rendering.Runtime.Vegetation.ProceduralTreeRenderer:ClearBatches () (at Assets/VoxelEngine/Rendering/Runtime/Vegetation/ProceduralTreeRenderer.cs:1092)
VoxelEngine.Rendering.Runtime.Vegetation.ProceduralTreeRenderer:ClearGenerated () (at Assets/VoxelEngine/Rendering/Runtime/Vegetation/ProceduralTreeRenderer.cs:1106)
VoxelEngine.Rendering.Runtime.Vegetation.ProceduralTreeRenderer:OnDestroy () (at Assets/VoxelEngine/Rendering/Runtime/Vegetation/ProceduralTreeRenderer.cs:1115)
UnityEditor.TestTools.TestRunner.CommandLineTest.Executer:ExitApplication (UnityEditor.TestTools.TestRunner.CommandLineTest.Executer/ReturnCodes,string) (at ./Library/PackageCache/com.unity.test-framework@1405238725ab/UnityEditor.TestRunner/CommandLineTest/Executer.cs:83)
UnityEditor.TestTools.TestRunner.CommandLineTest.Executer:ExitIfRunIsCompleted () (at ./Library/PackageCache/com.unity.test-framework@1405238725ab/UnityEditor.TestRunner/CommandLineTest/Executer.cs:74)
UnityEditor.EditorApplication:Internal_CallUpdateFunctions () (at /Users/bokken/build/output/unity/unity/Editor/Mono/EditorApplication.cs:403)

[Assets/VoxelEngine/Rendering/Runtime/Vegetation/ProceduralTreeRenderer.cs line 1079]

TreeBatch_1_5_LOD3: Destroy may not be called from edit mode! Use DestroyImmediate instead.
Destroying an object in edit mode destroys it permanently
UnityEngine.Debug:ExtractStackTraceNoAlloc (byte*,int,string)
UnityEngine.StackTraceUtility:ExtractStackTrace () (at /Users/bokken/build/output/unity/unity/Runtime/Export/Scripting/StackTrace.cs:35)
UnityEngine.Object:Destroy (UnityEngine.Object,single)
UnityEngine.Object:Destroy (UnityEngine.Object) (at /Users/bokken/build/output/unity/unity/Runtime/Export/Scripting/UnityEngineObject.bindings.cs:707)
VoxelEngine.Rendering.Runtime.Vegetation.ProceduralTreeRenderer:DestroyBatchObjects (VoxelEngine.Rendering.Runtime.Vegetation.ProceduralTreeRenderer/BatchPresentation) (at Assets/VoxelEngine/Rendering/Runtime/Vegetation/ProceduralTreeRenderer.cs:1081)
VoxelEngine.Rendering.Runtime.Vegetation.ProceduralTreeRenderer:ClearBatches () (at Assets/VoxelEngine/Rendering/Runtime/Vegetation/ProceduralTreeRenderer.cs:1092)
VoxelEngine.Rendering.Runtime.Vegetation.ProceduralTreeRenderer:ClearGenerated () (at Assets/VoxelEngine/Rendering/Runtime/Vegetation/ProceduralTreeRenderer.cs:1106)
VoxelEngine.Rendering.Runtime.Vegetation.ProceduralTreeRenderer:OnDestroy () (at Assets/VoxelEngine/Rendering/Runtime/Vegetation/ProceduralTreeRenderer.cs:1115)
UnityEditor.TestTools.TestRunner.CommandLineTest.Executer:ExitApplication (UnityEditor.TestTools.TestRunner.CommandLineTest.Executer/ReturnCodes,string) (at ./Library/PackageCache/com.unity.test-framework@1405238725ab/UnityEditor.TestRunner/CommandLineTest/Executer.cs:83)
UnityEditor.TestTools.TestRunner.CommandLineTest.Executer:ExitIfRunIsCompleted () (at ./Library/PackageCache/com.unity.test-framework@1405238725ab/UnityEditor.TestRunner/CommandLineTest/Executer.cs:74)
UnityEditor.EditorApplication:Internal_CallUpdateFunctions () (at /Users/bokken/build/output/unity/unity/Editor/Mono/EditorApplication.cs:403)

[Assets/VoxelEngine/Rendering/Runtime/Vegetation/ProceduralTreeRenderer.cs line 1081]

Tree Batch 1,5: Destroy may not be called from edit mode! Use DestroyImmediate instead.
Destroying an object in edit mode destroys it permanently
UnityEngine.Debug:ExtractStackTraceNoAlloc (byte*,int,string)
UnityEngine.StackTraceUtility:ExtractStackTrace () (at /Users/bokken/build/output/unity/unity/Runtime/Export/Scripting/StackTrace.cs:35)
UnityEngine.Object:Destroy (UnityEngine.Object,single)
UnityEngine.Object:Destroy (UnityEngine.Object) (at /Users/bokken/build/output/unity/unity/Runtime/Export/Scripting/UnityEngineObject.bindings.cs:707)
VoxelEngine.Rendering.Runtime.Vegetation.ProceduralTreeRenderer:DestroyBatchObjects (VoxelEngine.Rendering.Runtime.Vegetation.ProceduralTreeRenderer/BatchPresentation) (at Assets/VoxelEngine/Rendering/Runtime/Vegetation/ProceduralTreeRenderer.cs:1085)
VoxelEngine.Rendering.Runtime.Vegetation.ProceduralTreeRenderer:ClearBatches () (at Assets/VoxelEngine/Rendering/Runtime/Vegetation/ProceduralTreeRenderer.cs:1092)
VoxelEngine.Rendering.Runtime.Vegetation.ProceduralTreeRenderer:ClearGenerated () (at Assets/VoxelEngine/Rendering/Runtime/Vegetation/ProceduralTreeRenderer.cs:1106)
VoxelEngine.Rendering.Runtime.Vegetation.ProceduralTreeRenderer:OnDestroy () (at Assets/VoxelEngine/Rendering/Runtime/Vegetation/ProceduralTreeRenderer.cs:1115)
UnityEditor.TestTools.TestRunner.CommandLineTest.Executer:ExitApplication (UnityEditor.TestTools.TestRunner.CommandLineTest.Executer/ReturnCodes,string) (at ./Library/PackageCache/com.unity.test-framework@1405238725ab/UnityEditor.TestRunner/CommandLineTest/Executer.cs:83)
UnityEditor.TestTools.TestRunner.CommandLineTest.Executer:ExitIfRunIsCompleted () (at ./Library/PackageCache/com.unity.test-framework@1405238725ab/UnityEditor.TestRunner/CommandLineTest/Executer.cs:74)
UnityEditor.EditorApplication:Internal_CallUpdateFunctions () (at /Users/bokken/build/output/unity/unity/Editor/Mono/EditorApplication.cs:403)

[Assets/VoxelEngine/Rendering/Runtime/Vegetation/ProceduralTreeRenderer.cs line 1085]

TreeBatch_6_5_LOD0: Destroy may not be called from edit mode! Use DestroyImmediate instead.
Destroying an object in edit mode destroys it permanently
UnityEngine.Debug:ExtractStackTraceNoAlloc (byte*,int,string)
UnityEngine.StackTraceUtility:ExtractStackTrace () (at /Users/bokken/build/output/unity/unity/Runtime/Export/Scripting/StackTrace.cs:35)
UnityEngine.Object:Destroy (UnityEngine.Object,single)
UnityEngine.Object:Destroy (UnityEngine.Object) (at /Users/bokken/build/output/unity/unity/Runtime/Export/Scripting/UnityEngineObject.bindings.cs:707)
VoxelEngine.Rendering.Runtime.Vegetation.ProceduralTreeRenderer:DestroyBatchObjects (VoxelEngine.Rendering.Runtime.Vegetation.ProceduralTreeRenderer/BatchPresentation) (at Assets/VoxelEngine/Rendering/Runtime/Vegetation/ProceduralTreeRenderer.cs:1079)
VoxelEngine.Rendering.Runtime.Vegetation.ProceduralTreeRenderer:ClearBatches () (at Assets/VoxelEngine/Rendering/Runtime/Vegetation/ProceduralTreeRenderer.cs:1092)
VoxelEngine.Rendering.Runtime.Vegetation.ProceduralTreeRenderer:ClearGenerated () (at Assets/VoxelEngine/Rendering/Runtime/Vegetation/ProceduralTreeRenderer.cs:1106)
VoxelEngine.Rendering.Runtime.Vegetation.ProceduralTreeRenderer:OnDestroy () (at Assets/VoxelEngine/Rendering/Runtime/Vegetation/ProceduralTreeRenderer.cs:1115)
UnityEditor.TestTools.TestRunner.CommandLineTest.Executer:ExitApplication (UnityEditor.TestTools.TestRunner.CommandLineTest.Executer/ReturnCodes,string) (at ./Library/PackageCache/com.unity.test-framework@1405238725ab/UnityEditor.TestRunner/CommandLineTest/Executer.cs:83)
UnityEditor.TestTools.TestRunner.CommandLineTest.Executer:ExitIfRunIsCompleted () (at ./Library/PackageCache/com.unity.test-framework@1405238725ab/UnityEditor.TestRunner/CommandLineTest/Executer.cs:74)
UnityEditor.EditorApplication:Internal_CallUpdateFunctions () (at /Users/bokken/build/output/unity/unity/Editor/Mono/EditorApplication.cs:403)

[Assets/VoxelEngine/Rendering/Runtime/Vegetation/ProceduralTreeRenderer.cs line 1079]

TreeBatch_6_5_LOD1: Destroy may not be called from edit mode! Use DestroyImmediate instead.
Destroying an object in edit mode destroys it permanently
UnityEngine.Debug:ExtractStackTraceNoAlloc (byte*,int,string)
UnityEngine.StackTraceUtility:ExtractStackTrace () (at /Users/bokken/build/output/unity/unity/Runtime/Export/Scripting/StackTrace.cs:35)
UnityEngine.Object:Destroy (UnityEngine.Object,single)
UnityEngine.Object:Destroy (UnityEngine.Object) (at /Users/bokken/build/output/unity/unity/Runtime/Export/Scripting/UnityEngineObject.bindings.cs:707)
VoxelEngine.Rendering.Runtime.Vegetation.ProceduralTreeRenderer:DestroyBatchObjects (VoxelEngine.Rendering.Runtime.Vegetation.ProceduralTreeRenderer/BatchPresentation) (at Assets/VoxelEngine/Rendering/Runtime/Vegetation/ProceduralTreeRenderer.cs:1079)
VoxelEngine.Rendering.Runtime.Vegetation.ProceduralTreeRenderer:ClearBatches () (at Assets/VoxelEngine/Rendering/Runtime/Vegetation/ProceduralTreeRenderer.cs:1092)
VoxelEngine.Rendering.Runtime.Vegetation.ProceduralTreeRenderer:ClearGenerated () (at Assets/VoxelEngine/Rendering/Runtime/Vegetation/ProceduralTreeRenderer.cs:1106)
VoxelEngine.Rendering.Runtime.Vegetation.ProceduralTreeRenderer:OnDestroy () (at Assets/VoxelEngine/Rendering/Runtime/Vegetation/ProceduralTreeRenderer.cs:1115)
UnityEditor.TestTools.TestRunner.CommandLineTest.Executer:ExitApplication (UnityEditor.TestTools.TestRunner.CommandLineTest.Executer/ReturnCodes,string) (at ./Library/PackageCache/com.unity.test-framework@1405238725ab/UnityEditor.TestRunner/CommandLineTest/Executer.cs:83)
UnityEditor.TestTools.TestRunner.CommandLineTest.Executer:ExitIfRunIsCompleted () (at ./Library/PackageCache/com.unity.test-framework@1405238725ab/UnityEditor.TestRunner/CommandLineTest/Executer.cs:74)
UnityEditor.EditorApplication:Internal_CallUpdateFunctions () (at /Users/bokken/build/output/unity/unity/Editor/Mono/EditorApplication.cs:403)

[Assets/VoxelEngine/Rendering/Runtime/Vegetation/ProceduralTreeRenderer.cs line 1079]

TreeBatch_6_5_LOD2: Destroy may not be called from edit mode! Use DestroyImmediate instead.
Destroying an object in edit mode destroys it permanently
UnityEngine.Debug:ExtractStackTraceNoAlloc (byte*,int,string)
UnityEngine.StackTraceUtility:ExtractStackTrace () (at /Users/bokken/build/output/unity/unity/Runtime/Export/Scripting/StackTrace.cs:35)
UnityEngine.Object:Destroy (UnityEngine.Object,single)
UnityEngine.Object:Destroy (UnityEngine.Object) (at /Users/bokken/build/output/unity/unity/Runtime/Export/Scripting/UnityEngineObject.bindings.cs:707)
VoxelEngine.Rendering.Runtime.Vegetation.ProceduralTreeRenderer:DestroyBatchObjects (VoxelEngine.Rendering.Runtime.Vegetation.ProceduralTreeRenderer/BatchPresentation) (at Assets/VoxelEngine/Rendering/Runtime/Vegetation/ProceduralTreeRenderer.cs:1079)
VoxelEngine.Rendering.Runtime.Vegetation.ProceduralTreeRenderer:ClearBatches () (at Assets/VoxelEngine/Rendering/Runtime/Vegetation/ProceduralTreeRenderer.cs:1092)
VoxelEngine.Rendering.Runtime.Vegetation.ProceduralTreeRenderer:ClearGenerated () (at Assets/VoxelEngine/Rendering/Runtime/Vegetation/ProceduralTreeRenderer.cs:1106)
VoxelEngine.Rendering.Runtime.Vegetation.ProceduralTreeRenderer:OnDestroy () (at Assets/VoxelEngine/Rendering/Runtime/Vegetation/ProceduralTreeRenderer.cs:1115)
UnityEditor.TestTools.TestRunner.CommandLineTest.Executer:ExitApplication (UnityEditor.TestTools.TestRunner.CommandLineTest.Executer/ReturnCodes,string) (at ./Library/PackageCache/com.unity.test-framework@1405238725ab/UnityEditor.TestRunner/CommandLineTest/Executer.cs:83)
UnityEditor.TestTools.TestRunner.CommandLineTest.Executer:ExitIfRunIsCompleted () (at ./Library/PackageCache/com.unity.test-framework@1405238725ab/UnityEditor.TestRunner/CommandLineTest/Executer.cs:74)
UnityEditor.EditorApplication:Internal_CallUpdateFunctions () (at /Users/bokken/build/output/unity/unity/Editor/Mono/EditorApplication.cs:403)

[Assets/VoxelEngine/Rendering/Runtime/Vegetation/ProceduralTreeRenderer.cs line 1079]

TreeBatch_6_5_LOD3: Destroy may not be called from edit mode! Use DestroyImmediate instead.
Destroying an object in edit mode destroys it permanently
UnityEngine.Debug:ExtractStackTraceNoAlloc (byte*,int,string)
UnityEngine.StackTraceUtility:ExtractStackTrace () (at /Users/bokken/build/output/unity/unity/Runtime/Export/Scripting/StackTrace.cs:35)
UnityEngine.Object:Destroy (UnityEngine.Object,single)
UnityEngine.Object:Destroy (UnityEngine.Object) (at /Users/bokken/build/output/unity/unity/Runtime/Export/Scripting/UnityEngineObject.bindings.cs:707)
VoxelEngine.Rendering.Runtime.Vegetation.ProceduralTreeRenderer:DestroyBatchObjects (VoxelEngine.Rendering.Runtime.Vegetation.ProceduralTreeRenderer/BatchPresentation) (at Assets/VoxelEngine/Rendering/Runtime/Vegetation/ProceduralTreeRenderer.cs:1081)
VoxelEngine.Rendering.Runtime.Vegetation.ProceduralTreeRenderer:ClearBatches () (at Assets/VoxelEngine/Rendering/Runtime/Vegetation/ProceduralTreeRenderer.cs:1092)
VoxelEngine.Rendering.Runtime.Vegetation.ProceduralTreeRenderer:ClearGenerated () (at Assets/VoxelEngine/Rendering/Runtime/Vegetation/ProceduralTreeRenderer.cs:1106)
VoxelEngine.Rendering.Runtime.Vegetation.ProceduralTreeRenderer:OnDestroy () (at Assets/VoxelEngine/Rendering/Runtime/Vegetation/ProceduralTreeRenderer.cs:1115)
UnityEditor.TestTools.TestRunner.CommandLineTest.Executer:ExitApplication (UnityEditor.TestTools.TestRunner.CommandLineTest.Executer/ReturnCodes,string) (at ./Library/PackageCache/com.unity.test-framework@1405238725ab/UnityEditor.TestRunner/CommandLineTest/Executer.cs:83)
UnityEditor.TestTools.TestRunner.CommandLineTest.Executer:ExitIfRunIsCompleted () (at ./Library/PackageCache/com.unity.test-framework@1405238725ab/UnityEditor.TestRunner/CommandLineTest/Executer.cs:74)
UnityEditor.EditorApplication:Internal_CallUpdateFunctions () (at /Users/bokken/build/output/unity/unity/Editor/Mono/EditorApplication.cs:403)

[Assets/VoxelEngine/Rendering/Runtime/Vegetation/ProceduralTreeRenderer.cs line 1081]

Tree Batch 6,5: Destroy may not be called from edit mode! Use DestroyImmediate instead.
Destroying an object in edit mode destroys it permanently
UnityEngine.Debug:ExtractStackTraceNoAlloc (byte*,int,string)
UnityEngine.StackTraceUtility:ExtractStackTrace () (at /Users/bokken/build/output/unity/unity/Runtime/Export/Scripting/StackTrace.cs:35)
UnityEngine.Object:Destroy (UnityEngine.Object,single)
UnityEngine.Object:Destroy (UnityEngine.Object) (at /Users/bokken/build/output/unity/unity/Runtime/Export/Scripting/UnityEngineObject.bindings.cs:707)
VoxelEngine.Rendering.Runtime.Vegetation.ProceduralTreeRenderer:DestroyBatchObjects (VoxelEngine.Rendering.Runtime.Vegetation.ProceduralTreeRenderer/BatchPresentation) (at Assets/VoxelEngine/Rendering/Runtime/Vegetation/ProceduralTreeRenderer.cs:1085)
VoxelEngine.Rendering.Runtime.Vegetation.ProceduralTreeRenderer:ClearBatches () (at Assets/VoxelEngine/Rendering/Runtime/Vegetation/ProceduralTreeRenderer.cs:1092)
VoxelEngine.Rendering.Runtime.Vegetation.ProceduralTreeRenderer:ClearGenerated () (at Assets/VoxelEngine/Rendering/Runtime/Vegetation/ProceduralTreeRenderer.cs:1106)
VoxelEngine.Rendering.Runtime.Vegetation.ProceduralTreeRenderer:OnDestroy () (at Assets/VoxelEngine/Rendering/Runtime/Vegetation/ProceduralTreeRenderer.cs:1115)
UnityEditor.TestTools.TestRunner.CommandLineTest.Executer:ExitApplication (UnityEditor.TestTools.TestRunner.CommandLineTest.Executer/ReturnCodes,string) (at ./Library/PackageCache/com.unity.test-framework@1405238725ab/UnityEditor.TestRunner/CommandLineTest/Executer.cs:83)
UnityEditor.TestTools.TestRunner.CommandLineTest.Executer:ExitIfRunIsCompleted () (at ./Library/PackageCache/com.unity.test-framework@1405238725ab/UnityEditor.TestRunner/CommandLineTest/Executer.cs:74)
UnityEditor.EditorApplication:Internal_CallUpdateFunctions () (at /Users/bokken/build/output/unity/unity/Editor/Mono/EditorApplication.cs:403)

[Assets/VoxelEngine/Rendering/Runtime/Vegetation/ProceduralTreeRenderer.cs line 1085]

TreeBatch_2_5_LOD0: Destroy may not be called from edit mode! Use DestroyImmediate instead.
Destroying an object in edit mode destroys it permanently
UnityEngine.Debug:ExtractStackTraceNoAlloc (byte*,int,string)
UnityEngine.StackTraceUtility:ExtractStackTrace () (at /Users/bokken/build/output/unity/unity/Runtime/Export/Scripting/StackTrace.cs:35)
UnityEngine.Object:Destroy (UnityEngine.Object,single)
UnityEngine.Object:Destroy (UnityEngine.Object) (at /Users/bokken/build/output/unity/unity/Runtime/Export/Scripting/UnityEngineObject.bindings.cs:707)
VoxelEngine.Rendering.Runtime.Vegetation.ProceduralTreeRenderer:DestroyBatchObjects (VoxelEngine.Rendering.Runtime.Vegetation.ProceduralTreeRenderer/BatchPresentation) (at Assets/VoxelEngine/Rendering/Runtime/Vegetation/ProceduralTreeRenderer.cs:1079)
VoxelEngine.Rendering.Runtime.Vegetation.ProceduralTreeRenderer:ClearBatches () (at Assets/VoxelEngine/Rendering/Runtime/Vegetation/ProceduralTreeRenderer.cs:1092)
VoxelEngine.Rendering.Runtime.Vegetation.ProceduralTreeRenderer:ClearGenerated () (at Assets/VoxelEngine/Rendering/Runtime/Vegetation/ProceduralTreeRenderer.cs:1106)
VoxelEngine.Rendering.Runtime.Vegetation.ProceduralTreeRenderer:OnDestroy () (at Assets/VoxelEngine/Rendering/Runtime/Vegetation/ProceduralTreeRenderer.cs:1115)
UnityEditor.TestTools.TestRunner.CommandLineTest.Executer:ExitApplication (UnityEditor.TestTools.TestRunner.CommandLineTest.Executer/ReturnCodes,string) (at ./Library/PackageCache/com.unity.test-framework@1405238725ab/UnityEditor.TestRunner/CommandLineTest/Executer.cs:83)
UnityEditor.TestTools.TestRunner.CommandLineTest.Executer:ExitIfRunIsCompleted () (at ./Library/PackageCache/com.unity.test-framework@1405238725ab/UnityEditor.TestRunner/CommandLineTest/Executer.cs:74)
UnityEditor.EditorApplication:Internal_CallUpdateFunctions () (at /Users/bokken/build/output/unity/unity/Editor/Mono/EditorApplication.cs:403)

[Assets/VoxelEngine/Rendering/Runtime/Vegetation/ProceduralTreeRenderer.cs line 1079]

TreeBatch_2_5_LOD1: Destroy may not be called from edit mode! Use DestroyImmediate instead.
Destroying an object in edit mode destroys it permanently
UnityEngine.Debug:ExtractStackTraceNoAlloc (byte*,int,string)
UnityEngine.StackTraceUtility:ExtractStackTrace () (at /Users/bokken/build/output/unity/unity/Runtime/Export/Scripting/StackTrace.cs:35)
UnityEngine.Object:Destroy (UnityEngine.Object,single)
UnityEngine.Object:Destroy (UnityEngine.Object) (at /Users/bokken/build/output/unity/unity/Runtime/Export/Scripting/UnityEngineObject.bindings.cs:707)
VoxelEngine.Rendering.Runtime.Vegetation.ProceduralTreeRenderer:DestroyBatchObjects (VoxelEngine.Rendering.Runtime.Vegetation.ProceduralTreeRenderer/BatchPresentation) (at Assets/VoxelEngine/Rendering/Runtime/Vegetation/ProceduralTreeRenderer.cs:1079)
VoxelEngine.Rendering.Runtime.Vegetation.ProceduralTreeRenderer:ClearBatches () (at Assets/VoxelEngine/Rendering/Runtime/Vegetation/ProceduralTreeRenderer.cs:1092)
VoxelEngine.Rendering.Runtime.Vegetation.ProceduralTreeRenderer:ClearGenerated () (at Assets/VoxelEngine/Rendering/Runtime/Vegetation/ProceduralTreeRenderer.cs:1106)
VoxelEngine.Rendering.Runtime.Vegetation.ProceduralTreeRenderer:OnDestroy () (at Assets/VoxelEngine/Rendering/Runtime/Vegetation/ProceduralTreeRenderer.cs:1115)
UnityEditor.TestTools.TestRunner.CommandLineTest.Executer:ExitApplication (UnityEditor.TestTools.TestRunner.CommandLineTest.Executer/ReturnCodes,string) (at ./Library/PackageCache/com.unity.test-framework@1405238725ab/UnityEditor.TestRunner/CommandLineTest/Executer.cs:83)
UnityEditor.TestTools.TestRunner.CommandLineTest.Executer:ExitIfRunIsCompleted () (at ./Library/PackageCache/com.unity.test-framework@1405238725ab/UnityEditor.TestRunner/CommandLineTest/Executer.cs:74)
UnityEditor.EditorApplication:Internal_CallUpdateFunctions () (at /Users/bokken/build/output/unity/unity/Editor/Mono/EditorApplication.cs:403)

[Assets/VoxelEngine/Rendering/Runtime/Vegetation/ProceduralTreeRenderer.cs line 1079]

TreeBatch_2_5_LOD2: Destroy may not be called from edit mode! Use DestroyImmediate instead.
Destroying an object in edit mode destroys it permanently
UnityEngine.Debug:ExtractStackTraceNoAlloc (byte*,int,string)
UnityEngine.StackTraceUtility:ExtractStackTrace () (at /Users/bokken/build/output/unity/unity/Runtime/Export/Scripting/StackTrace.cs:35)
UnityEngine.Object:Destroy (UnityEngine.Object,single)
UnityEngine.Object:Destroy (UnityEngine.Object) (at /Users/bokken/build/output/unity/unity/Runtime/Export/Scripting/UnityEngineObject.bindings.cs:707)
VoxelEngine.Rendering.Runtime.Vegetation.ProceduralTreeRenderer:DestroyBatchObjects (VoxelEngine.Rendering.Runtime.Vegetation.ProceduralTreeRenderer/BatchPresentation) (at Assets/VoxelEngine/Rendering/Runtime/Vegetation/ProceduralTreeRenderer.cs:1079)
VoxelEngine.Rendering.Runtime.Vegetation.ProceduralTreeRenderer:ClearBatches () (at Assets/VoxelEngine/Rendering/Runtime/Vegetation/ProceduralTreeRenderer.cs:1092)
VoxelEngine.Rendering.Runtime.Vegetation.ProceduralTreeRenderer:ClearGenerated () (at Assets/VoxelEngine/Rendering/Runtime/Vegetation/ProceduralTreeRenderer.cs:1106)
VoxelEngine.Rendering.Runtime.Vegetation.ProceduralTreeRenderer:OnDestroy () (at Assets/VoxelEngine/Rendering/Runtime/Vegetation/ProceduralTreeRenderer.cs:1115)
UnityEditor.TestTools.TestRunner.CommandLineTest.Executer:ExitApplication (UnityEditor.TestTools.TestRunner.CommandLineTest.Executer/ReturnCodes,string) (at ./Library/PackageCache/com.unity.test-framework@1405238725ab/UnityEditor.TestRunner/CommandLineTest/Executer.cs:83)
UnityEditor.TestTools.TestRunner.CommandLineTest.Executer:ExitIfRunIsCompleted () (at ./Library/PackageCache/com.unity.test-framework@1405238725ab/UnityEditor.TestRunner/CommandLineTest/Executer.cs:74)
UnityEditor.EditorApplication:Internal_CallUpdateFunctions () (at /Users/bokken/build/output/unity/unity/Editor/Mono/EditorApplication.cs:403)

[Assets/VoxelEngine/Rendering/Runtime/Vegetation/ProceduralTreeRenderer.cs line 1079]

TreeBatch_2_5_LOD3: Destroy may not be called from edit mode! Use DestroyImmediate instead.
Destroying an object in edit mode destroys it permanently
UnityEngine.Debug:ExtractStackTraceNoAlloc (byte*,int,string)
UnityEngine.StackTraceUtility:ExtractStackTrace () (at /Users/bokken/build/output/unity/unity/Runtime/Export/Scripting/StackTrace.cs:35)
UnityEngine.Object:Destroy (UnityEngine.Object,single)
UnityEngine.Object:Destroy (UnityEngine.Object) (at /Users/bokken/build/output/unity/unity/Runtime/Export/Scripting/UnityEngineObject.bindings.cs:707)
VoxelEngine.Rendering.Runtime.Vegetation.ProceduralTreeRenderer:DestroyBatchObjects (VoxelEngine.Rendering.Runtime.Vegetation.ProceduralTreeRenderer/BatchPresentation) (at Assets/VoxelEngine/Rendering/Runtime/Vegetation/ProceduralTreeRenderer.cs:1081)
VoxelEngine.Rendering.Runtime.Vegetation.ProceduralTreeRenderer:ClearBatches () (at Assets/VoxelEngine/Rendering/Runtime/Vegetation/ProceduralTreeRenderer.cs:1092)
VoxelEngine.Rendering.Runtime.Vegetation.ProceduralTreeRenderer:ClearGenerated () (at Assets/VoxelEngine/Rendering/Runtime/Vegetation/ProceduralTreeRenderer.cs:1106)
VoxelEngine.Rendering.Runtime.Vegetation.ProceduralTreeRenderer:OnDestroy () (at Assets/VoxelEngine/Rendering/Runtime/Vegetation/ProceduralTreeRenderer.cs:1115)
UnityEditor.TestTools.TestRunner.CommandLineTest.Executer:ExitApplication (UnityEditor.TestTools.TestRunner.CommandLineTest.Executer/ReturnCodes,string) (at ./Library/PackageCache/com.unity.test-framework@1405238725ab/UnityEditor.TestRunner/CommandLineTest/Executer.cs:83)
UnityEditor.TestTools.TestRunner.CommandLineTest.Executer:ExitIfRunIsCompleted () (at ./Library/PackageCache/com.unity.test-framework@1405238725ab/UnityEditor.TestRunner/CommandLineTest/Executer.cs:74)
UnityEditor.EditorApplication:Internal_CallUpdateFunctions () (at /Users/bokken/build/output/unity/unity/Editor/Mono/EditorApplication.cs:403)

[Assets/VoxelEngine/Rendering/Runtime/Vegetation/ProceduralTreeRenderer.cs line 1081]

Tree Batch 2,5: Destroy may not be called from edit mode! Use DestroyImmediate instead.
Destroying an object in edit mode destroys it permanently
UnityEngine.Debug:ExtractStackTraceNoAlloc (byte*,int,string)
UnityEngine.StackTraceUtility:ExtractStackTrace () (at /Users/bokken/build/output/unity/unity/Runtime/Export/Scripting/StackTrace.cs:35)
UnityEngine.Object:Destroy (UnityEngine.Object,single)
UnityEngine.Object:Destroy (UnityEngine.Object) (at /Users/bokken/build/output/unity/unity/Runtime/Export/Scripting/UnityEngineObject.bindings.cs:707)
VoxelEngine.Rendering.Runtime.Vegetation.ProceduralTreeRenderer:DestroyBatchObjects (VoxelEngine.Rendering.Runtime.Vegetation.ProceduralTreeRenderer/BatchPresentation) (at Assets/VoxelEngine/Rendering/Runtime/Vegetation/ProceduralTreeRenderer.cs:1085)
VoxelEngine.Rendering.Runtime.Vegetation.ProceduralTreeRenderer:ClearBatches () (at Assets/VoxelEngine/Rendering/Runtime/Vegetation/ProceduralTreeRenderer.cs:1092)
VoxelEngine.Rendering.Runtime.Vegetation.ProceduralTreeRenderer:ClearGenerated () (at Assets/VoxelEngine/Rendering/Runtime/Vegetation/ProceduralTreeRenderer.cs:1106)
VoxelEngine.Rendering.Runtime.Vegetation.ProceduralTreeRenderer:OnDestroy () (at Assets/VoxelEngine/Rendering/Runtime/Vegetation/ProceduralTreeRenderer.cs:1115)
UnityEditor.TestTools.TestRunner.CommandLineTest.Executer:ExitApplication (UnityEditor.TestTools.TestRunner.CommandLineTest.Executer/ReturnCodes,string) (at ./Library/PackageCache/com.unity.test-framework@1405238725ab/UnityEditor.TestRunner/CommandLineTest/Executer.cs:83)
UnityEditor.TestTools.TestRunner.CommandLineTest.Executer:ExitIfRunIsCompleted () (at ./Library/PackageCache/com.unity.test-framework@1405238725ab/UnityEditor.TestRunner/CommandLineTest/Executer.cs:74)
UnityEditor.EditorApplication:Internal_CallUpdateFunctions () (at /Users/bokken/build/output/unity/unity/Editor/Mono/EditorApplication.cs:403)

[Assets/VoxelEngine/Rendering/Runtime/Vegetation/ProceduralTreeRenderer.cs line 1085]

TreeBatch_3_5_LOD0: Destroy may not be called from edit mode! Use DestroyImmediate instead.
Destroying an object in edit mode destroys it permanently
UnityEngine.Debug:ExtractStackTraceNoAlloc (byte*,int,string)
UnityEngine.StackTraceUtility:ExtractStackTrace () (at /Users/bokken/build/output/unity/unity/Runtime/Export/Scripting/StackTrace.cs:35)
UnityEngine.Object:Destroy (UnityEngine.Object,single)
UnityEngine.Object:Destroy (UnityEngine.Object) (at /Users/bokken/build/output/unity/unity/Runtime/Export/Scripting/UnityEngineObject.bindings.cs:707)
VoxelEngine.Rendering.Runtime.Vegetation.ProceduralTreeRenderer:DestroyBatchObjects (VoxelEngine.Rendering.Runtime.Vegetation.ProceduralTreeRenderer/BatchPresentation) (at Assets/VoxelEngine/Rendering/Runtime/Vegetation/ProceduralTreeRenderer.cs:1079)
VoxelEngine.Rendering.Runtime.Vegetation.ProceduralTreeRenderer:ClearBatches () (at Assets/VoxelEngine/Rendering/Runtime/Vegetation/ProceduralTreeRenderer.cs:1092)
VoxelEngine.Rendering.Runtime.Vegetation.ProceduralTreeRenderer:ClearGenerated () (at Assets/VoxelEngine/Rendering/Runtime/Vegetation/ProceduralTreeRenderer.cs:1106)
VoxelEngine.Rendering.Runtime.Vegetation.ProceduralTreeRenderer:OnDestroy () (at Assets/VoxelEngine/Rendering/Runtime/Vegetation/ProceduralTreeRenderer.cs:1115)
UnityEditor.TestTools.TestRunner.CommandLineTest.Executer:ExitApplication (UnityEditor.TestTools.TestRunner.CommandLineTest.Executer/ReturnCodes,string) (at ./Library/PackageCache/com.unity.test-framework@1405238725ab/UnityEditor.TestRunner/CommandLineTest/Executer.cs:83)
UnityEditor.TestTools.TestRunner.CommandLineTest.Executer:ExitIfRunIsCompleted () (at ./Library/PackageCache/com.unity.test-framework@1405238725ab/UnityEditor.TestRunner/CommandLineTest/Executer.cs:74)
UnityEditor.EditorApplication:Internal_CallUpdateFunctions () (at /Users/bokken/build/output/unity/unity/Editor/Mono/EditorApplication.cs:403)

[Assets/VoxelEngine/Rendering/Runtime/Vegetation/ProceduralTreeRenderer.cs line 1079]

TreeBatch_3_5_LOD1: Destroy may not be called from edit mode! Use DestroyImmediate instead.
Destroying an object in edit mode destroys it permanently
UnityEngine.Debug:ExtractStackTraceNoAlloc (byte*,int,string)
UnityEngine.StackTraceUtility:ExtractStackTrace () (at /Users/bokken/build/output/unity/unity/Runtime/Export/Scripting/StackTrace.cs:35)
UnityEngine.Object:Destroy (UnityEngine.Object,single)
UnityEngine.Object:Destroy (UnityEngine.Object) (at /Users/bokken/build/output/unity/unity/Runtime/Export/Scripting/UnityEngineObject.bindings.cs:707)
VoxelEngine.Rendering.Runtime.Vegetation.ProceduralTreeRenderer:DestroyBatchObjects (VoxelEngine.Rendering.Runtime.Vegetation.ProceduralTreeRenderer/BatchPresentation) (at Assets/VoxelEngine/Rendering/Runtime/Vegetation/ProceduralTreeRenderer.cs:1079)
VoxelEngine.Rendering.Runtime.Vegetation.ProceduralTreeRenderer:ClearBatches () (at Assets/VoxelEngine/Rendering/Runtime/Vegetation/ProceduralTreeRenderer.cs:1092)
VoxelEngine.Rendering.Runtime.Vegetation.ProceduralTreeRenderer:ClearGenerated () (at Assets/VoxelEngine/Rendering/Runtime/Vegetation/ProceduralTreeRenderer.cs:1106)
VoxelEngine.Rendering.Runtime.Vegetation.ProceduralTreeRenderer:OnDestroy () (at Assets/VoxelEngine/Rendering/Runtime/Vegetation/ProceduralTreeRenderer.cs:1115)
UnityEditor.TestTools.TestRunner.CommandLineTest.Executer:ExitApplication (UnityEditor.TestTools.TestRunner.CommandLineTest.Executer/ReturnCodes,string) (at ./Library/PackageCache/com.unity.test-framework@1405238725ab/UnityEditor.TestRunner/CommandLineTest/Executer.cs:83)
UnityEditor.TestTools.TestRunner.CommandLineTest.Executer:ExitIfRunIsCompleted () (at ./Library/PackageCache/com.unity.test-framework@1405238725ab/UnityEditor.TestRunner/CommandLineTest/Executer.cs:74)
UnityEditor.EditorApplication:Internal_CallUpdateFunctions () (at /Users/bokken/build/output/unity/unity/Editor/Mono/EditorApplication.cs:403)

[Assets/VoxelEngine/Rendering/Runtime/Vegetation/ProceduralTreeRenderer.cs line 1079]

TreeBatch_3_5_LOD2: Destroy may not be called from edit mode! Use DestroyImmediate instead.
Destroying an object in edit mode destroys it permanently
UnityEngine.Debug:ExtractStackTraceNoAlloc (byte*,int,string)
UnityEngine.StackTraceUtility:ExtractStackTrace () (at /Users/bokken/build/output/unity/unity/Runtime/Export/Scripting/StackTrace.cs:35)
UnityEngine.Object:Destroy (UnityEngine.Object,single)
UnityEngine.Object:Destroy (UnityEngine.Object) (at /Users/bokken/build/output/unity/unity/Runtime/Export/Scripting/UnityEngineObject.bindings.cs:707)
VoxelEngine.Rendering.Runtime.Vegetation.ProceduralTreeRenderer:DestroyBatchObjects (VoxelEngine.Rendering.Runtime.Vegetation.ProceduralTreeRenderer/BatchPresentation) (at Assets/VoxelEngine/Rendering/Runtime/Vegetation/ProceduralTreeRenderer.cs:1079)
VoxelEngine.Rendering.Runtime.Vegetation.ProceduralTreeRenderer:ClearBatches () (at Assets/VoxelEngine/Rendering/Runtime/Vegetation/ProceduralTreeRenderer.cs:1092)
VoxelEngine.Rendering.Runtime.Vegetation.ProceduralTreeRenderer:ClearGenerated () (at Assets/VoxelEngine/Rendering/Runtime/Vegetation/ProceduralTreeRenderer.cs:1106)
VoxelEngine.Rendering.Runtime.Vegetation.ProceduralTreeRenderer:OnDestroy () (at Assets/VoxelEngine/Rendering/Runtime/Vegetation/ProceduralTreeRenderer.cs:1115)
UnityEditor.TestTools.TestRunner.CommandLineTest.Executer:ExitApplication (UnityEditor.TestTools.TestRunner.CommandLineTest.Executer/ReturnCodes,string) (at ./Library/PackageCache/com.unity.test-framework@1405238725ab/UnityEditor.TestRunner/CommandLineTest/Executer.cs:83)
UnityEditor.TestTools.TestRunner.CommandLineTest.Executer:ExitIfRunIsCompleted () (at ./Library/PackageCache/com.unity.test-framework@1405238725ab/UnityEditor.TestRunner/CommandLineTest/Executer.cs:74)
UnityEditor.EditorApplication:Internal_CallUpdateFunctions () (at /Users/bokken/build/output/unity/unity/Editor/Mono/EditorApplication.cs:403)

[Assets/VoxelEngine/Rendering/Runtime/Vegetation/ProceduralTreeRenderer.cs line 1079]

TreeBatch_3_5_LOD3: Destroy may not be called from edit mode! Use DestroyImmediate instead.
Destroying an object in edit mode destroys it permanently
UnityEngine.Debug:ExtractStackTraceNoAlloc (byte*,int,string)
UnityEngine.StackTraceUtility:ExtractStackTrace () (at /Users/bokken/build/output/unity/unity/Runtime/Export/Scripting/StackTrace.cs:35)
UnityEngine.Object:Destroy (UnityEngine.Object,single)
UnityEngine.Object:Destroy (UnityEngine.Object) (at /Users/bokken/build/output/unity/unity/Runtime/Export/Scripting/UnityEngineObject.bindings.cs:707)
VoxelEngine.Rendering.Runtime.Vegetation.ProceduralTreeRenderer:DestroyBatchObjects (VoxelEngine.Rendering.Runtime.Vegetation.ProceduralTreeRenderer/BatchPresentation) (at Assets/VoxelEngine/Rendering/Runtime/Vegetation/ProceduralTreeRenderer.cs:1081)
VoxelEngine.Rendering.Runtime.Vegetation.ProceduralTreeRenderer:ClearBatches () (at Assets/VoxelEngine/Rendering/Runtime/Vegetation/ProceduralTreeRenderer.cs:1092)
VoxelEngine.Rendering.Runtime.Vegetation.ProceduralTreeRenderer:ClearGenerated () (at Assets/VoxelEngine/Rendering/Runtime/Vegetation/ProceduralTreeRenderer.cs:1106)
VoxelEngine.Rendering.Runtime.Vegetation.ProceduralTreeRenderer:OnDestroy () (at Assets/VoxelEngine/Rendering/Runtime/Vegetation/ProceduralTreeRenderer.cs:1115)
UnityEditor.TestTools.TestRunner.CommandLineTest.Executer:ExitApplication (UnityEditor.TestTools.TestRunner.CommandLineTest.Executer/ReturnCodes,string) (at ./Library/PackageCache/com.unity.test-framework@1405238725ab/UnityEditor.TestRunner/CommandLineTest/Executer.cs:83)
UnityEditor.TestTools.TestRunner.CommandLineTest.Executer:ExitIfRunIsCompleted () (at ./Library/PackageCache/com.unity.test-framework@1405238725ab/UnityEditor.TestRunner/CommandLineTest/Executer.cs:74)
UnityEditor.EditorApplication:Internal_CallUpdateFunctions () (at /Users/bokken/build/output/unity/unity/Editor/Mono/EditorApplication.cs:403)

[Assets/VoxelEngine/Rendering/Runtime/Vegetation/ProceduralTreeRenderer.cs line 1081]

Tree Batch 3,5: Destroy may not be called from edit mode! Use DestroyImmediate instead.
Destroying an object in edit mode destroys it permanently
UnityEngine.Debug:ExtractStackTraceNoAlloc (byte*,int,string)
UnityEngine.StackTraceUtility:ExtractStackTrace () (at /Users/bokken/build/output/unity/unity/Runtime/Export/Scripting/StackTrace.cs:35)
UnityEngine.Object:Destroy (UnityEngine.Object,single)
UnityEngine.Object:Destroy (UnityEngine.Object) (at /Users/bokken/build/output/unity/unity/Runtime/Export/Scripting/UnityEngineObject.bindings.cs:707)
VoxelEngine.Rendering.Runtime.Vegetation.ProceduralTreeRenderer:DestroyBatchObjects (VoxelEngine.Rendering.Runtime.Vegetation.ProceduralTreeRenderer/BatchPresentation) (at Assets/VoxelEngine/Rendering/Runtime/Vegetation/ProceduralTreeRenderer.cs:1085)
VoxelEngine.Rendering.Runtime.Vegetation.ProceduralTreeRenderer:ClearBatches () (at Assets/VoxelEngine/Rendering/Runtime/Vegetation/ProceduralTreeRenderer.cs:1092)
VoxelEngine.Rendering.Runtime.Vegetation.ProceduralTreeRenderer:ClearGenerated () (at Assets/VoxelEngine/Rendering/Runtime/Vegetation/ProceduralTreeRenderer.cs:1106)
VoxelEngine.Rendering.Runtime.Vegetation.ProceduralTreeRenderer:OnDestroy () (at Assets/VoxelEngine/Rendering/Runtime/Vegetation/ProceduralTreeRenderer.cs:1115)
UnityEditor.TestTools.TestRunner.CommandLineTest.Executer:ExitApplication (UnityEditor.TestTools.TestRunner.CommandLineTest.Executer/ReturnCodes,string) (at ./Library/PackageCache/com.unity.test-framework@1405238725ab/UnityEditor.TestRunner/CommandLineTest/Executer.cs:83)
UnityEditor.TestTools.TestRunner.CommandLineTest.Executer:ExitIfRunIsCompleted () (at ./Library/PackageCache/com.unity.test-framework@1405238725ab/UnityEditor.TestRunner/CommandLineTest/Executer.cs:74)
UnityEditor.EditorApplication:Internal_CallUpdateFunctions () (at /Users/bokken/build/output/unity/unity/Editor/Mono/EditorApplication.cs:403)

[Assets/VoxelEngine/Rendering/Runtime/Vegetation/ProceduralTreeRenderer.cs line 1085]

TreeBatch_4_5_LOD0: Destroy may not be called from edit mode! Use DestroyImmediate instead.
Destroying an object in edit mode destroys it permanently
UnityEngine.Debug:ExtractStackTraceNoAlloc (byte*,int,string)
UnityEngine.StackTraceUtility:ExtractStackTrace () (at /Users/bokken/build/output/unity/unity/Runtime/Export/Scripting/StackTrace.cs:35)
UnityEngine.Object:Destroy (UnityEngine.Object,single)
UnityEngine.Object:Destroy (UnityEngine.Object) (at /Users/bokken/build/output/unity/unity/Runtime/Export/Scripting/UnityEngineObject.bindings.cs:707)
VoxelEngine.Rendering.Runtime.Vegetation.ProceduralTreeRenderer:DestroyBatchObjects (VoxelEngine.Rendering.Runtime.Vegetation.ProceduralTreeRenderer/BatchPresentation) (at Assets/VoxelEngine/Rendering/Runtime/Vegetation/ProceduralTreeRenderer.cs:1079)
VoxelEngine.Rendering.Runtime.Vegetation.ProceduralTreeRenderer:ClearBatches () (at Assets/VoxelEngine/Rendering/Runtime/Vegetation/ProceduralTreeRenderer.cs:1092)
VoxelEngine.Rendering.Runtime.Vegetation.ProceduralTreeRenderer:ClearGenerated () (at Assets/VoxelEngine/Rendering/Runtime/Vegetation/ProceduralTreeRenderer.cs:1106)
VoxelEngine.Rendering.Runtime.Vegetation.ProceduralTreeRenderer:OnDestroy () (at Assets/VoxelEngine/Rendering/Runtime/Vegetation/ProceduralTreeRenderer.cs:1115)
UnityEditor.TestTools.TestRunner.CommandLineTest.Executer:ExitApplication (UnityEditor.TestTools.TestRunner.CommandLineTest.Executer/ReturnCodes,string) (at ./Library/PackageCache/com.unity.test-framework@1405238725ab/UnityEditor.TestRunner/CommandLineTest/Executer.cs:83)
UnityEditor.TestTools.TestRunner.CommandLineTest.Executer:ExitIfRunIsCompleted () (at ./Library/PackageCache/com.unity.test-framework@1405238725ab/UnityEditor.TestRunner/CommandLineTest/Executer.cs:74)
UnityEditor.EditorApplication:Internal_CallUpdateFunctions () (at /Users/bokken/build/output/unity/unity/Editor/Mono/EditorApplication.cs:403)

[Assets/VoxelEngine/Rendering/Runtime/Vegetation/ProceduralTreeRenderer.cs line 1079]

TreeBatch_4_5_LOD1: Destroy may not be called from edit mode! Use DestroyImmediate instead.
Destroying an object in edit mode destroys it permanently
UnityEngine.Debug:ExtractStackTraceNoAlloc (byte*,int,string)
UnityEngine.StackTraceUtility:ExtractStackTrace () (at /Users/bokken/build/output/unity/unity/Runtime/Export/Scripting/StackTrace.cs:35)
UnityEngine.Object:Destroy (UnityEngine.Object,single)
UnityEngine.Object:Destroy (UnityEngine.Object) (at /Users/bokken/build/output/unity/unity/Runtime/Export/Scripting/UnityEngineObject.bindings.cs:707)
VoxelEngine.Rendering.Runtime.Vegetation.ProceduralTreeRenderer:DestroyBatchObjects (VoxelEngine.Rendering.Runtime.Vegetation.ProceduralTreeRenderer/BatchPresentation) (at Assets/VoxelEngine/Rendering/Runtime/Vegetation/ProceduralTreeRenderer.cs:1079)
VoxelEngine.Rendering.Runtime.Vegetation.ProceduralTreeRenderer:ClearBatches () (at Assets/VoxelEngine/Rendering/Runtime/Vegetation/ProceduralTreeRenderer.cs:1092)
VoxelEngine.Rendering.Runtime.Vegetation.ProceduralTreeRenderer:ClearGenerated () (at Assets/VoxelEngine/Rendering/Runtime/Vegetation/ProceduralTreeRenderer.cs:1106)
VoxelEngine.Rendering.Runtime.Vegetation.ProceduralTreeRenderer:OnDestroy () (at Assets/VoxelEngine/Rendering/Runtime/Vegetation/ProceduralTreeRenderer.cs:1115)
UnityEditor.TestTools.TestRunner.CommandLineTest.Executer:ExitApplication (UnityEditor.TestTools.TestRunner.CommandLineTest.Executer/ReturnCodes,string) (at ./Library/PackageCache/com.unity.test-framework@1405238725ab/UnityEditor.TestRunner/CommandLineTest/Executer.cs:83)
UnityEditor.TestTools.TestRunner.CommandLineTest.Executer:ExitIfRunIsCompleted () (at ./Library/PackageCache/com.unity.test-framework@1405238725ab/UnityEditor.TestRunner/CommandLineTest/Executer.cs:74)
UnityEditor.EditorApplication:Internal_CallUpdateFunctions () (at /Users/bokken/build/output/unity/unity/Editor/Mono/EditorApplication.cs:403)

[Assets/VoxelEngine/Rendering/Runtime/Vegetation/ProceduralTreeRenderer.cs line 1079]

TreeBatch_4_5_LOD2: Destroy may not be called from edit mode! Use DestroyImmediate instead.
Destroying an object in edit mode destroys it permanently
UnityEngine.Debug:ExtractStackTraceNoAlloc (byte*,int,string)
UnityEngine.StackTraceUtility:ExtractStackTrace () (at /Users/bokken/build/output/unity/unity/Runtime/Export/Scripting/StackTrace.cs:35)
UnityEngine.Object:Destroy (UnityEngine.Object,single)
UnityEngine.Object:Destroy (UnityEngine.Object) (at /Users/bokken/build/output/unity/unity/Runtime/Export/Scripting/UnityEngineObject.bindings.cs:707)
VoxelEngine.Rendering.Runtime.Vegetation.ProceduralTreeRenderer:DestroyBatchObjects (VoxelEngine.Rendering.Runtime.Vegetation.ProceduralTreeRenderer/BatchPresentation) (at Assets/VoxelEngine/Rendering/Runtime/Vegetation/ProceduralTreeRenderer.cs:1079)
VoxelEngine.Rendering.Runtime.Vegetation.ProceduralTreeRenderer:ClearBatches () (at Assets/VoxelEngine/Rendering/Runtime/Vegetation/ProceduralTreeRenderer.cs:1092)
VoxelEngine.Rendering.Runtime.Vegetation.ProceduralTreeRenderer:ClearGenerated () (at Assets/VoxelEngine/Rendering/Runtime/Vegetation/ProceduralTreeRenderer.cs:1106)
VoxelEngine.Rendering.Runtime.Vegetation.ProceduralTreeRenderer:OnDestroy () (at Assets/VoxelEngine/Rendering/Runtime/Vegetation/ProceduralTreeRenderer.cs:1115)
UnityEditor.TestTools.TestRunner.CommandLineTest.Executer:ExitApplication (UnityEditor.TestTools.TestRunner.CommandLineTest.Executer/ReturnCodes,string) (at ./Library/PackageCache/com.unity.test-framework@1405238725ab/UnityEditor.TestRunner/CommandLineTest/Executer.cs:83)
UnityEditor.TestTools.TestRunner.CommandLineTest.Executer:ExitIfRunIsCompleted () (at ./Library/PackageCache/com.unity.test-framework@1405238725ab/UnityEditor.TestRunner/CommandLineTest/Executer.cs:74)
UnityEditor.EditorApplication:Internal_CallUpdateFunctions () (at /Users/bokken/build/output/unity/unity/Editor/Mono/EditorApplication.cs:403)

[Assets/VoxelEngine/Rendering/Runtime/Vegetation/ProceduralTreeRenderer.cs line 1079]

TreeBatch_4_5_LOD3: Destroy may not be called from edit mode! Use DestroyImmediate instead.
Destroying an object in edit mode destroys it permanently
UnityEngine.Debug:ExtractStackTraceNoAlloc (byte*,int,string)
UnityEngine.StackTraceUtility:ExtractStackTrace () (at /Users/bokken/build/output/unity/unity/Runtime/Export/Scripting/StackTrace.cs:35)
UnityEngine.Object:Destroy (UnityEngine.Object,single)
UnityEngine.Object:Destroy (UnityEngine.Object) (at /Users/bokken/build/output/unity/unity/Runtime/Export/Scripting/UnityEngineObject.bindings.cs:707)
VoxelEngine.Rendering.Runtime.Vegetation.ProceduralTreeRenderer:DestroyBatchObjects (VoxelEngine.Rendering.Runtime.Vegetation.ProceduralTreeRenderer/BatchPresentation) (at Assets/VoxelEngine/Rendering/Runtime/Vegetation/ProceduralTreeRenderer.cs:1081)
VoxelEngine.Rendering.Runtime.Vegetation.ProceduralTreeRenderer:ClearBatches () (at Assets/VoxelEngine/Rendering/Runtime/Vegetation/ProceduralTreeRenderer.cs:1092)
VoxelEngine.Rendering.Runtime.Vegetation.ProceduralTreeRenderer:ClearGenerated () (at Assets/VoxelEngine/Rendering/Runtime/Vegetation/ProceduralTreeRenderer.cs:1106)
VoxelEngine.Rendering.Runtime.Vegetation.ProceduralTreeRenderer:OnDestroy () (at Assets/VoxelEngine/Rendering/Runtime/Vegetation/ProceduralTreeRenderer.cs:1115)
UnityEditor.TestTools.TestRunner.CommandLineTest.Executer:ExitApplication (UnityEditor.TestTools.TestRunner.CommandLineTest.Executer/ReturnCodes,string) (at ./Library/PackageCache/com.unity.test-framework@1405238725ab/UnityEditor.TestRunner/CommandLineTest/Executer.cs:83)
UnityEditor.TestTools.TestRunner.CommandLineTest.Executer:ExitIfRunIsCompleted () (at ./Library/PackageCache/com.unity.test-framework@1405238725ab/UnityEditor.TestRunner/CommandLineTest/Executer.cs:74)
UnityEditor.EditorApplication:Internal_CallUpdateFunctions () (at /Users/bokken/build/output/unity/unity/Editor/Mono/EditorApplication.cs:403)

[Assets/VoxelEngine/Rendering/Runtime/Vegetation/ProceduralTreeRenderer.cs line 1081]

Tree Batch 4,5: Destroy may not be called from edit mode! Use DestroyImmediate instead.
Destroying an object in edit mode destroys it permanently
UnityEngine.Debug:ExtractStackTraceNoAlloc (byte*,int,string)
UnityEngine.StackTraceUtility:ExtractStackTrace () (at /Users/bokken/build/output/unity/unity/Runtime/Export/Scripting/StackTrace.cs:35)
UnityEngine.Object:Destroy (UnityEngine.Object,single)
UnityEngine.Object:Destroy (UnityEngine.Object) (at /Users/bokken/build/output/unity/unity/Runtime/Export/Scripting/UnityEngineObject.bindings.cs:707)
VoxelEngine.Rendering.Runtime.Vegetation.ProceduralTreeRenderer:DestroyBatchObjects (VoxelEngine.Rendering.Runtime.Vegetation.ProceduralTreeRenderer/BatchPresentation) (at Assets/VoxelEngine/Rendering/Runtime/Vegetation/ProceduralTreeRenderer.cs:1085)
VoxelEngine.Rendering.Runtime.Vegetation.ProceduralTreeRenderer:ClearBatches () (at Assets/VoxelEngine/Rendering/Runtime/Vegetation/ProceduralTreeRenderer.cs:1092)
VoxelEngine.Rendering.Runtime.Vegetation.ProceduralTreeRenderer:ClearGenerated () (at Assets/VoxelEngine/Rendering/Runtime/Vegetation/ProceduralTreeRenderer.cs:1106)
VoxelEngine.Rendering.Runtime.Vegetation.ProceduralTreeRenderer:OnDestroy () (at Assets/VoxelEngine/Rendering/Runtime/Vegetation/ProceduralTreeRenderer.cs:1115)
UnityEditor.TestTools.TestRunner.CommandLineTest.Executer:ExitApplication (UnityEditor.TestTools.TestRunner.CommandLineTest.Executer/ReturnCodes,string) (at ./Library/PackageCache/com.unity.test-framework@1405238725ab/UnityEditor.TestRunner/CommandLineTest/Executer.cs:83)
UnityEditor.TestTools.TestRunner.CommandLineTest.Executer:ExitIfRunIsCompleted () (at ./Library/PackageCache/com.unity.test-framework@1405238725ab/UnityEditor.TestRunner/CommandLineTest/Executer.cs:74)
UnityEditor.EditorApplication:Internal_CallUpdateFunctions () (at /Users/bokken/build/output/unity/unity/Editor/Mono/EditorApplication.cs:403)

[Assets/VoxelEngine/Rendering/Runtime/Vegetation/ProceduralTreeRenderer.cs line 1085]

TreeBatch_5_5_LOD0: Destroy may not be called from edit mode! Use DestroyImmediate instead.
Destroying an object in edit mode destroys it permanently
UnityEngine.Debug:ExtractStackTraceNoAlloc (byte*,int,string)
UnityEngine.StackTraceUtility:ExtractStackTrace () (at /Users/bokken/build/output/unity/unity/Runtime/Export/Scripting/StackTrace.cs:35)
UnityEngine.Object:Destroy (UnityEngine.Object,single)
UnityEngine.Object:Destroy (UnityEngine.Object) (at /Users/bokken/build/output/unity/unity/Runtime/Export/Scripting/UnityEngineObject.bindings.cs:707)
VoxelEngine.Rendering.Runtime.Vegetation.ProceduralTreeRenderer:DestroyBatchObjects (VoxelEngine.Rendering.Runtime.Vegetation.ProceduralTreeRenderer/BatchPresentation) (at Assets/VoxelEngine/Rendering/Runtime/Vegetation/ProceduralTreeRenderer.cs:1079)
VoxelEngine.Rendering.Runtime.Vegetation.ProceduralTreeRenderer:ClearBatches () (at Assets/VoxelEngine/Rendering/Runtime/Vegetation/ProceduralTreeRenderer.cs:1092)
VoxelEngine.Rendering.Runtime.Vegetation.ProceduralTreeRenderer:ClearGenerated () (at Assets/VoxelEngine/Rendering/Runtime/Vegetation/ProceduralTreeRenderer.cs:1106)
VoxelEngine.Rendering.Runtime.Vegetation.ProceduralTreeRenderer:OnDestroy () (at Assets/VoxelEngine/Rendering/Runtime/Vegetation/ProceduralTreeRenderer.cs:1115)
UnityEditor.TestTools.TestRunner.CommandLineTest.Executer:ExitApplication (UnityEditor.TestTools.TestRunner.CommandLineTest.Executer/ReturnCodes,string) (at ./Library/PackageCache/com.unity.test-framework@1405238725ab/UnityEditor.TestRunner/CommandLineTest/Executer.cs:83)
UnityEditor.TestTools.TestRunner.CommandLineTest.Executer:ExitIfRunIsCompleted () (at ./Library/PackageCache/com.unity.test-framework@1405238725ab/UnityEditor.TestRunner/CommandLineTest/Executer.cs:74)
UnityEditor.EditorApplication:Internal_CallUpdateFunctions () (at /Users/bokken/build/output/unity/unity/Editor/Mono/EditorApplication.cs:403)

[Assets/VoxelEngine/Rendering/Runtime/Vegetation/ProceduralTreeRenderer.cs line 1079]

TreeBatch_5_5_LOD1: Destroy may not be called from edit mode! Use DestroyImmediate instead.
Destroying an object in edit mode destroys it permanently
UnityEngine.Debug:ExtractStackTraceNoAlloc (byte*,int,string)
UnityEngine.StackTraceUtility:ExtractStackTrace () (at /Users/bokken/build/output/unity/unity/Runtime/Export/Scripting/StackTrace.cs:35)
UnityEngine.Object:Destroy (UnityEngine.Object,single)
UnityEngine.Object:Destroy (UnityEngine.Object) (at /Users/bokken/build/output/unity/unity/Runtime/Export/Scripting/UnityEngineObject.bindings.cs:707)
VoxelEngine.Rendering.Runtime.Vegetation.ProceduralTreeRenderer:DestroyBatchObjects (VoxelEngine.Rendering.Runtime.Vegetation.ProceduralTreeRenderer/BatchPresentation) (at Assets/VoxelEngine/Rendering/Runtime/Vegetation/ProceduralTreeRenderer.cs:1079)
VoxelEngine.Rendering.Runtime.Vegetation.ProceduralTreeRenderer:ClearBatches () (at Assets/VoxelEngine/Rendering/Runtime/Vegetation/ProceduralTreeRenderer.cs:1092)
VoxelEngine.Rendering.Runtime.Vegetation.ProceduralTreeRenderer:ClearGenerated () (at Assets/VoxelEngine/Rendering/Runtime/Vegetation/ProceduralTreeRenderer.cs:1106)
VoxelEngine.Rendering.Runtime.Vegetation.ProceduralTreeRenderer:OnDestroy () (at Assets/VoxelEngine/Rendering/Runtime/Vegetation/ProceduralTreeRenderer.cs:1115)
UnityEditor.TestTools.TestRunner.CommandLineTest.Executer:ExitApplication (UnityEditor.TestTools.TestRunner.CommandLineTest.Executer/ReturnCodes,string) (at ./Library/PackageCache/com.unity.test-framework@1405238725ab/UnityEditor.TestRunner/CommandLineTest/Executer.cs:83)
UnityEditor.TestTools.TestRunner.CommandLineTest.Executer:ExitIfRunIsCompleted () (at ./Library/PackageCache/com.unity.test-framework@1405238725ab/UnityEditor.TestRunner/CommandLineTest/Executer.cs:74)
UnityEditor.EditorApplication:Internal_CallUpdateFunctions () (at /Users/bokken/build/output/unity/unity/Editor/Mono/EditorApplication.cs:403)

[Assets/VoxelEngine/Rendering/Runtime/Vegetation/ProceduralTreeRenderer.cs line 1079]

TreeBatch_5_5_LOD2: Destroy may not be called from edit mode! Use DestroyImmediate instead.
Destroying an object in edit mode destroys it permanently
UnityEngine.Debug:ExtractStackTraceNoAlloc (byte*,int,string)
UnityEngine.StackTraceUtility:ExtractStackTrace () (at /Users/bokken/build/output/unity/unity/Runtime/Export/Scripting/StackTrace.cs:35)
UnityEngine.Object:Destroy (UnityEngine.Object,single)
UnityEngine.Object:Destroy (UnityEngine.Object) (at /Users/bokken/build/output/unity/unity/Runtime/Export/Scripting/UnityEngineObject.bindings.cs:707)
VoxelEngine.Rendering.Runtime.Vegetation.ProceduralTreeRenderer:DestroyBatchObjects (VoxelEngine.Rendering.Runtime.Vegetation.ProceduralTreeRenderer/BatchPresentation) (at Assets/VoxelEngine/Rendering/Runtime/Vegetation/ProceduralTreeRenderer.cs:1079)
VoxelEngine.Rendering.Runtime.Vegetation.ProceduralTreeRenderer:ClearBatches () (at Assets/VoxelEngine/Rendering/Runtime/Vegetation/ProceduralTreeRenderer.cs:1092)
VoxelEngine.Rendering.Runtime.Vegetation.ProceduralTreeRenderer:ClearGenerated () (at Assets/VoxelEngine/Rendering/Runtime/Vegetation/ProceduralTreeRenderer.cs:1106)
VoxelEngine.Rendering.Runtime.Vegetation.ProceduralTreeRenderer:OnDestroy () (at Assets/VoxelEngine/Rendering/Runtime/Vegetation/ProceduralTreeRenderer.cs:1115)
UnityEditor.TestTools.TestRunner.CommandLineTest.Executer:ExitApplication (UnityEditor.TestTools.TestRunner.CommandLineTest.Executer/ReturnCodes,string) (at ./Library/PackageCache/com.unity.test-framework@1405238725ab/UnityEditor.TestRunner/CommandLineTest/Executer.cs:83)
UnityEditor.TestTools.TestRunner.CommandLineTest.Executer:ExitIfRunIsCompleted () (at ./Library/PackageCache/com.unity.test-framework@1405238725ab/UnityEditor.TestRunner/CommandLineTest/Executer.cs:74)
UnityEditor.EditorApplication:Internal_CallUpdateFunctions () (at /Users/bokken/build/output/unity/unity/Editor/Mono/EditorApplication.cs:403)

[Assets/VoxelEngine/Rendering/Runtime/Vegetation/ProceduralTreeRenderer.cs line 1079]

TreeBatch_5_5_LOD3: Destroy may not be called from edit mode! Use DestroyImmediate instead.
Destroying an object in edit mode destroys it permanently
UnityEngine.Debug:ExtractStackTraceNoAlloc (byte*,int,string)
UnityEngine.StackTraceUtility:ExtractStackTrace () (at /Users/bokken/build/output/unity/unity/Runtime/Export/Scripting/StackTrace.cs:35)
UnityEngine.Object:Destroy (UnityEngine.Object,single)
UnityEngine.Object:Destroy (UnityEngine.Object) (at /Users/bokken/build/output/unity/unity/Runtime/Export/Scripting/UnityEngineObject.bindings.cs:707)
VoxelEngine.Rendering.Runtime.Vegetation.ProceduralTreeRenderer:DestroyBatchObjects (VoxelEngine.Rendering.Runtime.Vegetation.ProceduralTreeRenderer/BatchPresentation) (at Assets/VoxelEngine/Rendering/Runtime/Vegetation/ProceduralTreeRenderer.cs:1081)
VoxelEngine.Rendering.Runtime.Vegetation.ProceduralTreeRenderer:ClearBatches () (at Assets/VoxelEngine/Rendering/Runtime/Vegetation/ProceduralTreeRenderer.cs:1092)
VoxelEngine.Rendering.Runtime.Vegetation.ProceduralTreeRenderer:ClearGenerated () (at Assets/VoxelEngine/Rendering/Runtime/Vegetation/ProceduralTreeRenderer.cs:1106)
VoxelEngine.Rendering.Runtime.Vegetation.ProceduralTreeRenderer:OnDestroy () (at Assets/VoxelEngine/Rendering/Runtime/Vegetation/ProceduralTreeRenderer.cs:1115)
UnityEditor.TestTools.TestRunner.CommandLineTest.Executer:ExitApplication (UnityEditor.TestTools.TestRunner.CommandLineTest.Executer/ReturnCodes,string) (at ./Library/PackageCache/com.unity.test-framework@1405238725ab/UnityEditor.TestRunner/CommandLineTest/Executer.cs:83)
UnityEditor.TestTools.TestRunner.CommandLineTest.Executer:ExitIfRunIsCompleted () (at ./Library/PackageCache/com.unity.test-framework@1405238725ab/UnityEditor.TestRunner/CommandLineTest/Executer.cs:74)
UnityEditor.EditorApplication:Internal_CallUpdateFunctions () (at /Users/bokken/build/output/unity/unity/Editor/Mono/EditorApplication.cs:403)

[Assets/VoxelEngine/Rendering/Runtime/Vegetation/ProceduralTreeRenderer.cs line 1081]

Tree Batch 5,5: Destroy may not be called from edit mode! Use DestroyImmediate instead.
Destroying an object in edit mode destroys it permanently
UnityEngine.Debug:ExtractStackTraceNoAlloc (byte*,int,string)
UnityEngine.StackTraceUtility:ExtractStackTrace () (at /Users/bokken/build/output/unity/unity/Runtime/Export/Scripting/StackTrace.cs:35)
UnityEngine.Object:Destroy (UnityEngine.Object,single)
UnityEngine.Object:Destroy (UnityEngine.Object) (at /Users/bokken/build/output/unity/unity/Runtime/Export/Scripting/UnityEngineObject.bindings.cs:707)
VoxelEngine.Rendering.Runtime.Vegetation.ProceduralTreeRenderer:DestroyBatchObjects (VoxelEngine.Rendering.Runtime.Vegetation.ProceduralTreeRenderer/BatchPresentation) (at Assets/VoxelEngine/Rendering/Runtime/Vegetation/ProceduralTreeRenderer.cs:1085)
VoxelEngine.Rendering.Runtime.Vegetation.ProceduralTreeRenderer:ClearBatches () (at Assets/VoxelEngine/Rendering/Runtime/Vegetation/ProceduralTreeRenderer.cs:1092)
VoxelEngine.Rendering.Runtime.Vegetation.ProceduralTreeRenderer:ClearGenerated () (at Assets/VoxelEngine/Rendering/Runtime/Vegetation/ProceduralTreeRenderer.cs:1106)
VoxelEngine.Rendering.Runtime.Vegetation.ProceduralTreeRenderer:OnDestroy () (at Assets/VoxelEngine/Rendering/Runtime/Vegetation/ProceduralTreeRenderer.cs:1115)
UnityEditor.TestTools.TestRunner.CommandLineTest.Executer:ExitApplication (UnityEditor.TestTools.TestRunner.CommandLineTest.Executer/ReturnCodes,string) (at ./Library/PackageCache/com.unity.test-framework@1405238725ab/UnityEditor.TestRunner/CommandLineTest/Executer.cs:83)
UnityEditor.TestTools.TestRunner.CommandLineTest.Executer:ExitIfRunIsCompleted () (at ./Library/PackageCache/com.unity.test-framework@1405238725ab/UnityEditor.TestRunner/CommandLineTest/Executer.cs:74)
UnityEditor.EditorApplication:Internal_CallUpdateFunctions () (at /Users/bokken/build/output/unity/unity/Editor/Mono/EditorApplication.cs:403)

[Assets/VoxelEngine/Rendering/Runtime/Vegetation/ProceduralTreeRenderer.cs line 1085]

TreeBatch_0_6_LOD0: Destroy may not be called from edit mode! Use DestroyImmediate instead.
Destroying an object in edit mode destroys it permanently
UnityEngine.Debug:ExtractStackTraceNoAlloc (byte*,int,string)
UnityEngine.StackTraceUtility:ExtractStackTrace () (at /Users/bokken/build/output/unity/unity/Runtime/Export/Scripting/StackTrace.cs:35)
UnityEngine.Object:Destroy (UnityEngine.Object,single)
UnityEngine.Object:Destroy (UnityEngine.Object) (at /Users/bokken/build/output/unity/unity/Runtime/Export/Scripting/UnityEngineObject.bindings.cs:707)
VoxelEngine.Rendering.Runtime.Vegetation.ProceduralTreeRenderer:DestroyBatchObjects (VoxelEngine.Rendering.Runtime.Vegetation.ProceduralTreeRenderer/BatchPresentation) (at Assets/VoxelEngine/Rendering/Runtime/Vegetation/ProceduralTreeRenderer.cs:1079)
VoxelEngine.Rendering.Runtime.Vegetation.ProceduralTreeRenderer:ClearBatches () (at Assets/VoxelEngine/Rendering/Runtime/Vegetation/ProceduralTreeRenderer.cs:1092)
VoxelEngine.Rendering.Runtime.Vegetation.ProceduralTreeRenderer:ClearGenerated () (at Assets/VoxelEngine/Rendering/Runtime/Vegetation/ProceduralTreeRenderer.cs:1106)
VoxelEngine.Rendering.Runtime.Vegetation.ProceduralTreeRenderer:OnDestroy () (at Assets/VoxelEngine/Rendering/Runtime/Vegetation/ProceduralTreeRenderer.cs:1115)
UnityEditor.TestTools.TestRunner.CommandLineTest.Executer:ExitApplication (UnityEditor.TestTools.TestRunner.CommandLineTest.Executer/ReturnCodes,string) (at ./Library/PackageCache/com.unity.test-framework@1405238725ab/UnityEditor.TestRunner/CommandLineTest/Executer.cs:83)
UnityEditor.TestTools.TestRunner.CommandLineTest.Executer:ExitIfRunIsCompleted () (at ./Library/PackageCache/com.unity.test-framework@1405238725ab/UnityEditor.TestRunner/CommandLineTest/Executer.cs:74)
UnityEditor.EditorApplication:Internal_CallUpdateFunctions () (at /Users/bokken/build/output/unity/unity/Editor/Mono/EditorApplication.cs:403)

[Assets/VoxelEngine/Rendering/Runtime/Vegetation/ProceduralTreeRenderer.cs line 1079]

TreeBatch_0_6_LOD1: Destroy may not be called from edit mode! Use DestroyImmediate instead.
Destroying an object in edit mode destroys it permanently
UnityEngine.Debug:ExtractStackTraceNoAlloc (byte*,int,string)
UnityEngine.StackTraceUtility:ExtractStackTrace () (at /Users/bokken/build/output/unity/unity/Runtime/Export/Scripting/StackTrace.cs:35)
UnityEngine.Object:Destroy (UnityEngine.Object,single)
UnityEngine.Object:Destroy (UnityEngine.Object) (at /Users/bokken/build/output/unity/unity/Runtime/Export/Scripting/UnityEngineObject.bindings.cs:707)
VoxelEngine.Rendering.Runtime.Vegetation.ProceduralTreeRenderer:DestroyBatchObjects (VoxelEngine.Rendering.Runtime.Vegetation.ProceduralTreeRenderer/BatchPresentation) (at Assets/VoxelEngine/Rendering/Runtime/Vegetation/ProceduralTreeRenderer.cs:1079)
VoxelEngine.Rendering.Runtime.Vegetation.ProceduralTreeRenderer:ClearBatches () (at Assets/VoxelEngine/Rendering/Runtime/Vegetation/ProceduralTreeRenderer.cs:1092)
VoxelEngine.Rendering.Runtime.Vegetation.ProceduralTreeRenderer:ClearGenerated () (at Assets/VoxelEngine/Rendering/Runtime/Vegetation/ProceduralTreeRenderer.cs:1106)
VoxelEngine.Rendering.Runtime.Vegetation.ProceduralTreeRenderer:OnDestroy () (at Assets/VoxelEngine/Rendering/Runtime/Vegetation/ProceduralTreeRenderer.cs:1115)
UnityEditor.TestTools.TestRunner.CommandLineTest.Executer:ExitApplication (UnityEditor.TestTools.TestRunner.CommandLineTest.Executer/ReturnCodes,string) (at ./Library/PackageCache/com.unity.test-framework@1405238725ab/UnityEditor.TestRunner/CommandLineTest/Executer.cs:83)
UnityEditor.TestTools.TestRunner.CommandLineTest.Executer:ExitIfRunIsCompleted () (at ./Library/PackageCache/com.unity.test-framework@1405238725ab/UnityEditor.TestRunner/CommandLineTest/Executer.cs:74)
UnityEditor.EditorApplication:Internal_CallUpdateFunctions () (at /Users/bokken/build/output/unity/unity/Editor/Mono/EditorApplication.cs:403)

[Assets/VoxelEngine/Rendering/Runtime/Vegetation/ProceduralTreeRenderer.cs line 1079]

TreeBatch_0_6_LOD2: Destroy may not be called from edit mode! Use DestroyImmediate instead.
Destroying an object in edit mode destroys it permanently
UnityEngine.Debug:ExtractStackTraceNoAlloc (byte*,int,string)
UnityEngine.StackTraceUtility:ExtractStackTrace () (at /Users/bokken/build/output/unity/unity/Runtime/Export/Scripting/StackTrace.cs:35)
UnityEngine.Object:Destroy (UnityEngine.Object,single)
UnityEngine.Object:Destroy (UnityEngine.Object) (at /Users/bokken/build/output/unity/unity/Runtime/Export/Scripting/UnityEngineObject.bindings.cs:707)
VoxelEngine.Rendering.Runtime.Vegetation.ProceduralTreeRenderer:DestroyBatchObjects (VoxelEngine.Rendering.Runtime.Vegetation.ProceduralTreeRenderer/BatchPresentation) (at Assets/VoxelEngine/Rendering/Runtime/Vegetation/ProceduralTreeRenderer.cs:1079)
VoxelEngine.Rendering.Runtime.Vegetation.ProceduralTreeRenderer:ClearBatches () (at Assets/VoxelEngine/Rendering/Runtime/Vegetation/ProceduralTreeRenderer.cs:1092)
VoxelEngine.Rendering.Runtime.Vegetation.ProceduralTreeRenderer:ClearGenerated () (at Assets/VoxelEngine/Rendering/Runtime/Vegetation/ProceduralTreeRenderer.cs:1106)
VoxelEngine.Rendering.Runtime.Vegetation.ProceduralTreeRenderer:OnDestroy () (at Assets/VoxelEngine/Rendering/Runtime/Vegetation/ProceduralTreeRenderer.cs:1115)
UnityEditor.TestTools.TestRunner.CommandLineTest.Executer:ExitApplication (UnityEditor.TestTools.TestRunner.CommandLineTest.Executer/ReturnCodes,string) (at ./Library/PackageCache/com.unity.test-framework@1405238725ab/UnityEditor.TestRunner/CommandLineTest/Executer.cs:83)
UnityEditor.TestTools.TestRunner.CommandLineTest.Executer:ExitIfRunIsCompleted () (at ./Library/PackageCache/com.unity.test-framework@1405238725ab/UnityEditor.TestRunner/CommandLineTest/Executer.cs:74)
UnityEditor.EditorApplication:Internal_CallUpdateFunctions () (at /Users/bokken/build/output/unity/unity/Editor/Mono/EditorApplication.cs:403)

[Assets/VoxelEngine/Rendering/Runtime/Vegetation/ProceduralTreeRenderer.cs line 1079]

TreeBatch_0_6_LOD3: Destroy may not be called from edit mode! Use DestroyImmediate instead.
Destroying an object in edit mode destroys it permanently
UnityEngine.Debug:ExtractStackTraceNoAlloc (byte*,int,string)
UnityEngine.StackTraceUtility:ExtractStackTrace () (at /Users/bokken/build/output/unity/unity/Runtime/Export/Scripting/StackTrace.cs:35)
UnityEngine.Object:Destroy (UnityEngine.Object,single)
UnityEngine.Object:Destroy (UnityEngine.Object) (at /Users/bokken/build/output/unity/unity/Runtime/Export/Scripting/UnityEngineObject.bindings.cs:707)
VoxelEngine.Rendering.Runtime.Vegetation.ProceduralTreeRenderer:DestroyBatchObjects (VoxelEngine.Rendering.Runtime.Vegetation.ProceduralTreeRenderer/BatchPresentation) (at Assets/VoxelEngine/Rendering/Runtime/Vegetation/ProceduralTreeRenderer.cs:1081)
VoxelEngine.Rendering.Runtime.Vegetation.ProceduralTreeRenderer:ClearBatches () (at Assets/VoxelEngine/Rendering/Runtime/Vegetation/ProceduralTreeRenderer.cs:1092)
VoxelEngine.Rendering.Runtime.Vegetation.ProceduralTreeRenderer:ClearGenerated () (at Assets/VoxelEngine/Rendering/Runtime/Vegetation/ProceduralTreeRenderer.cs:1106)
VoxelEngine.Rendering.Runtime.Vegetation.ProceduralTreeRenderer:OnDestroy () (at Assets/VoxelEngine/Rendering/Runtime/Vegetation/ProceduralTreeRenderer.cs:1115)
UnityEditor.TestTools.TestRunner.CommandLineTest.Executer:ExitApplication (UnityEditor.TestTools.TestRunner.CommandLineTest.Executer/ReturnCodes,string) (at ./Library/PackageCache/com.unity.test-framework@1405238725ab/UnityEditor.TestRunner/CommandLineTest/Executer.cs:83)
UnityEditor.TestTools.TestRunner.CommandLineTest.Executer:ExitIfRunIsCompleted () (at ./Library/PackageCache/com.unity.test-framework@1405238725ab/UnityEditor.TestRunner/CommandLineTest/Executer.cs:74)
UnityEditor.EditorApplication:Internal_CallUpdateFunctions () (at /Users/bokken/build/output/unity/unity/Editor/Mono/EditorApplication.cs:403)

[Assets/VoxelEngine/Rendering/Runtime/Vegetation/ProceduralTreeRenderer.cs line 1081]

Tree Batch 0,6: Destroy may not be called from edit mode! Use DestroyImmediate instead.
Destroying an object in edit mode destroys it permanently
UnityEngine.Debug:ExtractStackTraceNoAlloc (byte*,int,string)
UnityEngine.StackTraceUtility:ExtractStackTrace () (at /Users/bokken/build/output/unity/unity/Runtime/Export/Scripting/StackTrace.cs:35)
UnityEngine.Object:Destroy (UnityEngine.Object,single)
UnityEngine.Object:Destroy (UnityEngine.Object) (at /Users/bokken/build/output/unity/unity/Runtime/Export/Scripting/UnityEngineObject.bindings.cs:707)
VoxelEngine.Rendering.Runtime.Vegetation.ProceduralTreeRenderer:DestroyBatchObjects (VoxelEngine.Rendering.Runtime.Vegetation.ProceduralTreeRenderer/BatchPresentation) (at Assets/VoxelEngine/Rendering/Runtime/Vegetation/ProceduralTreeRenderer.cs:1085)
VoxelEngine.Rendering.Runtime.Vegetation.ProceduralTreeRenderer:ClearBatches () (at Assets/VoxelEngine/Rendering/Runtime/Vegetation/ProceduralTreeRenderer.cs:1092)
VoxelEngine.Rendering.Runtime.Vegetation.ProceduralTreeRenderer:ClearGenerated () (at Assets/VoxelEngine/Rendering/Runtime/Vegetation/ProceduralTreeRenderer.cs:1106)
VoxelEngine.Rendering.Runtime.Vegetation.ProceduralTreeRenderer:OnDestroy () (at Assets/VoxelEngine/Rendering/Runtime/Vegetation/ProceduralTreeRenderer.cs:1115)
UnityEditor.TestTools.TestRunner.CommandLineTest.Executer:ExitApplication (UnityEditor.TestTools.TestRunner.CommandLineTest.Executer/ReturnCodes,string) (at ./Library/PackageCache/com.unity.test-framework@1405238725ab/UnityEditor.TestRunner/CommandLineTest/Executer.cs:83)
UnityEditor.TestTools.TestRunner.CommandLineTest.Executer:ExitIfRunIsCompleted () (at ./Library/PackageCache/com.unity.test-framework@1405238725ab/UnityEditor.TestRunner/CommandLineTest/Executer.cs:74)
UnityEditor.EditorApplication:Internal_CallUpdateFunctions () (at /Users/bokken/build/output/unity/unity/Editor/Mono/EditorApplication.cs:403)

[Assets/VoxelEngine/Rendering/Runtime/Vegetation/ProceduralTreeRenderer.cs line 1085]

TreeBatch_1_6_LOD0: Destroy may not be called from edit mode! Use DestroyImmediate instead.
Destroying an object in edit mode destroys it permanently
UnityEngine.Debug:ExtractStackTraceNoAlloc (byte*,int,string)
UnityEngine.StackTraceUtility:ExtractStackTrace () (at /Users/bokken/build/output/unity/unity/Runtime/Export/Scripting/StackTrace.cs:35)
UnityEngine.Object:Destroy (UnityEngine.Object,single)
UnityEngine.Object:Destroy (UnityEngine.Object) (at /Users/bokken/build/output/unity/unity/Runtime/Export/Scripting/UnityEngineObject.bindings.cs:707)
VoxelEngine.Rendering.Runtime.Vegetation.ProceduralTreeRenderer:DestroyBatchObjects (VoxelEngine.Rendering.Runtime.Vegetation.ProceduralTreeRenderer/BatchPresentation) (at Assets/VoxelEngine/Rendering/Runtime/Vegetation/ProceduralTreeRenderer.cs:1079)
VoxelEngine.Rendering.Runtime.Vegetation.ProceduralTreeRenderer:ClearBatches () (at Assets/VoxelEngine/Rendering/Runtime/Vegetation/ProceduralTreeRenderer.cs:1092)
VoxelEngine.Rendering.Runtime.Vegetation.ProceduralTreeRenderer:ClearGenerated () (at Assets/VoxelEngine/Rendering/Runtime/Vegetation/ProceduralTreeRenderer.cs:1106)
VoxelEngine.Rendering.Runtime.Vegetation.ProceduralTreeRenderer:OnDestroy () (at Assets/VoxelEngine/Rendering/Runtime/Vegetation/ProceduralTreeRenderer.cs:1115)
UnityEditor.TestTools.TestRunner.CommandLineTest.Executer:ExitApplication (UnityEditor.TestTools.TestRunner.CommandLineTest.Executer/ReturnCodes,string) (at ./Library/PackageCache/com.unity.test-framework@1405238725ab/UnityEditor.TestRunner/CommandLineTest/Executer.cs:83)
UnityEditor.TestTools.TestRunner.CommandLineTest.Executer:ExitIfRunIsCompleted () (at ./Library/PackageCache/com.unity.test-framework@1405238725ab/UnityEditor.TestRunner/CommandLineTest/Executer.cs:74)
UnityEditor.EditorApplication:Internal_CallUpdateFunctions () (at /Users/bokken/build/output/unity/unity/Editor/Mono/EditorApplication.cs:403)

[Assets/VoxelEngine/Rendering/Runtime/Vegetation/ProceduralTreeRenderer.cs line 1079]

TreeBatch_1_6_LOD1: Destroy may not be called from edit mode! Use DestroyImmediate instead.
Destroying an object in edit mode destroys it permanently
UnityEngine.Debug:ExtractStackTraceNoAlloc (byte*,int,string)
UnityEngine.StackTraceUtility:ExtractStackTrace () (at /Users/bokken/build/output/unity/unity/Runtime/Export/Scripting/StackTrace.cs:35)
UnityEngine.Object:Destroy (UnityEngine.Object,single)
UnityEngine.Object:Destroy (UnityEngine.Object) (at /Users/bokken/build/output/unity/unity/Runtime/Export/Scripting/UnityEngineObject.bindings.cs:707)
VoxelEngine.Rendering.Runtime.Vegetation.ProceduralTreeRenderer:DestroyBatchObjects (VoxelEngine.Rendering.Runtime.Vegetation.ProceduralTreeRenderer/BatchPresentation) (at Assets/VoxelEngine/Rendering/Runtime/Vegetation/ProceduralTreeRenderer.cs:1079)
VoxelEngine.Rendering.Runtime.Vegetation.ProceduralTreeRenderer:ClearBatches () (at Assets/VoxelEngine/Rendering/Runtime/Vegetation/ProceduralTreeRenderer.cs:1092)
VoxelEngine.Rendering.Runtime.Vegetation.ProceduralTreeRenderer:ClearGenerated () (at Assets/VoxelEngine/Rendering/Runtime/Vegetation/ProceduralTreeRenderer.cs:1106)
VoxelEngine.Rendering.Runtime.Vegetation.ProceduralTreeRenderer:OnDestroy () (at Assets/VoxelEngine/Rendering/Runtime/Vegetation/ProceduralTreeRenderer.cs:1115)
UnityEditor.TestTools.TestRunner.CommandLineTest.Executer:ExitApplication (UnityEditor.TestTools.TestRunner.CommandLineTest.Executer/ReturnCodes,string) (at ./Library/PackageCache/com.unity.test-framework@1405238725ab/UnityEditor.TestRunner/CommandLineTest/Executer.cs:83)
UnityEditor.TestTools.TestRunner.CommandLineTest.Executer:ExitIfRunIsCompleted () (at ./Library/PackageCache/com.unity.test-framework@1405238725ab/UnityEditor.TestRunner/CommandLineTest/Executer.cs:74)
UnityEditor.EditorApplication:Internal_CallUpdateFunctions () (at /Users/bokken/build/output/unity/unity/Editor/Mono/EditorApplication.cs:403)

[Assets/VoxelEngine/Rendering/Runtime/Vegetation/ProceduralTreeRenderer.cs line 1079]

TreeBatch_1_6_LOD2: Destroy may not be called from edit mode! Use DestroyImmediate instead.
Destroying an object in edit mode destroys it permanently
UnityEngine.Debug:ExtractStackTraceNoAlloc (byte*,int,string)
UnityEngine.StackTraceUtility:ExtractStackTrace () (at /Users/bokken/build/output/unity/unity/Runtime/Export/Scripting/StackTrace.cs:35)
UnityEngine.Object:Destroy (UnityEngine.Object,single)
UnityEngine.Object:Destroy (UnityEngine.Object) (at /Users/bokken/build/output/unity/unity/Runtime/Export/Scripting/UnityEngineObject.bindings.cs:707)
VoxelEngine.Rendering.Runtime.Vegetation.ProceduralTreeRenderer:DestroyBatchObjects (VoxelEngine.Rendering.Runtime.Vegetation.ProceduralTreeRenderer/BatchPresentation) (at Assets/VoxelEngine/Rendering/Runtime/Vegetation/ProceduralTreeRenderer.cs:1079)
VoxelEngine.Rendering.Runtime.Vegetation.ProceduralTreeRenderer:ClearBatches () (at Assets/VoxelEngine/Rendering/Runtime/Vegetation/ProceduralTreeRenderer.cs:1092)
VoxelEngine.Rendering.Runtime.Vegetation.ProceduralTreeRenderer:ClearGenerated () (at Assets/VoxelEngine/Rendering/Runtime/Vegetation/ProceduralTreeRenderer.cs:1106)
VoxelEngine.Rendering.Runtime.Vegetation.ProceduralTreeRenderer:OnDestroy () (at Assets/VoxelEngine/Rendering/Runtime/Vegetation/ProceduralTreeRenderer.cs:1115)
UnityEditor.TestTools.TestRunner.CommandLineTest.Executer:ExitApplication (UnityEditor.TestTools.TestRunner.CommandLineTest.Executer/ReturnCodes,string) (at ./Library/PackageCache/com.unity.test-framework@1405238725ab/UnityEditor.TestRunner/CommandLineTest/Executer.cs:83)
UnityEditor.TestTools.TestRunner.CommandLineTest.Executer:ExitIfRunIsCompleted () (at ./Library/PackageCache/com.unity.test-framework@1405238725ab/UnityEditor.TestRunner/CommandLineTest/Executer.cs:74)
UnityEditor.EditorApplication:Internal_CallUpdateFunctions () (at /Users/bokken/build/output/unity/unity/Editor/Mono/EditorApplication.cs:403)

[Assets/VoxelEngine/Rendering/Runtime/Vegetation/ProceduralTreeRenderer.cs line 1079]

TreeBatch_1_6_LOD3: Destroy may not be called from edit mode! Use DestroyImmediate instead.
Destroying an object in edit mode destroys it permanently
UnityEngine.Debug:ExtractStackTraceNoAlloc (byte*,int,string)
UnityEngine.StackTraceUtility:ExtractStackTrace () (at /Users/bokken/build/output/unity/unity/Runtime/Export/Scripting/StackTrace.cs:35)
UnityEngine.Object:Destroy (UnityEngine.Object,single)
UnityEngine.Object:Destroy (UnityEngine.Object) (at /Users/bokken/build/output/unity/unity/Runtime/Export/Scripting/UnityEngineObject.bindings.cs:707)
VoxelEngine.Rendering.Runtime.Vegetation.ProceduralTreeRenderer:DestroyBatchObjects (VoxelEngine.Rendering.Runtime.Vegetation.ProceduralTreeRenderer/BatchPresentation) (at Assets/VoxelEngine/Rendering/Runtime/Vegetation/ProceduralTreeRenderer.cs:1081)
VoxelEngine.Rendering.Runtime.Vegetation.ProceduralTreeRenderer:ClearBatches () (at Assets/VoxelEngine/Rendering/Runtime/Vegetation/ProceduralTreeRenderer.cs:1092)
VoxelEngine.Rendering.Runtime.Vegetation.ProceduralTreeRenderer:ClearGenerated () (at Assets/VoxelEngine/Rendering/Runtime/Vegetation/ProceduralTreeRenderer.cs:1106)
VoxelEngine.Rendering.Runtime.Vegetation.ProceduralTreeRenderer:OnDestroy () (at Assets/VoxelEngine/Rendering/Runtime/Vegetation/ProceduralTreeRenderer.cs:1115)
UnityEditor.TestTools.TestRunner.CommandLineTest.Executer:ExitApplication (UnityEditor.TestTools.TestRunner.CommandLineTest.Executer/ReturnCodes,string) (at ./Library/PackageCache/com.unity.test-framework@1405238725ab/UnityEditor.TestRunner/CommandLineTest/Executer.cs:83)
UnityEditor.TestTools.TestRunner.CommandLineTest.Executer:ExitIfRunIsCompleted () (at ./Library/PackageCache/com.unity.test-framework@1405238725ab/UnityEditor.TestRunner/CommandLineTest/Executer.cs:74)
UnityEditor.EditorApplication:Internal_CallUpdateFunctions () (at /Users/bokken/build/output/unity/unity/Editor/Mono/EditorApplication.cs:403)

[Assets/VoxelEngine/Rendering/Runtime/Vegetation/ProceduralTreeRenderer.cs line 1081]

Tree Batch 1,6: Destroy may not be called from edit mode! Use DestroyImmediate instead.
Destroying an object in edit mode destroys it permanently
UnityEngine.Debug:ExtractStackTraceNoAlloc (byte*,int,string)
UnityEngine.StackTraceUtility:ExtractStackTrace () (at /Users/bokken/build/output/unity/unity/Runtime/Export/Scripting/StackTrace.cs:35)
UnityEngine.Object:Destroy (UnityEngine.Object,single)
UnityEngine.Object:Destroy (UnityEngine.Object) (at /Users/bokken/build/output/unity/unity/Runtime/Export/Scripting/UnityEngineObject.bindings.cs:707)
VoxelEngine.Rendering.Runtime.Vegetation.ProceduralTreeRenderer:DestroyBatchObjects (VoxelEngine.Rendering.Runtime.Vegetation.ProceduralTreeRenderer/BatchPresentation) (at Assets/VoxelEngine/Rendering/Runtime/Vegetation/ProceduralTreeRenderer.cs:1085)
VoxelEngine.Rendering.Runtime.Vegetation.ProceduralTreeRenderer:ClearBatches () (at Assets/VoxelEngine/Rendering/Runtime/Vegetation/ProceduralTreeRenderer.cs:1092)
VoxelEngine.Rendering.Runtime.Vegetation.ProceduralTreeRenderer:ClearGenerated () (at Assets/VoxelEngine/Rendering/Runtime/Vegetation/ProceduralTreeRenderer.cs:1106)
VoxelEngine.Rendering.Runtime.Vegetation.ProceduralTreeRenderer:OnDestroy () (at Assets/VoxelEngine/Rendering/Runtime/Vegetation/ProceduralTreeRenderer.cs:1115)
UnityEditor.TestTools.TestRunner.CommandLineTest.Executer:ExitApplication (UnityEditor.TestTools.TestRunner.CommandLineTest.Executer/ReturnCodes,string) (at ./Library/PackageCache/com.unity.test-framework@1405238725ab/UnityEditor.TestRunner/CommandLineTest/Executer.cs:83)
UnityEditor.TestTools.TestRunner.CommandLineTest.Executer:ExitIfRunIsCompleted () (at ./Library/PackageCache/com.unity.test-framework@1405238725ab/UnityEditor.TestRunner/CommandLineTest/Executer.cs:74)
UnityEditor.EditorApplication:Internal_CallUpdateFunctions () (at /Users/bokken/build/output/unity/unity/Editor/Mono/EditorApplication.cs:403)

[Assets/VoxelEngine/Rendering/Runtime/Vegetation/ProceduralTreeRenderer.cs line 1085]

TreeBatch_2_6_LOD0: Destroy may not be called from edit mode! Use DestroyImmediate instead.
Destroying an object in edit mode destroys it permanently
UnityEngine.Debug:ExtractStackTraceNoAlloc (byte*,int,string)
UnityEngine.StackTraceUtility:ExtractStackTrace () (at /Users/bokken/build/output/unity/unity/Runtime/Export/Scripting/StackTrace.cs:35)
UnityEngine.Object:Destroy (UnityEngine.Object,single)
UnityEngine.Object:Destroy (UnityEngine.Object) (at /Users/bokken/build/output/unity/unity/Runtime/Export/Scripting/UnityEngineObject.bindings.cs:707)
VoxelEngine.Rendering.Runtime.Vegetation.ProceduralTreeRenderer:DestroyBatchObjects (VoxelEngine.Rendering.Runtime.Vegetation.ProceduralTreeRenderer/BatchPresentation) (at Assets/VoxelEngine/Rendering/Runtime/Vegetation/ProceduralTreeRenderer.cs:1079)
VoxelEngine.Rendering.Runtime.Vegetation.ProceduralTreeRenderer:ClearBatches () (at Assets/VoxelEngine/Rendering/Runtime/Vegetation/ProceduralTreeRenderer.cs:1092)
VoxelEngine.Rendering.Runtime.Vegetation.ProceduralTreeRenderer:ClearGenerated () (at Assets/VoxelEngine/Rendering/Runtime/Vegetation/ProceduralTreeRenderer.cs:1106)
VoxelEngine.Rendering.Runtime.Vegetation.ProceduralTreeRenderer:OnDestroy () (at Assets/VoxelEngine/Rendering/Runtime/Vegetation/ProceduralTreeRenderer.cs:1115)
UnityEditor.TestTools.TestRunner.CommandLineTest.Executer:ExitApplication (UnityEditor.TestTools.TestRunner.CommandLineTest.Executer/ReturnCodes,string) (at ./Library/PackageCache/com.unity.test-framework@1405238725ab/UnityEditor.TestRunner/CommandLineTest/Executer.cs:83)
UnityEditor.TestTools.TestRunner.CommandLineTest.Executer:ExitIfRunIsCompleted () (at ./Library/PackageCache/com.unity.test-framework@1405238725ab/UnityEditor.TestRunner/CommandLineTest/Executer.cs:74)
UnityEditor.EditorApplication:Internal_CallUpdateFunctions () (at /Users/bokken/build/output/unity/unity/Editor/Mono/EditorApplication.cs:403)

[Assets/VoxelEngine/Rendering/Runtime/Vegetation/ProceduralTreeRenderer.cs line 1079]

TreeBatch_2_6_LOD1: Destroy may not be called from edit mode! Use DestroyImmediate instead.
Destroying an object in edit mode destroys it permanently
UnityEngine.Debug:ExtractStackTraceNoAlloc (byte*,int,string)
UnityEngine.StackTraceUtility:ExtractStackTrace () (at /Users/bokken/build/output/unity/unity/Runtime/Export/Scripting/StackTrace.cs:35)
UnityEngine.Object:Destroy (UnityEngine.Object,single)
UnityEngine.Object:Destroy (UnityEngine.Object) (at /Users/bokken/build/output/unity/unity/Runtime/Export/Scripting/UnityEngineObject.bindings.cs:707)
VoxelEngine.Rendering.Runtime.Vegetation.ProceduralTreeRenderer:DestroyBatchObjects (VoxelEngine.Rendering.Runtime.Vegetation.ProceduralTreeRenderer/BatchPresentation) (at Assets/VoxelEngine/Rendering/Runtime/Vegetation/ProceduralTreeRenderer.cs:1079)
VoxelEngine.Rendering.Runtime.Vegetation.ProceduralTreeRenderer:ClearBatches () (at Assets/VoxelEngine/Rendering/Runtime/Vegetation/ProceduralTreeRenderer.cs:1092)
VoxelEngine.Rendering.Runtime.Vegetation.ProceduralTreeRenderer:ClearGenerated () (at Assets/VoxelEngine/Rendering/Runtime/Vegetation/ProceduralTreeRenderer.cs:1106)
VoxelEngine.Rendering.Runtime.Vegetation.ProceduralTreeRenderer:OnDestroy () (at Assets/VoxelEngine/Rendering/Runtime/Vegetation/ProceduralTreeRenderer.cs:1115)
UnityEditor.TestTools.TestRunner.CommandLineTest.Executer:ExitApplication (UnityEditor.TestTools.TestRunner.CommandLineTest.Executer/ReturnCodes,string) (at ./Library/PackageCache/com.unity.test-framework@1405238725ab/UnityEditor.TestRunner/CommandLineTest/Executer.cs:83)
UnityEditor.TestTools.TestRunner.CommandLineTest.Executer:ExitIfRunIsCompleted () (at ./Library/PackageCache/com.unity.test-framework@1405238725ab/UnityEditor.TestRunner/CommandLineTest/Executer.cs:74)
UnityEditor.EditorApplication:Internal_CallUpdateFunctions () (at /Users/bokken/build/output/unity/unity/Editor/Mono/EditorApplication.cs:403)

[Assets/VoxelEngine/Rendering/Runtime/Vegetation/ProceduralTreeRenderer.cs line 1079]

TreeBatch_2_6_LOD2: Destroy may not be called from edit mode! Use DestroyImmediate instead.
Destroying an object in edit mode destroys it permanently
UnityEngine.Debug:ExtractStackTraceNoAlloc (byte*,int,string)
UnityEngine.StackTraceUtility:ExtractStackTrace () (at /Users/bokken/build/output/unity/unity/Runtime/Export/Scripting/StackTrace.cs:35)
UnityEngine.Object:Destroy (UnityEngine.Object,single)
UnityEngine.Object:Destroy (UnityEngine.Object) (at /Users/bokken/build/output/unity/unity/Runtime/Export/Scripting/UnityEngineObject.bindings.cs:707)
VoxelEngine.Rendering.Runtime.Vegetation.ProceduralTreeRenderer:DestroyBatchObjects (VoxelEngine.Rendering.Runtime.Vegetation.ProceduralTreeRenderer/BatchPresentation) (at Assets/VoxelEngine/Rendering/Runtime/Vegetation/ProceduralTreeRenderer.cs:1079)
VoxelEngine.Rendering.Runtime.Vegetation.ProceduralTreeRenderer:ClearBatches () (at Assets/VoxelEngine/Rendering/Runtime/Vegetation/ProceduralTreeRenderer.cs:1092)
VoxelEngine.Rendering.Runtime.Vegetation.ProceduralTreeRenderer:ClearGenerated () (at Assets/VoxelEngine/Rendering/Runtime/Vegetation/ProceduralTreeRenderer.cs:1106)
VoxelEngine.Rendering.Runtime.Vegetation.ProceduralTreeRenderer:OnDestroy () (at Assets/VoxelEngine/Rendering/Runtime/Vegetation/ProceduralTreeRenderer.cs:1115)
UnityEditor.TestTools.TestRunner.CommandLineTest.Executer:ExitApplication (UnityEditor.TestTools.TestRunner.CommandLineTest.Executer/ReturnCodes,string) (at ./Library/PackageCache/com.unity.test-framework@1405238725ab/UnityEditor.TestRunner/CommandLineTest/Executer.cs:83)
UnityEditor.TestTools.TestRunner.CommandLineTest.Executer:ExitIfRunIsCompleted () (at ./Library/PackageCache/com.unity.test-framework@1405238725ab/UnityEditor.TestRunner/CommandLineTest/Executer.cs:74)
UnityEditor.EditorApplication:Internal_CallUpdateFunctions () (at /Users/bokken/build/output/unity/unity/Editor/Mono/EditorApplication.cs:403)

[Assets/VoxelEngine/Rendering/Runtime/Vegetation/ProceduralTreeRenderer.cs line 1079]

TreeBatch_2_6_LOD3: Destroy may not be called from edit mode! Use DestroyImmediate instead.
Destroying an object in edit mode destroys it permanently
UnityEngine.Debug:ExtractStackTraceNoAlloc (byte*,int,string)
UnityEngine.StackTraceUtility:ExtractStackTrace () (at /Users/bokken/build/output/unity/unity/Runtime/Export/Scripting/StackTrace.cs:35)
UnityEngine.Object:Destroy (UnityEngine.Object,single)
UnityEngine.Object:Destroy (UnityEngine.Object) (at /Users/bokken/build/output/unity/unity/Runtime/Export/Scripting/UnityEngineObject.bindings.cs:707)
VoxelEngine.Rendering.Runtime.Vegetation.ProceduralTreeRenderer:DestroyBatchObjects (VoxelEngine.Rendering.Runtime.Vegetation.ProceduralTreeRenderer/BatchPresentation) (at Assets/VoxelEngine/Rendering/Runtime/Vegetation/ProceduralTreeRenderer.cs:1081)
VoxelEngine.Rendering.Runtime.Vegetation.ProceduralTreeRenderer:ClearBatches () (at Assets/VoxelEngine/Rendering/Runtime/Vegetation/ProceduralTreeRenderer.cs:1092)
VoxelEngine.Rendering.Runtime.Vegetation.ProceduralTreeRenderer:ClearGenerated () (at Assets/VoxelEngine/Rendering/Runtime/Vegetation/ProceduralTreeRenderer.cs:1106)
VoxelEngine.Rendering.Runtime.Vegetation.ProceduralTreeRenderer:OnDestroy () (at Assets/VoxelEngine/Rendering/Runtime/Vegetation/ProceduralTreeRenderer.cs:1115)
UnityEditor.TestTools.TestRunner.CommandLineTest.Executer:ExitApplication (UnityEditor.TestTools.TestRunner.CommandLineTest.Executer/ReturnCodes,string) (at ./Library/PackageCache/com.unity.test-framework@1405238725ab/UnityEditor.TestRunner/CommandLineTest/Executer.cs:83)
UnityEditor.TestTools.TestRunner.CommandLineTest.Executer:ExitIfRunIsCompleted () (at ./Library/PackageCache/com.unity.test-framework@1405238725ab/UnityEditor.TestRunner/CommandLineTest/Executer.cs:74)
UnityEditor.EditorApplication:Internal_CallUpdateFunctions () (at /Users/bokken/build/output/unity/unity/Editor/Mono/EditorApplication.cs:403)

[Assets/VoxelEngine/Rendering/Runtime/Vegetation/ProceduralTreeRenderer.cs line 1081]

Tree Batch 2,6: Destroy may not be called from edit mode! Use DestroyImmediate instead.
Destroying an object in edit mode destroys it permanently
UnityEngine.Debug:ExtractStackTraceNoAlloc (byte*,int,string)
UnityEngine.StackTraceUtility:ExtractStackTrace () (at /Users/bokken/build/output/unity/unity/Runtime/Export/Scripting/StackTrace.cs:35)
UnityEngine.Object:Destroy (UnityEngine.Object,single)
UnityEngine.Object:Destroy (UnityEngine.Object) (at /Users/bokken/build/output/unity/unity/Runtime/Export/Scripting/UnityEngineObject.bindings.cs:707)
VoxelEngine.Rendering.Runtime.Vegetation.ProceduralTreeRenderer:DestroyBatchObjects (VoxelEngine.Rendering.Runtime.Vegetation.ProceduralTreeRenderer/BatchPresentation) (at Assets/VoxelEngine/Rendering/Runtime/Vegetation/ProceduralTreeRenderer.cs:1085)
VoxelEngine.Rendering.Runtime.Vegetation.ProceduralTreeRenderer:ClearBatches () (at Assets/VoxelEngine/Rendering/Runtime/Vegetation/ProceduralTreeRenderer.cs:1092)
VoxelEngine.Rendering.Runtime.Vegetation.ProceduralTreeRenderer:ClearGenerated () (at Assets/VoxelEngine/Rendering/Runtime/Vegetation/ProceduralTreeRenderer.cs:1106)
VoxelEngine.Rendering.Runtime.Vegetation.ProceduralTreeRenderer:OnDestroy () (at Assets/VoxelEngine/Rendering/Runtime/Vegetation/ProceduralTreeRenderer.cs:1115)
UnityEditor.TestTools.TestRunner.CommandLineTest.Executer:ExitApplication (UnityEditor.TestTools.TestRunner.CommandLineTest.Executer/ReturnCodes,string) (at ./Library/PackageCache/com.unity.test-framework@1405238725ab/UnityEditor.TestRunner/CommandLineTest/Executer.cs:83)
UnityEditor.TestTools.TestRunner.CommandLineTest.Executer:ExitIfRunIsCompleted () (at ./Library/PackageCache/com.unity.test-framework@1405238725ab/UnityEditor.TestRunner/CommandLineTest/Executer.cs:74)
UnityEditor.EditorApplication:Internal_CallUpdateFunctions () (at /Users/bokken/build/output/unity/unity/Editor/Mono/EditorApplication.cs:403)

[Assets/VoxelEngine/Rendering/Runtime/Vegetation/ProceduralTreeRenderer.cs line 1085]

TreeBatch_3_6_LOD0: Destroy may not be called from edit mode! Use DestroyImmediate instead.
Destroying an object in edit mode destroys it permanently
UnityEngine.Debug:ExtractStackTraceNoAlloc (byte*,int,string)
UnityEngine.StackTraceUtility:ExtractStackTrace () (at /Users/bokken/build/output/unity/unity/Runtime/Export/Scripting/StackTrace.cs:35)
UnityEngine.Object:Destroy (UnityEngine.Object,single)
UnityEngine.Object:Destroy (UnityEngine.Object) (at /Users/bokken/build/output/unity/unity/Runtime/Export/Scripting/UnityEngineObject.bindings.cs:707)
VoxelEngine.Rendering.Runtime.Vegetation.ProceduralTreeRenderer:DestroyBatchObjects (VoxelEngine.Rendering.Runtime.Vegetation.ProceduralTreeRenderer/BatchPresentation) (at Assets/VoxelEngine/Rendering/Runtime/Vegetation/ProceduralTreeRenderer.cs:1079)
VoxelEngine.Rendering.Runtime.Vegetation.ProceduralTreeRenderer:ClearBatches () (at Assets/VoxelEngine/Rendering/Runtime/Vegetation/ProceduralTreeRenderer.cs:1092)
VoxelEngine.Rendering.Runtime.Vegetation.ProceduralTreeRenderer:ClearGenerated () (at Assets/VoxelEngine/Rendering/Runtime/Vegetation/ProceduralTreeRenderer.cs:1106)
VoxelEngine.Rendering.Runtime.Vegetation.ProceduralTreeRenderer:OnDestroy () (at Assets/VoxelEngine/Rendering/Runtime/Vegetation/ProceduralTreeRenderer.cs:1115)
UnityEditor.TestTools.TestRunner.CommandLineTest.Executer:ExitApplication (UnityEditor.TestTools.TestRunner.CommandLineTest.Executer/ReturnCodes,string) (at ./Library/PackageCache/com.unity.test-framework@1405238725ab/UnityEditor.TestRunner/CommandLineTest/Executer.cs:83)
UnityEditor.TestTools.TestRunner.CommandLineTest.Executer:ExitIfRunIsCompleted () (at ./Library/PackageCache/com.unity.test-framework@1405238725ab/UnityEditor.TestRunner/CommandLineTest/Executer.cs:74)
UnityEditor.EditorApplication:Internal_CallUpdateFunctions () (at /Users/bokken/build/output/unity/unity/Editor/Mono/EditorApplication.cs:403)

[Assets/VoxelEngine/Rendering/Runtime/Vegetation/ProceduralTreeRenderer.cs line 1079]

TreeBatch_3_6_LOD1: Destroy may not be called from edit mode! Use DestroyImmediate instead.
Destroying an object in edit mode destroys it permanently
UnityEngine.Debug:ExtractStackTraceNoAlloc (byte*,int,string)
UnityEngine.StackTraceUtility:ExtractStackTrace () (at /Users/bokken/build/output/unity/unity/Runtime/Export/Scripting/StackTrace.cs:35)
UnityEngine.Object:Destroy (UnityEngine.Object,single)
UnityEngine.Object:Destroy (UnityEngine.Object) (at /Users/bokken/build/output/unity/unity/Runtime/Export/Scripting/UnityEngineObject.bindings.cs:707)
VoxelEngine.Rendering.Runtime.Vegetation.ProceduralTreeRenderer:DestroyBatchObjects (VoxelEngine.Rendering.Runtime.Vegetation.ProceduralTreeRenderer/BatchPresentation) (at Assets/VoxelEngine/Rendering/Runtime/Vegetation/ProceduralTreeRenderer.cs:1079)
VoxelEngine.Rendering.Runtime.Vegetation.ProceduralTreeRenderer:ClearBatches () (at Assets/VoxelEngine/Rendering/Runtime/Vegetation/ProceduralTreeRenderer.cs:1092)
VoxelEngine.Rendering.Runtime.Vegetation.ProceduralTreeRenderer:ClearGenerated () (at Assets/VoxelEngine/Rendering/Runtime/Vegetation/ProceduralTreeRenderer.cs:1106)
VoxelEngine.Rendering.Runtime.Vegetation.ProceduralTreeRenderer:OnDestroy () (at Assets/VoxelEngine/Rendering/Runtime/Vegetation/ProceduralTreeRenderer.cs:1115)
UnityEditor.TestTools.TestRunner.CommandLineTest.Executer:ExitApplication (UnityEditor.TestTools.TestRunner.CommandLineTest.Executer/ReturnCodes,string) (at ./Library/PackageCache/com.unity.test-framework@1405238725ab/UnityEditor.TestRunner/CommandLineTest/Executer.cs:83)
UnityEditor.TestTools.TestRunner.CommandLineTest.Executer:ExitIfRunIsCompleted () (at ./Library/PackageCache/com.unity.test-framework@1405238725ab/UnityEditor.TestRunner/CommandLineTest/Executer.cs:74)
UnityEditor.EditorApplication:Internal_CallUpdateFunctions () (at /Users/bokken/build/output/unity/unity/Editor/Mono/EditorApplication.cs:403)

[Assets/VoxelEngine/Rendering/Runtime/Vegetation/ProceduralTreeRenderer.cs line 1079]

TreeBatch_3_6_LOD2: Destroy may not be called from edit mode! Use DestroyImmediate instead.
Destroying an object in edit mode destroys it permanently
UnityEngine.Debug:ExtractStackTraceNoAlloc (byte*,int,string)
UnityEngine.StackTraceUtility:ExtractStackTrace () (at /Users/bokken/build/output/unity/unity/Runtime/Export/Scripting/StackTrace.cs:35)
UnityEngine.Object:Destroy (UnityEngine.Object,single)
UnityEngine.Object:Destroy (UnityEngine.Object) (at /Users/bokken/build/output/unity/unity/Runtime/Export/Scripting/UnityEngineObject.bindings.cs:707)
VoxelEngine.Rendering.Runtime.Vegetation.ProceduralTreeRenderer:DestroyBatchObjects (VoxelEngine.Rendering.Runtime.Vegetation.ProceduralTreeRenderer/BatchPresentation) (at Assets/VoxelEngine/Rendering/Runtime/Vegetation/ProceduralTreeRenderer.cs:1079)
VoxelEngine.Rendering.Runtime.Vegetation.ProceduralTreeRenderer:ClearBatches () (at Assets/VoxelEngine/Rendering/Runtime/Vegetation/ProceduralTreeRenderer.cs:1092)
VoxelEngine.Rendering.Runtime.Vegetation.ProceduralTreeRenderer:ClearGenerated () (at Assets/VoxelEngine/Rendering/Runtime/Vegetation/ProceduralTreeRenderer.cs:1106)
VoxelEngine.Rendering.Runtime.Vegetation.ProceduralTreeRenderer:OnDestroy () (at Assets/VoxelEngine/Rendering/Runtime/Vegetation/ProceduralTreeRenderer.cs:1115)
UnityEditor.TestTools.TestRunner.CommandLineTest.Executer:ExitApplication (UnityEditor.TestTools.TestRunner.CommandLineTest.Executer/ReturnCodes,string) (at ./Library/PackageCache/com.unity.test-framework@1405238725ab/UnityEditor.TestRunner/CommandLineTest/Executer.cs:83)
UnityEditor.TestTools.TestRunner.CommandLineTest.Executer:ExitIfRunIsCompleted () (at ./Library/PackageCache/com.unity.test-framework@1405238725ab/UnityEditor.TestRunner/CommandLineTest/Executer.cs:74)
UnityEditor.EditorApplication:Internal_CallUpdateFunctions () (at /Users/bokken/build/output/unity/unity/Editor/Mono/EditorApplication.cs:403)

[Assets/VoxelEngine/Rendering/Runtime/Vegetation/ProceduralTreeRenderer.cs line 1079]

TreeBatch_3_6_LOD3: Destroy may not be called from edit mode! Use DestroyImmediate instead.
Destroying an object in edit mode destroys it permanently
UnityEngine.Debug:ExtractStackTraceNoAlloc (byte*,int,string)
UnityEngine.StackTraceUtility:ExtractStackTrace () (at /Users/bokken/build/output/unity/unity/Runtime/Export/Scripting/StackTrace.cs:35)
UnityEngine.Object:Destroy (UnityEngine.Object,single)
UnityEngine.Object:Destroy (UnityEngine.Object) (at /Users/bokken/build/output/unity/unity/Runtime/Export/Scripting/UnityEngineObject.bindings.cs:707)
VoxelEngine.Rendering.Runtime.Vegetation.ProceduralTreeRenderer:DestroyBatchObjects (VoxelEngine.Rendering.Runtime.Vegetation.ProceduralTreeRenderer/BatchPresentation) (at Assets/VoxelEngine/Rendering/Runtime/Vegetation/ProceduralTreeRenderer.cs:1081)
VoxelEngine.Rendering.Runtime.Vegetation.ProceduralTreeRenderer:ClearBatches () (at Assets/VoxelEngine/Rendering/Runtime/Vegetation/ProceduralTreeRenderer.cs:1092)
VoxelEngine.Rendering.Runtime.Vegetation.ProceduralTreeRenderer:ClearGenerated () (at Assets/VoxelEngine/Rendering/Runtime/Vegetation/ProceduralTreeRenderer.cs:1106)
VoxelEngine.Rendering.Runtime.Vegetation.ProceduralTreeRenderer:OnDestroy () (at Assets/VoxelEngine/Rendering/Runtime/Vegetation/ProceduralTreeRenderer.cs:1115)
UnityEditor.TestTools.TestRunner.CommandLineTest.Executer:ExitApplication (UnityEditor.TestTools.TestRunner.CommandLineTest.Executer/ReturnCodes,string) (at ./Library/PackageCache/com.unity.test-framework@1405238725ab/UnityEditor.TestRunner/CommandLineTest/Executer.cs:83)
UnityEditor.TestTools.TestRunner.CommandLineTest.Executer:ExitIfRunIsCompleted () (at ./Library/PackageCache/com.unity.test-framework@1405238725ab/UnityEditor.TestRunner/CommandLineTest/Executer.cs:74)
UnityEditor.EditorApplication:Internal_CallUpdateFunctions () (at /Users/bokken/build/output/unity/unity/Editor/Mono/EditorApplication.cs:403)

[Assets/VoxelEngine/Rendering/Runtime/Vegetation/ProceduralTreeRenderer.cs line 1081]

Tree Batch 3,6: Destroy may not be called from edit mode! Use DestroyImmediate instead.
Destroying an object in edit mode destroys it permanently
UnityEngine.Debug:ExtractStackTraceNoAlloc (byte*,int,string)
UnityEngine.StackTraceUtility:ExtractStackTrace () (at /Users/bokken/build/output/unity/unity/Runtime/Export/Scripting/StackTrace.cs:35)
UnityEngine.Object:Destroy (UnityEngine.Object,single)
UnityEngine.Object:Destroy (UnityEngine.Object) (at /Users/bokken/build/output/unity/unity/Runtime/Export/Scripting/UnityEngineObject.bindings.cs:707)
VoxelEngine.Rendering.Runtime.Vegetation.ProceduralTreeRenderer:DestroyBatchObjects (VoxelEngine.Rendering.Runtime.Vegetation.ProceduralTreeRenderer/BatchPresentation) (at Assets/VoxelEngine/Rendering/Runtime/Vegetation/ProceduralTreeRenderer.cs:1085)
VoxelEngine.Rendering.Runtime.Vegetation.ProceduralTreeRenderer:ClearBatches () (at Assets/VoxelEngine/Rendering/Runtime/Vegetation/ProceduralTreeRenderer.cs:1092)
VoxelEngine.Rendering.Runtime.Vegetation.ProceduralTreeRenderer:ClearGenerated () (at Assets/VoxelEngine/Rendering/Runtime/Vegetation/ProceduralTreeRenderer.cs:1106)
VoxelEngine.Rendering.Runtime.Vegetation.ProceduralTreeRenderer:OnDestroy () (at Assets/VoxelEngine/Rendering/Runtime/Vegetation/ProceduralTreeRenderer.cs:1115)
UnityEditor.TestTools.TestRunner.CommandLineTest.Executer:ExitApplication (UnityEditor.TestTools.TestRunner.CommandLineTest.Executer/ReturnCodes,string) (at ./Library/PackageCache/com.unity.test-framework@1405238725ab/UnityEditor.TestRunner/CommandLineTest/Executer.cs:83)
UnityEditor.TestTools.TestRunner.CommandLineTest.Executer:ExitIfRunIsCompleted () (at ./Library/PackageCache/com.unity.test-framework@1405238725ab/UnityEditor.TestRunner/CommandLineTest/Executer.cs:74)
UnityEditor.EditorApplication:Internal_CallUpdateFunctions () (at /Users/bokken/build/output/unity/unity/Editor/Mono/EditorApplication.cs:403)

[Assets/VoxelEngine/Rendering/Runtime/Vegetation/ProceduralTreeRenderer.cs line 1085]

TreeBatch_4_6_LOD0: Destroy may not be called from edit mode! Use DestroyImmediate instead.
Destroying an object in edit mode destroys it permanently
UnityEngine.Debug:ExtractStackTraceNoAlloc (byte*,int,string)
UnityEngine.StackTraceUtility:ExtractStackTrace () (at /Users/bokken/build/output/unity/unity/Runtime/Export/Scripting/StackTrace.cs:35)
UnityEngine.Object:Destroy (UnityEngine.Object,single)
UnityEngine.Object:Destroy (UnityEngine.Object) (at /Users/bokken/build/output/unity/unity/Runtime/Export/Scripting/UnityEngineObject.bindings.cs:707)
VoxelEngine.Rendering.Runtime.Vegetation.ProceduralTreeRenderer:DestroyBatchObjects (VoxelEngine.Rendering.Runtime.Vegetation.ProceduralTreeRenderer/BatchPresentation) (at Assets/VoxelEngine/Rendering/Runtime/Vegetation/ProceduralTreeRenderer.cs:1079)
VoxelEngine.Rendering.Runtime.Vegetation.ProceduralTreeRenderer:ClearBatches () (at Assets/VoxelEngine/Rendering/Runtime/Vegetation/ProceduralTreeRenderer.cs:1092)
VoxelEngine.Rendering.Runtime.Vegetation.ProceduralTreeRenderer:ClearGenerated () (at Assets/VoxelEngine/Rendering/Runtime/Vegetation/ProceduralTreeRenderer.cs:1106)
VoxelEngine.Rendering.Runtime.Vegetation.ProceduralTreeRenderer:OnDestroy () (at Assets/VoxelEngine/Rendering/Runtime/Vegetation/ProceduralTreeRenderer.cs:1115)
UnityEditor.TestTools.TestRunner.CommandLineTest.Executer:ExitApplication (UnityEditor.TestTools.TestRunner.CommandLineTest.Executer/ReturnCodes,string) (at ./Library/PackageCache/com.unity.test-framework@1405238725ab/UnityEditor.TestRunner/CommandLineTest/Executer.cs:83)
UnityEditor.TestTools.TestRunner.CommandLineTest.Executer:ExitIfRunIsCompleted () (at ./Library/PackageCache/com.unity.test-framework@1405238725ab/UnityEditor.TestRunner/CommandLineTest/Executer.cs:74)
UnityEditor.EditorApplication:Internal_CallUpdateFunctions () (at /Users/bokken/build/output/unity/unity/Editor/Mono/EditorApplication.cs:403)

[Assets/VoxelEngine/Rendering/Runtime/Vegetation/ProceduralTreeRenderer.cs line 1079]

TreeBatch_4_6_LOD1: Destroy may not be called from edit mode! Use DestroyImmediate instead.
Destroying an object in edit mode destroys it permanently
UnityEngine.Debug:ExtractStackTraceNoAlloc (byte*,int,string)
UnityEngine.StackTraceUtility:ExtractStackTrace () (at /Users/bokken/build/output/unity/unity/Runtime/Export/Scripting/StackTrace.cs:35)
UnityEngine.Object:Destroy (UnityEngine.Object,single)
UnityEngine.Object:Destroy (UnityEngine.Object) (at /Users/bokken/build/output/unity/unity/Runtime/Export/Scripting/UnityEngineObject.bindings.cs:707)
VoxelEngine.Rendering.Runtime.Vegetation.ProceduralTreeRenderer:DestroyBatchObjects (VoxelEngine.Rendering.Runtime.Vegetation.ProceduralTreeRenderer/BatchPresentation) (at Assets/VoxelEngine/Rendering/Runtime/Vegetation/ProceduralTreeRenderer.cs:1079)
VoxelEngine.Rendering.Runtime.Vegetation.ProceduralTreeRenderer:ClearBatches () (at Assets/VoxelEngine/Rendering/Runtime/Vegetation/ProceduralTreeRenderer.cs:1092)
VoxelEngine.Rendering.Runtime.Vegetation.ProceduralTreeRenderer:ClearGenerated () (at Assets/VoxelEngine/Rendering/Runtime/Vegetation/ProceduralTreeRenderer.cs:1106)
VoxelEngine.Rendering.Runtime.Vegetation.ProceduralTreeRenderer:OnDestroy () (at Assets/VoxelEngine/Rendering/Runtime/Vegetation/ProceduralTreeRenderer.cs:1115)
UnityEditor.TestTools.TestRunner.CommandLineTest.Executer:ExitApplication (UnityEditor.TestTools.TestRunner.CommandLineTest.Executer/ReturnCodes,string) (at ./Library/PackageCache/com.unity.test-framework@1405238725ab/UnityEditor.TestRunner/CommandLineTest/Executer.cs:83)
UnityEditor.TestTools.TestRunner.CommandLineTest.Executer:ExitIfRunIsCompleted () (at ./Library/PackageCache/com.unity.test-framework@1405238725ab/UnityEditor.TestRunner/CommandLineTest/Executer.cs:74)
UnityEditor.EditorApplication:Internal_CallUpdateFunctions () (at /Users/bokken/build/output/unity/unity/Editor/Mono/EditorApplication.cs:403)

[Assets/VoxelEngine/Rendering/Runtime/Vegetation/ProceduralTreeRenderer.cs line 1079]

TreeBatch_4_6_LOD2: Destroy may not be called from edit mode! Use DestroyImmediate instead.
Destroying an object in edit mode destroys it permanently
UnityEngine.Debug:ExtractStackTraceNoAlloc (byte*,int,string)
UnityEngine.StackTraceUtility:ExtractStackTrace () (at /Users/bokken/build/output/unity/unity/Runtime/Export/Scripting/StackTrace.cs:35)
UnityEngine.Object:Destroy (UnityEngine.Object,single)
UnityEngine.Object:Destroy (UnityEngine.Object) (at /Users/bokken/build/output/unity/unity/Runtime/Export/Scripting/UnityEngineObject.bindings.cs:707)
VoxelEngine.Rendering.Runtime.Vegetation.ProceduralTreeRenderer:DestroyBatchObjects (VoxelEngine.Rendering.Runtime.Vegetation.ProceduralTreeRenderer/BatchPresentation) (at Assets/VoxelEngine/Rendering/Runtime/Vegetation/ProceduralTreeRenderer.cs:1079)
VoxelEngine.Rendering.Runtime.Vegetation.ProceduralTreeRenderer:ClearBatches () (at Assets/VoxelEngine/Rendering/Runtime/Vegetation/ProceduralTreeRenderer.cs:1092)
VoxelEngine.Rendering.Runtime.Vegetation.ProceduralTreeRenderer:ClearGenerated () (at Assets/VoxelEngine/Rendering/Runtime/Vegetation/ProceduralTreeRenderer.cs:1106)
VoxelEngine.Rendering.Runtime.Vegetation.ProceduralTreeRenderer:OnDestroy () (at Assets/VoxelEngine/Rendering/Runtime/Vegetation/ProceduralTreeRenderer.cs:1115)
UnityEditor.TestTools.TestRunner.CommandLineTest.Executer:ExitApplication (UnityEditor.TestTools.TestRunner.CommandLineTest.Executer/ReturnCodes,string) (at ./Library/PackageCache/com.unity.test-framework@1405238725ab/UnityEditor.TestRunner/CommandLineTest/Executer.cs:83)
UnityEditor.TestTools.TestRunner.CommandLineTest.Executer:ExitIfRunIsCompleted () (at ./Library/PackageCache/com.unity.test-framework@1405238725ab/UnityEditor.TestRunner/CommandLineTest/Executer.cs:74)
UnityEditor.EditorApplication:Internal_CallUpdateFunctions () (at /Users/bokken/build/output/unity/unity/Editor/Mono/EditorApplication.cs:403)

[Assets/VoxelEngine/Rendering/Runtime/Vegetation/ProceduralTreeRenderer.cs line 1079]

TreeBatch_4_6_LOD3: Destroy may not be called from edit mode! Use DestroyImmediate instead.
Destroying an object in edit mode destroys it permanently
UnityEngine.Debug:ExtractStackTraceNoAlloc (byte*,int,string)
UnityEngine.StackTraceUtility:ExtractStackTrace () (at /Users/bokken/build/output/unity/unity/Runtime/Export/Scripting/StackTrace.cs:35)
UnityEngine.Object:Destroy (UnityEngine.Object,single)
UnityEngine.Object:Destroy (UnityEngine.Object) (at /Users/bokken/build/output/unity/unity/Runtime/Export/Scripting/UnityEngineObject.bindings.cs:707)
VoxelEngine.Rendering.Runtime.Vegetation.ProceduralTreeRenderer:DestroyBatchObjects (VoxelEngine.Rendering.Runtime.Vegetation.ProceduralTreeRenderer/BatchPresentation) (at Assets/VoxelEngine/Rendering/Runtime/Vegetation/ProceduralTreeRenderer.cs:1081)
VoxelEngine.Rendering.Runtime.Vegetation.ProceduralTreeRenderer:ClearBatches () (at Assets/VoxelEngine/Rendering/Runtime/Vegetation/ProceduralTreeRenderer.cs:1092)
VoxelEngine.Rendering.Runtime.Vegetation.ProceduralTreeRenderer:ClearGenerated () (at Assets/VoxelEngine/Rendering/Runtime/Vegetation/ProceduralTreeRenderer.cs:1106)
VoxelEngine.Rendering.Runtime.Vegetation.ProceduralTreeRenderer:OnDestroy () (at Assets/VoxelEngine/Rendering/Runtime/Vegetation/ProceduralTreeRenderer.cs:1115)
UnityEditor.TestTools.TestRunner.CommandLineTest.Executer:ExitApplication (UnityEditor.TestTools.TestRunner.CommandLineTest.Executer/ReturnCodes,string) (at ./Library/PackageCache/com.unity.test-framework@1405238725ab/UnityEditor.TestRunner/CommandLineTest/Executer.cs:83)
UnityEditor.TestTools.TestRunner.CommandLineTest.Executer:ExitIfRunIsCompleted () (at ./Library/PackageCache/com.unity.test-framework@1405238725ab/UnityEditor.TestRunner/CommandLineTest/Executer.cs:74)
UnityEditor.EditorApplication:Internal_CallUpdateFunctions () (at /Users/bokken/build/output/unity/unity/Editor/Mono/EditorApplication.cs:403)

[Assets/VoxelEngine/Rendering/Runtime/Vegetation/ProceduralTreeRenderer.cs line 1081]

Tree Batch 4,6: Destroy may not be called from edit mode! Use DestroyImmediate instead.
Destroying an object in edit mode destroys it permanently
UnityEngine.Debug:ExtractStackTraceNoAlloc (byte*,int,string)
UnityEngine.StackTraceUtility:ExtractStackTrace () (at /Users/bokken/build/output/unity/unity/Runtime/Export/Scripting/StackTrace.cs:35)
UnityEngine.Object:Destroy (UnityEngine.Object,single)
UnityEngine.Object:Destroy (UnityEngine.Object) (at /Users/bokken/build/output/unity/unity/Runtime/Export/Scripting/UnityEngineObject.bindings.cs:707)
VoxelEngine.Rendering.Runtime.Vegetation.ProceduralTreeRenderer:DestroyBatchObjects (VoxelEngine.Rendering.Runtime.Vegetation.ProceduralTreeRenderer/BatchPresentation) (at Assets/VoxelEngine/Rendering/Runtime/Vegetation/ProceduralTreeRenderer.cs:1085)
VoxelEngine.Rendering.Runtime.Vegetation.ProceduralTreeRenderer:ClearBatches () (at Assets/VoxelEngine/Rendering/Runtime/Vegetation/ProceduralTreeRenderer.cs:1092)
VoxelEngine.Rendering.Runtime.Vegetation.ProceduralTreeRenderer:ClearGenerated () (at Assets/VoxelEngine/Rendering/Runtime/Vegetation/ProceduralTreeRenderer.cs:1106)
VoxelEngine.Rendering.Runtime.Vegetation.ProceduralTreeRenderer:OnDestroy () (at Assets/VoxelEngine/Rendering/Runtime/Vegetation/ProceduralTreeRenderer.cs:1115)
UnityEditor.TestTools.TestRunner.CommandLineTest.Executer:ExitApplication (UnityEditor.TestTools.TestRunner.CommandLineTest.Executer/ReturnCodes,string) (at ./Library/PackageCache/com.unity.test-framework@1405238725ab/UnityEditor.TestRunner/CommandLineTest/Executer.cs:83)
UnityEditor.TestTools.TestRunner.CommandLineTest.Executer:ExitIfRunIsCompleted () (at ./Library/PackageCache/com.unity.test-framework@1405238725ab/UnityEditor.TestRunner/CommandLineTest/Executer.cs:74)
UnityEditor.EditorApplication:Internal_CallUpdateFunctions () (at /Users/bokken/build/output/unity/unity/Editor/Mono/EditorApplication.cs:403)

[Assets/VoxelEngine/Rendering/Runtime/Vegetation/ProceduralTreeRenderer.cs line 1085]

TreeBatch_5_6_LOD0: Destroy may not be called from edit mode! Use DestroyImmediate instead.
Destroying an object in edit mode destroys it permanently
UnityEngine.Debug:ExtractStackTraceNoAlloc (byte*,int,string)
UnityEngine.StackTraceUtility:ExtractStackTrace () (at /Users/bokken/build/output/unity/unity/Runtime/Export/Scripting/StackTrace.cs:35)
UnityEngine.Object:Destroy (UnityEngine.Object,single)
UnityEngine.Object:Destroy (UnityEngine.Object) (at /Users/bokken/build/output/unity/unity/Runtime/Export/Scripting/UnityEngineObject.bindings.cs:707)
VoxelEngine.Rendering.Runtime.Vegetation.ProceduralTreeRenderer:DestroyBatchObjects (VoxelEngine.Rendering.Runtime.Vegetation.ProceduralTreeRenderer/BatchPresentation) (at Assets/VoxelEngine/Rendering/Runtime/Vegetation/ProceduralTreeRenderer.cs:1079)
VoxelEngine.Rendering.Runtime.Vegetation.ProceduralTreeRenderer:ClearBatches () (at Assets/VoxelEngine/Rendering/Runtime/Vegetation/ProceduralTreeRenderer.cs:1092)
VoxelEngine.Rendering.Runtime.Vegetation.ProceduralTreeRenderer:ClearGenerated () (at Assets/VoxelEngine/Rendering/Runtime/Vegetation/ProceduralTreeRenderer.cs:1106)
VoxelEngine.Rendering.Runtime.Vegetation.ProceduralTreeRenderer:OnDestroy () (at Assets/VoxelEngine/Rendering/Runtime/Vegetation/ProceduralTreeRenderer.cs:1115)
UnityEditor.TestTools.TestRunner.CommandLineTest.Executer:ExitApplication (UnityEditor.TestTools.TestRunner.CommandLineTest.Executer/ReturnCodes,string) (at ./Library/PackageCache/com.unity.test-framework@1405238725ab/UnityEditor.TestRunner/CommandLineTest/Executer.cs:83)
UnityEditor.TestTools.TestRunner.CommandLineTest.Executer:ExitIfRunIsCompleted () (at ./Library/PackageCache/com.unity.test-framework@1405238725ab/UnityEditor.TestRunner/CommandLineTest/Executer.cs:74)
UnityEditor.EditorApplication:Internal_CallUpdateFunctions () (at /Users/bokken/build/output/unity/unity/Editor/Mono/EditorApplication.cs:403)

[Assets/VoxelEngine/Rendering/Runtime/Vegetation/ProceduralTreeRenderer.cs line 1079]

TreeBatch_5_6_LOD1: Destroy may not be called from edit mode! Use DestroyImmediate instead.
Destroying an object in edit mode destroys it permanently
UnityEngine.Debug:ExtractStackTraceNoAlloc (byte*,int,string)
UnityEngine.StackTraceUtility:ExtractStackTrace () (at /Users/bokken/build/output/unity/unity/Runtime/Export/Scripting/StackTrace.cs:35)
UnityEngine.Object:Destroy (UnityEngine.Object,single)
UnityEngine.Object:Destroy (UnityEngine.Object) (at /Users/bokken/build/output/unity/unity/Runtime/Export/Scripting/UnityEngineObject.bindings.cs:707)
VoxelEngine.Rendering.Runtime.Vegetation.ProceduralTreeRenderer:DestroyBatchObjects (VoxelEngine.Rendering.Runtime.Vegetation.ProceduralTreeRenderer/BatchPresentation) (at Assets/VoxelEngine/Rendering/Runtime/Vegetation/ProceduralTreeRenderer.cs:1079)
VoxelEngine.Rendering.Runtime.Vegetation.ProceduralTreeRenderer:ClearBatches () (at Assets/VoxelEngine/Rendering/Runtime/Vegetation/ProceduralTreeRenderer.cs:1092)
VoxelEngine.Rendering.Runtime.Vegetation.ProceduralTreeRenderer:ClearGenerated () (at Assets/VoxelEngine/Rendering/Runtime/Vegetation/ProceduralTreeRenderer.cs:1106)
VoxelEngine.Rendering.Runtime.Vegetation.ProceduralTreeRenderer:OnDestroy () (at Assets/VoxelEngine/Rendering/Runtime/Vegetation/ProceduralTreeRenderer.cs:1115)
UnityEditor.TestTools.TestRunner.CommandLineTest.Executer:ExitApplication (UnityEditor.TestTools.TestRunner.CommandLineTest.Executer/ReturnCodes,string) (at ./Library/PackageCache/com.unity.test-framework@1405238725ab/UnityEditor.TestRunner/CommandLineTest/Executer.cs:83)
UnityEditor.TestTools.TestRunner.CommandLineTest.Executer:ExitIfRunIsCompleted () (at ./Library/PackageCache/com.unity.test-framework@1405238725ab/UnityEditor.TestRunner/CommandLineTest/Executer.cs:74)
UnityEditor.EditorApplication:Internal_CallUpdateFunctions () (at /Users/bokken/build/output/unity/unity/Editor/Mono/EditorApplication.cs:403)

[Assets/VoxelEngine/Rendering/Runtime/Vegetation/ProceduralTreeRenderer.cs line 1079]

TreeBatch_5_6_LOD2: Destroy may not be called from edit mode! Use DestroyImmediate instead.
Destroying an object in edit mode destroys it permanently
UnityEngine.Debug:ExtractStackTraceNoAlloc (byte*,int,string)
UnityEngine.StackTraceUtility:ExtractStackTrace () (at /Users/bokken/build/output/unity/unity/Runtime/Export/Scripting/StackTrace.cs:35)
UnityEngine.Object:Destroy (UnityEngine.Object,single)
UnityEngine.Object:Destroy (UnityEngine.Object) (at /Users/bokken/build/output/unity/unity/Runtime/Export/Scripting/UnityEngineObject.bindings.cs:707)
VoxelEngine.Rendering.Runtime.Vegetation.ProceduralTreeRenderer:DestroyBatchObjects (VoxelEngine.Rendering.Runtime.Vegetation.ProceduralTreeRenderer/BatchPresentation) (at Assets/VoxelEngine/Rendering/Runtime/Vegetation/ProceduralTreeRenderer.cs:1079)
VoxelEngine.Rendering.Runtime.Vegetation.ProceduralTreeRenderer:ClearBatches () (at Assets/VoxelEngine/Rendering/Runtime/Vegetation/ProceduralTreeRenderer.cs:1092)
VoxelEngine.Rendering.Runtime.Vegetation.ProceduralTreeRenderer:ClearGenerated () (at Assets/VoxelEngine/Rendering/Runtime/Vegetation/ProceduralTreeRenderer.cs:1106)
VoxelEngine.Rendering.Runtime.Vegetation.ProceduralTreeRenderer:OnDestroy () (at Assets/VoxelEngine/Rendering/Runtime/Vegetation/ProceduralTreeRenderer.cs:1115)
UnityEditor.TestTools.TestRunner.CommandLineTest.Executer:ExitApplication (UnityEditor.TestTools.TestRunner.CommandLineTest.Executer/ReturnCodes,string) (at ./Library/PackageCache/com.unity.test-framework@1405238725ab/UnityEditor.TestRunner/CommandLineTest/Executer.cs:83)
UnityEditor.TestTools.TestRunner.CommandLineTest.Executer:ExitIfRunIsCompleted () (at ./Library/PackageCache/com.unity.test-framework@1405238725ab/UnityEditor.TestRunner/CommandLineTest/Executer.cs:74)
UnityEditor.EditorApplication:Internal_CallUpdateFunctions () (at /Users/bokken/build/output/unity/unity/Editor/Mono/EditorApplication.cs:403)

[Assets/VoxelEngine/Rendering/Runtime/Vegetation/ProceduralTreeRenderer.cs line 1079]

TreeBatch_5_6_LOD3: Destroy may not be called from edit mode! Use DestroyImmediate instead.
Destroying an object in edit mode destroys it permanently
UnityEngine.Debug:ExtractStackTraceNoAlloc (byte*,int,string)
UnityEngine.StackTraceUtility:ExtractStackTrace () (at /Users/bokken/build/output/unity/unity/Runtime/Export/Scripting/StackTrace.cs:35)
UnityEngine.Object:Destroy (UnityEngine.Object,single)
UnityEngine.Object:Destroy (UnityEngine.Object) (at /Users/bokken/build/output/unity/unity/Runtime/Export/Scripting/UnityEngineObject.bindings.cs:707)
VoxelEngine.Rendering.Runtime.Vegetation.ProceduralTreeRenderer:DestroyBatchObjects (VoxelEngine.Rendering.Runtime.Vegetation.ProceduralTreeRenderer/BatchPresentation) (at Assets/VoxelEngine/Rendering/Runtime/Vegetation/ProceduralTreeRenderer.cs:1081)
VoxelEngine.Rendering.Runtime.Vegetation.ProceduralTreeRenderer:ClearBatches () (at Assets/VoxelEngine/Rendering/Runtime/Vegetation/ProceduralTreeRenderer.cs:1092)
VoxelEngine.Rendering.Runtime.Vegetation.ProceduralTreeRenderer:ClearGenerated () (at Assets/VoxelEngine/Rendering/Runtime/Vegetation/ProceduralTreeRenderer.cs:1106)
VoxelEngine.Rendering.Runtime.Vegetation.ProceduralTreeRenderer:OnDestroy () (at Assets/VoxelEngine/Rendering/Runtime/Vegetation/ProceduralTreeRenderer.cs:1115)
UnityEditor.TestTools.TestRunner.CommandLineTest.Executer:ExitApplication (UnityEditor.TestTools.TestRunner.CommandLineTest.Executer/ReturnCodes,string) (at ./Library/PackageCache/com.unity.test-framework@1405238725ab/UnityEditor.TestRunner/CommandLineTest/Executer.cs:83)
UnityEditor.TestTools.TestRunner.CommandLineTest.Executer:ExitIfRunIsCompleted () (at ./Library/PackageCache/com.unity.test-framework@1405238725ab/UnityEditor.TestRunner/CommandLineTest/Executer.cs:74)
UnityEditor.EditorApplication:Internal_CallUpdateFunctions () (at /Users/bokken/build/output/unity/unity/Editor/Mono/EditorApplication.cs:403)

[Assets/VoxelEngine/Rendering/Runtime/Vegetation/ProceduralTreeRenderer.cs line 1081]

Tree Batch 5,6: Destroy may not be called from edit mode! Use DestroyImmediate instead.
Destroying an object in edit mode destroys it permanently
UnityEngine.Debug:ExtractStackTraceNoAlloc (byte*,int,string)
UnityEngine.StackTraceUtility:ExtractStackTrace () (at /Users/bokken/build/output/unity/unity/Runtime/Export/Scripting/StackTrace.cs:35)
UnityEngine.Object:Destroy (UnityEngine.Object,single)
UnityEngine.Object:Destroy (UnityEngine.Object) (at /Users/bokken/build/output/unity/unity/Runtime/Export/Scripting/UnityEngineObject.bindings.cs:707)
VoxelEngine.Rendering.Runtime.Vegetation.ProceduralTreeRenderer:DestroyBatchObjects (VoxelEngine.Rendering.Runtime.Vegetation.ProceduralTreeRenderer/BatchPresentation) (at Assets/VoxelEngine/Rendering/Runtime/Vegetation/ProceduralTreeRenderer.cs:1085)
VoxelEngine.Rendering.Runtime.Vegetation.ProceduralTreeRenderer:ClearBatches () (at Assets/VoxelEngine/Rendering/Runtime/Vegetation/ProceduralTreeRenderer.cs:1092)
VoxelEngine.Rendering.Runtime.Vegetation.ProceduralTreeRenderer:ClearGenerated () (at Assets/VoxelEngine/Rendering/Runtime/Vegetation/ProceduralTreeRenderer.cs:1106)
VoxelEngine.Rendering.Runtime.Vegetation.ProceduralTreeRenderer:OnDestroy () (at Assets/VoxelEngine/Rendering/Runtime/Vegetation/ProceduralTreeRenderer.cs:1115)
UnityEditor.TestTools.TestRunner.CommandLineTest.Executer:ExitApplication (UnityEditor.TestTools.TestRunner.CommandLineTest.Executer/ReturnCodes,string) (at ./Library/PackageCache/com.unity.test-framework@1405238725ab/UnityEditor.TestRunner/CommandLineTest/Executer.cs:83)
UnityEditor.TestTools.TestRunner.CommandLineTest.Executer:ExitIfRunIsCompleted () (at ./Library/PackageCache/com.unity.test-framework@1405238725ab/UnityEditor.TestRunner/CommandLineTest/Executer.cs:74)
UnityEditor.EditorApplication:Internal_CallUpdateFunctions () (at /Users/bokken/build/output/unity/unity/Editor/Mono/EditorApplication.cs:403)

[Assets/VoxelEngine/Rendering/Runtime/Vegetation/ProceduralTreeRenderer.cs line 1085]

TreeBatch_6_6_LOD0: Destroy may not be called from edit mode! Use DestroyImmediate instead.
Destroying an object in edit mode destroys it permanently
UnityEngine.Debug:ExtractStackTraceNoAlloc (byte*,int,string)
UnityEngine.StackTraceUtility:ExtractStackTrace () (at /Users/bokken/build/output/unity/unity/Runtime/Export/Scripting/StackTrace.cs:35)
UnityEngine.Object:Destroy (UnityEngine.Object,single)
UnityEngine.Object:Destroy (UnityEngine.Object) (at /Users/bokken/build/output/unity/unity/Runtime/Export/Scripting/UnityEngineObject.bindings.cs:707)
VoxelEngine.Rendering.Runtime.Vegetation.ProceduralTreeRenderer:DestroyBatchObjects (VoxelEngine.Rendering.Runtime.Vegetation.ProceduralTreeRenderer/BatchPresentation) (at Assets/VoxelEngine/Rendering/Runtime/Vegetation/ProceduralTreeRenderer.cs:1079)
VoxelEngine.Rendering.Runtime.Vegetation.ProceduralTreeRenderer:ClearBatches () (at Assets/VoxelEngine/Rendering/Runtime/Vegetation/ProceduralTreeRenderer.cs:1092)
VoxelEngine.Rendering.Runtime.Vegetation.ProceduralTreeRenderer:ClearGenerated () (at Assets/VoxelEngine/Rendering/Runtime/Vegetation/ProceduralTreeRenderer.cs:1106)
VoxelEngine.Rendering.Runtime.Vegetation.ProceduralTreeRenderer:OnDestroy () (at Assets/VoxelEngine/Rendering/Runtime/Vegetation/ProceduralTreeRenderer.cs:1115)
UnityEditor.TestTools.TestRunner.CommandLineTest.Executer:ExitApplication (UnityEditor.TestTools.TestRunner.CommandLineTest.Executer/ReturnCodes,string) (at ./Library/PackageCache/com.unity.test-framework@1405238725ab/UnityEditor.TestRunner/CommandLineTest/Executer.cs:83)
UnityEditor.TestTools.TestRunner.CommandLineTest.Executer:ExitIfRunIsCompleted () (at ./Library/PackageCache/com.unity.test-framework@1405238725ab/UnityEditor.TestRunner/CommandLineTest/Executer.cs:74)
UnityEditor.EditorApplication:Internal_CallUpdateFunctions () (at /Users/bokken/build/output/unity/unity/Editor/Mono/EditorApplication.cs:403)

[Assets/VoxelEngine/Rendering/Runtime/Vegetation/ProceduralTreeRenderer.cs line 1079]

TreeBatch_6_6_LOD1: Destroy may not be called from edit mode! Use DestroyImmediate instead.
Destroying an object in edit mode destroys it permanently
UnityEngine.Debug:ExtractStackTraceNoAlloc (byte*,int,string)
UnityEngine.StackTraceUtility:ExtractStackTrace () (at /Users/bokken/build/output/unity/unity/Runtime/Export/Scripting/StackTrace.cs:35)
UnityEngine.Object:Destroy (UnityEngine.Object,single)
UnityEngine.Object:Destroy (UnityEngine.Object) (at /Users/bokken/build/output/unity/unity/Runtime/Export/Scripting/UnityEngineObject.bindings.cs:707)
VoxelEngine.Rendering.Runtime.Vegetation.ProceduralTreeRenderer:DestroyBatchObjects (VoxelEngine.Rendering.Runtime.Vegetation.ProceduralTreeRenderer/BatchPresentation) (at Assets/VoxelEngine/Rendering/Runtime/Vegetation/ProceduralTreeRenderer.cs:1079)
VoxelEngine.Rendering.Runtime.Vegetation.ProceduralTreeRenderer:ClearBatches () (at Assets/VoxelEngine/Rendering/Runtime/Vegetation/ProceduralTreeRenderer.cs:1092)
VoxelEngine.Rendering.Runtime.Vegetation.ProceduralTreeRenderer:ClearGenerated () (at Assets/VoxelEngine/Rendering/Runtime/Vegetation/ProceduralTreeRenderer.cs:1106)
VoxelEngine.Rendering.Runtime.Vegetation.ProceduralTreeRenderer:OnDestroy () (at Assets/VoxelEngine/Rendering/Runtime/Vegetation/ProceduralTreeRenderer.cs:1115)
UnityEditor.TestTools.TestRunner.CommandLineTest.Executer:ExitApplication (UnityEditor.TestTools.TestRunner.CommandLineTest.Executer/ReturnCodes,string) (at ./Library/PackageCache/com.unity.test-framework@1405238725ab/UnityEditor.TestRunner/CommandLineTest/Executer.cs:83)
UnityEditor.TestTools.TestRunner.CommandLineTest.Executer:ExitIfRunIsCompleted () (at ./Library/PackageCache/com.unity.test-framework@1405238725ab/UnityEditor.TestRunner/CommandLineTest/Executer.cs:74)
UnityEditor.EditorApplication:Internal_CallUpdateFunctions () (at /Users/bokken/build/output/unity/unity/Editor/Mono/EditorApplication.cs:403)

[Assets/VoxelEngine/Rendering/Runtime/Vegetation/ProceduralTreeRenderer.cs line 1079]

TreeBatch_6_6_LOD2: Destroy may not be called from edit mode! Use DestroyImmediate instead.
Destroying an object in edit mode destroys it permanently
UnityEngine.Debug:ExtractStackTraceNoAlloc (byte*,int,string)
UnityEngine.StackTraceUtility:ExtractStackTrace () (at /Users/bokken/build/output/unity/unity/Runtime/Export/Scripting/StackTrace.cs:35)
UnityEngine.Object:Destroy (UnityEngine.Object,single)
UnityEngine.Object:Destroy (UnityEngine.Object) (at /Users/bokken/build/output/unity/unity/Runtime/Export/Scripting/UnityEngineObject.bindings.cs:707)
VoxelEngine.Rendering.Runtime.Vegetation.ProceduralTreeRenderer:DestroyBatchObjects (VoxelEngine.Rendering.Runtime.Vegetation.ProceduralTreeRenderer/BatchPresentation) (at Assets/VoxelEngine/Rendering/Runtime/Vegetation/ProceduralTreeRenderer.cs:1079)
VoxelEngine.Rendering.Runtime.Vegetation.ProceduralTreeRenderer:ClearBatches () (at Assets/VoxelEngine/Rendering/Runtime/Vegetation/ProceduralTreeRenderer.cs:1092)
VoxelEngine.Rendering.Runtime.Vegetation.ProceduralTreeRenderer:ClearGenerated () (at Assets/VoxelEngine/Rendering/Runtime/Vegetation/ProceduralTreeRenderer.cs:1106)
VoxelEngine.Rendering.Runtime.Vegetation.ProceduralTreeRenderer:OnDestroy () (at Assets/VoxelEngine/Rendering/Runtime/Vegetation/ProceduralTreeRenderer.cs:1115)
UnityEditor.TestTools.TestRunner.CommandLineTest.Executer:ExitApplication (UnityEditor.TestTools.TestRunner.CommandLineTest.Executer/ReturnCodes,string) (at ./Library/PackageCache/com.unity.test-framework@1405238725ab/UnityEditor.TestRunner/CommandLineTest/Executer.cs:83)
UnityEditor.TestTools.TestRunner.CommandLineTest.Executer:ExitIfRunIsCompleted () (at ./Library/PackageCache/com.unity.test-framework@1405238725ab/UnityEditor.TestRunner/CommandLineTest/Executer.cs:74)
UnityEditor.EditorApplication:Internal_CallUpdateFunctions () (at /Users/bokken/build/output/unity/unity/Editor/Mono/EditorApplication.cs:403)

[Assets/VoxelEngine/Rendering/Runtime/Vegetation/ProceduralTreeRenderer.cs line 1079]

TreeBatch_6_6_LOD3: Destroy may not be called from edit mode! Use DestroyImmediate instead.
Destroying an object in edit mode destroys it permanently
UnityEngine.Debug:ExtractStackTraceNoAlloc (byte*,int,string)
UnityEngine.StackTraceUtility:ExtractStackTrace () (at /Users/bokken/build/output/unity/unity/Runtime/Export/Scripting/StackTrace.cs:35)
UnityEngine.Object:Destroy (UnityEngine.Object,single)
UnityEngine.Object:Destroy (UnityEngine.Object) (at /Users/bokken/build/output/unity/unity/Runtime/Export/Scripting/UnityEngineObject.bindings.cs:707)
VoxelEngine.Rendering.Runtime.Vegetation.ProceduralTreeRenderer:DestroyBatchObjects (VoxelEngine.Rendering.Runtime.Vegetation.ProceduralTreeRenderer/BatchPresentation) (at Assets/VoxelEngine/Rendering/Runtime/Vegetation/ProceduralTreeRenderer.cs:1081)
VoxelEngine.Rendering.Runtime.Vegetation.ProceduralTreeRenderer:ClearBatches () (at Assets/VoxelEngine/Rendering/Runtime/Vegetation/ProceduralTreeRenderer.cs:1092)
VoxelEngine.Rendering.Runtime.Vegetation.ProceduralTreeRenderer:ClearGenerated () (at Assets/VoxelEngine/Rendering/Runtime/Vegetation/ProceduralTreeRenderer.cs:1106)
VoxelEngine.Rendering.Runtime.Vegetation.ProceduralTreeRenderer:OnDestroy () (at Assets/VoxelEngine/Rendering/Runtime/Vegetation/ProceduralTreeRenderer.cs:1115)
UnityEditor.TestTools.TestRunner.CommandLineTest.Executer:ExitApplication (UnityEditor.TestTools.TestRunner.CommandLineTest.Executer/ReturnCodes,string) (at ./Library/PackageCache/com.unity.test-framework@1405238725ab/UnityEditor.TestRunner/CommandLineTest/Executer.cs:83)
UnityEditor.TestTools.TestRunner.CommandLineTest.Executer:ExitIfRunIsCompleted () (at ./Library/PackageCache/com.unity.test-framework@1405238725ab/UnityEditor.TestRunner/CommandLineTest/Executer.cs:74)
UnityEditor.EditorApplication:Internal_CallUpdateFunctions () (at /Users/bokken/build/output/unity/unity/Editor/Mono/EditorApplication.cs:403)

[Assets/VoxelEngine/Rendering/Runtime/Vegetation/ProceduralTreeRenderer.cs line 1081]

Tree Batch 6,6: Destroy may not be called from edit mode! Use DestroyImmediate instead.
Destroying an object in edit mode destroys it permanently
UnityEngine.Debug:ExtractStackTraceNoAlloc (byte*,int,string)
UnityEngine.StackTraceUtility:ExtractStackTrace () (at /Users/bokken/build/output/unity/unity/Runtime/Export/Scripting/StackTrace.cs:35)
UnityEngine.Object:Destroy (UnityEngine.Object,single)
UnityEngine.Object:Destroy (UnityEngine.Object) (at /Users/bokken/build/output/unity/unity/Runtime/Export/Scripting/UnityEngineObject.bindings.cs:707)
VoxelEngine.Rendering.Runtime.Vegetation.ProceduralTreeRenderer:DestroyBatchObjects (VoxelEngine.Rendering.Runtime.Vegetation.ProceduralTreeRenderer/BatchPresentation) (at Assets/VoxelEngine/Rendering/Runtime/Vegetation/ProceduralTreeRenderer.cs:1085)
VoxelEngine.Rendering.Runtime.Vegetation.ProceduralTreeRenderer:ClearBatches () (at Assets/VoxelEngine/Rendering/Runtime/Vegetation/ProceduralTreeRenderer.cs:1092)
VoxelEngine.Rendering.Runtime.Vegetation.ProceduralTreeRenderer:ClearGenerated () (at Assets/VoxelEngine/Rendering/Runtime/Vegetation/ProceduralTreeRenderer.cs:1106)
VoxelEngine.Rendering.Runtime.Vegetation.ProceduralTreeRenderer:OnDestroy () (at Assets/VoxelEngine/Rendering/Runtime/Vegetation/ProceduralTreeRenderer.cs:1115)
UnityEditor.TestTools.TestRunner.CommandLineTest.Executer:ExitApplication (UnityEditor.TestTools.TestRunner.CommandLineTest.Executer/ReturnCodes,string) (at ./Library/PackageCache/com.unity.test-framework@1405238725ab/UnityEditor.TestRunner/CommandLineTest/Executer.cs:83)
UnityEditor.TestTools.TestRunner.CommandLineTest.Executer:ExitIfRunIsCompleted () (at ./Library/PackageCache/com.unity.test-framework@1405238725ab/UnityEditor.TestRunner/CommandLineTest/Executer.cs:74)
UnityEditor.EditorApplication:Internal_CallUpdateFunctions () (at /Users/bokken/build/output/unity/unity/Editor/Mono/EditorApplication.cs:403)

[Assets/VoxelEngine/Rendering/Runtime/Vegetation/ProceduralTreeRenderer.cs line 1085]

TreeBatch_1_7_LOD0: Destroy may not be called from edit mode! Use DestroyImmediate instead.
Destroying an object in edit mode destroys it permanently
UnityEngine.Debug:ExtractStackTraceNoAlloc (byte*,int,string)
UnityEngine.StackTraceUtility:ExtractStackTrace () (at /Users/bokken/build/output/unity/unity/Runtime/Export/Scripting/StackTrace.cs:35)
UnityEngine.Object:Destroy (UnityEngine.Object,single)
UnityEngine.Object:Destroy (UnityEngine.Object) (at /Users/bokken/build/output/unity/unity/Runtime/Export/Scripting/UnityEngineObject.bindings.cs:707)
VoxelEngine.Rendering.Runtime.Vegetation.ProceduralTreeRenderer:DestroyBatchObjects (VoxelEngine.Rendering.Runtime.Vegetation.ProceduralTreeRenderer/BatchPresentation) (at Assets/VoxelEngine/Rendering/Runtime/Vegetation/ProceduralTreeRenderer.cs:1079)
VoxelEngine.Rendering.Runtime.Vegetation.ProceduralTreeRenderer:ClearBatches () (at Assets/VoxelEngine/Rendering/Runtime/Vegetation/ProceduralTreeRenderer.cs:1092)
VoxelEngine.Rendering.Runtime.Vegetation.ProceduralTreeRenderer:ClearGenerated () (at Assets/VoxelEngine/Rendering/Runtime/Vegetation/ProceduralTreeRenderer.cs:1106)
VoxelEngine.Rendering.Runtime.Vegetation.ProceduralTreeRenderer:OnDestroy () (at Assets/VoxelEngine/Rendering/Runtime/Vegetation/ProceduralTreeRenderer.cs:1115)
UnityEditor.TestTools.TestRunner.CommandLineTest.Executer:ExitApplication (UnityEditor.TestTools.TestRunner.CommandLineTest.Executer/ReturnCodes,string) (at ./Library/PackageCache/com.unity.test-framework@1405238725ab/UnityEditor.TestRunner/CommandLineTest/Executer.cs:83)
UnityEditor.TestTools.TestRunner.CommandLineTest.Executer:ExitIfRunIsCompleted () (at ./Library/PackageCache/com.unity.test-framework@1405238725ab/UnityEditor.TestRunner/CommandLineTest/Executer.cs:74)
UnityEditor.EditorApplication:Internal_CallUpdateFunctions () (at /Users/bokken/build/output/unity/unity/Editor/Mono/EditorApplication.cs:403)

[Assets/VoxelEngine/Rendering/Runtime/Vegetation/ProceduralTreeRenderer.cs line 1079]

TreeBatch_1_7_LOD1: Destroy may not be called from edit mode! Use DestroyImmediate instead.
Destroying an object in edit mode destroys it permanently
UnityEngine.Debug:ExtractStackTraceNoAlloc (byte*,int,string)
UnityEngine.StackTraceUtility:ExtractStackTrace () (at /Users/bokken/build/output/unity/unity/Runtime/Export/Scripting/StackTrace.cs:35)
UnityEngine.Object:Destroy (UnityEngine.Object,single)
UnityEngine.Object:Destroy (UnityEngine.Object) (at /Users/bokken/build/output/unity/unity/Runtime/Export/Scripting/UnityEngineObject.bindings.cs:707)
VoxelEngine.Rendering.Runtime.Vegetation.ProceduralTreeRenderer:DestroyBatchObjects (VoxelEngine.Rendering.Runtime.Vegetation.ProceduralTreeRenderer/BatchPresentation) (at Assets/VoxelEngine/Rendering/Runtime/Vegetation/ProceduralTreeRenderer.cs:1079)
VoxelEngine.Rendering.Runtime.Vegetation.ProceduralTreeRenderer:ClearBatches () (at Assets/VoxelEngine/Rendering/Runtime/Vegetation/ProceduralTreeRenderer.cs:1092)
VoxelEngine.Rendering.Runtime.Vegetation.ProceduralTreeRenderer:ClearGenerated () (at Assets/VoxelEngine/Rendering/Runtime/Vegetation/ProceduralTreeRenderer.cs:1106)
VoxelEngine.Rendering.Runtime.Vegetation.ProceduralTreeRenderer:OnDestroy () (at Assets/VoxelEngine/Rendering/Runtime/Vegetation/ProceduralTreeRenderer.cs:1115)
UnityEditor.TestTools.TestRunner.CommandLineTest.Executer:ExitApplication (UnityEditor.TestTools.TestRunner.CommandLineTest.Executer/ReturnCodes,string) (at ./Library/PackageCache/com.unity.test-framework@1405238725ab/UnityEditor.TestRunner/CommandLineTest/Executer.cs:83)
UnityEditor.TestTools.TestRunner.CommandLineTest.Executer:ExitIfRunIsCompleted () (at ./Library/PackageCache/com.unity.test-framework@1405238725ab/UnityEditor.TestRunner/CommandLineTest/Executer.cs:74)
UnityEditor.EditorApplication:Internal_CallUpdateFunctions () (at /Users/bokken/build/output/unity/unity/Editor/Mono/EditorApplication.cs:403)

[Assets/VoxelEngine/Rendering/Runtime/Vegetation/ProceduralTreeRenderer.cs line 1079]

TreeBatch_1_7_LOD2: Destroy may not be called from edit mode! Use DestroyImmediate instead.
Destroying an object in edit mode destroys it permanently
UnityEngine.Debug:ExtractStackTraceNoAlloc (byte*,int,string)
UnityEngine.StackTraceUtility:ExtractStackTrace () (at /Users/bokken/build/output/unity/unity/Runtime/Export/Scripting/StackTrace.cs:35)
UnityEngine.Object:Destroy (UnityEngine.Object,single)
UnityEngine.Object:Destroy (UnityEngine.Object) (at /Users/bokken/build/output/unity/unity/Runtime/Export/Scripting/UnityEngineObject.bindings.cs:707)
VoxelEngine.Rendering.Runtime.Vegetation.ProceduralTreeRenderer:DestroyBatchObjects (VoxelEngine.Rendering.Runtime.Vegetation.ProceduralTreeRenderer/BatchPresentation) (at Assets/VoxelEngine/Rendering/Runtime/Vegetation/ProceduralTreeRenderer.cs:1079)
VoxelEngine.Rendering.Runtime.Vegetation.ProceduralTreeRenderer:ClearBatches () (at Assets/VoxelEngine/Rendering/Runtime/Vegetation/ProceduralTreeRenderer.cs:1092)
VoxelEngine.Rendering.Runtime.Vegetation.ProceduralTreeRenderer:ClearGenerated () (at Assets/VoxelEngine/Rendering/Runtime/Vegetation/ProceduralTreeRenderer.cs:1106)
VoxelEngine.Rendering.Runtime.Vegetation.ProceduralTreeRenderer:OnDestroy () (at Assets/VoxelEngine/Rendering/Runtime/Vegetation/ProceduralTreeRenderer.cs:1115)
UnityEditor.TestTools.TestRunner.CommandLineTest.Executer:ExitApplication (UnityEditor.TestTools.TestRunner.CommandLineTest.Executer/ReturnCodes,string) (at ./Library/PackageCache/com.unity.test-framework@1405238725ab/UnityEditor.TestRunner/CommandLineTest/Executer.cs:83)
UnityEditor.TestTools.TestRunner.CommandLineTest.Executer:ExitIfRunIsCompleted () (at ./Library/PackageCache/com.unity.test-framework@1405238725ab/UnityEditor.TestRunner/CommandLineTest/Executer.cs:74)
UnityEditor.EditorApplication:Internal_CallUpdateFunctions () (at /Users/bokken/build/output/unity/unity/Editor/Mono/EditorApplication.cs:403)

[Assets/VoxelEngine/Rendering/Runtime/Vegetation/ProceduralTreeRenderer.cs line 1079]

TreeBatch_1_7_LOD3: Destroy may not be called from edit mode! Use DestroyImmediate instead.
Destroying an object in edit mode destroys it permanently
UnityEngine.Debug:ExtractStackTraceNoAlloc (byte*,int,string)
UnityEngine.StackTraceUtility:ExtractStackTrace () (at /Users/bokken/build/output/unity/unity/Runtime/Export/Scripting/StackTrace.cs:35)
UnityEngine.Object:Destroy (UnityEngine.Object,single)
UnityEngine.Object:Destroy (UnityEngine.Object) (at /Users/bokken/build/output/unity/unity/Runtime/Export/Scripting/UnityEngineObject.bindings.cs:707)
VoxelEngine.Rendering.Runtime.Vegetation.ProceduralTreeRenderer:DestroyBatchObjects (VoxelEngine.Rendering.Runtime.Vegetation.ProceduralTreeRenderer/BatchPresentation) (at Assets/VoxelEngine/Rendering/Runtime/Vegetation/ProceduralTreeRenderer.cs:1081)
VoxelEngine.Rendering.Runtime.Vegetation.ProceduralTreeRenderer:ClearBatches () (at Assets/VoxelEngine/Rendering/Runtime/Vegetation/ProceduralTreeRenderer.cs:1092)
VoxelEngine.Rendering.Runtime.Vegetation.ProceduralTreeRenderer:ClearGenerated () (at Assets/VoxelEngine/Rendering/Runtime/Vegetation/ProceduralTreeRenderer.cs:1106)
VoxelEngine.Rendering.Runtime.Vegetation.ProceduralTreeRenderer:OnDestroy () (at Assets/VoxelEngine/Rendering/Runtime/Vegetation/ProceduralTreeRenderer.cs:1115)
UnityEditor.TestTools.TestRunner.CommandLineTest.Executer:ExitApplication (UnityEditor.TestTools.TestRunner.CommandLineTest.Executer/ReturnCodes,string) (at ./Library/PackageCache/com.unity.test-framework@1405238725ab/UnityEditor.TestRunner/CommandLineTest/Executer.cs:83)
UnityEditor.TestTools.TestRunner.CommandLineTest.Executer:ExitIfRunIsCompleted () (at ./Library/PackageCache/com.unity.test-framework@1405238725ab/UnityEditor.TestRunner/CommandLineTest/Executer.cs:74)
UnityEditor.EditorApplication:Internal_CallUpdateFunctions () (at /Users/bokken/build/output/unity/unity/Editor/Mono/EditorApplication.cs:403)

[Assets/VoxelEngine/Rendering/Runtime/Vegetation/ProceduralTreeRenderer.cs line 1081]

Tree Batch 1,7: Destroy may not be called from edit mode! Use DestroyImmediate instead.
Destroying an object in edit mode destroys it permanently
UnityEngine.Debug:ExtractStackTraceNoAlloc (byte*,int,string)
UnityEngine.StackTraceUtility:ExtractStackTrace () (at /Users/bokken/build/output/unity/unity/Runtime/Export/Scripting/StackTrace.cs:35)
UnityEngine.Object:Destroy (UnityEngine.Object,single)
UnityEngine.Object:Destroy (UnityEngine.Object) (at /Users/bokken/build/output/unity/unity/Runtime/Export/Scripting/UnityEngineObject.bindings.cs:707)
VoxelEngine.Rendering.Runtime.Vegetation.ProceduralTreeRenderer:DestroyBatchObjects (VoxelEngine.Rendering.Runtime.Vegetation.ProceduralTreeRenderer/BatchPresentation) (at Assets/VoxelEngine/Rendering/Runtime/Vegetation/ProceduralTreeRenderer.cs:1085)
VoxelEngine.Rendering.Runtime.Vegetation.ProceduralTreeRenderer:ClearBatches () (at Assets/VoxelEngine/Rendering/Runtime/Vegetation/ProceduralTreeRenderer.cs:1092)
VoxelEngine.Rendering.Runtime.Vegetation.ProceduralTreeRenderer:ClearGenerated () (at Assets/VoxelEngine/Rendering/Runtime/Vegetation/ProceduralTreeRenderer.cs:1106)
VoxelEngine.Rendering.Runtime.Vegetation.ProceduralTreeRenderer:OnDestroy () (at Assets/VoxelEngine/Rendering/Runtime/Vegetation/ProceduralTreeRenderer.cs:1115)
UnityEditor.TestTools.TestRunner.CommandLineTest.Executer:ExitApplication (UnityEditor.TestTools.TestRunner.CommandLineTest.Executer/ReturnCodes,string) (at ./Library/PackageCache/com.unity.test-framework@1405238725ab/UnityEditor.TestRunner/CommandLineTest/Executer.cs:83)
UnityEditor.TestTools.TestRunner.CommandLineTest.Executer:ExitIfRunIsCompleted () (at ./Library/PackageCache/com.unity.test-framework@1405238725ab/UnityEditor.TestRunner/CommandLineTest/Executer.cs:74)
UnityEditor.EditorApplication:Internal_CallUpdateFunctions () (at /Users/bokken/build/output/unity/unity/Editor/Mono/EditorApplication.cs:403)

[Assets/VoxelEngine/Rendering/Runtime/Vegetation/ProceduralTreeRenderer.cs line 1085]

TreeBatch_2_7_LOD0: Destroy may not be called from edit mode! Use DestroyImmediate instead.
Destroying an object in edit mode destroys it permanently
UnityEngine.Debug:ExtractStackTraceNoAlloc (byte*,int,string)
UnityEngine.StackTraceUtility:ExtractStackTrace () (at /Users/bokken/build/output/unity/unity/Runtime/Export/Scripting/StackTrace.cs:35)
UnityEngine.Object:Destroy (UnityEngine.Object,single)
UnityEngine.Object:Destroy (UnityEngine.Object) (at /Users/bokken/build/output/unity/unity/Runtime/Export/Scripting/UnityEngineObject.bindings.cs:707)
VoxelEngine.Rendering.Runtime.Vegetation.ProceduralTreeRenderer:DestroyBatchObjects (VoxelEngine.Rendering.Runtime.Vegetation.ProceduralTreeRenderer/BatchPresentation) (at Assets/VoxelEngine/Rendering/Runtime/Vegetation/ProceduralTreeRenderer.cs:1079)
VoxelEngine.Rendering.Runtime.Vegetation.ProceduralTreeRenderer:ClearBatches () (at Assets/VoxelEngine/Rendering/Runtime/Vegetation/ProceduralTreeRenderer.cs:1092)
VoxelEngine.Rendering.Runtime.Vegetation.ProceduralTreeRenderer:ClearGenerated () (at Assets/VoxelEngine/Rendering/Runtime/Vegetation/ProceduralTreeRenderer.cs:1106)
VoxelEngine.Rendering.Runtime.Vegetation.ProceduralTreeRenderer:OnDestroy () (at Assets/VoxelEngine/Rendering/Runtime/Vegetation/ProceduralTreeRenderer.cs:1115)
UnityEditor.TestTools.TestRunner.CommandLineTest.Executer:ExitApplication (UnityEditor.TestTools.TestRunner.CommandLineTest.Executer/ReturnCodes,string) (at ./Library/PackageCache/com.unity.test-framework@1405238725ab/UnityEditor.TestRunner/CommandLineTest/Executer.cs:83)
UnityEditor.TestTools.TestRunner.CommandLineTest.Executer:ExitIfRunIsCompleted () (at ./Library/PackageCache/com.unity.test-framework@1405238725ab/UnityEditor.TestRunner/CommandLineTest/Executer.cs:74)
UnityEditor.EditorApplication:Internal_CallUpdateFunctions () (at /Users/bokken/build/output/unity/unity/Editor/Mono/EditorApplication.cs:403)

[Assets/VoxelEngine/Rendering/Runtime/Vegetation/ProceduralTreeRenderer.cs line 1079]

TreeBatch_2_7_LOD1: Destroy may not be called from edit mode! Use DestroyImmediate instead.
Destroying an object in edit mode destroys it permanently
UnityEngine.Debug:ExtractStackTraceNoAlloc (byte*,int,string)
UnityEngine.StackTraceUtility:ExtractStackTrace () (at /Users/bokken/build/output/unity/unity/Runtime/Export/Scripting/StackTrace.cs:35)
UnityEngine.Object:Destroy (UnityEngine.Object,single)
UnityEngine.Object:Destroy (UnityEngine.Object) (at /Users/bokken/build/output/unity/unity/Runtime/Export/Scripting/UnityEngineObject.bindings.cs:707)
VoxelEngine.Rendering.Runtime.Vegetation.ProceduralTreeRenderer:DestroyBatchObjects (VoxelEngine.Rendering.Runtime.Vegetation.ProceduralTreeRenderer/BatchPresentation) (at Assets/VoxelEngine/Rendering/Runtime/Vegetation/ProceduralTreeRenderer.cs:1079)
VoxelEngine.Rendering.Runtime.Vegetation.ProceduralTreeRenderer:ClearBatches () (at Assets/VoxelEngine/Rendering/Runtime/Vegetation/ProceduralTreeRenderer.cs:1092)
VoxelEngine.Rendering.Runtime.Vegetation.ProceduralTreeRenderer:ClearGenerated () (at Assets/VoxelEngine/Rendering/Runtime/Vegetation/ProceduralTreeRenderer.cs:1106)
VoxelEngine.Rendering.Runtime.Vegetation.ProceduralTreeRenderer:OnDestroy () (at Assets/VoxelEngine/Rendering/Runtime/Vegetation/ProceduralTreeRenderer.cs:1115)
UnityEditor.TestTools.TestRunner.CommandLineTest.Executer:ExitApplication (UnityEditor.TestTools.TestRunner.CommandLineTest.Executer/ReturnCodes,string) (at ./Library/PackageCache/com.unity.test-framework@1405238725ab/UnityEditor.TestRunner/CommandLineTest/Executer.cs:83)
UnityEditor.TestTools.TestRunner.CommandLineTest.Executer:ExitIfRunIsCompleted () (at ./Library/PackageCache/com.unity.test-framework@1405238725ab/UnityEditor.TestRunner/CommandLineTest/Executer.cs:74)
UnityEditor.EditorApplication:Internal_CallUpdateFunctions () (at /Users/bokken/build/output/unity/unity/Editor/Mono/EditorApplication.cs:403)

[Assets/VoxelEngine/Rendering/Runtime/Vegetation/ProceduralTreeRenderer.cs line 1079]

TreeBatch_2_7_LOD2: Destroy may not be called from edit mode! Use DestroyImmediate instead.
Destroying an object in edit mode destroys it permanently
UnityEngine.Debug:ExtractStackTraceNoAlloc (byte*,int,string)
UnityEngine.StackTraceUtility:ExtractStackTrace () (at /Users/bokken/build/output/unity/unity/Runtime/Export/Scripting/StackTrace.cs:35)
UnityEngine.Object:Destroy (UnityEngine.Object,single)
UnityEngine.Object:Destroy (UnityEngine.Object) (at /Users/bokken/build/output/unity/unity/Runtime/Export/Scripting/UnityEngineObject.bindings.cs:707)
VoxelEngine.Rendering.Runtime.Vegetation.ProceduralTreeRenderer:DestroyBatchObjects (VoxelEngine.Rendering.Runtime.Vegetation.ProceduralTreeRenderer/BatchPresentation) (at Assets/VoxelEngine/Rendering/Runtime/Vegetation/ProceduralTreeRenderer.cs:1079)
VoxelEngine.Rendering.Runtime.Vegetation.ProceduralTreeRenderer:ClearBatches () (at Assets/VoxelEngine/Rendering/Runtime/Vegetation/ProceduralTreeRenderer.cs:1092)
VoxelEngine.Rendering.Runtime.Vegetation.ProceduralTreeRenderer:ClearGenerated () (at Assets/VoxelEngine/Rendering/Runtime/Vegetation/ProceduralTreeRenderer.cs:1106)
VoxelEngine.Rendering.Runtime.Vegetation.ProceduralTreeRenderer:OnDestroy () (at Assets/VoxelEngine/Rendering/Runtime/Vegetation/ProceduralTreeRenderer.cs:1115)
UnityEditor.TestTools.TestRunner.CommandLineTest.Executer:ExitApplication (UnityEditor.TestTools.TestRunner.CommandLineTest.Executer/ReturnCodes,string) (at ./Library/PackageCache/com.unity.test-framework@1405238725ab/UnityEditor.TestRunner/CommandLineTest/Executer.cs:83)
UnityEditor.TestTools.TestRunner.CommandLineTest.Executer:ExitIfRunIsCompleted () (at ./Library/PackageCache/com.unity.test-framework@1405238725ab/UnityEditor.TestRunner/CommandLineTest/Executer.cs:74)
UnityEditor.EditorApplication:Internal_CallUpdateFunctions () (at /Users/bokken/build/output/unity/unity/Editor/Mono/EditorApplication.cs:403)

[Assets/VoxelEngine/Rendering/Runtime/Vegetation/ProceduralTreeRenderer.cs line 1079]

TreeBatch_2_7_LOD3: Destroy may not be called from edit mode! Use DestroyImmediate instead.
Destroying an object in edit mode destroys it permanently
UnityEngine.Debug:ExtractStackTraceNoAlloc (byte*,int,string)
UnityEngine.StackTraceUtility:ExtractStackTrace () (at /Users/bokken/build/output/unity/unity/Runtime/Export/Scripting/StackTrace.cs:35)
UnityEngine.Object:Destroy (UnityEngine.Object,single)
UnityEngine.Object:Destroy (UnityEngine.Object) (at /Users/bokken/build/output/unity/unity/Runtime/Export/Scripting/UnityEngineObject.bindings.cs:707)
VoxelEngine.Rendering.Runtime.Vegetation.ProceduralTreeRenderer:DestroyBatchObjects (VoxelEngine.Rendering.Runtime.Vegetation.ProceduralTreeRenderer/BatchPresentation) (at Assets/VoxelEngine/Rendering/Runtime/Vegetation/ProceduralTreeRenderer.cs:1081)
VoxelEngine.Rendering.Runtime.Vegetation.ProceduralTreeRenderer:ClearBatches () (at Assets/VoxelEngine/Rendering/Runtime/Vegetation/ProceduralTreeRenderer.cs:1092)
VoxelEngine.Rendering.Runtime.Vegetation.ProceduralTreeRenderer:ClearGenerated () (at Assets/VoxelEngine/Rendering/Runtime/Vegetation/ProceduralTreeRenderer.cs:1106)
VoxelEngine.Rendering.Runtime.Vegetation.ProceduralTreeRenderer:OnDestroy () (at Assets/VoxelEngine/Rendering/Runtime/Vegetation/ProceduralTreeRenderer.cs:1115)
UnityEditor.TestTools.TestRunner.CommandLineTest.Executer:ExitApplication (UnityEditor.TestTools.TestRunner.CommandLineTest.Executer/ReturnCodes,string) (at ./Library/PackageCache/com.unity.test-framework@1405238725ab/UnityEditor.TestRunner/CommandLineTest/Executer.cs:83)
UnityEditor.TestTools.TestRunner.CommandLineTest.Executer:ExitIfRunIsCompleted () (at ./Library/PackageCache/com.unity.test-framework@1405238725ab/UnityEditor.TestRunner/CommandLineTest/Executer.cs:74)
UnityEditor.EditorApplication:Internal_CallUpdateFunctions () (at /Users/bokken/build/output/unity/unity/Editor/Mono/EditorApplication.cs:403)

[Assets/VoxelEngine/Rendering/Runtime/Vegetation/ProceduralTreeRenderer.cs line 1081]

Tree Batch 2,7: Destroy may not be called from edit mode! Use DestroyImmediate instead.
Destroying an object in edit mode destroys it permanently
UnityEngine.Debug:ExtractStackTraceNoAlloc (byte*,int,string)
UnityEngine.StackTraceUtility:ExtractStackTrace () (at /Users/bokken/build/output/unity/unity/Runtime/Export/Scripting/StackTrace.cs:35)
UnityEngine.Object:Destroy (UnityEngine.Object,single)
UnityEngine.Object:Destroy (UnityEngine.Object) (at /Users/bokken/build/output/unity/unity/Runtime/Export/Scripting/UnityEngineObject.bindings.cs:707)
VoxelEngine.Rendering.Runtime.Vegetation.ProceduralTreeRenderer:DestroyBatchObjects (VoxelEngine.Rendering.Runtime.Vegetation.ProceduralTreeRenderer/BatchPresentation) (at Assets/VoxelEngine/Rendering/Runtime/Vegetation/ProceduralTreeRenderer.cs:1085)
VoxelEngine.Rendering.Runtime.Vegetation.ProceduralTreeRenderer:ClearBatches () (at Assets/VoxelEngine/Rendering/Runtime/Vegetation/ProceduralTreeRenderer.cs:1092)
VoxelEngine.Rendering.Runtime.Vegetation.ProceduralTreeRenderer:ClearGenerated () (at Assets/VoxelEngine/Rendering/Runtime/Vegetation/ProceduralTreeRenderer.cs:1106)
VoxelEngine.Rendering.Runtime.Vegetation.ProceduralTreeRenderer:OnDestroy () (at Assets/VoxelEngine/Rendering/Runtime/Vegetation/ProceduralTreeRenderer.cs:1115)
UnityEditor.TestTools.TestRunner.CommandLineTest.Executer:ExitApplication (UnityEditor.TestTools.TestRunner.CommandLineTest.Executer/ReturnCodes,string) (at ./Library/PackageCache/com.unity.test-framework@1405238725ab/UnityEditor.TestRunner/CommandLineTest/Executer.cs:83)
UnityEditor.TestTools.TestRunner.CommandLineTest.Executer:ExitIfRunIsCompleted () (at ./Library/PackageCache/com.unity.test-framework@1405238725ab/UnityEditor.TestRunner/CommandLineTest/Executer.cs:74)
UnityEditor.EditorApplication:Internal_CallUpdateFunctions () (at /Users/bokken/build/output/unity/unity/Editor/Mono/EditorApplication.cs:403)

[Assets/VoxelEngine/Rendering/Runtime/Vegetation/ProceduralTreeRenderer.cs line 1085]

TreeBatch_3_7_LOD0: Destroy may not be called from edit mode! Use DestroyImmediate instead.
Destroying an object in edit mode destroys it permanently
UnityEngine.Debug:ExtractStackTraceNoAlloc (byte*,int,string)
UnityEngine.StackTraceUtility:ExtractStackTrace () (at /Users/bokken/build/output/unity/unity/Runtime/Export/Scripting/StackTrace.cs:35)
UnityEngine.Object:Destroy (UnityEngine.Object,single)
UnityEngine.Object:Destroy (UnityEngine.Object) (at /Users/bokken/build/output/unity/unity/Runtime/Export/Scripting/UnityEngineObject.bindings.cs:707)
VoxelEngine.Rendering.Runtime.Vegetation.ProceduralTreeRenderer:DestroyBatchObjects (VoxelEngine.Rendering.Runtime.Vegetation.ProceduralTreeRenderer/BatchPresentation) (at Assets/VoxelEngine/Rendering/Runtime/Vegetation/ProceduralTreeRenderer.cs:1079)
VoxelEngine.Rendering.Runtime.Vegetation.ProceduralTreeRenderer:ClearBatches () (at Assets/VoxelEngine/Rendering/Runtime/Vegetation/ProceduralTreeRenderer.cs:1092)
VoxelEngine.Rendering.Runtime.Vegetation.ProceduralTreeRenderer:ClearGenerated () (at Assets/VoxelEngine/Rendering/Runtime/Vegetation/ProceduralTreeRenderer.cs:1106)
VoxelEngine.Rendering.Runtime.Vegetation.ProceduralTreeRenderer:OnDestroy () (at Assets/VoxelEngine/Rendering/Runtime/Vegetation/ProceduralTreeRenderer.cs:1115)
UnityEditor.TestTools.TestRunner.CommandLineTest.Executer:ExitApplication (UnityEditor.TestTools.TestRunner.CommandLineTest.Executer/ReturnCodes,string) (at ./Library/PackageCache/com.unity.test-framework@1405238725ab/UnityEditor.TestRunner/CommandLineTest/Executer.cs:83)
UnityEditor.TestTools.TestRunner.CommandLineTest.Executer:ExitIfRunIsCompleted () (at ./Library/PackageCache/com.unity.test-framework@1405238725ab/UnityEditor.TestRunner/CommandLineTest/Executer.cs:74)
UnityEditor.EditorApplication:Internal_CallUpdateFunctions () (at /Users/bokken/build/output/unity/unity/Editor/Mono/EditorApplication.cs:403)

[Assets/VoxelEngine/Rendering/Runtime/Vegetation/ProceduralTreeRenderer.cs line 1079]

TreeBatch_3_7_LOD1: Destroy may not be called from edit mode! Use DestroyImmediate instead.
Destroying an object in edit mode destroys it permanently
UnityEngine.Debug:ExtractStackTraceNoAlloc (byte*,int,string)
UnityEngine.StackTraceUtility:ExtractStackTrace () (at /Users/bokken/build/output/unity/unity/Runtime/Export/Scripting/StackTrace.cs:35)
UnityEngine.Object:Destroy (UnityEngine.Object,single)
UnityEngine.Object:Destroy (UnityEngine.Object) (at /Users/bokken/build/output/unity/unity/Runtime/Export/Scripting/UnityEngineObject.bindings.cs:707)
VoxelEngine.Rendering.Runtime.Vegetation.ProceduralTreeRenderer:DestroyBatchObjects (VoxelEngine.Rendering.Runtime.Vegetation.ProceduralTreeRenderer/BatchPresentation) (at Assets/VoxelEngine/Rendering/Runtime/Vegetation/ProceduralTreeRenderer.cs:1079)
VoxelEngine.Rendering.Runtime.Vegetation.ProceduralTreeRenderer:ClearBatches () (at Assets/VoxelEngine/Rendering/Runtime/Vegetation/ProceduralTreeRenderer.cs:1092)
VoxelEngine.Rendering.Runtime.Vegetation.ProceduralTreeRenderer:ClearGenerated () (at Assets/VoxelEngine/Rendering/Runtime/Vegetation/ProceduralTreeRenderer.cs:1106)
VoxelEngine.Rendering.Runtime.Vegetation.ProceduralTreeRenderer:OnDestroy () (at Assets/VoxelEngine/Rendering/Runtime/Vegetation/ProceduralTreeRenderer.cs:1115)
UnityEditor.TestTools.TestRunner.CommandLineTest.Executer:ExitApplication (UnityEditor.TestTools.TestRunner.CommandLineTest.Executer/ReturnCodes,string) (at ./Library/PackageCache/com.unity.test-framework@1405238725ab/UnityEditor.TestRunner/CommandLineTest/Executer.cs:83)
UnityEditor.TestTools.TestRunner.CommandLineTest.Executer:ExitIfRunIsCompleted () (at ./Library/PackageCache/com.unity.test-framework@1405238725ab/UnityEditor.TestRunner/CommandLineTest/Executer.cs:74)
UnityEditor.EditorApplication:Internal_CallUpdateFunctions () (at /Users/bokken/build/output/unity/unity/Editor/Mono/EditorApplication.cs:403)

[Assets/VoxelEngine/Rendering/Runtime/Vegetation/ProceduralTreeRenderer.cs line 1079]

TreeBatch_3_7_LOD2: Destroy may not be called from edit mode! Use DestroyImmediate instead.
Destroying an object in edit mode destroys it permanently
UnityEngine.Debug:ExtractStackTraceNoAlloc (byte*,int,string)
UnityEngine.StackTraceUtility:ExtractStackTrace () (at /Users/bokken/build/output/unity/unity/Runtime/Export/Scripting/StackTrace.cs:35)
UnityEngine.Object:Destroy (UnityEngine.Object,single)
UnityEngine.Object:Destroy (UnityEngine.Object) (at /Users/bokken/build/output/unity/unity/Runtime/Export/Scripting/UnityEngineObject.bindings.cs:707)
VoxelEngine.Rendering.Runtime.Vegetation.ProceduralTreeRenderer:DestroyBatchObjects (VoxelEngine.Rendering.Runtime.Vegetation.ProceduralTreeRenderer/BatchPresentation) (at Assets/VoxelEngine/Rendering/Runtime/Vegetation/ProceduralTreeRenderer.cs:1079)
VoxelEngine.Rendering.Runtime.Vegetation.ProceduralTreeRenderer:ClearBatches () (at Assets/VoxelEngine/Rendering/Runtime/Vegetation/ProceduralTreeRenderer.cs:1092)
VoxelEngine.Rendering.Runtime.Vegetation.ProceduralTreeRenderer:ClearGenerated () (at Assets/VoxelEngine/Rendering/Runtime/Vegetation/ProceduralTreeRenderer.cs:1106)
VoxelEngine.Rendering.Runtime.Vegetation.ProceduralTreeRenderer:OnDestroy () (at Assets/VoxelEngine/Rendering/Runtime/Vegetation/ProceduralTreeRenderer.cs:1115)
UnityEditor.TestTools.TestRunner.CommandLineTest.Executer:ExitApplication (UnityEditor.TestTools.TestRunner.CommandLineTest.Executer/ReturnCodes,string) (at ./Library/PackageCache/com.unity.test-framework@1405238725ab/UnityEditor.TestRunner/CommandLineTest/Executer.cs:83)
UnityEditor.TestTools.TestRunner.CommandLineTest.Executer:ExitIfRunIsCompleted () (at ./Library/PackageCache/com.unity.test-framework@1405238725ab/UnityEditor.TestRunner/CommandLineTest/Executer.cs:74)
UnityEditor.EditorApplication:Internal_CallUpdateFunctions () (at /Users/bokken/build/output/unity/unity/Editor/Mono/EditorApplication.cs:403)

[Assets/VoxelEngine/Rendering/Runtime/Vegetation/ProceduralTreeRenderer.cs line 1079]

TreeBatch_3_7_LOD3: Destroy may not be called from edit mode! Use DestroyImmediate instead.
Destroying an object in edit mode destroys it permanently
UnityEngine.Debug:ExtractStackTraceNoAlloc (byte*,int,string)
UnityEngine.StackTraceUtility:ExtractStackTrace () (at /Users/bokken/build/output/unity/unity/Runtime/Export/Scripting/StackTrace.cs:35)
UnityEngine.Object:Destroy (UnityEngine.Object,single)
UnityEngine.Object:Destroy (UnityEngine.Object) (at /Users/bokken/build/output/unity/unity/Runtime/Export/Scripting/UnityEngineObject.bindings.cs:707)
VoxelEngine.Rendering.Runtime.Vegetation.ProceduralTreeRenderer:DestroyBatchObjects (VoxelEngine.Rendering.Runtime.Vegetation.ProceduralTreeRenderer/BatchPresentation) (at Assets/VoxelEngine/Rendering/Runtime/Vegetation/ProceduralTreeRenderer.cs:1081)
VoxelEngine.Rendering.Runtime.Vegetation.ProceduralTreeRenderer:ClearBatches () (at Assets/VoxelEngine/Rendering/Runtime/Vegetation/ProceduralTreeRenderer.cs:1092)
VoxelEngine.Rendering.Runtime.Vegetation.ProceduralTreeRenderer:ClearGenerated () (at Assets/VoxelEngine/Rendering/Runtime/Vegetation/ProceduralTreeRenderer.cs:1106)
VoxelEngine.Rendering.Runtime.Vegetation.ProceduralTreeRenderer:OnDestroy () (at Assets/VoxelEngine/Rendering/Runtime/Vegetation/ProceduralTreeRenderer.cs:1115)
UnityEditor.TestTools.TestRunner.CommandLineTest.Executer:ExitApplication (UnityEditor.TestTools.TestRunner.CommandLineTest.Executer/ReturnCodes,string) (at ./Library/PackageCache/com.unity.test-framework@1405238725ab/UnityEditor.TestRunner/CommandLineTest/Executer.cs:83)
UnityEditor.TestTools.TestRunner.CommandLineTest.Executer:ExitIfRunIsCompleted () (at ./Library/PackageCache/com.unity.test-framework@1405238725ab/UnityEditor.TestRunner/CommandLineTest/Executer.cs:74)
UnityEditor.EditorApplication:Internal_CallUpdateFunctions () (at /Users/bokken/build/output/unity/unity/Editor/Mono/EditorApplication.cs:403)

[Assets/VoxelEngine/Rendering/Runtime/Vegetation/ProceduralTreeRenderer.cs line 1081]

Tree Batch 3,7: Destroy may not be called from edit mode! Use DestroyImmediate instead.
Destroying an object in edit mode destroys it permanently
UnityEngine.Debug:ExtractStackTraceNoAlloc (byte*,int,string)
UnityEngine.StackTraceUtility:ExtractStackTrace () (at /Users/bokken/build/output/unity/unity/Runtime/Export/Scripting/StackTrace.cs:35)
UnityEngine.Object:Destroy (UnityEngine.Object,single)
UnityEngine.Object:Destroy (UnityEngine.Object) (at /Users/bokken/build/output/unity/unity/Runtime/Export/Scripting/UnityEngineObject.bindings.cs:707)
VoxelEngine.Rendering.Runtime.Vegetation.ProceduralTreeRenderer:DestroyBatchObjects (VoxelEngine.Rendering.Runtime.Vegetation.ProceduralTreeRenderer/BatchPresentation) (at Assets/VoxelEngine/Rendering/Runtime/Vegetation/ProceduralTreeRenderer.cs:1085)
VoxelEngine.Rendering.Runtime.Vegetation.ProceduralTreeRenderer:ClearBatches () (at Assets/VoxelEngine/Rendering/Runtime/Vegetation/ProceduralTreeRenderer.cs:1092)
VoxelEngine.Rendering.Runtime.Vegetation.ProceduralTreeRenderer:ClearGenerated () (at Assets/VoxelEngine/Rendering/Runtime/Vegetation/ProceduralTreeRenderer.cs:1106)
VoxelEngine.Rendering.Runtime.Vegetation.ProceduralTreeRenderer:OnDestroy () (at Assets/VoxelEngine/Rendering/Runtime/Vegetation/ProceduralTreeRenderer.cs:1115)
UnityEditor.TestTools.TestRunner.CommandLineTest.Executer:ExitApplication (UnityEditor.TestTools.TestRunner.CommandLineTest.Executer/ReturnCodes,string) (at ./Library/PackageCache/com.unity.test-framework@1405238725ab/UnityEditor.TestRunner/CommandLineTest/Executer.cs:83)
UnityEditor.TestTools.TestRunner.CommandLineTest.Executer:ExitIfRunIsCompleted () (at ./Library/PackageCache/com.unity.test-framework@1405238725ab/UnityEditor.TestRunner/CommandLineTest/Executer.cs:74)
UnityEditor.EditorApplication:Internal_CallUpdateFunctions () (at /Users/bokken/build/output/unity/unity/Editor/Mono/EditorApplication.cs:403)

[Assets/VoxelEngine/Rendering/Runtime/Vegetation/ProceduralTreeRenderer.cs line 1085]

TreeBatch_4_7_LOD0: Destroy may not be called from edit mode! Use DestroyImmediate instead.
Destroying an object in edit mode destroys it permanently
UnityEngine.Debug:ExtractStackTraceNoAlloc (byte*,int,string)
UnityEngine.StackTraceUtility:ExtractStackTrace () (at /Users/bokken/build/output/unity/unity/Runtime/Export/Scripting/StackTrace.cs:35)
UnityEngine.Object:Destroy (UnityEngine.Object,single)
UnityEngine.Object:Destroy (UnityEngine.Object) (at /Users/bokken/build/output/unity/unity/Runtime/Export/Scripting/UnityEngineObject.bindings.cs:707)
VoxelEngine.Rendering.Runtime.Vegetation.ProceduralTreeRenderer:DestroyBatchObjects (VoxelEngine.Rendering.Runtime.Vegetation.ProceduralTreeRenderer/BatchPresentation) (at Assets/VoxelEngine/Rendering/Runtime/Vegetation/ProceduralTreeRenderer.cs:1079)
VoxelEngine.Rendering.Runtime.Vegetation.ProceduralTreeRenderer:ClearBatches () (at Assets/VoxelEngine/Rendering/Runtime/Vegetation/ProceduralTreeRenderer.cs:1092)
VoxelEngine.Rendering.Runtime.Vegetation.ProceduralTreeRenderer:ClearGenerated () (at Assets/VoxelEngine/Rendering/Runtime/Vegetation/ProceduralTreeRenderer.cs:1106)
VoxelEngine.Rendering.Runtime.Vegetation.ProceduralTreeRenderer:OnDestroy () (at Assets/VoxelEngine/Rendering/Runtime/Vegetation/ProceduralTreeRenderer.cs:1115)
UnityEditor.TestTools.TestRunner.CommandLineTest.Executer:ExitApplication (UnityEditor.TestTools.TestRunner.CommandLineTest.Executer/ReturnCodes,string) (at ./Library/PackageCache/com.unity.test-framework@1405238725ab/UnityEditor.TestRunner/CommandLineTest/Executer.cs:83)
UnityEditor.TestTools.TestRunner.CommandLineTest.Executer:ExitIfRunIsCompleted () (at ./Library/PackageCache/com.unity.test-framework@1405238725ab/UnityEditor.TestRunner/CommandLineTest/Executer.cs:74)
UnityEditor.EditorApplication:Internal_CallUpdateFunctions () (at /Users/bokken/build/output/unity/unity/Editor/Mono/EditorApplication.cs:403)

[Assets/VoxelEngine/Rendering/Runtime/Vegetation/ProceduralTreeRenderer.cs line 1079]

TreeBatch_4_7_LOD1: Destroy may not be called from edit mode! Use DestroyImmediate instead.
Destroying an object in edit mode destroys it permanently
UnityEngine.Debug:ExtractStackTraceNoAlloc (byte*,int,string)
UnityEngine.StackTraceUtility:ExtractStackTrace () (at /Users/bokken/build/output/unity/unity/Runtime/Export/Scripting/StackTrace.cs:35)
UnityEngine.Object:Destroy (UnityEngine.Object,single)
UnityEngine.Object:Destroy (UnityEngine.Object) (at /Users/bokken/build/output/unity/unity/Runtime/Export/Scripting/UnityEngineObject.bindings.cs:707)
VoxelEngine.Rendering.Runtime.Vegetation.ProceduralTreeRenderer:DestroyBatchObjects (VoxelEngine.Rendering.Runtime.Vegetation.ProceduralTreeRenderer/BatchPresentation) (at Assets/VoxelEngine/Rendering/Runtime/Vegetation/ProceduralTreeRenderer.cs:1079)
VoxelEngine.Rendering.Runtime.Vegetation.ProceduralTreeRenderer:ClearBatches () (at Assets/VoxelEngine/Rendering/Runtime/Vegetation/ProceduralTreeRenderer.cs:1092)
VoxelEngine.Rendering.Runtime.Vegetation.ProceduralTreeRenderer:ClearGenerated () (at Assets/VoxelEngine/Rendering/Runtime/Vegetation/ProceduralTreeRenderer.cs:1106)
VoxelEngine.Rendering.Runtime.Vegetation.ProceduralTreeRenderer:OnDestroy () (at Assets/VoxelEngine/Rendering/Runtime/Vegetation/ProceduralTreeRenderer.cs:1115)
UnityEditor.TestTools.TestRunner.CommandLineTest.Executer:ExitApplication (UnityEditor.TestTools.TestRunner.CommandLineTest.Executer/ReturnCodes,string) (at ./Library/PackageCache/com.unity.test-framework@1405238725ab/UnityEditor.TestRunner/CommandLineTest/Executer.cs:83)
UnityEditor.TestTools.TestRunner.CommandLineTest.Executer:ExitIfRunIsCompleted () (at ./Library/PackageCache/com.unity.test-framework@1405238725ab/UnityEditor.TestRunner/CommandLineTest/Executer.cs:74)
UnityEditor.EditorApplication:Internal_CallUpdateFunctions () (at /Users/bokken/build/output/unity/unity/Editor/Mono/EditorApplication.cs:403)

[Assets/VoxelEngine/Rendering/Runtime/Vegetation/ProceduralTreeRenderer.cs line 1079]

TreeBatch_4_7_LOD2: Destroy may not be called from edit mode! Use DestroyImmediate instead.
Destroying an object in edit mode destroys it permanently
UnityEngine.Debug:ExtractStackTraceNoAlloc (byte*,int,string)
UnityEngine.StackTraceUtility:ExtractStackTrace () (at /Users/bokken/build/output/unity/unity/Runtime/Export/Scripting/StackTrace.cs:35)
UnityEngine.Object:Destroy (UnityEngine.Object,single)
UnityEngine.Object:Destroy (UnityEngine.Object) (at /Users/bokken/build/output/unity/unity/Runtime/Export/Scripting/UnityEngineObject.bindings.cs:707)
VoxelEngine.Rendering.Runtime.Vegetation.ProceduralTreeRenderer:DestroyBatchObjects (VoxelEngine.Rendering.Runtime.Vegetation.ProceduralTreeRenderer/BatchPresentation) (at Assets/VoxelEngine/Rendering/Runtime/Vegetation/ProceduralTreeRenderer.cs:1079)
VoxelEngine.Rendering.Runtime.Vegetation.ProceduralTreeRenderer:ClearBatches () (at Assets/VoxelEngine/Rendering/Runtime/Vegetation/ProceduralTreeRenderer.cs:1092)
VoxelEngine.Rendering.Runtime.Vegetation.ProceduralTreeRenderer:ClearGenerated () (at Assets/VoxelEngine/Rendering/Runtime/Vegetation/ProceduralTreeRenderer.cs:1106)
VoxelEngine.Rendering.Runtime.Vegetation.ProceduralTreeRenderer:OnDestroy () (at Assets/VoxelEngine/Rendering/Runtime/Vegetation/ProceduralTreeRenderer.cs:1115)
UnityEditor.TestTools.TestRunner.CommandLineTest.Executer:ExitApplication (UnityEditor.TestTools.TestRunner.CommandLineTest.Executer/ReturnCodes,string) (at ./Library/PackageCache/com.unity.test-framework@1405238725ab/UnityEditor.TestRunner/CommandLineTest/Executer.cs:83)
UnityEditor.TestTools.TestRunner.CommandLineTest.Executer:ExitIfRunIsCompleted () (at ./Library/PackageCache/com.unity.test-framework@1405238725ab/UnityEditor.TestRunner/CommandLineTest/Executer.cs:74)
UnityEditor.EditorApplication:Internal_CallUpdateFunctions () (at /Users/bokken/build/output/unity/unity/Editor/Mono/EditorApplication.cs:403)

[Assets/VoxelEngine/Rendering/Runtime/Vegetation/ProceduralTreeRenderer.cs line 1079]

TreeBatch_4_7_LOD3: Destroy may not be called from edit mode! Use DestroyImmediate instead.
Destroying an object in edit mode destroys it permanently
UnityEngine.Debug:ExtractStackTraceNoAlloc (byte*,int,string)
UnityEngine.StackTraceUtility:ExtractStackTrace () (at /Users/bokken/build/output/unity/unity/Runtime/Export/Scripting/StackTrace.cs:35)
UnityEngine.Object:Destroy (UnityEngine.Object,single)
UnityEngine.Object:Destroy (UnityEngine.Object) (at /Users/bokken/build/output/unity/unity/Runtime/Export/Scripting/UnityEngineObject.bindings.cs:707)
VoxelEngine.Rendering.Runtime.Vegetation.ProceduralTreeRenderer:DestroyBatchObjects (VoxelEngine.Rendering.Runtime.Vegetation.ProceduralTreeRenderer/BatchPresentation) (at Assets/VoxelEngine/Rendering/Runtime/Vegetation/ProceduralTreeRenderer.cs:1081)
VoxelEngine.Rendering.Runtime.Vegetation.ProceduralTreeRenderer:ClearBatches () (at Assets/VoxelEngine/Rendering/Runtime/Vegetation/ProceduralTreeRenderer.cs:1092)
VoxelEngine.Rendering.Runtime.Vegetation.ProceduralTreeRenderer:ClearGenerated () (at Assets/VoxelEngine/Rendering/Runtime/Vegetation/ProceduralTreeRenderer.cs:1106)
VoxelEngine.Rendering.Runtime.Vegetation.ProceduralTreeRenderer:OnDestroy () (at Assets/VoxelEngine/Rendering/Runtime/Vegetation/ProceduralTreeRenderer.cs:1115)
UnityEditor.TestTools.TestRunner.CommandLineTest.Executer:ExitApplication (UnityEditor.TestTools.TestRunner.CommandLineTest.Executer/ReturnCodes,string) (at ./Library/PackageCache/com.unity.test-framework@1405238725ab/UnityEditor.TestRunner/CommandLineTest/Executer.cs:83)
UnityEditor.TestTools.TestRunner.CommandLineTest.Executer:ExitIfRunIsCompleted () (at ./Library/PackageCache/com.unity.test-framework@1405238725ab/UnityEditor.TestRunner/CommandLineTest/Executer.cs:74)
UnityEditor.EditorApplication:Internal_CallUpdateFunctions () (at /Users/bokken/build/output/unity/unity/Editor/Mono/EditorApplication.cs:403)

[Assets/VoxelEngine/Rendering/Runtime/Vegetation/ProceduralTreeRenderer.cs line 1081]

Tree Batch 4,7: Destroy may not be called from edit mode! Use DestroyImmediate instead.
Destroying an object in edit mode destroys it permanently
UnityEngine.Debug:ExtractStackTraceNoAlloc (byte*,int,string)
UnityEngine.StackTraceUtility:ExtractStackTrace () (at /Users/bokken/build/output/unity/unity/Runtime/Export/Scripting/StackTrace.cs:35)
UnityEngine.Object:Destroy (UnityEngine.Object,single)
UnityEngine.Object:Destroy (UnityEngine.Object) (at /Users/bokken/build/output/unity/unity/Runtime/Export/Scripting/UnityEngineObject.bindings.cs:707)
VoxelEngine.Rendering.Runtime.Vegetation.ProceduralTreeRenderer:DestroyBatchObjects (VoxelEngine.Rendering.Runtime.Vegetation.ProceduralTreeRenderer/BatchPresentation) (at Assets/VoxelEngine/Rendering/Runtime/Vegetation/ProceduralTreeRenderer.cs:1085)
VoxelEngine.Rendering.Runtime.Vegetation.ProceduralTreeRenderer:ClearBatches () (at Assets/VoxelEngine/Rendering/Runtime/Vegetation/ProceduralTreeRenderer.cs:1092)
VoxelEngine.Rendering.Runtime.Vegetation.ProceduralTreeRenderer:ClearGenerated () (at Assets/VoxelEngine/Rendering/Runtime/Vegetation/ProceduralTreeRenderer.cs:1106)
VoxelEngine.Rendering.Runtime.Vegetation.ProceduralTreeRenderer:OnDestroy () (at Assets/VoxelEngine/Rendering/Runtime/Vegetation/ProceduralTreeRenderer.cs:1115)
UnityEditor.TestTools.TestRunner.CommandLineTest.Executer:ExitApplication (UnityEditor.TestTools.TestRunner.CommandLineTest.Executer/ReturnCodes,string) (at ./Library/PackageCache/com.unity.test-framework@1405238725ab/UnityEditor.TestRunner/CommandLineTest/Executer.cs:83)
UnityEditor.TestTools.TestRunner.CommandLineTest.Executer:ExitIfRunIsCompleted () (at ./Library/PackageCache/com.unity.test-framework@1405238725ab/UnityEditor.TestRunner/CommandLineTest/Executer.cs:74)
UnityEditor.EditorApplication:Internal_CallUpdateFunctions () (at /Users/bokken/build/output/unity/unity/Editor/Mono/EditorApplication.cs:403)

[Assets/VoxelEngine/Rendering/Runtime/Vegetation/ProceduralTreeRenderer.cs line 1085]

TreeBatch_5_7_LOD0: Destroy may not be called from edit mode! Use DestroyImmediate instead.
Destroying an object in edit mode destroys it permanently
UnityEngine.Debug:ExtractStackTraceNoAlloc (byte*,int,string)
UnityEngine.StackTraceUtility:ExtractStackTrace () (at /Users/bokken/build/output/unity/unity/Runtime/Export/Scripting/StackTrace.cs:35)
UnityEngine.Object:Destroy (UnityEngine.Object,single)
UnityEngine.Object:Destroy (UnityEngine.Object) (at /Users/bokken/build/output/unity/unity/Runtime/Export/Scripting/UnityEngineObject.bindings.cs:707)
VoxelEngine.Rendering.Runtime.Vegetation.ProceduralTreeRenderer:DestroyBatchObjects (VoxelEngine.Rendering.Runtime.Vegetation.ProceduralTreeRenderer/BatchPresentation) (at Assets/VoxelEngine/Rendering/Runtime/Vegetation/ProceduralTreeRenderer.cs:1079)
VoxelEngine.Rendering.Runtime.Vegetation.ProceduralTreeRenderer:ClearBatches () (at Assets/VoxelEngine/Rendering/Runtime/Vegetation/ProceduralTreeRenderer.cs:1092)
VoxelEngine.Rendering.Runtime.Vegetation.ProceduralTreeRenderer:ClearGenerated () (at Assets/VoxelEngine/Rendering/Runtime/Vegetation/ProceduralTreeRenderer.cs:1106)
VoxelEngine.Rendering.Runtime.Vegetation.ProceduralTreeRenderer:OnDestroy () (at Assets/VoxelEngine/Rendering/Runtime/Vegetation/ProceduralTreeRenderer.cs:1115)
UnityEditor.TestTools.TestRunner.CommandLineTest.Executer:ExitApplication (UnityEditor.TestTools.TestRunner.CommandLineTest.Executer/ReturnCodes,string) (at ./Library/PackageCache/com.unity.test-framework@1405238725ab/UnityEditor.TestRunner/CommandLineTest/Executer.cs:83)
UnityEditor.TestTools.TestRunner.CommandLineTest.Executer:ExitIfRunIsCompleted () (at ./Library/PackageCache/com.unity.test-framework@1405238725ab/UnityEditor.TestRunner/CommandLineTest/Executer.cs:74)
UnityEditor.EditorApplication:Internal_CallUpdateFunctions () (at /Users/bokken/build/output/unity/unity/Editor/Mono/EditorApplication.cs:403)

[Assets/VoxelEngine/Rendering/Runtime/Vegetation/ProceduralTreeRenderer.cs line 1079]

TreeBatch_5_7_LOD1: Destroy may not be called from edit mode! Use DestroyImmediate instead.
Destroying an object in edit mode destroys it permanently
UnityEngine.Debug:ExtractStackTraceNoAlloc (byte*,int,string)
UnityEngine.StackTraceUtility:ExtractStackTrace () (at /Users/bokken/build/output/unity/unity/Runtime/Export/Scripting/StackTrace.cs:35)
UnityEngine.Object:Destroy (UnityEngine.Object,single)
UnityEngine.Object:Destroy (UnityEngine.Object) (at /Users/bokken/build/output/unity/unity/Runtime/Export/Scripting/UnityEngineObject.bindings.cs:707)
VoxelEngine.Rendering.Runtime.Vegetation.ProceduralTreeRenderer:DestroyBatchObjects (VoxelEngine.Rendering.Runtime.Vegetation.ProceduralTreeRenderer/BatchPresentation) (at Assets/VoxelEngine/Rendering/Runtime/Vegetation/ProceduralTreeRenderer.cs:1079)
VoxelEngine.Rendering.Runtime.Vegetation.ProceduralTreeRenderer:ClearBatches () (at Assets/VoxelEngine/Rendering/Runtime/Vegetation/ProceduralTreeRenderer.cs:1092)
VoxelEngine.Rendering.Runtime.Vegetation.ProceduralTreeRenderer:ClearGenerated () (at Assets/VoxelEngine/Rendering/Runtime/Vegetation/ProceduralTreeRenderer.cs:1106)
VoxelEngine.Rendering.Runtime.Vegetation.ProceduralTreeRenderer:OnDestroy () (at Assets/VoxelEngine/Rendering/Runtime/Vegetation/ProceduralTreeRenderer.cs:1115)
UnityEditor.TestTools.TestRunner.CommandLineTest.Executer:ExitApplication (UnityEditor.TestTools.TestRunner.CommandLineTest.Executer/ReturnCodes,string) (at ./Library/PackageCache/com.unity.test-framework@1405238725ab/UnityEditor.TestRunner/CommandLineTest/Executer.cs:83)
UnityEditor.TestTools.TestRunner.CommandLineTest.Executer:ExitIfRunIsCompleted () (at ./Library/PackageCache/com.unity.test-framework@1405238725ab/UnityEditor.TestRunner/CommandLineTest/Executer.cs:74)
UnityEditor.EditorApplication:Internal_CallUpdateFunctions () (at /Users/bokken/build/output/unity/unity/Editor/Mono/EditorApplication.cs:403)

[Assets/VoxelEngine/Rendering/Runtime/Vegetation/ProceduralTreeRenderer.cs line 1079]

TreeBatch_5_7_LOD2: Destroy may not be called from edit mode! Use DestroyImmediate instead.
Destroying an object in edit mode destroys it permanently
UnityEngine.Debug:ExtractStackTraceNoAlloc (byte*,int,string)
UnityEngine.StackTraceUtility:ExtractStackTrace () (at /Users/bokken/build/output/unity/unity/Runtime/Export/Scripting/StackTrace.cs:35)
UnityEngine.Object:Destroy (UnityEngine.Object,single)
UnityEngine.Object:Destroy (UnityEngine.Object) (at /Users/bokken/build/output/unity/unity/Runtime/Export/Scripting/UnityEngineObject.bindings.cs:707)
VoxelEngine.Rendering.Runtime.Vegetation.ProceduralTreeRenderer:DestroyBatchObjects (VoxelEngine.Rendering.Runtime.Vegetation.ProceduralTreeRenderer/BatchPresentation) (at Assets/VoxelEngine/Rendering/Runtime/Vegetation/ProceduralTreeRenderer.cs:1079)
VoxelEngine.Rendering.Runtime.Vegetation.ProceduralTreeRenderer:ClearBatches () (at Assets/VoxelEngine/Rendering/Runtime/Vegetation/ProceduralTreeRenderer.cs:1092)
VoxelEngine.Rendering.Runtime.Vegetation.ProceduralTreeRenderer:ClearGenerated () (at Assets/VoxelEngine/Rendering/Runtime/Vegetation/ProceduralTreeRenderer.cs:1106)
VoxelEngine.Rendering.Runtime.Vegetation.ProceduralTreeRenderer:OnDestroy () (at Assets/VoxelEngine/Rendering/Runtime/Vegetation/ProceduralTreeRenderer.cs:1115)
UnityEditor.TestTools.TestRunner.CommandLineTest.Executer:ExitApplication (UnityEditor.TestTools.TestRunner.CommandLineTest.Executer/ReturnCodes,string) (at ./Library/PackageCache/com.unity.test-framework@1405238725ab/UnityEditor.TestRunner/CommandLineTest/Executer.cs:83)
UnityEditor.TestTools.TestRunner.CommandLineTest.Executer:ExitIfRunIsCompleted () (at ./Library/PackageCache/com.unity.test-framework@1405238725ab/UnityEditor.TestRunner/CommandLineTest/Executer.cs:74)
UnityEditor.EditorApplication:Internal_CallUpdateFunctions () (at /Users/bokken/build/output/unity/unity/Editor/Mono/EditorApplication.cs:403)

[Assets/VoxelEngine/Rendering/Runtime/Vegetation/ProceduralTreeRenderer.cs line 1079]

TreeBatch_5_7_LOD3: Destroy may not be called from edit mode! Use DestroyImmediate instead.
Destroying an object in edit mode destroys it permanently
UnityEngine.Debug:ExtractStackTraceNoAlloc (byte*,int,string)
UnityEngine.StackTraceUtility:ExtractStackTrace () (at /Users/bokken/build/output/unity/unity/Runtime/Export/Scripting/StackTrace.cs:35)
UnityEngine.Object:Destroy (UnityEngine.Object,single)
UnityEngine.Object:Destroy (UnityEngine.Object) (at /Users/bokken/build/output/unity/unity/Runtime/Export/Scripting/UnityEngineObject.bindings.cs:707)
VoxelEngine.Rendering.Runtime.Vegetation.ProceduralTreeRenderer:DestroyBatchObjects (VoxelEngine.Rendering.Runtime.Vegetation.ProceduralTreeRenderer/BatchPresentation) (at Assets/VoxelEngine/Rendering/Runtime/Vegetation/ProceduralTreeRenderer.cs:1081)
VoxelEngine.Rendering.Runtime.Vegetation.ProceduralTreeRenderer:ClearBatches () (at Assets/VoxelEngine/Rendering/Runtime/Vegetation/ProceduralTreeRenderer.cs:1092)
VoxelEngine.Rendering.Runtime.Vegetation.ProceduralTreeRenderer:ClearGenerated () (at Assets/VoxelEngine/Rendering/Runtime/Vegetation/ProceduralTreeRenderer.cs:1106)
VoxelEngine.Rendering.Runtime.Vegetation.ProceduralTreeRenderer:OnDestroy () (at Assets/VoxelEngine/Rendering/Runtime/Vegetation/ProceduralTreeRenderer.cs:1115)
UnityEditor.TestTools.TestRunner.CommandLineTest.Executer:ExitApplication (UnityEditor.TestTools.TestRunner.CommandLineTest.Executer/ReturnCodes,string) (at ./Library/PackageCache/com.unity.test-framework@1405238725ab/UnityEditor.TestRunner/CommandLineTest/Executer.cs:83)
UnityEditor.TestTools.TestRunner.CommandLineTest.Executer:ExitIfRunIsCompleted () (at ./Library/PackageCache/com.unity.test-framework@1405238725ab/UnityEditor.TestRunner/CommandLineTest/Executer.cs:74)
UnityEditor.EditorApplication:Internal_CallUpdateFunctions () (at /Users/bokken/build/output/unity/unity/Editor/Mono/EditorApplication.cs:403)

[Assets/VoxelEngine/Rendering/Runtime/Vegetation/ProceduralTreeRenderer.cs line 1081]

Tree Batch 5,7: Destroy may not be called from edit mode! Use DestroyImmediate instead.
Destroying an object in edit mode destroys it permanently
UnityEngine.Debug:ExtractStackTraceNoAlloc (byte*,int,string)
UnityEngine.StackTraceUtility:ExtractStackTrace () (at /Users/bokken/build/output/unity/unity/Runtime/Export/Scripting/StackTrace.cs:35)
UnityEngine.Object:Destroy (UnityEngine.Object,single)
UnityEngine.Object:Destroy (UnityEngine.Object) (at /Users/bokken/build/output/unity/unity/Runtime/Export/Scripting/UnityEngineObject.bindings.cs:707)
VoxelEngine.Rendering.Runtime.Vegetation.ProceduralTreeRenderer:DestroyBatchObjects (VoxelEngine.Rendering.Runtime.Vegetation.ProceduralTreeRenderer/BatchPresentation) (at Assets/VoxelEngine/Rendering/Runtime/Vegetation/ProceduralTreeRenderer.cs:1085)
VoxelEngine.Rendering.Runtime.Vegetation.ProceduralTreeRenderer:ClearBatches () (at Assets/VoxelEngine/Rendering/Runtime/Vegetation/ProceduralTreeRenderer.cs:1092)
VoxelEngine.Rendering.Runtime.Vegetation.ProceduralTreeRenderer:ClearGenerated () (at Assets/VoxelEngine/Rendering/Runtime/Vegetation/ProceduralTreeRenderer.cs:1106)
VoxelEngine.Rendering.Runtime.Vegetation.ProceduralTreeRenderer:OnDestroy () (at Assets/VoxelEngine/Rendering/Runtime/Vegetation/ProceduralTreeRenderer.cs:1115)
UnityEditor.TestTools.TestRunner.CommandLineTest.Executer:ExitApplication (UnityEditor.TestTools.TestRunner.CommandLineTest.Executer/ReturnCodes,string) (at ./Library/PackageCache/com.unity.test-framework@1405238725ab/UnityEditor.TestRunner/CommandLineTest/Executer.cs:83)
UnityEditor.TestTools.TestRunner.CommandLineTest.Executer:ExitIfRunIsCompleted () (at ./Library/PackageCache/com.unity.test-framework@1405238725ab/UnityEditor.TestRunner/CommandLineTest/Executer.cs:74)
UnityEditor.EditorApplication:Internal_CallUpdateFunctions () (at /Users/bokken/build/output/unity/unity/Editor/Mono/EditorApplication.cs:403)

[Assets/VoxelEngine/Rendering/Runtime/Vegetation/ProceduralTreeRenderer.cs line 1085]

TreeBatch_6_7_LOD0: Destroy may not be called from edit mode! Use DestroyImmediate instead.
Destroying an object in edit mode destroys it permanently
UnityEngine.Debug:ExtractStackTraceNoAlloc (byte*,int,string)
UnityEngine.StackTraceUtility:ExtractStackTrace () (at /Users/bokken/build/output/unity/unity/Runtime/Export/Scripting/StackTrace.cs:35)
UnityEngine.Object:Destroy (UnityEngine.Object,single)
UnityEngine.Object:Destroy (UnityEngine.Object) (at /Users/bokken/build/output/unity/unity/Runtime/Export/Scripting/UnityEngineObject.bindings.cs:707)
VoxelEngine.Rendering.Runtime.Vegetation.ProceduralTreeRenderer:DestroyBatchObjects (VoxelEngine.Rendering.Runtime.Vegetation.ProceduralTreeRenderer/BatchPresentation) (at Assets/VoxelEngine/Rendering/Runtime/Vegetation/ProceduralTreeRenderer.cs:1079)
VoxelEngine.Rendering.Runtime.Vegetation.ProceduralTreeRenderer:ClearBatches () (at Assets/VoxelEngine/Rendering/Runtime/Vegetation/ProceduralTreeRenderer.cs:1092)
VoxelEngine.Rendering.Runtime.Vegetation.ProceduralTreeRenderer:ClearGenerated () (at Assets/VoxelEngine/Rendering/Runtime/Vegetation/ProceduralTreeRenderer.cs:1106)
VoxelEngine.Rendering.Runtime.Vegetation.ProceduralTreeRenderer:OnDestroy () (at Assets/VoxelEngine/Rendering/Runtime/Vegetation/ProceduralTreeRenderer.cs:1115)
UnityEditor.TestTools.TestRunner.CommandLineTest.Executer:ExitApplication (UnityEditor.TestTools.TestRunner.CommandLineTest.Executer/ReturnCodes,string) (at ./Library/PackageCache/com.unity.test-framework@1405238725ab/UnityEditor.TestRunner/CommandLineTest/Executer.cs:83)
UnityEditor.TestTools.TestRunner.CommandLineTest.Executer:ExitIfRunIsCompleted () (at ./Library/PackageCache/com.unity.test-framework@1405238725ab/UnityEditor.TestRunner/CommandLineTest/Executer.cs:74)
UnityEditor.EditorApplication:Internal_CallUpdateFunctions () (at /Users/bokken/build/output/unity/unity/Editor/Mono/EditorApplication.cs:403)

[Assets/VoxelEngine/Rendering/Runtime/Vegetation/ProceduralTreeRenderer.cs line 1079]

TreeBatch_6_7_LOD1: Destroy may not be called from edit mode! Use DestroyImmediate instead.
Destroying an object in edit mode destroys it permanently
UnityEngine.Debug:ExtractStackTraceNoAlloc (byte*,int,string)
UnityEngine.StackTraceUtility:ExtractStackTrace () (at /Users/bokken/build/output/unity/unity/Runtime/Export/Scripting/StackTrace.cs:35)
UnityEngine.Object:Destroy (UnityEngine.Object,single)
UnityEngine.Object:Destroy (UnityEngine.Object) (at /Users/bokken/build/output/unity/unity/Runtime/Export/Scripting/UnityEngineObject.bindings.cs:707)
VoxelEngine.Rendering.Runtime.Vegetation.ProceduralTreeRenderer:DestroyBatchObjects (VoxelEngine.Rendering.Runtime.Vegetation.ProceduralTreeRenderer/BatchPresentation) (at Assets/VoxelEngine/Rendering/Runtime/Vegetation/ProceduralTreeRenderer.cs:1079)
VoxelEngine.Rendering.Runtime.Vegetation.ProceduralTreeRenderer:ClearBatches () (at Assets/VoxelEngine/Rendering/Runtime/Vegetation/ProceduralTreeRenderer.cs:1092)
VoxelEngine.Rendering.Runtime.Vegetation.ProceduralTreeRenderer:ClearGenerated () (at Assets/VoxelEngine/Rendering/Runtime/Vegetation/ProceduralTreeRenderer.cs:1106)
VoxelEngine.Rendering.Runtime.Vegetation.ProceduralTreeRenderer:OnDestroy () (at Assets/VoxelEngine/Rendering/Runtime/Vegetation/ProceduralTreeRenderer.cs:1115)
UnityEditor.TestTools.TestRunner.CommandLineTest.Executer:ExitApplication (UnityEditor.TestTools.TestRunner.CommandLineTest.Executer/ReturnCodes,string) (at ./Library/PackageCache/com.unity.test-framework@1405238725ab/UnityEditor.TestRunner/CommandLineTest/Executer.cs:83)
UnityEditor.TestTools.TestRunner.CommandLineTest.Executer:ExitIfRunIsCompleted () (at ./Library/PackageCache/com.unity.test-framework@1405238725ab/UnityEditor.TestRunner/CommandLineTest/Executer.cs:74)
UnityEditor.EditorApplication:Internal_CallUpdateFunctions () (at /Users/bokken/build/output/unity/unity/Editor/Mono/EditorApplication.cs:403)

[Assets/VoxelEngine/Rendering/Runtime/Vegetation/ProceduralTreeRenderer.cs line 1079]

TreeBatch_6_7_LOD2: Destroy may not be called from edit mode! Use DestroyImmediate instead.
Destroying an object in edit mode destroys it permanently
UnityEngine.Debug:ExtractStackTraceNoAlloc (byte*,int,string)
UnityEngine.StackTraceUtility:ExtractStackTrace () (at /Users/bokken/build/output/unity/unity/Runtime/Export/Scripting/StackTrace.cs:35)
UnityEngine.Object:Destroy (UnityEngine.Object,single)
UnityEngine.Object:Destroy (UnityEngine.Object) (at /Users/bokken/build/output/unity/unity/Runtime/Export/Scripting/UnityEngineObject.bindings.cs:707)
VoxelEngine.Rendering.Runtime.Vegetation.ProceduralTreeRenderer:DestroyBatchObjects (VoxelEngine.Rendering.Runtime.Vegetation.ProceduralTreeRenderer/BatchPresentation) (at Assets/VoxelEngine/Rendering/Runtime/Vegetation/ProceduralTreeRenderer.cs:1079)
VoxelEngine.Rendering.Runtime.Vegetation.ProceduralTreeRenderer:ClearBatches () (at Assets/VoxelEngine/Rendering/Runtime/Vegetation/ProceduralTreeRenderer.cs:1092)
VoxelEngine.Rendering.Runtime.Vegetation.ProceduralTreeRenderer:ClearGenerated () (at Assets/VoxelEngine/Rendering/Runtime/Vegetation/ProceduralTreeRenderer.cs:1106)
VoxelEngine.Rendering.Runtime.Vegetation.ProceduralTreeRenderer:OnDestroy () (at Assets/VoxelEngine/Rendering/Runtime/Vegetation/ProceduralTreeRenderer.cs:1115)
UnityEditor.TestTools.TestRunner.CommandLineTest.Executer:ExitApplication (UnityEditor.TestTools.TestRunner.CommandLineTest.Executer/ReturnCodes,string) (at ./Library/PackageCache/com.unity.test-framework@1405238725ab/UnityEditor.TestRunner/CommandLineTest/Executer.cs:83)
UnityEditor.TestTools.TestRunner.CommandLineTest.Executer:ExitIfRunIsCompleted () (at ./Library/PackageCache/com.unity.test-framework@1405238725ab/UnityEditor.TestRunner/CommandLineTest/Executer.cs:74)
UnityEditor.EditorApplication:Internal_CallUpdateFunctions () (at /Users/bokken/build/output/unity/unity/Editor/Mono/EditorApplication.cs:403)

[Assets/VoxelEngine/Rendering/Runtime/Vegetation/ProceduralTreeRenderer.cs line 1079]

TreeBatch_6_7_LOD3: Destroy may not be called from edit mode! Use DestroyImmediate instead.
Destroying an object in edit mode destroys it permanently
UnityEngine.Debug:ExtractStackTraceNoAlloc (byte*,int,string)
UnityEngine.StackTraceUtility:ExtractStackTrace () (at /Users/bokken/build/output/unity/unity/Runtime/Export/Scripting/StackTrace.cs:35)
UnityEngine.Object:Destroy (UnityEngine.Object,single)
UnityEngine.Object:Destroy (UnityEngine.Object) (at /Users/bokken/build/output/unity/unity/Runtime/Export/Scripting/UnityEngineObject.bindings.cs:707)
VoxelEngine.Rendering.Runtime.Vegetation.ProceduralTreeRenderer:DestroyBatchObjects (VoxelEngine.Rendering.Runtime.Vegetation.ProceduralTreeRenderer/BatchPresentation) (at Assets/VoxelEngine/Rendering/Runtime/Vegetation/ProceduralTreeRenderer.cs:1081)
VoxelEngine.Rendering.Runtime.Vegetation.ProceduralTreeRenderer:ClearBatches () (at Assets/VoxelEngine/Rendering/Runtime/Vegetation/ProceduralTreeRenderer.cs:1092)
VoxelEngine.Rendering.Runtime.Vegetation.ProceduralTreeRenderer:ClearGenerated () (at Assets/VoxelEngine/Rendering/Runtime/Vegetation/ProceduralTreeRenderer.cs:1106)
VoxelEngine.Rendering.Runtime.Vegetation.ProceduralTreeRenderer:OnDestroy () (at Assets/VoxelEngine/Rendering/Runtime/Vegetation/ProceduralTreeRenderer.cs:1115)
UnityEditor.TestTools.TestRunner.CommandLineTest.Executer:ExitApplication (UnityEditor.TestTools.TestRunner.CommandLineTest.Executer/ReturnCodes,string) (at ./Library/PackageCache/com.unity.test-framework@1405238725ab/UnityEditor.TestRunner/CommandLineTest/Executer.cs:83)
UnityEditor.TestTools.TestRunner.CommandLineTest.Executer:ExitIfRunIsCompleted () (at ./Library/PackageCache/com.unity.test-framework@1405238725ab/UnityEditor.TestRunner/CommandLineTest/Executer.cs:74)
UnityEditor.EditorApplication:Internal_CallUpdateFunctions () (at /Users/bokken/build/output/unity/unity/Editor/Mono/EditorApplication.cs:403)

[Assets/VoxelEngine/Rendering/Runtime/Vegetation/ProceduralTreeRenderer.cs line 1081]

Tree Batch 6,7: Destroy may not be called from edit mode! Use DestroyImmediate instead.
Destroying an object in edit mode destroys it permanently
UnityEngine.Debug:ExtractStackTraceNoAlloc (byte*,int,string)
UnityEngine.StackTraceUtility:ExtractStackTrace () (at /Users/bokken/build/output/unity/unity/Runtime/Export/Scripting/StackTrace.cs:35)
UnityEngine.Object:Destroy (UnityEngine.Object,single)
UnityEngine.Object:Destroy (UnityEngine.Object) (at /Users/bokken/build/output/unity/unity/Runtime/Export/Scripting/UnityEngineObject.bindings.cs:707)
VoxelEngine.Rendering.Runtime.Vegetation.ProceduralTreeRenderer:DestroyBatchObjects (VoxelEngine.Rendering.Runtime.Vegetation.ProceduralTreeRenderer/BatchPresentation) (at Assets/VoxelEngine/Rendering/Runtime/Vegetation/ProceduralTreeRenderer.cs:1085)
VoxelEngine.Rendering.Runtime.Vegetation.ProceduralTreeRenderer:ClearBatches () (at Assets/VoxelEngine/Rendering/Runtime/Vegetation/ProceduralTreeRenderer.cs:1092)
VoxelEngine.Rendering.Runtime.Vegetation.ProceduralTreeRenderer:ClearGenerated () (at Assets/VoxelEngine/Rendering/Runtime/Vegetation/ProceduralTreeRenderer.cs:1106)
VoxelEngine.Rendering.Runtime.Vegetation.ProceduralTreeRenderer:OnDestroy () (at Assets/VoxelEngine/Rendering/Runtime/Vegetation/ProceduralTreeRenderer.cs:1115)
UnityEditor.TestTools.TestRunner.CommandLineTest.Executer:ExitApplication (UnityEditor.TestTools.TestRunner.CommandLineTest.Executer/ReturnCodes,string) (at ./Library/PackageCache/com.unity.test-framework@1405238725ab/UnityEditor.TestRunner/CommandLineTest/Executer.cs:83)
UnityEditor.TestTools.TestRunner.CommandLineTest.Executer:ExitIfRunIsCompleted () (at ./Library/PackageCache/com.unity.test-framework@1405238725ab/UnityEditor.TestRunner/CommandLineTest/Executer.cs:74)
UnityEditor.EditorApplication:Internal_CallUpdateFunctions () (at /Users/bokken/build/output/unity/unity/Editor/Mono/EditorApplication.cs:403)

[Assets/VoxelEngine/Rendering/Runtime/Vegetation/ProceduralTreeRenderer.cs line 1085]

TreeBatch_0_7_LOD0: Destroy may not be called from edit mode! Use DestroyImmediate instead.
Destroying an object in edit mode destroys it permanently
UnityEngine.Debug:ExtractStackTraceNoAlloc (byte*,int,string)
UnityEngine.StackTraceUtility:ExtractStackTrace () (at /Users/bokken/build/output/unity/unity/Runtime/Export/Scripting/StackTrace.cs:35)
UnityEngine.Object:Destroy (UnityEngine.Object,single)
UnityEngine.Object:Destroy (UnityEngine.Object) (at /Users/bokken/build/output/unity/unity/Runtime/Export/Scripting/UnityEngineObject.bindings.cs:707)
VoxelEngine.Rendering.Runtime.Vegetation.ProceduralTreeRenderer:DestroyBatchObjects (VoxelEngine.Rendering.Runtime.Vegetation.ProceduralTreeRenderer/BatchPresentation) (at Assets/VoxelEngine/Rendering/Runtime/Vegetation/ProceduralTreeRenderer.cs:1079)
VoxelEngine.Rendering.Runtime.Vegetation.ProceduralTreeRenderer:ClearBatches () (at Assets/VoxelEngine/Rendering/Runtime/Vegetation/ProceduralTreeRenderer.cs:1092)
VoxelEngine.Rendering.Runtime.Vegetation.ProceduralTreeRenderer:ClearGenerated () (at Assets/VoxelEngine/Rendering/Runtime/Vegetation/ProceduralTreeRenderer.cs:1106)
VoxelEngine.Rendering.Runtime.Vegetation.ProceduralTreeRenderer:OnDestroy () (at Assets/VoxelEngine/Rendering/Runtime/Vegetation/ProceduralTreeRenderer.cs:1115)
UnityEditor.TestTools.TestRunner.CommandLineTest.Executer:ExitApplication (UnityEditor.TestTools.TestRunner.CommandLineTest.Executer/ReturnCodes,string) (at ./Library/PackageCache/com.unity.test-framework@1405238725ab/UnityEditor.TestRunner/CommandLineTest/Executer.cs:83)
UnityEditor.TestTools.TestRunner.CommandLineTest.Executer:ExitIfRunIsCompleted () (at ./Library/PackageCache/com.unity.test-framework@1405238725ab/UnityEditor.TestRunner/CommandLineTest/Executer.cs:74)
UnityEditor.EditorApplication:Internal_CallUpdateFunctions () (at /Users/bokken/build/output/unity/unity/Editor/Mono/EditorApplication.cs:403)

[Assets/VoxelEngine/Rendering/Runtime/Vegetation/ProceduralTreeRenderer.cs line 1079]

TreeBatch_0_7_LOD1: Destroy may not be called from edit mode! Use DestroyImmediate instead.
Destroying an object in edit mode destroys it permanently
UnityEngine.Debug:ExtractStackTraceNoAlloc (byte*,int,string)
UnityEngine.StackTraceUtility:ExtractStackTrace () (at /Users/bokken/build/output/unity/unity/Runtime/Export/Scripting/StackTrace.cs:35)
UnityEngine.Object:Destroy (UnityEngine.Object,single)
UnityEngine.Object:Destroy (UnityEngine.Object) (at /Users/bokken/build/output/unity/unity/Runtime/Export/Scripting/UnityEngineObject.bindings.cs:707)
VoxelEngine.Rendering.Runtime.Vegetation.ProceduralTreeRenderer:DestroyBatchObjects (VoxelEngine.Rendering.Runtime.Vegetation.ProceduralTreeRenderer/BatchPresentation) (at Assets/VoxelEngine/Rendering/Runtime/Vegetation/ProceduralTreeRenderer.cs:1079)
VoxelEngine.Rendering.Runtime.Vegetation.ProceduralTreeRenderer:ClearBatches () (at Assets/VoxelEngine/Rendering/Runtime/Vegetation/ProceduralTreeRenderer.cs:1092)
VoxelEngine.Rendering.Runtime.Vegetation.ProceduralTreeRenderer:ClearGenerated () (at Assets/VoxelEngine/Rendering/Runtime/Vegetation/ProceduralTreeRenderer.cs:1106)
VoxelEngine.Rendering.Runtime.Vegetation.ProceduralTreeRenderer:OnDestroy () (at Assets/VoxelEngine/Rendering/Runtime/Vegetation/ProceduralTreeRenderer.cs:1115)
UnityEditor.TestTools.TestRunner.CommandLineTest.Executer:ExitApplication (UnityEditor.TestTools.TestRunner.CommandLineTest.Executer/ReturnCodes,string) (at ./Library/PackageCache/com.unity.test-framework@1405238725ab/UnityEditor.TestRunner/CommandLineTest/Executer.cs:83)
UnityEditor.TestTools.TestRunner.CommandLineTest.Executer:ExitIfRunIsCompleted () (at ./Library/PackageCache/com.unity.test-framework@1405238725ab/UnityEditor.TestRunner/CommandLineTest/Executer.cs:74)
UnityEditor.EditorApplication:Internal_CallUpdateFunctions () (at /Users/bokken/build/output/unity/unity/Editor/Mono/EditorApplication.cs:403)

[Assets/VoxelEngine/Rendering/Runtime/Vegetation/ProceduralTreeRenderer.cs line 1079]

TreeBatch_0_7_LOD2: Destroy may not be called from edit mode! Use DestroyImmediate instead.
Destroying an object in edit mode destroys it permanently
UnityEngine.Debug:ExtractStackTraceNoAlloc (byte*,int,string)
UnityEngine.StackTraceUtility:ExtractStackTrace () (at /Users/bokken/build/output/unity/unity/Runtime/Export/Scripting/StackTrace.cs:35)
UnityEngine.Object:Destroy (UnityEngine.Object,single)
UnityEngine.Object:Destroy (UnityEngine.Object) (at /Users/bokken/build/output/unity/unity/Runtime/Export/Scripting/UnityEngineObject.bindings.cs:707)
VoxelEngine.Rendering.Runtime.Vegetation.ProceduralTreeRenderer:DestroyBatchObjects (VoxelEngine.Rendering.Runtime.Vegetation.ProceduralTreeRenderer/BatchPresentation) (at Assets/VoxelEngine/Rendering/Runtime/Vegetation/ProceduralTreeRenderer.cs:1079)
VoxelEngine.Rendering.Runtime.Vegetation.ProceduralTreeRenderer:ClearBatches () (at Assets/VoxelEngine/Rendering/Runtime/Vegetation/ProceduralTreeRenderer.cs:1092)
VoxelEngine.Rendering.Runtime.Vegetation.ProceduralTreeRenderer:ClearGenerated () (at Assets/VoxelEngine/Rendering/Runtime/Vegetation/ProceduralTreeRenderer.cs:1106)
VoxelEngine.Rendering.Runtime.Vegetation.ProceduralTreeRenderer:OnDestroy () (at Assets/VoxelEngine/Rendering/Runtime/Vegetation/ProceduralTreeRenderer.cs:1115)
UnityEditor.TestTools.TestRunner.CommandLineTest.Executer:ExitApplication (UnityEditor.TestTools.TestRunner.CommandLineTest.Executer/ReturnCodes,string) (at ./Library/PackageCache/com.unity.test-framework@1405238725ab/UnityEditor.TestRunner/CommandLineTest/Executer.cs:83)
UnityEditor.TestTools.TestRunner.CommandLineTest.Executer:ExitIfRunIsCompleted () (at ./Library/PackageCache/com.unity.test-framework@1405238725ab/UnityEditor.TestRunner/CommandLineTest/Executer.cs:74)
UnityEditor.EditorApplication:Internal_CallUpdateFunctions () (at /Users/bokken/build/output/unity/unity/Editor/Mono/EditorApplication.cs:403)

[Assets/VoxelEngine/Rendering/Runtime/Vegetation/ProceduralTreeRenderer.cs line 1079]

TreeBatch_0_7_LOD3: Destroy may not be called from edit mode! Use DestroyImmediate instead.
Destroying an object in edit mode destroys it permanently
UnityEngine.Debug:ExtractStackTraceNoAlloc (byte*,int,string)
UnityEngine.StackTraceUtility:ExtractStackTrace () (at /Users/bokken/build/output/unity/unity/Runtime/Export/Scripting/StackTrace.cs:35)
UnityEngine.Object:Destroy (UnityEngine.Object,single)
UnityEngine.Object:Destroy (UnityEngine.Object) (at /Users/bokken/build/output/unity/unity/Runtime/Export/Scripting/UnityEngineObject.bindings.cs:707)
VoxelEngine.Rendering.Runtime.Vegetation.ProceduralTreeRenderer:DestroyBatchObjects (VoxelEngine.Rendering.Runtime.Vegetation.ProceduralTreeRenderer/BatchPresentation) (at Assets/VoxelEngine/Rendering/Runtime/Vegetation/ProceduralTreeRenderer.cs:1081)
VoxelEngine.Rendering.Runtime.Vegetation.ProceduralTreeRenderer:ClearBatches () (at Assets/VoxelEngine/Rendering/Runtime/Vegetation/ProceduralTreeRenderer.cs:1092)
VoxelEngine.Rendering.Runtime.Vegetation.ProceduralTreeRenderer:ClearGenerated () (at Assets/VoxelEngine/Rendering/Runtime/Vegetation/ProceduralTreeRenderer.cs:1106)
VoxelEngine.Rendering.Runtime.Vegetation.ProceduralTreeRenderer:OnDestroy () (at Assets/VoxelEngine/Rendering/Runtime/Vegetation/ProceduralTreeRenderer.cs:1115)
UnityEditor.TestTools.TestRunner.CommandLineTest.Executer:ExitApplication (UnityEditor.TestTools.TestRunner.CommandLineTest.Executer/ReturnCodes,string) (at ./Library/PackageCache/com.unity.test-framework@1405238725ab/UnityEditor.TestRunner/CommandLineTest/Executer.cs:83)
UnityEditor.TestTools.TestRunner.CommandLineTest.Executer:ExitIfRunIsCompleted () (at ./Library/PackageCache/com.unity.test-framework@1405238725ab/UnityEditor.TestRunner/CommandLineTest/Executer.cs:74)
UnityEditor.EditorApplication:Internal_CallUpdateFunctions () (at /Users/bokken/build/output/unity/unity/Editor/Mono/EditorApplication.cs:403)

[Assets/VoxelEngine/Rendering/Runtime/Vegetation/ProceduralTreeRenderer.cs line 1081]

Tree Batch 0,7: Destroy may not be called from edit mode! Use DestroyImmediate instead.
Destroying an object in edit mode destroys it permanently
UnityEngine.Debug:ExtractStackTraceNoAlloc (byte*,int,string)
UnityEngine.StackTraceUtility:ExtractStackTrace () (at /Users/bokken/build/output/unity/unity/Runtime/Export/Scripting/StackTrace.cs:35)
UnityEngine.Object:Destroy (UnityEngine.Object,single)
UnityEngine.Object:Destroy (UnityEngine.Object) (at /Users/bokken/build/output/unity/unity/Runtime/Export/Scripting/UnityEngineObject.bindings.cs:707)
VoxelEngine.Rendering.Runtime.Vegetation.ProceduralTreeRenderer:DestroyBatchObjects (VoxelEngine.Rendering.Runtime.Vegetation.ProceduralTreeRenderer/BatchPresentation) (at Assets/VoxelEngine/Rendering/Runtime/Vegetation/ProceduralTreeRenderer.cs:1085)
VoxelEngine.Rendering.Runtime.Vegetation.ProceduralTreeRenderer:ClearBatches () (at Assets/VoxelEngine/Rendering/Runtime/Vegetation/ProceduralTreeRenderer.cs:1092)
VoxelEngine.Rendering.Runtime.Vegetation.ProceduralTreeRenderer:ClearGenerated () (at Assets/VoxelEngine/Rendering/Runtime/Vegetation/ProceduralTreeRenderer.cs:1106)
VoxelEngine.Rendering.Runtime.Vegetation.ProceduralTreeRenderer:OnDestroy () (at Assets/VoxelEngine/Rendering/Runtime/Vegetation/ProceduralTreeRenderer.cs:1115)
UnityEditor.TestTools.TestRunner.CommandLineTest.Executer:ExitApplication (UnityEditor.TestTools.TestRunner.CommandLineTest.Executer/ReturnCodes,string) (at ./Library/PackageCache/com.unity.test-framework@1405238725ab/UnityEditor.TestRunner/CommandLineTest/Executer.cs:83)
UnityEditor.TestTools.TestRunner.CommandLineTest.Executer:ExitIfRunIsCompleted () (at ./Library/PackageCache/com.unity.test-framework@1405238725ab/UnityEditor.TestRunner/CommandLineTest/Executer.cs:74)
UnityEditor.EditorApplication:Internal_CallUpdateFunctions () (at /Users/bokken/build/output/unity/unity/Editor/Mono/EditorApplication.cs:403)

[Assets/VoxelEngine/Rendering/Runtime/Vegetation/ProceduralTreeRenderer.cs line 1085]

TreeBatch_2_8_LOD0: Destroy may not be called from edit mode! Use DestroyImmediate instead.
Destroying an object in edit mode destroys it permanently
UnityEngine.Debug:ExtractStackTraceNoAlloc (byte*,int,string)
UnityEngine.StackTraceUtility:ExtractStackTrace () (at /Users/bokken/build/output/unity/unity/Runtime/Export/Scripting/StackTrace.cs:35)
UnityEngine.Object:Destroy (UnityEngine.Object,single)
UnityEngine.Object:Destroy (UnityEngine.Object) (at /Users/bokken/build/output/unity/unity/Runtime/Export/Scripting/UnityEngineObject.bindings.cs:707)
VoxelEngine.Rendering.Runtime.Vegetation.ProceduralTreeRenderer:DestroyBatchObjects (VoxelEngine.Rendering.Runtime.Vegetation.ProceduralTreeRenderer/BatchPresentation) (at Assets/VoxelEngine/Rendering/Runtime/Vegetation/ProceduralTreeRenderer.cs:1079)
VoxelEngine.Rendering.Runtime.Vegetation.ProceduralTreeRenderer:ClearBatches () (at Assets/VoxelEngine/Rendering/Runtime/Vegetation/ProceduralTreeRenderer.cs:1092)
VoxelEngine.Rendering.Runtime.Vegetation.ProceduralTreeRenderer:ClearGenerated () (at Assets/VoxelEngine/Rendering/Runtime/Vegetation/ProceduralTreeRenderer.cs:1106)
VoxelEngine.Rendering.Runtime.Vegetation.ProceduralTreeRenderer:OnDestroy () (at Assets/VoxelEngine/Rendering/Runtime/Vegetation/ProceduralTreeRenderer.cs:1115)
UnityEditor.TestTools.TestRunner.CommandLineTest.Executer:ExitApplication (UnityEditor.TestTools.TestRunner.CommandLineTest.Executer/ReturnCodes,string) (at ./Library/PackageCache/com.unity.test-framework@1405238725ab/UnityEditor.TestRunner/CommandLineTest/Executer.cs:83)
UnityEditor.TestTools.TestRunner.CommandLineTest.Executer:ExitIfRunIsCompleted () (at ./Library/PackageCache/com.unity.test-framework@1405238725ab/UnityEditor.TestRunner/CommandLineTest/Executer.cs:74)
UnityEditor.EditorApplication:Internal_CallUpdateFunctions () (at /Users/bokken/build/output/unity/unity/Editor/Mono/EditorApplication.cs:403)

[Assets/VoxelEngine/Rendering/Runtime/Vegetation/ProceduralTreeRenderer.cs line 1079]

TreeBatch_2_8_LOD1: Destroy may not be called from edit mode! Use DestroyImmediate instead.
Destroying an object in edit mode destroys it permanently
UnityEngine.Debug:ExtractStackTraceNoAlloc (byte*,int,string)
UnityEngine.StackTraceUtility:ExtractStackTrace () (at /Users/bokken/build/output/unity/unity/Runtime/Export/Scripting/StackTrace.cs:35)
UnityEngine.Object:Destroy (UnityEngine.Object,single)
UnityEngine.Object:Destroy (UnityEngine.Object) (at /Users/bokken/build/output/unity/unity/Runtime/Export/Scripting/UnityEngineObject.bindings.cs:707)
VoxelEngine.Rendering.Runtime.Vegetation.ProceduralTreeRenderer:DestroyBatchObjects (VoxelEngine.Rendering.Runtime.Vegetation.ProceduralTreeRenderer/BatchPresentation) (at Assets/VoxelEngine/Rendering/Runtime/Vegetation/ProceduralTreeRenderer.cs:1079)
VoxelEngine.Rendering.Runtime.Vegetation.ProceduralTreeRenderer:ClearBatches () (at Assets/VoxelEngine/Rendering/Runtime/Vegetation/ProceduralTreeRenderer.cs:1092)
VoxelEngine.Rendering.Runtime.Vegetation.ProceduralTreeRenderer:ClearGenerated () (at Assets/VoxelEngine/Rendering/Runtime/Vegetation/ProceduralTreeRenderer.cs:1106)
VoxelEngine.Rendering.Runtime.Vegetation.ProceduralTreeRenderer:OnDestroy () (at Assets/VoxelEngine/Rendering/Runtime/Vegetation/ProceduralTreeRenderer.cs:1115)
UnityEditor.TestTools.TestRunner.CommandLineTest.Executer:ExitApplication (UnityEditor.TestTools.TestRunner.CommandLineTest.Executer/ReturnCodes,string) (at ./Library/PackageCache/com.unity.test-framework@1405238725ab/UnityEditor.TestRunner/CommandLineTest/Executer.cs:83)
UnityEditor.TestTools.TestRunner.CommandLineTest.Executer:ExitIfRunIsCompleted () (at ./Library/PackageCache/com.unity.test-framework@1405238725ab/UnityEditor.TestRunner/CommandLineTest/Executer.cs:74)
UnityEditor.EditorApplication:Internal_CallUpdateFunctions () (at /Users/bokken/build/output/unity/unity/Editor/Mono/EditorApplication.cs:403)

[Assets/VoxelEngine/Rendering/Runtime/Vegetation/ProceduralTreeRenderer.cs line 1079]

TreeBatch_2_8_LOD2: Destroy may not be called from edit mode! Use DestroyImmediate instead.
Destroying an object in edit mode destroys it permanently
UnityEngine.Debug:ExtractStackTraceNoAlloc (byte*,int,string)
UnityEngine.StackTraceUtility:ExtractStackTrace () (at /Users/bokken/build/output/unity/unity/Runtime/Export/Scripting/StackTrace.cs:35)
UnityEngine.Object:Destroy (UnityEngine.Object,single)
UnityEngine.Object:Destroy (UnityEngine.Object) (at /Users/bokken/build/output/unity/unity/Runtime/Export/Scripting/UnityEngineObject.bindings.cs:707)
VoxelEngine.Rendering.Runtime.Vegetation.ProceduralTreeRenderer:DestroyBatchObjects (VoxelEngine.Rendering.Runtime.Vegetation.ProceduralTreeRenderer/BatchPresentation) (at Assets/VoxelEngine/Rendering/Runtime/Vegetation/ProceduralTreeRenderer.cs:1079)
VoxelEngine.Rendering.Runtime.Vegetation.ProceduralTreeRenderer:ClearBatches () (at Assets/VoxelEngine/Rendering/Runtime/Vegetation/ProceduralTreeRenderer.cs:1092)
VoxelEngine.Rendering.Runtime.Vegetation.ProceduralTreeRenderer:ClearGenerated () (at Assets/VoxelEngine/Rendering/Runtime/Vegetation/ProceduralTreeRenderer.cs:1106)
VoxelEngine.Rendering.Runtime.Vegetation.ProceduralTreeRenderer:OnDestroy () (at Assets/VoxelEngine/Rendering/Runtime/Vegetation/ProceduralTreeRenderer.cs:1115)
UnityEditor.TestTools.TestRunner.CommandLineTest.Executer:ExitApplication (UnityEditor.TestTools.TestRunner.CommandLineTest.Executer/ReturnCodes,string) (at ./Library/PackageCache/com.unity.test-framework@1405238725ab/UnityEditor.TestRunner/CommandLineTest/Executer.cs:83)
UnityEditor.TestTools.TestRunner.CommandLineTest.Executer:ExitIfRunIsCompleted () (at ./Library/PackageCache/com.unity.test-framework@1405238725ab/UnityEditor.TestRunner/CommandLineTest/Executer.cs:74)
UnityEditor.EditorApplication:Internal_CallUpdateFunctions () (at /Users/bokken/build/output/unity/unity/Editor/Mono/EditorApplication.cs:403)

[Assets/VoxelEngine/Rendering/Runtime/Vegetation/ProceduralTreeRenderer.cs line 1079]

TreeBatch_2_8_LOD3: Destroy may not be called from edit mode! Use DestroyImmediate instead.
Destroying an object in edit mode destroys it permanently
UnityEngine.Debug:ExtractStackTraceNoAlloc (byte*,int,string)
UnityEngine.StackTraceUtility:ExtractStackTrace () (at /Users/bokken/build/output/unity/unity/Runtime/Export/Scripting/StackTrace.cs:35)
UnityEngine.Object:Destroy (UnityEngine.Object,single)
UnityEngine.Object:Destroy (UnityEngine.Object) (at /Users/bokken/build/output/unity/unity/Runtime/Export/Scripting/UnityEngineObject.bindings.cs:707)
VoxelEngine.Rendering.Runtime.Vegetation.ProceduralTreeRenderer:DestroyBatchObjects (VoxelEngine.Rendering.Runtime.Vegetation.ProceduralTreeRenderer/BatchPresentation) (at Assets/VoxelEngine/Rendering/Runtime/Vegetation/ProceduralTreeRenderer.cs:1081)
VoxelEngine.Rendering.Runtime.Vegetation.ProceduralTreeRenderer:ClearBatches () (at Assets/VoxelEngine/Rendering/Runtime/Vegetation/ProceduralTreeRenderer.cs:1092)
VoxelEngine.Rendering.Runtime.Vegetation.ProceduralTreeRenderer:ClearGenerated () (at Assets/VoxelEngine/Rendering/Runtime/Vegetation/ProceduralTreeRenderer.cs:1106)
VoxelEngine.Rendering.Runtime.Vegetation.ProceduralTreeRenderer:OnDestroy () (at Assets/VoxelEngine/Rendering/Runtime/Vegetation/ProceduralTreeRenderer.cs:1115)
UnityEditor.TestTools.TestRunner.CommandLineTest.Executer:ExitApplication (UnityEditor.TestTools.TestRunner.CommandLineTest.Executer/ReturnCodes,string) (at ./Library/PackageCache/com.unity.test-framework@1405238725ab/UnityEditor.TestRunner/CommandLineTest/Executer.cs:83)
UnityEditor.TestTools.TestRunner.CommandLineTest.Executer:ExitIfRunIsCompleted () (at ./Library/PackageCache/com.unity.test-framework@1405238725ab/UnityEditor.TestRunner/CommandLineTest/Executer.cs:74)
UnityEditor.EditorApplication:Internal_CallUpdateFunctions () (at /Users/bokken/build/output/unity/unity/Editor/Mono/EditorApplication.cs:403)

[Assets/VoxelEngine/Rendering/Runtime/Vegetation/ProceduralTreeRenderer.cs line 1081]

Tree Batch 2,8: Destroy may not be called from edit mode! Use DestroyImmediate instead.
Destroying an object in edit mode destroys it permanently
UnityEngine.Debug:ExtractStackTraceNoAlloc (byte*,int,string)
UnityEngine.StackTraceUtility:ExtractStackTrace () (at /Users/bokken/build/output/unity/unity/Runtime/Export/Scripting/StackTrace.cs:35)
UnityEngine.Object:Destroy (UnityEngine.Object,single)
UnityEngine.Object:Destroy (UnityEngine.Object) (at /Users/bokken/build/output/unity/unity/Runtime/Export/Scripting/UnityEngineObject.bindings.cs:707)
VoxelEngine.Rendering.Runtime.Vegetation.ProceduralTreeRenderer:DestroyBatchObjects (VoxelEngine.Rendering.Runtime.Vegetation.ProceduralTreeRenderer/BatchPresentation) (at Assets/VoxelEngine/Rendering/Runtime/Vegetation/ProceduralTreeRenderer.cs:1085)
VoxelEngine.Rendering.Runtime.Vegetation.ProceduralTreeRenderer:ClearBatches () (at Assets/VoxelEngine/Rendering/Runtime/Vegetation/ProceduralTreeRenderer.cs:1092)
VoxelEngine.Rendering.Runtime.Vegetation.ProceduralTreeRenderer:ClearGenerated () (at Assets/VoxelEngine/Rendering/Runtime/Vegetation/ProceduralTreeRenderer.cs:1106)
VoxelEngine.Rendering.Runtime.Vegetation.ProceduralTreeRenderer:OnDestroy () (at Assets/VoxelEngine/Rendering/Runtime/Vegetation/ProceduralTreeRenderer.cs:1115)
UnityEditor.TestTools.TestRunner.CommandLineTest.Executer:ExitApplication (UnityEditor.TestTools.TestRunner.CommandLineTest.Executer/ReturnCodes,string) (at ./Library/PackageCache/com.unity.test-framework@1405238725ab/UnityEditor.TestRunner/CommandLineTest/Executer.cs:83)
UnityEditor.TestTools.TestRunner.CommandLineTest.Executer:ExitIfRunIsCompleted () (at ./Library/PackageCache/com.unity.test-framework@1405238725ab/UnityEditor.TestRunner/CommandLineTest/Executer.cs:74)
UnityEditor.EditorApplication:Internal_CallUpdateFunctions () (at /Users/bokken/build/output/unity/unity/Editor/Mono/EditorApplication.cs:403)

[Assets/VoxelEngine/Rendering/Runtime/Vegetation/ProceduralTreeRenderer.cs line 1085]

TreeBatch_3_8_LOD0: Destroy may not be called from edit mode! Use DestroyImmediate instead.
Destroying an object in edit mode destroys it permanently
UnityEngine.Debug:ExtractStackTraceNoAlloc (byte*,int,string)
UnityEngine.StackTraceUtility:ExtractStackTrace () (at /Users/bokken/build/output/unity/unity/Runtime/Export/Scripting/StackTrace.cs:35)
UnityEngine.Object:Destroy (UnityEngine.Object,single)
UnityEngine.Object:Destroy (UnityEngine.Object) (at /Users/bokken/build/output/unity/unity/Runtime/Export/Scripting/UnityEngineObject.bindings.cs:707)
VoxelEngine.Rendering.Runtime.Vegetation.ProceduralTreeRenderer:DestroyBatchObjects (VoxelEngine.Rendering.Runtime.Vegetation.ProceduralTreeRenderer/BatchPresentation) (at Assets/VoxelEngine/Rendering/Runtime/Vegetation/ProceduralTreeRenderer.cs:1079)
VoxelEngine.Rendering.Runtime.Vegetation.ProceduralTreeRenderer:ClearBatches () (at Assets/VoxelEngine/Rendering/Runtime/Vegetation/ProceduralTreeRenderer.cs:1092)
VoxelEngine.Rendering.Runtime.Vegetation.ProceduralTreeRenderer:ClearGenerated () (at Assets/VoxelEngine/Rendering/Runtime/Vegetation/ProceduralTreeRenderer.cs:1106)
VoxelEngine.Rendering.Runtime.Vegetation.ProceduralTreeRenderer:OnDestroy () (at Assets/VoxelEngine/Rendering/Runtime/Vegetation/ProceduralTreeRenderer.cs:1115)
UnityEditor.TestTools.TestRunner.CommandLineTest.Executer:ExitApplication (UnityEditor.TestTools.TestRunner.CommandLineTest.Executer/ReturnCodes,string) (at ./Library/PackageCache/com.unity.test-framework@1405238725ab/UnityEditor.TestRunner/CommandLineTest/Executer.cs:83)
UnityEditor.TestTools.TestRunner.CommandLineTest.Executer:ExitIfRunIsCompleted () (at ./Library/PackageCache/com.unity.test-framework@1405238725ab/UnityEditor.TestRunner/CommandLineTest/Executer.cs:74)
UnityEditor.EditorApplication:Internal_CallUpdateFunctions () (at /Users/bokken/build/output/unity/unity/Editor/Mono/EditorApplication.cs:403)

[Assets/VoxelEngine/Rendering/Runtime/Vegetation/ProceduralTreeRenderer.cs line 1079]

TreeBatch_3_8_LOD1: Destroy may not be called from edit mode! Use DestroyImmediate instead.
Destroying an object in edit mode destroys it permanently
UnityEngine.Debug:ExtractStackTraceNoAlloc (byte*,int,string)
UnityEngine.StackTraceUtility:ExtractStackTrace () (at /Users/bokken/build/output/unity/unity/Runtime/Export/Scripting/StackTrace.cs:35)
UnityEngine.Object:Destroy (UnityEngine.Object,single)
UnityEngine.Object:Destroy (UnityEngine.Object) (at /Users/bokken/build/output/unity/unity/Runtime/Export/Scripting/UnityEngineObject.bindings.cs:707)
VoxelEngine.Rendering.Runtime.Vegetation.ProceduralTreeRenderer:DestroyBatchObjects (VoxelEngine.Rendering.Runtime.Vegetation.ProceduralTreeRenderer/BatchPresentation) (at Assets/VoxelEngine/Rendering/Runtime/Vegetation/ProceduralTreeRenderer.cs:1079)
VoxelEngine.Rendering.Runtime.Vegetation.ProceduralTreeRenderer:ClearBatches () (at Assets/VoxelEngine/Rendering/Runtime/Vegetation/ProceduralTreeRenderer.cs:1092)
VoxelEngine.Rendering.Runtime.Vegetation.ProceduralTreeRenderer:ClearGenerated () (at Assets/VoxelEngine/Rendering/Runtime/Vegetation/ProceduralTreeRenderer.cs:1106)
VoxelEngine.Rendering.Runtime.Vegetation.ProceduralTreeRenderer:OnDestroy () (at Assets/VoxelEngine/Rendering/Runtime/Vegetation/ProceduralTreeRenderer.cs:1115)
UnityEditor.TestTools.TestRunner.CommandLineTest.Executer:ExitApplication (UnityEditor.TestTools.TestRunner.CommandLineTest.Executer/ReturnCodes,string) (at ./Library/PackageCache/com.unity.test-framework@1405238725ab/UnityEditor.TestRunner/CommandLineTest/Executer.cs:83)
UnityEditor.TestTools.TestRunner.CommandLineTest.Executer:ExitIfRunIsCompleted () (at ./Library/PackageCache/com.unity.test-framework@1405238725ab/UnityEditor.TestRunner/CommandLineTest/Executer.cs:74)
UnityEditor.EditorApplication:Internal_CallUpdateFunctions () (at /Users/bokken/build/output/unity/unity/Editor/Mono/EditorApplication.cs:403)

[Assets/VoxelEngine/Rendering/Runtime/Vegetation/ProceduralTreeRenderer.cs line 1079]

TreeBatch_3_8_LOD2: Destroy may not be called from edit mode! Use DestroyImmediate instead.
Destroying an object in edit mode destroys it permanently
UnityEngine.Debug:ExtractStackTraceNoAlloc (byte*,int,string)
UnityEngine.StackTraceUtility:ExtractStackTrace () (at /Users/bokken/build/output/unity/unity/Runtime/Export/Scripting/StackTrace.cs:35)
UnityEngine.Object:Destroy (UnityEngine.Object,single)
UnityEngine.Object:Destroy (UnityEngine.Object) (at /Users/bokken/build/output/unity/unity/Runtime/Export/Scripting/UnityEngineObject.bindings.cs:707)
VoxelEngine.Rendering.Runtime.Vegetation.ProceduralTreeRenderer:DestroyBatchObjects (VoxelEngine.Rendering.Runtime.Vegetation.ProceduralTreeRenderer/BatchPresentation) (at Assets/VoxelEngine/Rendering/Runtime/Vegetation/ProceduralTreeRenderer.cs:1079)
VoxelEngine.Rendering.Runtime.Vegetation.ProceduralTreeRenderer:ClearBatches () (at Assets/VoxelEngine/Rendering/Runtime/Vegetation/ProceduralTreeRenderer.cs:1092)
VoxelEngine.Rendering.Runtime.Vegetation.ProceduralTreeRenderer:ClearGenerated () (at Assets/VoxelEngine/Rendering/Runtime/Vegetation/ProceduralTreeRenderer.cs:1106)
VoxelEngine.Rendering.Runtime.Vegetation.ProceduralTreeRenderer:OnDestroy () (at Assets/VoxelEngine/Rendering/Runtime/Vegetation/ProceduralTreeRenderer.cs:1115)
UnityEditor.TestTools.TestRunner.CommandLineTest.Executer:ExitApplication (UnityEditor.TestTools.TestRunner.CommandLineTest.Executer/ReturnCodes,string) (at ./Library/PackageCache/com.unity.test-framework@1405238725ab/UnityEditor.TestRunner/CommandLineTest/Executer.cs:83)
UnityEditor.TestTools.TestRunner.CommandLineTest.Executer:ExitIfRunIsCompleted () (at ./Library/PackageCache/com.unity.test-framework@1405238725ab/UnityEditor.TestRunner/CommandLineTest/Executer.cs:74)
UnityEditor.EditorApplication:Internal_CallUpdateFunctions () (at /Users/bokken/build/output/unity/unity/Editor/Mono/EditorApplication.cs:403)

[Assets/VoxelEngine/Rendering/Runtime/Vegetation/ProceduralTreeRenderer.cs line 1079]

TreeBatch_3_8_LOD3: Destroy may not be called from edit mode! Use DestroyImmediate instead.
Destroying an object in edit mode destroys it permanently
UnityEngine.Debug:ExtractStackTraceNoAlloc (byte*,int,string)
UnityEngine.StackTraceUtility:ExtractStackTrace () (at /Users/bokken/build/output/unity/unity/Runtime/Export/Scripting/StackTrace.cs:35)
UnityEngine.Object:Destroy (UnityEngine.Object,single)
UnityEngine.Object:Destroy (UnityEngine.Object) (at /Users/bokken/build/output/unity/unity/Runtime/Export/Scripting/UnityEngineObject.bindings.cs:707)
VoxelEngine.Rendering.Runtime.Vegetation.ProceduralTreeRenderer:DestroyBatchObjects (VoxelEngine.Rendering.Runtime.Vegetation.ProceduralTreeRenderer/BatchPresentation) (at Assets/VoxelEngine/Rendering/Runtime/Vegetation/ProceduralTreeRenderer.cs:1081)
VoxelEngine.Rendering.Runtime.Vegetation.ProceduralTreeRenderer:ClearBatches () (at Assets/VoxelEngine/Rendering/Runtime/Vegetation/ProceduralTreeRenderer.cs:1092)
VoxelEngine.Rendering.Runtime.Vegetation.ProceduralTreeRenderer:ClearGenerated () (at Assets/VoxelEngine/Rendering/Runtime/Vegetation/ProceduralTreeRenderer.cs:1106)
VoxelEngine.Rendering.Runtime.Vegetation.ProceduralTreeRenderer:OnDestroy () (at Assets/VoxelEngine/Rendering/Runtime/Vegetation/ProceduralTreeRenderer.cs:1115)
UnityEditor.TestTools.TestRunner.CommandLineTest.Executer:ExitApplication (UnityEditor.TestTools.TestRunner.CommandLineTest.Executer/ReturnCodes,string) (at ./Library/PackageCache/com.unity.test-framework@1405238725ab/UnityEditor.TestRunner/CommandLineTest/Executer.cs:83)
UnityEditor.TestTools.TestRunner.CommandLineTest.Executer:ExitIfRunIsCompleted () (at ./Library/PackageCache/com.unity.test-framework@1405238725ab/UnityEditor.TestRunner/CommandLineTest/Executer.cs:74)
UnityEditor.EditorApplication:Internal_CallUpdateFunctions () (at /Users/bokken/build/output/unity/unity/Editor/Mono/EditorApplication.cs:403)

[Assets/VoxelEngine/Rendering/Runtime/Vegetation/ProceduralTreeRenderer.cs line 1081]

Tree Batch 3,8: Destroy may not be called from edit mode! Use DestroyImmediate instead.
Destroying an object in edit mode destroys it permanently
UnityEngine.Debug:ExtractStackTraceNoAlloc (byte*,int,string)
UnityEngine.StackTraceUtility:ExtractStackTrace () (at /Users/bokken/build/output/unity/unity/Runtime/Export/Scripting/StackTrace.cs:35)
UnityEngine.Object:Destroy (UnityEngine.Object,single)
UnityEngine.Object:Destroy (UnityEngine.Object) (at /Users/bokken/build/output/unity/unity/Runtime/Export/Scripting/UnityEngineObject.bindings.cs:707)
VoxelEngine.Rendering.Runtime.Vegetation.ProceduralTreeRenderer:DestroyBatchObjects (VoxelEngine.Rendering.Runtime.Vegetation.ProceduralTreeRenderer/BatchPresentation) (at Assets/VoxelEngine/Rendering/Runtime/Vegetation/ProceduralTreeRenderer.cs:1085)
VoxelEngine.Rendering.Runtime.Vegetation.ProceduralTreeRenderer:ClearBatches () (at Assets/VoxelEngine/Rendering/Runtime/Vegetation/ProceduralTreeRenderer.cs:1092)
VoxelEngine.Rendering.Runtime.Vegetation.ProceduralTreeRenderer:ClearGenerated () (at Assets/VoxelEngine/Rendering/Runtime/Vegetation/ProceduralTreeRenderer.cs:1106)
VoxelEngine.Rendering.Runtime.Vegetation.ProceduralTreeRenderer:OnDestroy () (at Assets/VoxelEngine/Rendering/Runtime/Vegetation/ProceduralTreeRenderer.cs:1115)
UnityEditor.TestTools.TestRunner.CommandLineTest.Executer:ExitApplication (UnityEditor.TestTools.TestRunner.CommandLineTest.Executer/ReturnCodes,string) (at ./Library/PackageCache/com.unity.test-framework@1405238725ab/UnityEditor.TestRunner/CommandLineTest/Executer.cs:83)
UnityEditor.TestTools.TestRunner.CommandLineTest.Executer:ExitIfRunIsCompleted () (at ./Library/PackageCache/com.unity.test-framework@1405238725ab/UnityEditor.TestRunner/CommandLineTest/Executer.cs:74)
UnityEditor.EditorApplication:Internal_CallUpdateFunctions () (at /Users/bokken/build/output/unity/unity/Editor/Mono/EditorApplication.cs:403)

[Assets/VoxelEngine/Rendering/Runtime/Vegetation/ProceduralTreeRenderer.cs line 1085]

TreeBatch_5_8_LOD0: Destroy may not be called from edit mode! Use DestroyImmediate instead.
Destroying an object in edit mode destroys it permanently
UnityEngine.Debug:ExtractStackTraceNoAlloc (byte*,int,string)
UnityEngine.StackTraceUtility:ExtractStackTrace () (at /Users/bokken/build/output/unity/unity/Runtime/Export/Scripting/StackTrace.cs:35)
UnityEngine.Object:Destroy (UnityEngine.Object,single)
UnityEngine.Object:Destroy (UnityEngine.Object) (at /Users/bokken/build/output/unity/unity/Runtime/Export/Scripting/UnityEngineObject.bindings.cs:707)
VoxelEngine.Rendering.Runtime.Vegetation.ProceduralTreeRenderer:DestroyBatchObjects (VoxelEngine.Rendering.Runtime.Vegetation.ProceduralTreeRenderer/BatchPresentation) (at Assets/VoxelEngine/Rendering/Runtime/Vegetation/ProceduralTreeRenderer.cs:1079)
VoxelEngine.Rendering.Runtime.Vegetation.ProceduralTreeRenderer:ClearBatches () (at Assets/VoxelEngine/Rendering/Runtime/Vegetation/ProceduralTreeRenderer.cs:1092)
VoxelEngine.Rendering.Runtime.Vegetation.ProceduralTreeRenderer:ClearGenerated () (at Assets/VoxelEngine/Rendering/Runtime/Vegetation/ProceduralTreeRenderer.cs:1106)
VoxelEngine.Rendering.Runtime.Vegetation.ProceduralTreeRenderer:OnDestroy () (at Assets/VoxelEngine/Rendering/Runtime/Vegetation/ProceduralTreeRenderer.cs:1115)
UnityEditor.TestTools.TestRunner.CommandLineTest.Executer:ExitApplication (UnityEditor.TestTools.TestRunner.CommandLineTest.Executer/ReturnCodes,string) (at ./Library/PackageCache/com.unity.test-framework@1405238725ab/UnityEditor.TestRunner/CommandLineTest/Executer.cs:83)
UnityEditor.TestTools.TestRunner.CommandLineTest.Executer:ExitIfRunIsCompleted () (at ./Library/PackageCache/com.unity.test-framework@1405238725ab/UnityEditor.TestRunner/CommandLineTest/Executer.cs:74)
UnityEditor.EditorApplication:Internal_CallUpdateFunctions () (at /Users/bokken/build/output/unity/unity/Editor/Mono/EditorApplication.cs:403)

[Assets/VoxelEngine/Rendering/Runtime/Vegetation/ProceduralTreeRenderer.cs line 1079]

TreeBatch_5_8_LOD1: Destroy may not be called from edit mode! Use DestroyImmediate instead.
Destroying an object in edit mode destroys it permanently
UnityEngine.Debug:ExtractStackTraceNoAlloc (byte*,int,string)
UnityEngine.StackTraceUtility:ExtractStackTrace () (at /Users/bokken/build/output/unity/unity/Runtime/Export/Scripting/StackTrace.cs:35)
UnityEngine.Object:Destroy (UnityEngine.Object,single)
UnityEngine.Object:Destroy (UnityEngine.Object) (at /Users/bokken/build/output/unity/unity/Runtime/Export/Scripting/UnityEngineObject.bindings.cs:707)
VoxelEngine.Rendering.Runtime.Vegetation.ProceduralTreeRenderer:DestroyBatchObjects (VoxelEngine.Rendering.Runtime.Vegetation.ProceduralTreeRenderer/BatchPresentation) (at Assets/VoxelEngine/Rendering/Runtime/Vegetation/ProceduralTreeRenderer.cs:1079)
VoxelEngine.Rendering.Runtime.Vegetation.ProceduralTreeRenderer:ClearBatches () (at Assets/VoxelEngine/Rendering/Runtime/Vegetation/ProceduralTreeRenderer.cs:1092)
VoxelEngine.Rendering.Runtime.Vegetation.ProceduralTreeRenderer:ClearGenerated () (at Assets/VoxelEngine/Rendering/Runtime/Vegetation/ProceduralTreeRenderer.cs:1106)
VoxelEngine.Rendering.Runtime.Vegetation.ProceduralTreeRenderer:OnDestroy () (at Assets/VoxelEngine/Rendering/Runtime/Vegetation/ProceduralTreeRenderer.cs:1115)
UnityEditor.TestTools.TestRunner.CommandLineTest.Executer:ExitApplication (UnityEditor.TestTools.TestRunner.CommandLineTest.Executer/ReturnCodes,string) (at ./Library/PackageCache/com.unity.test-framework@1405238725ab/UnityEditor.TestRunner/CommandLineTest/Executer.cs:83)
UnityEditor.TestTools.TestRunner.CommandLineTest.Executer:ExitIfRunIsCompleted () (at ./Library/PackageCache/com.unity.test-framework@1405238725ab/UnityEditor.TestRunner/CommandLineTest/Executer.cs:74)
UnityEditor.EditorApplication:Internal_CallUpdateFunctions () (at /Users/bokken/build/output/unity/unity/Editor/Mono/EditorApplication.cs:403)

[Assets/VoxelEngine/Rendering/Runtime/Vegetation/ProceduralTreeRenderer.cs line 1079]

TreeBatch_5_8_LOD2: Destroy may not be called from edit mode! Use DestroyImmediate instead.
Destroying an object in edit mode destroys it permanently
UnityEngine.Debug:ExtractStackTraceNoAlloc (byte*,int,string)
UnityEngine.StackTraceUtility:ExtractStackTrace () (at /Users/bokken/build/output/unity/unity/Runtime/Export/Scripting/StackTrace.cs:35)
UnityEngine.Object:Destroy (UnityEngine.Object,single)
UnityEngine.Object:Destroy (UnityEngine.Object) (at /Users/bokken/build/output/unity/unity/Runtime/Export/Scripting/UnityEngineObject.bindings.cs:707)
VoxelEngine.Rendering.Runtime.Vegetation.ProceduralTreeRenderer:DestroyBatchObjects (VoxelEngine.Rendering.Runtime.Vegetation.ProceduralTreeRenderer/BatchPresentation) (at Assets/VoxelEngine/Rendering/Runtime/Vegetation/ProceduralTreeRenderer.cs:1079)
VoxelEngine.Rendering.Runtime.Vegetation.ProceduralTreeRenderer:ClearBatches () (at Assets/VoxelEngine/Rendering/Runtime/Vegetation/ProceduralTreeRenderer.cs:1092)
VoxelEngine.Rendering.Runtime.Vegetation.ProceduralTreeRenderer:ClearGenerated () (at Assets/VoxelEngine/Rendering/Runtime/Vegetation/ProceduralTreeRenderer.cs:1106)
VoxelEngine.Rendering.Runtime.Vegetation.ProceduralTreeRenderer:OnDestroy () (at Assets/VoxelEngine/Rendering/Runtime/Vegetation/ProceduralTreeRenderer.cs:1115)
UnityEditor.TestTools.TestRunner.CommandLineTest.Executer:ExitApplication (UnityEditor.TestTools.TestRunner.CommandLineTest.Executer/ReturnCodes,string) (at ./Library/PackageCache/com.unity.test-framework@1405238725ab/UnityEditor.TestRunner/CommandLineTest/Executer.cs:83)
UnityEditor.TestTools.TestRunner.CommandLineTest.Executer:ExitIfRunIsCompleted () (at ./Library/PackageCache/com.unity.test-framework@1405238725ab/UnityEditor.TestRunner/CommandLineTest/Executer.cs:74)
UnityEditor.EditorApplication:Internal_CallUpdateFunctions () (at /Users/bokken/build/output/unity/unity/Editor/Mono/EditorApplication.cs:403)

[Assets/VoxelEngine/Rendering/Runtime/Vegetation/ProceduralTreeRenderer.cs line 1079]

TreeBatch_5_8_LOD3: Destroy may not be called from edit mode! Use DestroyImmediate instead.
Destroying an object in edit mode destroys it permanently
UnityEngine.Debug:ExtractStackTraceNoAlloc (byte*,int,string)
UnityEngine.StackTraceUtility:ExtractStackTrace () (at /Users/bokken/build/output/unity/unity/Runtime/Export/Scripting/StackTrace.cs:35)
UnityEngine.Object:Destroy (UnityEngine.Object,single)
UnityEngine.Object:Destroy (UnityEngine.Object) (at /Users/bokken/build/output/unity/unity/Runtime/Export/Scripting/UnityEngineObject.bindings.cs:707)
VoxelEngine.Rendering.Runtime.Vegetation.ProceduralTreeRenderer:DestroyBatchObjects (VoxelEngine.Rendering.Runtime.Vegetation.ProceduralTreeRenderer/BatchPresentation) (at Assets/VoxelEngine/Rendering/Runtime/Vegetation/ProceduralTreeRenderer.cs:1081)
VoxelEngine.Rendering.Runtime.Vegetation.ProceduralTreeRenderer:ClearBatches () (at Assets/VoxelEngine/Rendering/Runtime/Vegetation/ProceduralTreeRenderer.cs:1092)
VoxelEngine.Rendering.Runtime.Vegetation.ProceduralTreeRenderer:ClearGenerated () (at Assets/VoxelEngine/Rendering/Runtime/Vegetation/ProceduralTreeRenderer.cs:1106)
VoxelEngine.Rendering.Runtime.Vegetation.ProceduralTreeRenderer:OnDestroy () (at Assets/VoxelEngine/Rendering/Runtime/Vegetation/ProceduralTreeRenderer.cs:1115)
UnityEditor.TestTools.TestRunner.CommandLineTest.Executer:ExitApplication (UnityEditor.TestTools.TestRunner.CommandLineTest.Executer/ReturnCodes,string) (at ./Library/PackageCache/com.unity.test-framework@1405238725ab/UnityEditor.TestRunner/CommandLineTest/Executer.cs:83)
UnityEditor.TestTools.TestRunner.CommandLineTest.Executer:ExitIfRunIsCompleted () (at ./Library/PackageCache/com.unity.test-framework@1405238725ab/UnityEditor.TestRunner/CommandLineTest/Executer.cs:74)
UnityEditor.EditorApplication:Internal_CallUpdateFunctions () (at /Users/bokken/build/output/unity/unity/Editor/Mono/EditorApplication.cs:403)

[Assets/VoxelEngine/Rendering/Runtime/Vegetation/ProceduralTreeRenderer.cs line 1081]

Tree Batch 5,8: Destroy may not be called from edit mode! Use DestroyImmediate instead.
Destroying an object in edit mode destroys it permanently
UnityEngine.Debug:ExtractStackTraceNoAlloc (byte*,int,string)
UnityEngine.StackTraceUtility:ExtractStackTrace () (at /Users/bokken/build/output/unity/unity/Runtime/Export/Scripting/StackTrace.cs:35)
UnityEngine.Object:Destroy (UnityEngine.Object,single)
UnityEngine.Object:Destroy (UnityEngine.Object) (at /Users/bokken/build/output/unity/unity/Runtime/Export/Scripting/UnityEngineObject.bindings.cs:707)
VoxelEngine.Rendering.Runtime.Vegetation.ProceduralTreeRenderer:DestroyBatchObjects (VoxelEngine.Rendering.Runtime.Vegetation.ProceduralTreeRenderer/BatchPresentation) (at Assets/VoxelEngine/Rendering/Runtime/Vegetation/ProceduralTreeRenderer.cs:1085)
VoxelEngine.Rendering.Runtime.Vegetation.ProceduralTreeRenderer:ClearBatches () (at Assets/VoxelEngine/Rendering/Runtime/Vegetation/ProceduralTreeRenderer.cs:1092)
VoxelEngine.Rendering.Runtime.Vegetation.ProceduralTreeRenderer:ClearGenerated () (at Assets/VoxelEngine/Rendering/Runtime/Vegetation/ProceduralTreeRenderer.cs:1106)
VoxelEngine.Rendering.Runtime.Vegetation.ProceduralTreeRenderer:OnDestroy () (at Assets/VoxelEngine/Rendering/Runtime/Vegetation/ProceduralTreeRenderer.cs:1115)
UnityEditor.TestTools.TestRunner.CommandLineTest.Executer:ExitApplication (UnityEditor.TestTools.TestRunner.CommandLineTest.Executer/ReturnCodes,string) (at ./Library/PackageCache/com.unity.test-framework@1405238725ab/UnityEditor.TestRunner/CommandLineTest/Executer.cs:83)
UnityEditor.TestTools.TestRunner.CommandLineTest.Executer:ExitIfRunIsCompleted () (at ./Library/PackageCache/com.unity.test-framework@1405238725ab/UnityEditor.TestRunner/CommandLineTest/Executer.cs:74)
UnityEditor.EditorApplication:Internal_CallUpdateFunctions () (at /Users/bokken/build/output/unity/unity/Editor/Mono/EditorApplication.cs:403)

[Assets/VoxelEngine/Rendering/Runtime/Vegetation/ProceduralTreeRenderer.cs line 1085]

TreeBatch_0_8_LOD0: Destroy may not be called from edit mode! Use DestroyImmediate instead.
Destroying an object in edit mode destroys it permanently
UnityEngine.Debug:ExtractStackTraceNoAlloc (byte*,int,string)
UnityEngine.StackTraceUtility:ExtractStackTrace () (at /Users/bokken/build/output/unity/unity/Runtime/Export/Scripting/StackTrace.cs:35)
UnityEngine.Object:Destroy (UnityEngine.Object,single)
UnityEngine.Object:Destroy (UnityEngine.Object) (at /Users/bokken/build/output/unity/unity/Runtime/Export/Scripting/UnityEngineObject.bindings.cs:707)
VoxelEngine.Rendering.Runtime.Vegetation.ProceduralTreeRenderer:DestroyBatchObjects (VoxelEngine.Rendering.Runtime.Vegetation.ProceduralTreeRenderer/BatchPresentation) (at Assets/VoxelEngine/Rendering/Runtime/Vegetation/ProceduralTreeRenderer.cs:1079)
VoxelEngine.Rendering.Runtime.Vegetation.ProceduralTreeRenderer:ClearBatches () (at Assets/VoxelEngine/Rendering/Runtime/Vegetation/ProceduralTreeRenderer.cs:1092)
VoxelEngine.Rendering.Runtime.Vegetation.ProceduralTreeRenderer:ClearGenerated () (at Assets/VoxelEngine/Rendering/Runtime/Vegetation/ProceduralTreeRenderer.cs:1106)
VoxelEngine.Rendering.Runtime.Vegetation.ProceduralTreeRenderer:OnDestroy () (at Assets/VoxelEngine/Rendering/Runtime/Vegetation/ProceduralTreeRenderer.cs:1115)
UnityEditor.TestTools.TestRunner.CommandLineTest.Executer:ExitApplication (UnityEditor.TestTools.TestRunner.CommandLineTest.Executer/ReturnCodes,string) (at ./Library/PackageCache/com.unity.test-framework@1405238725ab/UnityEditor.TestRunner/CommandLineTest/Executer.cs:83)
UnityEditor.TestTools.TestRunner.CommandLineTest.Executer:ExitIfRunIsCompleted () (at ./Library/PackageCache/com.unity.test-framework@1405238725ab/UnityEditor.TestRunner/CommandLineTest/Executer.cs:74)
UnityEditor.EditorApplication:Internal_CallUpdateFunctions () (at /Users/bokken/build/output/unity/unity/Editor/Mono/EditorApplication.cs:403)

[Assets/VoxelEngine/Rendering/Runtime/Vegetation/ProceduralTreeRenderer.cs line 1079]

TreeBatch_0_8_LOD1: Destroy may not be called from edit mode! Use DestroyImmediate instead.
Destroying an object in edit mode destroys it permanently
UnityEngine.Debug:ExtractStackTraceNoAlloc (byte*,int,string)
UnityEngine.StackTraceUtility:ExtractStackTrace () (at /Users/bokken/build/output/unity/unity/Runtime/Export/Scripting/StackTrace.cs:35)
UnityEngine.Object:Destroy (UnityEngine.Object,single)
UnityEngine.Object:Destroy (UnityEngine.Object) (at /Users/bokken/build/output/unity/unity/Runtime/Export/Scripting/UnityEngineObject.bindings.cs:707)
VoxelEngine.Rendering.Runtime.Vegetation.ProceduralTreeRenderer:DestroyBatchObjects (VoxelEngine.Rendering.Runtime.Vegetation.ProceduralTreeRenderer/BatchPresentation) (at Assets/VoxelEngine/Rendering/Runtime/Vegetation/ProceduralTreeRenderer.cs:1079)
VoxelEngine.Rendering.Runtime.Vegetation.ProceduralTreeRenderer:ClearBatches () (at Assets/VoxelEngine/Rendering/Runtime/Vegetation/ProceduralTreeRenderer.cs:1092)
VoxelEngine.Rendering.Runtime.Vegetation.ProceduralTreeRenderer:ClearGenerated () (at Assets/VoxelEngine/Rendering/Runtime/Vegetation/ProceduralTreeRenderer.cs:1106)
VoxelEngine.Rendering.Runtime.Vegetation.ProceduralTreeRenderer:OnDestroy () (at Assets/VoxelEngine/Rendering/Runtime/Vegetation/ProceduralTreeRenderer.cs:1115)
UnityEditor.TestTools.TestRunner.CommandLineTest.Executer:ExitApplication (UnityEditor.TestTools.TestRunner.CommandLineTest.Executer/ReturnCodes,string) (at ./Library/PackageCache/com.unity.test-framework@1405238725ab/UnityEditor.TestRunner/CommandLineTest/Executer.cs:83)
UnityEditor.TestTools.TestRunner.CommandLineTest.Executer:ExitIfRunIsCompleted () (at ./Library/PackageCache/com.unity.test-framework@1405238725ab/UnityEditor.TestRunner/CommandLineTest/Executer.cs:74)
UnityEditor.EditorApplication:Internal_CallUpdateFunctions () (at /Users/bokken/build/output/unity/unity/Editor/Mono/EditorApplication.cs:403)

[Assets/VoxelEngine/Rendering/Runtime/Vegetation/ProceduralTreeRenderer.cs line 1079]

TreeBatch_0_8_LOD2: Destroy may not be called from edit mode! Use DestroyImmediate instead.
Destroying an object in edit mode destroys it permanently
UnityEngine.Debug:ExtractStackTraceNoAlloc (byte*,int,string)
UnityEngine.StackTraceUtility:ExtractStackTrace () (at /Users/bokken/build/output/unity/unity/Runtime/Export/Scripting/StackTrace.cs:35)
UnityEngine.Object:Destroy (UnityEngine.Object,single)
UnityEngine.Object:Destroy (UnityEngine.Object) (at /Users/bokken/build/output/unity/unity/Runtime/Export/Scripting/UnityEngineObject.bindings.cs:707)
VoxelEngine.Rendering.Runtime.Vegetation.ProceduralTreeRenderer:DestroyBatchObjects (VoxelEngine.Rendering.Runtime.Vegetation.ProceduralTreeRenderer/BatchPresentation) (at Assets/VoxelEngine/Rendering/Runtime/Vegetation/ProceduralTreeRenderer.cs:1079)
VoxelEngine.Rendering.Runtime.Vegetation.ProceduralTreeRenderer:ClearBatches () (at Assets/VoxelEngine/Rendering/Runtime/Vegetation/ProceduralTreeRenderer.cs:1092)
VoxelEngine.Rendering.Runtime.Vegetation.ProceduralTreeRenderer:ClearGenerated () (at Assets/VoxelEngine/Rendering/Runtime/Vegetation/ProceduralTreeRenderer.cs:1106)
VoxelEngine.Rendering.Runtime.Vegetation.ProceduralTreeRenderer:OnDestroy () (at Assets/VoxelEngine/Rendering/Runtime/Vegetation/ProceduralTreeRenderer.cs:1115)
UnityEditor.TestTools.TestRunner.CommandLineTest.Executer:ExitApplication (UnityEditor.TestTools.TestRunner.CommandLineTest.Executer/ReturnCodes,string) (at ./Library/PackageCache/com.unity.test-framework@1405238725ab/UnityEditor.TestRunner/CommandLineTest/Executer.cs:83)
UnityEditor.TestTools.TestRunner.CommandLineTest.Executer:ExitIfRunIsCompleted () (at ./Library/PackageCache/com.unity.test-framework@1405238725ab/UnityEditor.TestRunner/CommandLineTest/Executer.cs:74)
UnityEditor.EditorApplication:Internal_CallUpdateFunctions () (at /Users/bokken/build/output/unity/unity/Editor/Mono/EditorApplication.cs:403)

[Assets/VoxelEngine/Rendering/Runtime/Vegetation/ProceduralTreeRenderer.cs line 1079]

TreeBatch_0_8_LOD3: Destroy may not be called from edit mode! Use DestroyImmediate instead.
Destroying an object in edit mode destroys it permanently
UnityEngine.Debug:ExtractStackTraceNoAlloc (byte*,int,string)
UnityEngine.StackTraceUtility:ExtractStackTrace () (at /Users/bokken/build/output/unity/unity/Runtime/Export/Scripting/StackTrace.cs:35)
UnityEngine.Object:Destroy (UnityEngine.Object,single)
UnityEngine.Object:Destroy (UnityEngine.Object) (at /Users/bokken/build/output/unity/unity/Runtime/Export/Scripting/UnityEngineObject.bindings.cs:707)
VoxelEngine.Rendering.Runtime.Vegetation.ProceduralTreeRenderer:DestroyBatchObjects (VoxelEngine.Rendering.Runtime.Vegetation.ProceduralTreeRenderer/BatchPresentation) (at Assets/VoxelEngine/Rendering/Runtime/Vegetation/ProceduralTreeRenderer.cs:1081)
VoxelEngine.Rendering.Runtime.Vegetation.ProceduralTreeRenderer:ClearBatches () (at Assets/VoxelEngine/Rendering/Runtime/Vegetation/ProceduralTreeRenderer.cs:1092)
VoxelEngine.Rendering.Runtime.Vegetation.ProceduralTreeRenderer:ClearGenerated () (at Assets/VoxelEngine/Rendering/Runtime/Vegetation/ProceduralTreeRenderer.cs:1106)
VoxelEngine.Rendering.Runtime.Vegetation.ProceduralTreeRenderer:OnDestroy () (at Assets/VoxelEngine/Rendering/Runtime/Vegetation/ProceduralTreeRenderer.cs:1115)
UnityEditor.TestTools.TestRunner.CommandLineTest.Executer:ExitApplication (UnityEditor.TestTools.TestRunner.CommandLineTest.Executer/ReturnCodes,string) (at ./Library/PackageCache/com.unity.test-framework@1405238725ab/UnityEditor.TestRunner/CommandLineTest/Executer.cs:83)
UnityEditor.TestTools.TestRunner.CommandLineTest.Executer:ExitIfRunIsCompleted () (at ./Library/PackageCache/com.unity.test-framework@1405238725ab/UnityEditor.TestRunner/CommandLineTest/Executer.cs:74)
UnityEditor.EditorApplication:Internal_CallUpdateFunctions () (at /Users/bokken/build/output/unity/unity/Editor/Mono/EditorApplication.cs:403)

[Assets/VoxelEngine/Rendering/Runtime/Vegetation/ProceduralTreeRenderer.cs line 1081]

Tree Batch 0,8: Destroy may not be called from edit mode! Use DestroyImmediate instead.
Destroying an object in edit mode destroys it permanently
UnityEngine.Debug:ExtractStackTraceNoAlloc (byte*,int,string)
UnityEngine.StackTraceUtility:ExtractStackTrace () (at /Users/bokken/build/output/unity/unity/Runtime/Export/Scripting/StackTrace.cs:35)
UnityEngine.Object:Destroy (UnityEngine.Object,single)
UnityEngine.Object:Destroy (UnityEngine.Object) (at /Users/bokken/build/output/unity/unity/Runtime/Export/Scripting/UnityEngineObject.bindings.cs:707)
VoxelEngine.Rendering.Runtime.Vegetation.ProceduralTreeRenderer:DestroyBatchObjects (VoxelEngine.Rendering.Runtime.Vegetation.ProceduralTreeRenderer/BatchPresentation) (at Assets/VoxelEngine/Rendering/Runtime/Vegetation/ProceduralTreeRenderer.cs:1085)
VoxelEngine.Rendering.Runtime.Vegetation.ProceduralTreeRenderer:ClearBatches () (at Assets/VoxelEngine/Rendering/Runtime/Vegetation/ProceduralTreeRenderer.cs:1092)
VoxelEngine.Rendering.Runtime.Vegetation.ProceduralTreeRenderer:ClearGenerated () (at Assets/VoxelEngine/Rendering/Runtime/Vegetation/ProceduralTreeRenderer.cs:1106)
VoxelEngine.Rendering.Runtime.Vegetation.ProceduralTreeRenderer:OnDestroy () (at Assets/VoxelEngine/Rendering/Runtime/Vegetation/ProceduralTreeRenderer.cs:1115)
UnityEditor.TestTools.TestRunner.CommandLineTest.Executer:ExitApplication (UnityEditor.TestTools.TestRunner.CommandLineTest.Executer/ReturnCodes,string) (at ./Library/PackageCache/com.unity.test-framework@1405238725ab/UnityEditor.TestRunner/CommandLineTest/Executer.cs:83)
UnityEditor.TestTools.TestRunner.CommandLineTest.Executer:ExitIfRunIsCompleted () (at ./Library/PackageCache/com.unity.test-framework@1405238725ab/UnityEditor.TestRunner/CommandLineTest/Executer.cs:74)
UnityEditor.EditorApplication:Internal_CallUpdateFunctions () (at /Users/bokken/build/output/unity/unity/Editor/Mono/EditorApplication.cs:403)

[Assets/VoxelEngine/Rendering/Runtime/Vegetation/ProceduralTreeRenderer.cs line 1085]

TreeBatch_1_8_LOD0: Destroy may not be called from edit mode! Use DestroyImmediate instead.
Destroying an object in edit mode destroys it permanently
UnityEngine.Debug:ExtractStackTraceNoAlloc (byte*,int,string)
UnityEngine.StackTraceUtility:ExtractStackTrace () (at /Users/bokken/build/output/unity/unity/Runtime/Export/Scripting/StackTrace.cs:35)
UnityEngine.Object:Destroy (UnityEngine.Object,single)
UnityEngine.Object:Destroy (UnityEngine.Object) (at /Users/bokken/build/output/unity/unity/Runtime/Export/Scripting/UnityEngineObject.bindings.cs:707)
VoxelEngine.Rendering.Runtime.Vegetation.ProceduralTreeRenderer:DestroyBatchObjects (VoxelEngine.Rendering.Runtime.Vegetation.ProceduralTreeRenderer/BatchPresentation) (at Assets/VoxelEngine/Rendering/Runtime/Vegetation/ProceduralTreeRenderer.cs:1079)
VoxelEngine.Rendering.Runtime.Vegetation.ProceduralTreeRenderer:ClearBatches () (at Assets/VoxelEngine/Rendering/Runtime/Vegetation/ProceduralTreeRenderer.cs:1092)
VoxelEngine.Rendering.Runtime.Vegetation.ProceduralTreeRenderer:ClearGenerated () (at Assets/VoxelEngine/Rendering/Runtime/Vegetation/ProceduralTreeRenderer.cs:1106)
VoxelEngine.Rendering.Runtime.Vegetation.ProceduralTreeRenderer:OnDestroy () (at Assets/VoxelEngine/Rendering/Runtime/Vegetation/ProceduralTreeRenderer.cs:1115)
UnityEditor.TestTools.TestRunner.CommandLineTest.Executer:ExitApplication (UnityEditor.TestTools.TestRunner.CommandLineTest.Executer/ReturnCodes,string) (at ./Library/PackageCache/com.unity.test-framework@1405238725ab/UnityEditor.TestRunner/CommandLineTest/Executer.cs:83)
UnityEditor.TestTools.TestRunner.CommandLineTest.Executer:ExitIfRunIsCompleted () (at ./Library/PackageCache/com.unity.test-framework@1405238725ab/UnityEditor.TestRunner/CommandLineTest/Executer.cs:74)
UnityEditor.EditorApplication:Internal_CallUpdateFunctions () (at /Users/bokken/build/output/unity/unity/Editor/Mono/EditorApplication.cs:403)

[Assets/VoxelEngine/Rendering/Runtime/Vegetation/ProceduralTreeRenderer.cs line 1079]

TreeBatch_1_8_LOD1: Destroy may not be called from edit mode! Use DestroyImmediate instead.
Destroying an object in edit mode destroys it permanently
UnityEngine.Debug:ExtractStackTraceNoAlloc (byte*,int,string)
UnityEngine.StackTraceUtility:ExtractStackTrace () (at /Users/bokken/build/output/unity/unity/Runtime/Export/Scripting/StackTrace.cs:35)
UnityEngine.Object:Destroy (UnityEngine.Object,single)
UnityEngine.Object:Destroy (UnityEngine.Object) (at /Users/bokken/build/output/unity/unity/Runtime/Export/Scripting/UnityEngineObject.bindings.cs:707)
VoxelEngine.Rendering.Runtime.Vegetation.ProceduralTreeRenderer:DestroyBatchObjects (VoxelEngine.Rendering.Runtime.Vegetation.ProceduralTreeRenderer/BatchPresentation) (at Assets/VoxelEngine/Rendering/Runtime/Vegetation/ProceduralTreeRenderer.cs:1079)
VoxelEngine.Rendering.Runtime.Vegetation.ProceduralTreeRenderer:ClearBatches () (at Assets/VoxelEngine/Rendering/Runtime/Vegetation/ProceduralTreeRenderer.cs:1092)
VoxelEngine.Rendering.Runtime.Vegetation.ProceduralTreeRenderer:ClearGenerated () (at Assets/VoxelEngine/Rendering/Runtime/Vegetation/ProceduralTreeRenderer.cs:1106)
VoxelEngine.Rendering.Runtime.Vegetation.ProceduralTreeRenderer:OnDestroy () (at Assets/VoxelEngine/Rendering/Runtime/Vegetation/ProceduralTreeRenderer.cs:1115)
UnityEditor.TestTools.TestRunner.CommandLineTest.Executer:ExitApplication (UnityEditor.TestTools.TestRunner.CommandLineTest.Executer/ReturnCodes,string) (at ./Library/PackageCache/com.unity.test-framework@1405238725ab/UnityEditor.TestRunner/CommandLineTest/Executer.cs:83)
UnityEditor.TestTools.TestRunner.CommandLineTest.Executer:ExitIfRunIsCompleted () (at ./Library/PackageCache/com.unity.test-framework@1405238725ab/UnityEditor.TestRunner/CommandLineTest/Executer.cs:74)
UnityEditor.EditorApplication:Internal_CallUpdateFunctions () (at /Users/bokken/build/output/unity/unity/Editor/Mono/EditorApplication.cs:403)

[Assets/VoxelEngine/Rendering/Runtime/Vegetation/ProceduralTreeRenderer.cs line 1079]

TreeBatch_1_8_LOD2: Destroy may not be called from edit mode! Use DestroyImmediate instead.
Destroying an object in edit mode destroys it permanently
UnityEngine.Debug:ExtractStackTraceNoAlloc (byte*,int,string)
UnityEngine.StackTraceUtility:ExtractStackTrace () (at /Users/bokken/build/output/unity/unity/Runtime/Export/Scripting/StackTrace.cs:35)
UnityEngine.Object:Destroy (UnityEngine.Object,single)
UnityEngine.Object:Destroy (UnityEngine.Object) (at /Users/bokken/build/output/unity/unity/Runtime/Export/Scripting/UnityEngineObject.bindings.cs:707)
VoxelEngine.Rendering.Runtime.Vegetation.ProceduralTreeRenderer:DestroyBatchObjects (VoxelEngine.Rendering.Runtime.Vegetation.ProceduralTreeRenderer/BatchPresentation) (at Assets/VoxelEngine/Rendering/Runtime/Vegetation/ProceduralTreeRenderer.cs:1079)
VoxelEngine.Rendering.Runtime.Vegetation.ProceduralTreeRenderer:ClearBatches () (at Assets/VoxelEngine/Rendering/Runtime/Vegetation/ProceduralTreeRenderer.cs:1092)
VoxelEngine.Rendering.Runtime.Vegetation.ProceduralTreeRenderer:ClearGenerated () (at Assets/VoxelEngine/Rendering/Runtime/Vegetation/ProceduralTreeRenderer.cs:1106)
VoxelEngine.Rendering.Runtime.Vegetation.ProceduralTreeRenderer:OnDestroy () (at Assets/VoxelEngine/Rendering/Runtime/Vegetation/ProceduralTreeRenderer.cs:1115)
UnityEditor.TestTools.TestRunner.CommandLineTest.Executer:ExitApplication (UnityEditor.TestTools.TestRunner.CommandLineTest.Executer/ReturnCodes,string) (at ./Library/PackageCache/com.unity.test-framework@1405238725ab/UnityEditor.TestRunner/CommandLineTest/Executer.cs:83)
UnityEditor.TestTools.TestRunner.CommandLineTest.Executer:ExitIfRunIsCompleted () (at ./Library/PackageCache/com.unity.test-framework@1405238725ab/UnityEditor.TestRunner/CommandLineTest/Executer.cs:74)
UnityEditor.EditorApplication:Internal_CallUpdateFunctions () (at /Users/bokken/build/output/unity/unity/Editor/Mono/EditorApplication.cs:403)

[Assets/VoxelEngine/Rendering/Runtime/Vegetation/ProceduralTreeRenderer.cs line 1079]

TreeBatch_1_8_LOD3: Destroy may not be called from edit mode! Use DestroyImmediate instead.
Destroying an object in edit mode destroys it permanently
UnityEngine.Debug:ExtractStackTraceNoAlloc (byte*,int,string)
UnityEngine.StackTraceUtility:ExtractStackTrace () (at /Users/bokken/build/output/unity/unity/Runtime/Export/Scripting/StackTrace.cs:35)
UnityEngine.Object:Destroy (UnityEngine.Object,single)
UnityEngine.Object:Destroy (UnityEngine.Object) (at /Users/bokken/build/output/unity/unity/Runtime/Export/Scripting/UnityEngineObject.bindings.cs:707)
VoxelEngine.Rendering.Runtime.Vegetation.ProceduralTreeRenderer:DestroyBatchObjects (VoxelEngine.Rendering.Runtime.Vegetation.ProceduralTreeRenderer/BatchPresentation) (at Assets/VoxelEngine/Rendering/Runtime/Vegetation/ProceduralTreeRenderer.cs:1081)
VoxelEngine.Rendering.Runtime.Vegetation.ProceduralTreeRenderer:ClearBatches () (at Assets/VoxelEngine/Rendering/Runtime/Vegetation/ProceduralTreeRenderer.cs:1092)
VoxelEngine.Rendering.Runtime.Vegetation.ProceduralTreeRenderer:ClearGenerated () (at Assets/VoxelEngine/Rendering/Runtime/Vegetation/ProceduralTreeRenderer.cs:1106)
VoxelEngine.Rendering.Runtime.Vegetation.ProceduralTreeRenderer:OnDestroy () (at Assets/VoxelEngine/Rendering/Runtime/Vegetation/ProceduralTreeRenderer.cs:1115)
UnityEditor.TestTools.TestRunner.CommandLineTest.Executer:ExitApplication (UnityEditor.TestTools.TestRunner.CommandLineTest.Executer/ReturnCodes,string) (at ./Library/PackageCache/com.unity.test-framework@1405238725ab/UnityEditor.TestRunner/CommandLineTest/Executer.cs:83)
UnityEditor.TestTools.TestRunner.CommandLineTest.Executer:ExitIfRunIsCompleted () (at ./Library/PackageCache/com.unity.test-framework@1405238725ab/UnityEditor.TestRunner/CommandLineTest/Executer.cs:74)
UnityEditor.EditorApplication:Internal_CallUpdateFunctions () (at /Users/bokken/build/output/unity/unity/Editor/Mono/EditorApplication.cs:403)

[Assets/VoxelEngine/Rendering/Runtime/Vegetation/ProceduralTreeRenderer.cs line 1081]

Tree Batch 1,8: Destroy may not be called from edit mode! Use DestroyImmediate instead.
Destroying an object in edit mode destroys it permanently
UnityEngine.Debug:ExtractStackTraceNoAlloc (byte*,int,string)
UnityEngine.StackTraceUtility:ExtractStackTrace () (at /Users/bokken/build/output/unity/unity/Runtime/Export/Scripting/StackTrace.cs:35)
UnityEngine.Object:Destroy (UnityEngine.Object,single)
UnityEngine.Object:Destroy (UnityEngine.Object) (at /Users/bokken/build/output/unity/unity/Runtime/Export/Scripting/UnityEngineObject.bindings.cs:707)
VoxelEngine.Rendering.Runtime.Vegetation.ProceduralTreeRenderer:DestroyBatchObjects (VoxelEngine.Rendering.Runtime.Vegetation.ProceduralTreeRenderer/BatchPresentation) (at Assets/VoxelEngine/Rendering/Runtime/Vegetation/ProceduralTreeRenderer.cs:1085)
VoxelEngine.Rendering.Runtime.Vegetation.ProceduralTreeRenderer:ClearBatches () (at Assets/VoxelEngine/Rendering/Runtime/Vegetation/ProceduralTreeRenderer.cs:1092)
VoxelEngine.Rendering.Runtime.Vegetation.ProceduralTreeRenderer:ClearGenerated () (at Assets/VoxelEngine/Rendering/Runtime/Vegetation/ProceduralTreeRenderer.cs:1106)
VoxelEngine.Rendering.Runtime.Vegetation.ProceduralTreeRenderer:OnDestroy () (at Assets/VoxelEngine/Rendering/Runtime/Vegetation/ProceduralTreeRenderer.cs:1115)
UnityEditor.TestTools.TestRunner.CommandLineTest.Executer:ExitApplication (UnityEditor.TestTools.TestRunner.CommandLineTest.Executer/ReturnCodes,string) (at ./Library/PackageCache/com.unity.test-framework@1405238725ab/UnityEditor.TestRunner/CommandLineTest/Executer.cs:83)
UnityEditor.TestTools.TestRunner.CommandLineTest.Executer:ExitIfRunIsCompleted () (at ./Library/PackageCache/com.unity.test-framework@1405238725ab/UnityEditor.TestRunner/CommandLineTest/Executer.cs:74)
UnityEditor.EditorApplication:Internal_CallUpdateFunctions () (at /Users/bokken/build/output/unity/unity/Editor/Mono/EditorApplication.cs:403)

[Assets/VoxelEngine/Rendering/Runtime/Vegetation/ProceduralTreeRenderer.cs line 1085]

TreeBatch_4_8_LOD0: Destroy may not be called from edit mode! Use DestroyImmediate instead.
Destroying an object in edit mode destroys it permanently
UnityEngine.Debug:ExtractStackTraceNoAlloc (byte*,int,string)
UnityEngine.StackTraceUtility:ExtractStackTrace () (at /Users/bokken/build/output/unity/unity/Runtime/Export/Scripting/StackTrace.cs:35)
UnityEngine.Object:Destroy (UnityEngine.Object,single)
UnityEngine.Object:Destroy (UnityEngine.Object) (at /Users/bokken/build/output/unity/unity/Runtime/Export/Scripting/UnityEngineObject.bindings.cs:707)
VoxelEngine.Rendering.Runtime.Vegetation.ProceduralTreeRenderer:DestroyBatchObjects (VoxelEngine.Rendering.Runtime.Vegetation.ProceduralTreeRenderer/BatchPresentation) (at Assets/VoxelEngine/Rendering/Runtime/Vegetation/ProceduralTreeRenderer.cs:1079)
VoxelEngine.Rendering.Runtime.Vegetation.ProceduralTreeRenderer:ClearBatches () (at Assets/VoxelEngine/Rendering/Runtime/Vegetation/ProceduralTreeRenderer.cs:1092)
VoxelEngine.Rendering.Runtime.Vegetation.ProceduralTreeRenderer:ClearGenerated () (at Assets/VoxelEngine/Rendering/Runtime/Vegetation/ProceduralTreeRenderer.cs:1106)
VoxelEngine.Rendering.Runtime.Vegetation.ProceduralTreeRenderer:OnDestroy () (at Assets/VoxelEngine/Rendering/Runtime/Vegetation/ProceduralTreeRenderer.cs:1115)
UnityEditor.TestTools.TestRunner.CommandLineTest.Executer:ExitApplication (UnityEditor.TestTools.TestRunner.CommandLineTest.Executer/ReturnCodes,string) (at ./Library/PackageCache/com.unity.test-framework@1405238725ab/UnityEditor.TestRunner/CommandLineTest/Executer.cs:83)
UnityEditor.TestTools.TestRunner.CommandLineTest.Executer:ExitIfRunIsCompleted () (at ./Library/PackageCache/com.unity.test-framework@1405238725ab/UnityEditor.TestRunner/CommandLineTest/Executer.cs:74)
UnityEditor.EditorApplication:Internal_CallUpdateFunctions () (at /Users/bokken/build/output/unity/unity/Editor/Mono/EditorApplication.cs:403)

[Assets/VoxelEngine/Rendering/Runtime/Vegetation/ProceduralTreeRenderer.cs line 1079]

TreeBatch_4_8_LOD1: Destroy may not be called from edit mode! Use DestroyImmediate instead.
Destroying an object in edit mode destroys it permanently
UnityEngine.Debug:ExtractStackTraceNoAlloc (byte*,int,string)
UnityEngine.StackTraceUtility:ExtractStackTrace () (at /Users/bokken/build/output/unity/unity/Runtime/Export/Scripting/StackTrace.cs:35)
UnityEngine.Object:Destroy (UnityEngine.Object,single)
UnityEngine.Object:Destroy (UnityEngine.Object) (at /Users/bokken/build/output/unity/unity/Runtime/Export/Scripting/UnityEngineObject.bindings.cs:707)
VoxelEngine.Rendering.Runtime.Vegetation.ProceduralTreeRenderer:DestroyBatchObjects (VoxelEngine.Rendering.Runtime.Vegetation.ProceduralTreeRenderer/BatchPresentation) (at Assets/VoxelEngine/Rendering/Runtime/Vegetation/ProceduralTreeRenderer.cs:1079)
VoxelEngine.Rendering.Runtime.Vegetation.ProceduralTreeRenderer:ClearBatches () (at Assets/VoxelEngine/Rendering/Runtime/Vegetation/ProceduralTreeRenderer.cs:1092)
VoxelEngine.Rendering.Runtime.Vegetation.ProceduralTreeRenderer:ClearGenerated () (at Assets/VoxelEngine/Rendering/Runtime/Vegetation/ProceduralTreeRenderer.cs:1106)
VoxelEngine.Rendering.Runtime.Vegetation.ProceduralTreeRenderer:OnDestroy () (at Assets/VoxelEngine/Rendering/Runtime/Vegetation/ProceduralTreeRenderer.cs:1115)
UnityEditor.TestTools.TestRunner.CommandLineTest.Executer:ExitApplication (UnityEditor.TestTools.TestRunner.CommandLineTest.Executer/ReturnCodes,string) (at ./Library/PackageCache/com.unity.test-framework@1405238725ab/UnityEditor.TestRunner/CommandLineTest/Executer.cs:83)
UnityEditor.TestTools.TestRunner.CommandLineTest.Executer:ExitIfRunIsCompleted () (at ./Library/PackageCache/com.unity.test-framework@1405238725ab/UnityEditor.TestRunner/CommandLineTest/Executer.cs:74)
UnityEditor.EditorApplication:Internal_CallUpdateFunctions () (at /Users/bokken/build/output/unity/unity/Editor/Mono/EditorApplication.cs:403)

[Assets/VoxelEngine/Rendering/Runtime/Vegetation/ProceduralTreeRenderer.cs line 1079]

TreeBatch_4_8_LOD2: Destroy may not be called from edit mode! Use DestroyImmediate instead.
Destroying an object in edit mode destroys it permanently
UnityEngine.Debug:ExtractStackTraceNoAlloc (byte*,int,string)
UnityEngine.StackTraceUtility:ExtractStackTrace () (at /Users/bokken/build/output/unity/unity/Runtime/Export/Scripting/StackTrace.cs:35)
UnityEngine.Object:Destroy (UnityEngine.Object,single)
UnityEngine.Object:Destroy (UnityEngine.Object) (at /Users/bokken/build/output/unity/unity/Runtime/Export/Scripting/UnityEngineObject.bindings.cs:707)
VoxelEngine.Rendering.Runtime.Vegetation.ProceduralTreeRenderer:DestroyBatchObjects (VoxelEngine.Rendering.Runtime.Vegetation.ProceduralTreeRenderer/BatchPresentation) (at Assets/VoxelEngine/Rendering/Runtime/Vegetation/ProceduralTreeRenderer.cs:1079)
VoxelEngine.Rendering.Runtime.Vegetation.ProceduralTreeRenderer:ClearBatches () (at Assets/VoxelEngine/Rendering/Runtime/Vegetation/ProceduralTreeRenderer.cs:1092)
VoxelEngine.Rendering.Runtime.Vegetation.ProceduralTreeRenderer:ClearGenerated () (at Assets/VoxelEngine/Rendering/Runtime/Vegetation/ProceduralTreeRenderer.cs:1106)
VoxelEngine.Rendering.Runtime.Vegetation.ProceduralTreeRenderer:OnDestroy () (at Assets/VoxelEngine/Rendering/Runtime/Vegetation/ProceduralTreeRenderer.cs:1115)
UnityEditor.TestTools.TestRunner.CommandLineTest.Executer:ExitApplication (UnityEditor.TestTools.TestRunner.CommandLineTest.Executer/ReturnCodes,string) (at ./Library/PackageCache/com.unity.test-framework@1405238725ab/UnityEditor.TestRunner/CommandLineTest/Executer.cs:83)
UnityEditor.TestTools.TestRunner.CommandLineTest.Executer:ExitIfRunIsCompleted () (at ./Library/PackageCache/com.unity.test-framework@1405238725ab/UnityEditor.TestRunner/CommandLineTest/Executer.cs:74)
UnityEditor.EditorApplication:Internal_CallUpdateFunctions () (at /Users/bokken/build/output/unity/unity/Editor/Mono/EditorApplication.cs:403)

[Assets/VoxelEngine/Rendering/Runtime/Vegetation/ProceduralTreeRenderer.cs line 1079]

TreeBatch_4_8_LOD3: Destroy may not be called from edit mode! Use DestroyImmediate instead.
Destroying an object in edit mode destroys it permanently
UnityEngine.Debug:ExtractStackTraceNoAlloc (byte*,int,string)
UnityEngine.StackTraceUtility:ExtractStackTrace () (at /Users/bokken/build/output/unity/unity/Runtime/Export/Scripting/StackTrace.cs:35)
UnityEngine.Object:Destroy (UnityEngine.Object,single)
UnityEngine.Object:Destroy (UnityEngine.Object) (at /Users/bokken/build/output/unity/unity/Runtime/Export/Scripting/UnityEngineObject.bindings.cs:707)
VoxelEngine.Rendering.Runtime.Vegetation.ProceduralTreeRenderer:DestroyBatchObjects (VoxelEngine.Rendering.Runtime.Vegetation.ProceduralTreeRenderer/BatchPresentation) (at Assets/VoxelEngine/Rendering/Runtime/Vegetation/ProceduralTreeRenderer.cs:1081)
VoxelEngine.Rendering.Runtime.Vegetation.ProceduralTreeRenderer:ClearBatches () (at Assets/VoxelEngine/Rendering/Runtime/Vegetation/ProceduralTreeRenderer.cs:1092)
VoxelEngine.Rendering.Runtime.Vegetation.ProceduralTreeRenderer:ClearGenerated () (at Assets/VoxelEngine/Rendering/Runtime/Vegetation/ProceduralTreeRenderer.cs:1106)
VoxelEngine.Rendering.Runtime.Vegetation.ProceduralTreeRenderer:OnDestroy () (at Assets/VoxelEngine/Rendering/Runtime/Vegetation/ProceduralTreeRenderer.cs:1115)
UnityEditor.TestTools.TestRunner.CommandLineTest.Executer:ExitApplication (UnityEditor.TestTools.TestRunner.CommandLineTest.Executer/ReturnCodes,string) (at ./Library/PackageCache/com.unity.test-framework@1405238725ab/UnityEditor.TestRunner/CommandLineTest/Executer.cs:83)
UnityEditor.TestTools.TestRunner.CommandLineTest.Executer:ExitIfRunIsCompleted () (at ./Library/PackageCache/com.unity.test-framework@1405238725ab/UnityEditor.TestRunner/CommandLineTest/Executer.cs:74)
UnityEditor.EditorApplication:Internal_CallUpdateFunctions () (at /Users/bokken/build/output/unity/unity/Editor/Mono/EditorApplication.cs:403)

[Assets/VoxelEngine/Rendering/Runtime/Vegetation/ProceduralTreeRenderer.cs line 1081]

Tree Batch 4,8: Destroy may not be called from edit mode! Use DestroyImmediate instead.
Destroying an object in edit mode destroys it permanently
UnityEngine.Debug:ExtractStackTraceNoAlloc (byte*,int,string)
UnityEngine.StackTraceUtility:ExtractStackTrace () (at /Users/bokken/build/output/unity/unity/Runtime/Export/Scripting/StackTrace.cs:35)
UnityEngine.Object:Destroy (UnityEngine.Object,single)
UnityEngine.Object:Destroy (UnityEngine.Object) (at /Users/bokken/build/output/unity/unity/Runtime/Export/Scripting/UnityEngineObject.bindings.cs:707)
VoxelEngine.Rendering.Runtime.Vegetation.ProceduralTreeRenderer:DestroyBatchObjects (VoxelEngine.Rendering.Runtime.Vegetation.ProceduralTreeRenderer/BatchPresentation) (at Assets/VoxelEngine/Rendering/Runtime/Vegetation/ProceduralTreeRenderer.cs:1085)
VoxelEngine.Rendering.Runtime.Vegetation.ProceduralTreeRenderer:ClearBatches () (at Assets/VoxelEngine/Rendering/Runtime/Vegetation/ProceduralTreeRenderer.cs:1092)
VoxelEngine.Rendering.Runtime.Vegetation.ProceduralTreeRenderer:ClearGenerated () (at Assets/VoxelEngine/Rendering/Runtime/Vegetation/ProceduralTreeRenderer.cs:1106)
VoxelEngine.Rendering.Runtime.Vegetation.ProceduralTreeRenderer:OnDestroy () (at Assets/VoxelEngine/Rendering/Runtime/Vegetation/ProceduralTreeRenderer.cs:1115)
UnityEditor.TestTools.TestRunner.CommandLineTest.Executer:ExitApplication (UnityEditor.TestTools.TestRunner.CommandLineTest.Executer/ReturnCodes,string) (at ./Library/PackageCache/com.unity.test-framework@1405238725ab/UnityEditor.TestRunner/CommandLineTest/Executer.cs:83)
UnityEditor.TestTools.TestRunner.CommandLineTest.Executer:ExitIfRunIsCompleted () (at ./Library/PackageCache/com.unity.test-framework@1405238725ab/UnityEditor.TestRunner/CommandLineTest/Executer.cs:74)
UnityEditor.EditorApplication:Internal_CallUpdateFunctions () (at /Users/bokken/build/output/unity/unity/Editor/Mono/EditorApplication.cs:403)

[Assets/VoxelEngine/Rendering/Runtime/Vegetation/ProceduralTreeRenderer.cs line 1085]

TreeBatch_6_8_LOD0: Destroy may not be called from edit mode! Use DestroyImmediate instead.
Destroying an object in edit mode destroys it permanently
UnityEngine.Debug:ExtractStackTraceNoAlloc (byte*,int,string)
UnityEngine.StackTraceUtility:ExtractStackTrace () (at /Users/bokken/build/output/unity/unity/Runtime/Export/Scripting/StackTrace.cs:35)
UnityEngine.Object:Destroy (UnityEngine.Object,single)
UnityEngine.Object:Destroy (UnityEngine.Object) (at /Users/bokken/build/output/unity/unity/Runtime/Export/Scripting/UnityEngineObject.bindings.cs:707)
VoxelEngine.Rendering.Runtime.Vegetation.ProceduralTreeRenderer:DestroyBatchObjects (VoxelEngine.Rendering.Runtime.Vegetation.ProceduralTreeRenderer/BatchPresentation) (at Assets/VoxelEngine/Rendering/Runtime/Vegetation/ProceduralTreeRenderer.cs:1079)
VoxelEngine.Rendering.Runtime.Vegetation.ProceduralTreeRenderer:ClearBatches () (at Assets/VoxelEngine/Rendering/Runtime/Vegetation/ProceduralTreeRenderer.cs:1092)
VoxelEngine.Rendering.Runtime.Vegetation.ProceduralTreeRenderer:ClearGenerated () (at Assets/VoxelEngine/Rendering/Runtime/Vegetation/ProceduralTreeRenderer.cs:1106)
VoxelEngine.Rendering.Runtime.Vegetation.ProceduralTreeRenderer:OnDestroy () (at Assets/VoxelEngine/Rendering/Runtime/Vegetation/ProceduralTreeRenderer.cs:1115)
UnityEditor.TestTools.TestRunner.CommandLineTest.Executer:ExitApplication (UnityEditor.TestTools.TestRunner.CommandLineTest.Executer/ReturnCodes,string) (at ./Library/PackageCache/com.unity.test-framework@1405238725ab/UnityEditor.TestRunner/CommandLineTest/Executer.cs:83)
UnityEditor.TestTools.TestRunner.CommandLineTest.Executer:ExitIfRunIsCompleted () (at ./Library/PackageCache/com.unity.test-framework@1405238725ab/UnityEditor.TestRunner/CommandLineTest/Executer.cs:74)
UnityEditor.EditorApplication:Internal_CallUpdateFunctions () (at /Users/bokken/build/output/unity/unity/Editor/Mono/EditorApplication.cs:403)

[Assets/VoxelEngine/Rendering/Runtime/Vegetation/ProceduralTreeRenderer.cs line 1079]

TreeBatch_6_8_LOD1: Destroy may not be called from edit mode! Use DestroyImmediate instead.
Destroying an object in edit mode destroys it permanently
UnityEngine.Debug:ExtractStackTraceNoAlloc (byte*,int,string)
UnityEngine.StackTraceUtility:ExtractStackTrace () (at /Users/bokken/build/output/unity/unity/Runtime/Export/Scripting/StackTrace.cs:35)
UnityEngine.Object:Destroy (UnityEngine.Object,single)
UnityEngine.Object:Destroy (UnityEngine.Object) (at /Users/bokken/build/output/unity/unity/Runtime/Export/Scripting/UnityEngineObject.bindings.cs:707)
VoxelEngine.Rendering.Runtime.Vegetation.ProceduralTreeRenderer:DestroyBatchObjects (VoxelEngine.Rendering.Runtime.Vegetation.ProceduralTreeRenderer/BatchPresentation) (at Assets/VoxelEngine/Rendering/Runtime/Vegetation/ProceduralTreeRenderer.cs:1079)
VoxelEngine.Rendering.Runtime.Vegetation.ProceduralTreeRenderer:ClearBatches () (at Assets/VoxelEngine/Rendering/Runtime/Vegetation/ProceduralTreeRenderer.cs:1092)
VoxelEngine.Rendering.Runtime.Vegetation.ProceduralTreeRenderer:ClearGenerated () (at Assets/VoxelEngine/Rendering/Runtime/Vegetation/ProceduralTreeRenderer.cs:1106)
VoxelEngine.Rendering.Runtime.Vegetation.ProceduralTreeRenderer:OnDestroy () (at Assets/VoxelEngine/Rendering/Runtime/Vegetation/ProceduralTreeRenderer.cs:1115)
UnityEditor.TestTools.TestRunner.CommandLineTest.Executer:ExitApplication (UnityEditor.TestTools.TestRunner.CommandLineTest.Executer/ReturnCodes,string) (at ./Library/PackageCache/com.unity.test-framework@1405238725ab/UnityEditor.TestRunner/CommandLineTest/Executer.cs:83)
UnityEditor.TestTools.TestRunner.CommandLineTest.Executer:ExitIfRunIsCompleted () (at ./Library/PackageCache/com.unity.test-framework@1405238725ab/UnityEditor.TestRunner/CommandLineTest/Executer.cs:74)
UnityEditor.EditorApplication:Internal_CallUpdateFunctions () (at /Users/bokken/build/output/unity/unity/Editor/Mono/EditorApplication.cs:403)

[Assets/VoxelEngine/Rendering/Runtime/Vegetation/ProceduralTreeRenderer.cs line 1079]

TreeBatch_6_8_LOD2: Destroy may not be called from edit mode! Use DestroyImmediate instead.
Destroying an object in edit mode destroys it permanently
UnityEngine.Debug:ExtractStackTraceNoAlloc (byte*,int,string)
UnityEngine.StackTraceUtility:ExtractStackTrace () (at /Users/bokken/build/output/unity/unity/Runtime/Export/Scripting/StackTrace.cs:35)
UnityEngine.Object:Destroy (UnityEngine.Object,single)
UnityEngine.Object:Destroy (UnityEngine.Object) (at /Users/bokken/build/output/unity/unity/Runtime/Export/Scripting/UnityEngineObject.bindings.cs:707)
VoxelEngine.Rendering.Runtime.Vegetation.ProceduralTreeRenderer:DestroyBatchObjects (VoxelEngine.Rendering.Runtime.Vegetation.ProceduralTreeRenderer/BatchPresentation) (at Assets/VoxelEngine/Rendering/Runtime/Vegetation/ProceduralTreeRenderer.cs:1079)
VoxelEngine.Rendering.Runtime.Vegetation.ProceduralTreeRenderer:ClearBatches () (at Assets/VoxelEngine/Rendering/Runtime/Vegetation/ProceduralTreeRenderer.cs:1092)
VoxelEngine.Rendering.Runtime.Vegetation.ProceduralTreeRenderer:ClearGenerated () (at Assets/VoxelEngine/Rendering/Runtime/Vegetation/ProceduralTreeRenderer.cs:1106)
VoxelEngine.Rendering.Runtime.Vegetation.ProceduralTreeRenderer:OnDestroy () (at Assets/VoxelEngine/Rendering/Runtime/Vegetation/ProceduralTreeRenderer.cs:1115)
UnityEditor.TestTools.TestRunner.CommandLineTest.Executer:ExitApplication (UnityEditor.TestTools.TestRunner.CommandLineTest.Executer/ReturnCodes,string) (at ./Library/PackageCache/com.unity.test-framework@1405238725ab/UnityEditor.TestRunner/CommandLineTest/Executer.cs:83)
UnityEditor.TestTools.TestRunner.CommandLineTest.Executer:ExitIfRunIsCompleted () (at ./Library/PackageCache/com.unity.test-framework@1405238725ab/UnityEditor.TestRunner/CommandLineTest/Executer.cs:74)
UnityEditor.EditorApplication:Internal_CallUpdateFunctions () (at /Users/bokken/build/output/unity/unity/Editor/Mono/EditorApplication.cs:403)

[Assets/VoxelEngine/Rendering/Runtime/Vegetation/ProceduralTreeRenderer.cs line 1079]

TreeBatch_6_8_LOD3: Destroy may not be called from edit mode! Use DestroyImmediate instead.
Destroying an object in edit mode destroys it permanently
UnityEngine.Debug:ExtractStackTraceNoAlloc (byte*,int,string)
UnityEngine.StackTraceUtility:ExtractStackTrace () (at /Users/bokken/build/output/unity/unity/Runtime/Export/Scripting/StackTrace.cs:35)
UnityEngine.Object:Destroy (UnityEngine.Object,single)
UnityEngine.Object:Destroy (UnityEngine.Object) (at /Users/bokken/build/output/unity/unity/Runtime/Export/Scripting/UnityEngineObject.bindings.cs:707)
VoxelEngine.Rendering.Runtime.Vegetation.ProceduralTreeRenderer:DestroyBatchObjects (VoxelEngine.Rendering.Runtime.Vegetation.ProceduralTreeRenderer/BatchPresentation) (at Assets/VoxelEngine/Rendering/Runtime/Vegetation/ProceduralTreeRenderer.cs:1081)
VoxelEngine.Rendering.Runtime.Vegetation.ProceduralTreeRenderer:ClearBatches () (at Assets/VoxelEngine/Rendering/Runtime/Vegetation/ProceduralTreeRenderer.cs:1092)
VoxelEngine.Rendering.Runtime.Vegetation.ProceduralTreeRenderer:ClearGenerated () (at Assets/VoxelEngine/Rendering/Runtime/Vegetation/ProceduralTreeRenderer.cs:1106)
VoxelEngine.Rendering.Runtime.Vegetation.ProceduralTreeRenderer:OnDestroy () (at Assets/VoxelEngine/Rendering/Runtime/Vegetation/ProceduralTreeRenderer.cs:1115)
UnityEditor.TestTools.TestRunner.CommandLineTest.Executer:ExitApplication (UnityEditor.TestTools.TestRunner.CommandLineTest.Executer/ReturnCodes,string) (at ./Library/PackageCache/com.unity.test-framework@1405238725ab/UnityEditor.TestRunner/CommandLineTest/Executer.cs:83)
UnityEditor.TestTools.TestRunner.CommandLineTest.Executer:ExitIfRunIsCompleted () (at ./Library/PackageCache/com.unity.test-framework@1405238725ab/UnityEditor.TestRunner/CommandLineTest/Executer.cs:74)
UnityEditor.EditorApplication:Internal_CallUpdateFunctions () (at /Users/bokken/build/output/unity/unity/Editor/Mono/EditorApplication.cs:403)

[Assets/VoxelEngine/Rendering/Runtime/Vegetation/ProceduralTreeRenderer.cs line 1081]

Tree Batch 6,8: Destroy may not be called from edit mode! Use DestroyImmediate instead.
Destroying an object in edit mode destroys it permanently
UnityEngine.Debug:ExtractStackTraceNoAlloc (byte*,int,string)
UnityEngine.StackTraceUtility:ExtractStackTrace () (at /Users/bokken/build/output/unity/unity/Runtime/Export/Scripting/StackTrace.cs:35)
UnityEngine.Object:Destroy (UnityEngine.Object,single)
UnityEngine.Object:Destroy (UnityEngine.Object) (at /Users/bokken/build/output/unity/unity/Runtime/Export/Scripting/UnityEngineObject.bindings.cs:707)
VoxelEngine.Rendering.Runtime.Vegetation.ProceduralTreeRenderer:DestroyBatchObjects (VoxelEngine.Rendering.Runtime.Vegetation.ProceduralTreeRenderer/BatchPresentation) (at Assets/VoxelEngine/Rendering/Runtime/Vegetation/ProceduralTreeRenderer.cs:1085)
VoxelEngine.Rendering.Runtime.Vegetation.ProceduralTreeRenderer:ClearBatches () (at Assets/VoxelEngine/Rendering/Runtime/Vegetation/ProceduralTreeRenderer.cs:1092)
VoxelEngine.Rendering.Runtime.Vegetation.ProceduralTreeRenderer:ClearGenerated () (at Assets/VoxelEngine/Rendering/Runtime/Vegetation/ProceduralTreeRenderer.cs:1106)
VoxelEngine.Rendering.Runtime.Vegetation.ProceduralTreeRenderer:OnDestroy () (at Assets/VoxelEngine/Rendering/Runtime/Vegetation/ProceduralTreeRenderer.cs:1115)
UnityEditor.TestTools.TestRunner.CommandLineTest.Executer:ExitApplication (UnityEditor.TestTools.TestRunner.CommandLineTest.Executer/ReturnCodes,string) (at ./Library/PackageCache/com.unity.test-framework@1405238725ab/UnityEditor.TestRunner/CommandLineTest/Executer.cs:83)
UnityEditor.TestTools.TestRunner.CommandLineTest.Executer:ExitIfRunIsCompleted () (at ./Library/PackageCache/com.unity.test-framework@1405238725ab/UnityEditor.TestRunner/CommandLineTest/Executer.cs:74)
UnityEditor.EditorApplication:Internal_CallUpdateFunctions () (at /Users/bokken/build/output/unity/unity/Editor/Mono/EditorApplication.cs:403)

[Assets/VoxelEngine/Rendering/Runtime/Vegetation/ProceduralTreeRenderer.cs line 1085]

TreeBatch_0_9_LOD0: Destroy may not be called from edit mode! Use DestroyImmediate instead.
Destroying an object in edit mode destroys it permanently
UnityEngine.Debug:ExtractStackTraceNoAlloc (byte*,int,string)
UnityEngine.StackTraceUtility:ExtractStackTrace () (at /Users/bokken/build/output/unity/unity/Runtime/Export/Scripting/StackTrace.cs:35)
UnityEngine.Object:Destroy (UnityEngine.Object,single)
UnityEngine.Object:Destroy (UnityEngine.Object) (at /Users/bokken/build/output/unity/unity/Runtime/Export/Scripting/UnityEngineObject.bindings.cs:707)
VoxelEngine.Rendering.Runtime.Vegetation.ProceduralTreeRenderer:DestroyBatchObjects (VoxelEngine.Rendering.Runtime.Vegetation.ProceduralTreeRenderer/BatchPresentation) (at Assets/VoxelEngine/Rendering/Runtime/Vegetation/ProceduralTreeRenderer.cs:1079)
VoxelEngine.Rendering.Runtime.Vegetation.ProceduralTreeRenderer:ClearBatches () (at Assets/VoxelEngine/Rendering/Runtime/Vegetation/ProceduralTreeRenderer.cs:1092)
VoxelEngine.Rendering.Runtime.Vegetation.ProceduralTreeRenderer:ClearGenerated () (at Assets/VoxelEngine/Rendering/Runtime/Vegetation/ProceduralTreeRenderer.cs:1106)
VoxelEngine.Rendering.Runtime.Vegetation.ProceduralTreeRenderer:OnDestroy () (at Assets/VoxelEngine/Rendering/Runtime/Vegetation/ProceduralTreeRenderer.cs:1115)
UnityEditor.TestTools.TestRunner.CommandLineTest.Executer:ExitApplication (UnityEditor.TestTools.TestRunner.CommandLineTest.Executer/ReturnCodes,string) (at ./Library/PackageCache/com.unity.test-framework@1405238725ab/UnityEditor.TestRunner/CommandLineTest/Executer.cs:83)
UnityEditor.TestTools.TestRunner.CommandLineTest.Executer:ExitIfRunIsCompleted () (at ./Library/PackageCache/com.unity.test-framework@1405238725ab/UnityEditor.TestRunner/CommandLineTest/Executer.cs:74)
UnityEditor.EditorApplication:Internal_CallUpdateFunctions () (at /Users/bokken/build/output/unity/unity/Editor/Mono/EditorApplication.cs:403)

[Assets/VoxelEngine/Rendering/Runtime/Vegetation/ProceduralTreeRenderer.cs line 1079]

TreeBatch_0_9_LOD1: Destroy may not be called from edit mode! Use DestroyImmediate instead.
Destroying an object in edit mode destroys it permanently
UnityEngine.Debug:ExtractStackTraceNoAlloc (byte*,int,string)
UnityEngine.StackTraceUtility:ExtractStackTrace () (at /Users/bokken/build/output/unity/unity/Runtime/Export/Scripting/StackTrace.cs:35)
UnityEngine.Object:Destroy (UnityEngine.Object,single)
UnityEngine.Object:Destroy (UnityEngine.Object) (at /Users/bokken/build/output/unity/unity/Runtime/Export/Scripting/UnityEngineObject.bindings.cs:707)
VoxelEngine.Rendering.Runtime.Vegetation.ProceduralTreeRenderer:DestroyBatchObjects (VoxelEngine.Rendering.Runtime.Vegetation.ProceduralTreeRenderer/BatchPresentation) (at Assets/VoxelEngine/Rendering/Runtime/Vegetation/ProceduralTreeRenderer.cs:1079)
VoxelEngine.Rendering.Runtime.Vegetation.ProceduralTreeRenderer:ClearBatches () (at Assets/VoxelEngine/Rendering/Runtime/Vegetation/ProceduralTreeRenderer.cs:1092)
VoxelEngine.Rendering.Runtime.Vegetation.ProceduralTreeRenderer:ClearGenerated () (at Assets/VoxelEngine/Rendering/Runtime/Vegetation/ProceduralTreeRenderer.cs:1106)
VoxelEngine.Rendering.Runtime.Vegetation.ProceduralTreeRenderer:OnDestroy () (at Assets/VoxelEngine/Rendering/Runtime/Vegetation/ProceduralTreeRenderer.cs:1115)
UnityEditor.TestTools.TestRunner.CommandLineTest.Executer:ExitApplication (UnityEditor.TestTools.TestRunner.CommandLineTest.Executer/ReturnCodes,string) (at ./Library/PackageCache/com.unity.test-framework@1405238725ab/UnityEditor.TestRunner/CommandLineTest/Executer.cs:83)
UnityEditor.TestTools.TestRunner.CommandLineTest.Executer:ExitIfRunIsCompleted () (at ./Library/PackageCache/com.unity.test-framework@1405238725ab/UnityEditor.TestRunner/CommandLineTest/Executer.cs:74)
UnityEditor.EditorApplication:Internal_CallUpdateFunctions () (at /Users/bokken/build/output/unity/unity/Editor/Mono/EditorApplication.cs:403)

[Assets/VoxelEngine/Rendering/Runtime/Vegetation/ProceduralTreeRenderer.cs line 1079]

TreeBatch_0_9_LOD2: Destroy may not be called from edit mode! Use DestroyImmediate instead.
Destroying an object in edit mode destroys it permanently
UnityEngine.Debug:ExtractStackTraceNoAlloc (byte*,int,string)
UnityEngine.StackTraceUtility:ExtractStackTrace () (at /Users/bokken/build/output/unity/unity/Runtime/Export/Scripting/StackTrace.cs:35)
UnityEngine.Object:Destroy (UnityEngine.Object,single)
UnityEngine.Object:Destroy (UnityEngine.Object) (at /Users/bokken/build/output/unity/unity/Runtime/Export/Scripting/UnityEngineObject.bindings.cs:707)
VoxelEngine.Rendering.Runtime.Vegetation.ProceduralTreeRenderer:DestroyBatchObjects (VoxelEngine.Rendering.Runtime.Vegetation.ProceduralTreeRenderer/BatchPresentation) (at Assets/VoxelEngine/Rendering/Runtime/Vegetation/ProceduralTreeRenderer.cs:1079)
VoxelEngine.Rendering.Runtime.Vegetation.ProceduralTreeRenderer:ClearBatches () (at Assets/VoxelEngine/Rendering/Runtime/Vegetation/ProceduralTreeRenderer.cs:1092)
VoxelEngine.Rendering.Runtime.Vegetation.ProceduralTreeRenderer:ClearGenerated () (at Assets/VoxelEngine/Rendering/Runtime/Vegetation/ProceduralTreeRenderer.cs:1106)
VoxelEngine.Rendering.Runtime.Vegetation.ProceduralTreeRenderer:OnDestroy () (at Assets/VoxelEngine/Rendering/Runtime/Vegetation/ProceduralTreeRenderer.cs:1115)
UnityEditor.TestTools.TestRunner.CommandLineTest.Executer:ExitApplication (UnityEditor.TestTools.TestRunner.CommandLineTest.Executer/ReturnCodes,string) (at ./Library/PackageCache/com.unity.test-framework@1405238725ab/UnityEditor.TestRunner/CommandLineTest/Executer.cs:83)
UnityEditor.TestTools.TestRunner.CommandLineTest.Executer:ExitIfRunIsCompleted () (at ./Library/PackageCache/com.unity.test-framework@1405238725ab/UnityEditor.TestRunner/CommandLineTest/Executer.cs:74)
UnityEditor.EditorApplication:Internal_CallUpdateFunctions () (at /Users/bokken/build/output/unity/unity/Editor/Mono/EditorApplication.cs:403)

[Assets/VoxelEngine/Rendering/Runtime/Vegetation/ProceduralTreeRenderer.cs line 1079]

TreeBatch_0_9_LOD3: Destroy may not be called from edit mode! Use DestroyImmediate instead.
Destroying an object in edit mode destroys it permanently
UnityEngine.Debug:ExtractStackTraceNoAlloc (byte*,int,string)
UnityEngine.StackTraceUtility:ExtractStackTrace () (at /Users/bokken/build/output/unity/unity/Runtime/Export/Scripting/StackTrace.cs:35)
UnityEngine.Object:Destroy (UnityEngine.Object,single)
UnityEngine.Object:Destroy (UnityEngine.Object) (at /Users/bokken/build/output/unity/unity/Runtime/Export/Scripting/UnityEngineObject.bindings.cs:707)
VoxelEngine.Rendering.Runtime.Vegetation.ProceduralTreeRenderer:DestroyBatchObjects (VoxelEngine.Rendering.Runtime.Vegetation.ProceduralTreeRenderer/BatchPresentation) (at Assets/VoxelEngine/Rendering/Runtime/Vegetation/ProceduralTreeRenderer.cs:1081)
VoxelEngine.Rendering.Runtime.Vegetation.ProceduralTreeRenderer:ClearBatches () (at Assets/VoxelEngine/Rendering/Runtime/Vegetation/ProceduralTreeRenderer.cs:1092)
VoxelEngine.Rendering.Runtime.Vegetation.ProceduralTreeRenderer:ClearGenerated () (at Assets/VoxelEngine/Rendering/Runtime/Vegetation/ProceduralTreeRenderer.cs:1106)
VoxelEngine.Rendering.Runtime.Vegetation.ProceduralTreeRenderer:OnDestroy () (at Assets/VoxelEngine/Rendering/Runtime/Vegetation/ProceduralTreeRenderer.cs:1115)
UnityEditor.TestTools.TestRunner.CommandLineTest.Executer:ExitApplication (UnityEditor.TestTools.TestRunner.CommandLineTest.Executer/ReturnCodes,string) (at ./Library/PackageCache/com.unity.test-framework@1405238725ab/UnityEditor.TestRunner/CommandLineTest/Executer.cs:83)
UnityEditor.TestTools.TestRunner.CommandLineTest.Executer:ExitIfRunIsCompleted () (at ./Library/PackageCache/com.unity.test-framework@1405238725ab/UnityEditor.TestRunner/CommandLineTest/Executer.cs:74)
UnityEditor.EditorApplication:Internal_CallUpdateFunctions () (at /Users/bokken/build/output/unity/unity/Editor/Mono/EditorApplication.cs:403)

[Assets/VoxelEngine/Rendering/Runtime/Vegetation/ProceduralTreeRenderer.cs line 1081]

Tree Batch 0,9: Destroy may not be called from edit mode! Use DestroyImmediate instead.
Destroying an object in edit mode destroys it permanently
UnityEngine.Debug:ExtractStackTraceNoAlloc (byte*,int,string)
UnityEngine.StackTraceUtility:ExtractStackTrace () (at /Users/bokken/build/output/unity/unity/Runtime/Export/Scripting/StackTrace.cs:35)
UnityEngine.Object:Destroy (UnityEngine.Object,single)
UnityEngine.Object:Destroy (UnityEngine.Object) (at /Users/bokken/build/output/unity/unity/Runtime/Export/Scripting/UnityEngineObject.bindings.cs:707)
VoxelEngine.Rendering.Runtime.Vegetation.ProceduralTreeRenderer:DestroyBatchObjects (VoxelEngine.Rendering.Runtime.Vegetation.ProceduralTreeRenderer/BatchPresentation) (at Assets/VoxelEngine/Rendering/Runtime/Vegetation/ProceduralTreeRenderer.cs:1085)
VoxelEngine.Rendering.Runtime.Vegetation.ProceduralTreeRenderer:ClearBatches () (at Assets/VoxelEngine/Rendering/Runtime/Vegetation/ProceduralTreeRenderer.cs:1092)
VoxelEngine.Rendering.Runtime.Vegetation.ProceduralTreeRenderer:ClearGenerated () (at Assets/VoxelEngine/Rendering/Runtime/Vegetation/ProceduralTreeRenderer.cs:1106)
VoxelEngine.Rendering.Runtime.Vegetation.ProceduralTreeRenderer:OnDestroy () (at Assets/VoxelEngine/Rendering/Runtime/Vegetation/ProceduralTreeRenderer.cs:1115)
UnityEditor.TestTools.TestRunner.CommandLineTest.Executer:ExitApplication (UnityEditor.TestTools.TestRunner.CommandLineTest.Executer/ReturnCodes,string) (at ./Library/PackageCache/com.unity.test-framework@1405238725ab/UnityEditor.TestRunner/CommandLineTest/Executer.cs:83)
UnityEditor.TestTools.TestRunner.CommandLineTest.Executer:ExitIfRunIsCompleted () (at ./Library/PackageCache/com.unity.test-framework@1405238725ab/UnityEditor.TestRunner/CommandLineTest/Executer.cs:74)
UnityEditor.EditorApplication:Internal_CallUpdateFunctions () (at /Users/bokken/build/output/unity/unity/Editor/Mono/EditorApplication.cs:403)

[Assets/VoxelEngine/Rendering/Runtime/Vegetation/ProceduralTreeRenderer.cs line 1085]

TreeBatch_1_9_LOD0: Destroy may not be called from edit mode! Use DestroyImmediate instead.
Destroying an object in edit mode destroys it permanently
UnityEngine.Debug:ExtractStackTraceNoAlloc (byte*,int,string)
UnityEngine.StackTraceUtility:ExtractStackTrace () (at /Users/bokken/build/output/unity/unity/Runtime/Export/Scripting/StackTrace.cs:35)
UnityEngine.Object:Destroy (UnityEngine.Object,single)
UnityEngine.Object:Destroy (UnityEngine.Object) (at /Users/bokken/build/output/unity/unity/Runtime/Export/Scripting/UnityEngineObject.bindings.cs:707)
VoxelEngine.Rendering.Runtime.Vegetation.ProceduralTreeRenderer:DestroyBatchObjects (VoxelEngine.Rendering.Runtime.Vegetation.ProceduralTreeRenderer/BatchPresentation) (at Assets/VoxelEngine/Rendering/Runtime/Vegetation/ProceduralTreeRenderer.cs:1079)
VoxelEngine.Rendering.Runtime.Vegetation.ProceduralTreeRenderer:ClearBatches () (at Assets/VoxelEngine/Rendering/Runtime/Vegetation/ProceduralTreeRenderer.cs:1092)
VoxelEngine.Rendering.Runtime.Vegetation.ProceduralTreeRenderer:ClearGenerated () (at Assets/VoxelEngine/Rendering/Runtime/Vegetation/ProceduralTreeRenderer.cs:1106)
VoxelEngine.Rendering.Runtime.Vegetation.ProceduralTreeRenderer:OnDestroy () (at Assets/VoxelEngine/Rendering/Runtime/Vegetation/ProceduralTreeRenderer.cs:1115)
UnityEditor.TestTools.TestRunner.CommandLineTest.Executer:ExitApplication (UnityEditor.TestTools.TestRunner.CommandLineTest.Executer/ReturnCodes,string) (at ./Library/PackageCache/com.unity.test-framework@1405238725ab/UnityEditor.TestRunner/CommandLineTest/Executer.cs:83)
UnityEditor.TestTools.TestRunner.CommandLineTest.Executer:ExitIfRunIsCompleted () (at ./Library/PackageCache/com.unity.test-framework@1405238725ab/UnityEditor.TestRunner/CommandLineTest/Executer.cs:74)
UnityEditor.EditorApplication:Internal_CallUpdateFunctions () (at /Users/bokken/build/output/unity/unity/Editor/Mono/EditorApplication.cs:403)

[Assets/VoxelEngine/Rendering/Runtime/Vegetation/ProceduralTreeRenderer.cs line 1079]

TreeBatch_1_9_LOD1: Destroy may not be called from edit mode! Use DestroyImmediate instead.
Destroying an object in edit mode destroys it permanently
UnityEngine.Debug:ExtractStackTraceNoAlloc (byte*,int,string)
UnityEngine.StackTraceUtility:ExtractStackTrace () (at /Users/bokken/build/output/unity/unity/Runtime/Export/Scripting/StackTrace.cs:35)
UnityEngine.Object:Destroy (UnityEngine.Object,single)
UnityEngine.Object:Destroy (UnityEngine.Object) (at /Users/bokken/build/output/unity/unity/Runtime/Export/Scripting/UnityEngineObject.bindings.cs:707)
VoxelEngine.Rendering.Runtime.Vegetation.ProceduralTreeRenderer:DestroyBatchObjects (VoxelEngine.Rendering.Runtime.Vegetation.ProceduralTreeRenderer/BatchPresentation) (at Assets/VoxelEngine/Rendering/Runtime/Vegetation/ProceduralTreeRenderer.cs:1079)
VoxelEngine.Rendering.Runtime.Vegetation.ProceduralTreeRenderer:ClearBatches () (at Assets/VoxelEngine/Rendering/Runtime/Vegetation/ProceduralTreeRenderer.cs:1092)
VoxelEngine.Rendering.Runtime.Vegetation.ProceduralTreeRenderer:ClearGenerated () (at Assets/VoxelEngine/Rendering/Runtime/Vegetation/ProceduralTreeRenderer.cs:1106)
VoxelEngine.Rendering.Runtime.Vegetation.ProceduralTreeRenderer:OnDestroy () (at Assets/VoxelEngine/Rendering/Runtime/Vegetation/ProceduralTreeRenderer.cs:1115)
UnityEditor.TestTools.TestRunner.CommandLineTest.Executer:ExitApplication (UnityEditor.TestTools.TestRunner.CommandLineTest.Executer/ReturnCodes,string) (at ./Library/PackageCache/com.unity.test-framework@1405238725ab/UnityEditor.TestRunner/CommandLineTest/Executer.cs:83)
UnityEditor.TestTools.TestRunner.CommandLineTest.Executer:ExitIfRunIsCompleted () (at ./Library/PackageCache/com.unity.test-framework@1405238725ab/UnityEditor.TestRunner/CommandLineTest/Executer.cs:74)
UnityEditor.EditorApplication:Internal_CallUpdateFunctions () (at /Users/bokken/build/output/unity/unity/Editor/Mono/EditorApplication.cs:403)

[Assets/VoxelEngine/Rendering/Runtime/Vegetation/ProceduralTreeRenderer.cs line 1079]

TreeBatch_1_9_LOD2: Destroy may not be called from edit mode! Use DestroyImmediate instead.
Destroying an object in edit mode destroys it permanently
UnityEngine.Debug:ExtractStackTraceNoAlloc (byte*,int,string)
UnityEngine.StackTraceUtility:ExtractStackTrace () (at /Users/bokken/build/output/unity/unity/Runtime/Export/Scripting/StackTrace.cs:35)
UnityEngine.Object:Destroy (UnityEngine.Object,single)
UnityEngine.Object:Destroy (UnityEngine.Object) (at /Users/bokken/build/output/unity/unity/Runtime/Export/Scripting/UnityEngineObject.bindings.cs:707)
VoxelEngine.Rendering.Runtime.Vegetation.ProceduralTreeRenderer:DestroyBatchObjects (VoxelEngine.Rendering.Runtime.Vegetation.ProceduralTreeRenderer/BatchPresentation) (at Assets/VoxelEngine/Rendering/Runtime/Vegetation/ProceduralTreeRenderer.cs:1079)
VoxelEngine.Rendering.Runtime.Vegetation.ProceduralTreeRenderer:ClearBatches () (at Assets/VoxelEngine/Rendering/Runtime/Vegetation/ProceduralTreeRenderer.cs:1092)
VoxelEngine.Rendering.Runtime.Vegetation.ProceduralTreeRenderer:ClearGenerated () (at Assets/VoxelEngine/Rendering/Runtime/Vegetation/ProceduralTreeRenderer.cs:1106)
VoxelEngine.Rendering.Runtime.Vegetation.ProceduralTreeRenderer:OnDestroy () (at Assets/VoxelEngine/Rendering/Runtime/Vegetation/ProceduralTreeRenderer.cs:1115)
UnityEditor.TestTools.TestRunner.CommandLineTest.Executer:ExitApplication (UnityEditor.TestTools.TestRunner.CommandLineTest.Executer/ReturnCodes,string) (at ./Library/PackageCache/com.unity.test-framework@1405238725ab/UnityEditor.TestRunner/CommandLineTest/Executer.cs:83)
UnityEditor.TestTools.TestRunner.CommandLineTest.Executer:ExitIfRunIsCompleted () (at ./Library/PackageCache/com.unity.test-framework@1405238725ab/UnityEditor.TestRunner/CommandLineTest/Executer.cs:74)
UnityEditor.EditorApplication:Internal_CallUpdateFunctions () (at /Users/bokken/build/output/unity/unity/Editor/Mono/EditorApplication.cs:403)

[Assets/VoxelEngine/Rendering/Runtime/Vegetation/ProceduralTreeRenderer.cs line 1079]

TreeBatch_1_9_LOD3: Destroy may not be called from edit mode! Use DestroyImmediate instead.
Destroying an object in edit mode destroys it permanently
UnityEngine.Debug:ExtractStackTraceNoAlloc (byte*,int,string)
UnityEngine.StackTraceUtility:ExtractStackTrace () (at /Users/bokken/build/output/unity/unity/Runtime/Export/Scripting/StackTrace.cs:35)
UnityEngine.Object:Destroy (UnityEngine.Object,single)
UnityEngine.Object:Destroy (UnityEngine.Object) (at /Users/bokken/build/output/unity/unity/Runtime/Export/Scripting/UnityEngineObject.bindings.cs:707)
VoxelEngine.Rendering.Runtime.Vegetation.ProceduralTreeRenderer:DestroyBatchObjects (VoxelEngine.Rendering.Runtime.Vegetation.ProceduralTreeRenderer/BatchPresentation) (at Assets/VoxelEngine/Rendering/Runtime/Vegetation/ProceduralTreeRenderer.cs:1081)
VoxelEngine.Rendering.Runtime.Vegetation.ProceduralTreeRenderer:ClearBatches () (at Assets/VoxelEngine/Rendering/Runtime/Vegetation/ProceduralTreeRenderer.cs:1092)
VoxelEngine.Rendering.Runtime.Vegetation.ProceduralTreeRenderer:ClearGenerated () (at Assets/VoxelEngine/Rendering/Runtime/Vegetation/ProceduralTreeRenderer.cs:1106)
VoxelEngine.Rendering.Runtime.Vegetation.ProceduralTreeRenderer:OnDestroy () (at Assets/VoxelEngine/Rendering/Runtime/Vegetation/ProceduralTreeRenderer.cs:1115)
UnityEditor.TestTools.TestRunner.CommandLineTest.Executer:ExitApplication (UnityEditor.TestTools.TestRunner.CommandLineTest.Executer/ReturnCodes,string) (at ./Library/PackageCache/com.unity.test-framework@1405238725ab/UnityEditor.TestRunner/CommandLineTest/Executer.cs:83)
UnityEditor.TestTools.TestRunner.CommandLineTest.Executer:ExitIfRunIsCompleted () (at ./Library/PackageCache/com.unity.test-framework@1405238725ab/UnityEditor.TestRunner/CommandLineTest/Executer.cs:74)
UnityEditor.EditorApplication:Internal_CallUpdateFunctions () (at /Users/bokken/build/output/unity/unity/Editor/Mono/EditorApplication.cs:403)

[Assets/VoxelEngine/Rendering/Runtime/Vegetation/ProceduralTreeRenderer.cs line 1081]

Tree Batch 1,9: Destroy may not be called from edit mode! Use DestroyImmediate instead.
Destroying an object in edit mode destroys it permanently
UnityEngine.Debug:ExtractStackTraceNoAlloc (byte*,int,string)
UnityEngine.StackTraceUtility:ExtractStackTrace () (at /Users/bokken/build/output/unity/unity/Runtime/Export/Scripting/StackTrace.cs:35)
UnityEngine.Object:Destroy (UnityEngine.Object,single)
UnityEngine.Object:Destroy (UnityEngine.Object) (at /Users/bokken/build/output/unity/unity/Runtime/Export/Scripting/UnityEngineObject.bindings.cs:707)
VoxelEngine.Rendering.Runtime.Vegetation.ProceduralTreeRenderer:DestroyBatchObjects (VoxelEngine.Rendering.Runtime.Vegetation.ProceduralTreeRenderer/BatchPresentation) (at Assets/VoxelEngine/Rendering/Runtime/Vegetation/ProceduralTreeRenderer.cs:1085)
VoxelEngine.Rendering.Runtime.Vegetation.ProceduralTreeRenderer:ClearBatches () (at Assets/VoxelEngine/Rendering/Runtime/Vegetation/ProceduralTreeRenderer.cs:1092)
VoxelEngine.Rendering.Runtime.Vegetation.ProceduralTreeRenderer:ClearGenerated () (at Assets/VoxelEngine/Rendering/Runtime/Vegetation/ProceduralTreeRenderer.cs:1106)
VoxelEngine.Rendering.Runtime.Vegetation.ProceduralTreeRenderer:OnDestroy () (at Assets/VoxelEngine/Rendering/Runtime/Vegetation/ProceduralTreeRenderer.cs:1115)
UnityEditor.TestTools.TestRunner.CommandLineTest.Executer:ExitApplication (UnityEditor.TestTools.TestRunner.CommandLineTest.Executer/ReturnCodes,string) (at ./Library/PackageCache/com.unity.test-framework@1405238725ab/UnityEditor.TestRunner/CommandLineTest/Executer.cs:83)
UnityEditor.TestTools.TestRunner.CommandLineTest.Executer:ExitIfRunIsCompleted () (at ./Library/PackageCache/com.unity.test-framework@1405238725ab/UnityEditor.TestRunner/CommandLineTest/Executer.cs:74)
UnityEditor.EditorApplication:Internal_CallUpdateFunctions () (at /Users/bokken/build/output/unity/unity/Editor/Mono/EditorApplication.cs:403)

[Assets/VoxelEngine/Rendering/Runtime/Vegetation/ProceduralTreeRenderer.cs line 1085]

TreeBatch_2_9_LOD0: Destroy may not be called from edit mode! Use DestroyImmediate instead.
Destroying an object in edit mode destroys it permanently
UnityEngine.Debug:ExtractStackTraceNoAlloc (byte*,int,string)
UnityEngine.StackTraceUtility:ExtractStackTrace () (at /Users/bokken/build/output/unity/unity/Runtime/Export/Scripting/StackTrace.cs:35)
UnityEngine.Object:Destroy (UnityEngine.Object,single)
UnityEngine.Object:Destroy (UnityEngine.Object) (at /Users/bokken/build/output/unity/unity/Runtime/Export/Scripting/UnityEngineObject.bindings.cs:707)
VoxelEngine.Rendering.Runtime.Vegetation.ProceduralTreeRenderer:DestroyBatchObjects (VoxelEngine.Rendering.Runtime.Vegetation.ProceduralTreeRenderer/BatchPresentation) (at Assets/VoxelEngine/Rendering/Runtime/Vegetation/ProceduralTreeRenderer.cs:1079)
VoxelEngine.Rendering.Runtime.Vegetation.ProceduralTreeRenderer:ClearBatches () (at Assets/VoxelEngine/Rendering/Runtime/Vegetation/ProceduralTreeRenderer.cs:1092)
VoxelEngine.Rendering.Runtime.Vegetation.ProceduralTreeRenderer:ClearGenerated () (at Assets/VoxelEngine/Rendering/Runtime/Vegetation/ProceduralTreeRenderer.cs:1106)
VoxelEngine.Rendering.Runtime.Vegetation.ProceduralTreeRenderer:OnDestroy () (at Assets/VoxelEngine/Rendering/Runtime/Vegetation/ProceduralTreeRenderer.cs:1115)
UnityEditor.TestTools.TestRunner.CommandLineTest.Executer:ExitApplication (UnityEditor.TestTools.TestRunner.CommandLineTest.Executer/ReturnCodes,string) (at ./Library/PackageCache/com.unity.test-framework@1405238725ab/UnityEditor.TestRunner/CommandLineTest/Executer.cs:83)
UnityEditor.TestTools.TestRunner.CommandLineTest.Executer:ExitIfRunIsCompleted () (at ./Library/PackageCache/com.unity.test-framework@1405238725ab/UnityEditor.TestRunner/CommandLineTest/Executer.cs:74)
UnityEditor.EditorApplication:Internal_CallUpdateFunctions () (at /Users/bokken/build/output/unity/unity/Editor/Mono/EditorApplication.cs:403)

[Assets/VoxelEngine/Rendering/Runtime/Vegetation/ProceduralTreeRenderer.cs line 1079]

TreeBatch_2_9_LOD1: Destroy may not be called from edit mode! Use DestroyImmediate instead.
Destroying an object in edit mode destroys it permanently
UnityEngine.Debug:ExtractStackTraceNoAlloc (byte*,int,string)
UnityEngine.StackTraceUtility:ExtractStackTrace () (at /Users/bokken/build/output/unity/unity/Runtime/Export/Scripting/StackTrace.cs:35)
UnityEngine.Object:Destroy (UnityEngine.Object,single)
UnityEngine.Object:Destroy (UnityEngine.Object) (at /Users/bokken/build/output/unity/unity/Runtime/Export/Scripting/UnityEngineObject.bindings.cs:707)
VoxelEngine.Rendering.Runtime.Vegetation.ProceduralTreeRenderer:DestroyBatchObjects (VoxelEngine.Rendering.Runtime.Vegetation.ProceduralTreeRenderer/BatchPresentation) (at Assets/VoxelEngine/Rendering/Runtime/Vegetation/ProceduralTreeRenderer.cs:1079)
VoxelEngine.Rendering.Runtime.Vegetation.ProceduralTreeRenderer:ClearBatches () (at Assets/VoxelEngine/Rendering/Runtime/Vegetation/ProceduralTreeRenderer.cs:1092)
VoxelEngine.Rendering.Runtime.Vegetation.ProceduralTreeRenderer:ClearGenerated () (at Assets/VoxelEngine/Rendering/Runtime/Vegetation/ProceduralTreeRenderer.cs:1106)
VoxelEngine.Rendering.Runtime.Vegetation.ProceduralTreeRenderer:OnDestroy () (at Assets/VoxelEngine/Rendering/Runtime/Vegetation/ProceduralTreeRenderer.cs:1115)
UnityEditor.TestTools.TestRunner.CommandLineTest.Executer:ExitApplication (UnityEditor.TestTools.TestRunner.CommandLineTest.Executer/ReturnCodes,string) (at ./Library/PackageCache/com.unity.test-framework@1405238725ab/UnityEditor.TestRunner/CommandLineTest/Executer.cs:83)
UnityEditor.TestTools.TestRunner.CommandLineTest.Executer:ExitIfRunIsCompleted () (at ./Library/PackageCache/com.unity.test-framework@1405238725ab/UnityEditor.TestRunner/CommandLineTest/Executer.cs:74)
UnityEditor.EditorApplication:Internal_CallUpdateFunctions () (at /Users/bokken/build/output/unity/unity/Editor/Mono/EditorApplication.cs:403)

[Assets/VoxelEngine/Rendering/Runtime/Vegetation/ProceduralTreeRenderer.cs line 1079]

TreeBatch_2_9_LOD2: Destroy may not be called from edit mode! Use DestroyImmediate instead.
Destroying an object in edit mode destroys it permanently
UnityEngine.Debug:ExtractStackTraceNoAlloc (byte*,int,string)
UnityEngine.StackTraceUtility:ExtractStackTrace () (at /Users/bokken/build/output/unity/unity/Runtime/Export/Scripting/StackTrace.cs:35)
UnityEngine.Object:Destroy (UnityEngine.Object,single)
UnityEngine.Object:Destroy (UnityEngine.Object) (at /Users/bokken/build/output/unity/unity/Runtime/Export/Scripting/UnityEngineObject.bindings.cs:707)
VoxelEngine.Rendering.Runtime.Vegetation.ProceduralTreeRenderer:DestroyBatchObjects (VoxelEngine.Rendering.Runtime.Vegetation.ProceduralTreeRenderer/BatchPresentation) (at Assets/VoxelEngine/Rendering/Runtime/Vegetation/ProceduralTreeRenderer.cs:1079)
VoxelEngine.Rendering.Runtime.Vegetation.ProceduralTreeRenderer:ClearBatches () (at Assets/VoxelEngine/Rendering/Runtime/Vegetation/ProceduralTreeRenderer.cs:1092)
VoxelEngine.Rendering.Runtime.Vegetation.ProceduralTreeRenderer:ClearGenerated () (at Assets/VoxelEngine/Rendering/Runtime/Vegetation/ProceduralTreeRenderer.cs:1106)
VoxelEngine.Rendering.Runtime.Vegetation.ProceduralTreeRenderer:OnDestroy () (at Assets/VoxelEngine/Rendering/Runtime/Vegetation/ProceduralTreeRenderer.cs:1115)
UnityEditor.TestTools.TestRunner.CommandLineTest.Executer:ExitApplication (UnityEditor.TestTools.TestRunner.CommandLineTest.Executer/ReturnCodes,string) (at ./Library/PackageCache/com.unity.test-framework@1405238725ab/UnityEditor.TestRunner/CommandLineTest/Executer.cs:83)
UnityEditor.TestTools.TestRunner.CommandLineTest.Executer:ExitIfRunIsCompleted () (at ./Library/PackageCache/com.unity.test-framework@1405238725ab/UnityEditor.TestRunner/CommandLineTest/Executer.cs:74)
UnityEditor.EditorApplication:Internal_CallUpdateFunctions () (at /Users/bokken/build/output/unity/unity/Editor/Mono/EditorApplication.cs:403)

[Assets/VoxelEngine/Rendering/Runtime/Vegetation/ProceduralTreeRenderer.cs line 1079]

TreeBatch_2_9_LOD3: Destroy may not be called from edit mode! Use DestroyImmediate instead.
Destroying an object in edit mode destroys it permanently
UnityEngine.Debug:ExtractStackTraceNoAlloc (byte*,int,string)
UnityEngine.StackTraceUtility:ExtractStackTrace () (at /Users/bokken/build/output/unity/unity/Runtime/Export/Scripting/StackTrace.cs:35)
UnityEngine.Object:Destroy (UnityEngine.Object,single)
UnityEngine.Object:Destroy (UnityEngine.Object) (at /Users/bokken/build/output/unity/unity/Runtime/Export/Scripting/UnityEngineObject.bindings.cs:707)
VoxelEngine.Rendering.Runtime.Vegetation.ProceduralTreeRenderer:DestroyBatchObjects (VoxelEngine.Rendering.Runtime.Vegetation.ProceduralTreeRenderer/BatchPresentation) (at Assets/VoxelEngine/Rendering/Runtime/Vegetation/ProceduralTreeRenderer.cs:1081)
VoxelEngine.Rendering.Runtime.Vegetation.ProceduralTreeRenderer:ClearBatches () (at Assets/VoxelEngine/Rendering/Runtime/Vegetation/ProceduralTreeRenderer.cs:1092)
VoxelEngine.Rendering.Runtime.Vegetation.ProceduralTreeRenderer:ClearGenerated () (at Assets/VoxelEngine/Rendering/Runtime/Vegetation/ProceduralTreeRenderer.cs:1106)
VoxelEngine.Rendering.Runtime.Vegetation.ProceduralTreeRenderer:OnDestroy () (at Assets/VoxelEngine/Rendering/Runtime/Vegetation/ProceduralTreeRenderer.cs:1115)
UnityEditor.TestTools.TestRunner.CommandLineTest.Executer:ExitApplication (UnityEditor.TestTools.TestRunner.CommandLineTest.Executer/ReturnCodes,string) (at ./Library/PackageCache/com.unity.test-framework@1405238725ab/UnityEditor.TestRunner/CommandLineTest/Executer.cs:83)
UnityEditor.TestTools.TestRunner.CommandLineTest.Executer:ExitIfRunIsCompleted () (at ./Library/PackageCache/com.unity.test-framework@1405238725ab/UnityEditor.TestRunner/CommandLineTest/Executer.cs:74)
UnityEditor.EditorApplication:Internal_CallUpdateFunctions () (at /Users/bokken/build/output/unity/unity/Editor/Mono/EditorApplication.cs:403)

[Assets/VoxelEngine/Rendering/Runtime/Vegetation/ProceduralTreeRenderer.cs line 1081]

Tree Batch 2,9: Destroy may not be called from edit mode! Use DestroyImmediate instead.
Destroying an object in edit mode destroys it permanently
UnityEngine.Debug:ExtractStackTraceNoAlloc (byte*,int,string)
UnityEngine.StackTraceUtility:ExtractStackTrace () (at /Users/bokken/build/output/unity/unity/Runtime/Export/Scripting/StackTrace.cs:35)
UnityEngine.Object:Destroy (UnityEngine.Object,single)
UnityEngine.Object:Destroy (UnityEngine.Object) (at /Users/bokken/build/output/unity/unity/Runtime/Export/Scripting/UnityEngineObject.bindings.cs:707)
VoxelEngine.Rendering.Runtime.Vegetation.ProceduralTreeRenderer:DestroyBatchObjects (VoxelEngine.Rendering.Runtime.Vegetation.ProceduralTreeRenderer/BatchPresentation) (at Assets/VoxelEngine/Rendering/Runtime/Vegetation/ProceduralTreeRenderer.cs:1085)
VoxelEngine.Rendering.Runtime.Vegetation.ProceduralTreeRenderer:ClearBatches () (at Assets/VoxelEngine/Rendering/Runtime/Vegetation/ProceduralTreeRenderer.cs:1092)
VoxelEngine.Rendering.Runtime.Vegetation.ProceduralTreeRenderer:ClearGenerated () (at Assets/VoxelEngine/Rendering/Runtime/Vegetation/ProceduralTreeRenderer.cs:1106)
VoxelEngine.Rendering.Runtime.Vegetation.ProceduralTreeRenderer:OnDestroy () (at Assets/VoxelEngine/Rendering/Runtime/Vegetation/ProceduralTreeRenderer.cs:1115)
UnityEditor.TestTools.TestRunner.CommandLineTest.Executer:ExitApplication (UnityEditor.TestTools.TestRunner.CommandLineTest.Executer/ReturnCodes,string) (at ./Library/PackageCache/com.unity.test-framework@1405238725ab/UnityEditor.TestRunner/CommandLineTest/Executer.cs:83)
UnityEditor.TestTools.TestRunner.CommandLineTest.Executer:ExitIfRunIsCompleted () (at ./Library/PackageCache/com.unity.test-framework@1405238725ab/UnityEditor.TestRunner/CommandLineTest/Executer.cs:74)
UnityEditor.EditorApplication:Internal_CallUpdateFunctions () (at /Users/bokken/build/output/unity/unity/Editor/Mono/EditorApplication.cs:403)

[Assets/VoxelEngine/Rendering/Runtime/Vegetation/ProceduralTreeRenderer.cs line 1085]

TreeBatch_3_9_LOD0: Destroy may not be called from edit mode! Use DestroyImmediate instead.
Destroying an object in edit mode destroys it permanently
UnityEngine.Debug:ExtractStackTraceNoAlloc (byte*,int,string)
UnityEngine.StackTraceUtility:ExtractStackTrace () (at /Users/bokken/build/output/unity/unity/Runtime/Export/Scripting/StackTrace.cs:35)
UnityEngine.Object:Destroy (UnityEngine.Object,single)
UnityEngine.Object:Destroy (UnityEngine.Object) (at /Users/bokken/build/output/unity/unity/Runtime/Export/Scripting/UnityEngineObject.bindings.cs:707)
VoxelEngine.Rendering.Runtime.Vegetation.ProceduralTreeRenderer:DestroyBatchObjects (VoxelEngine.Rendering.Runtime.Vegetation.ProceduralTreeRenderer/BatchPresentation) (at Assets/VoxelEngine/Rendering/Runtime/Vegetation/ProceduralTreeRenderer.cs:1079)
VoxelEngine.Rendering.Runtime.Vegetation.ProceduralTreeRenderer:ClearBatches () (at Assets/VoxelEngine/Rendering/Runtime/Vegetation/ProceduralTreeRenderer.cs:1092)
VoxelEngine.Rendering.Runtime.Vegetation.ProceduralTreeRenderer:ClearGenerated () (at Assets/VoxelEngine/Rendering/Runtime/Vegetation/ProceduralTreeRenderer.cs:1106)
VoxelEngine.Rendering.Runtime.Vegetation.ProceduralTreeRenderer:OnDestroy () (at Assets/VoxelEngine/Rendering/Runtime/Vegetation/ProceduralTreeRenderer.cs:1115)
UnityEditor.TestTools.TestRunner.CommandLineTest.Executer:ExitApplication (UnityEditor.TestTools.TestRunner.CommandLineTest.Executer/ReturnCodes,string) (at ./Library/PackageCache/com.unity.test-framework@1405238725ab/UnityEditor.TestRunner/CommandLineTest/Executer.cs:83)
UnityEditor.TestTools.TestRunner.CommandLineTest.Executer:ExitIfRunIsCompleted () (at ./Library/PackageCache/com.unity.test-framework@1405238725ab/UnityEditor.TestRunner/CommandLineTest/Executer.cs:74)
UnityEditor.EditorApplication:Internal_CallUpdateFunctions () (at /Users/bokken/build/output/unity/unity/Editor/Mono/EditorApplication.cs:403)

[Assets/VoxelEngine/Rendering/Runtime/Vegetation/ProceduralTreeRenderer.cs line 1079]

TreeBatch_3_9_LOD1: Destroy may not be called from edit mode! Use DestroyImmediate instead.
Destroying an object in edit mode destroys it permanently
UnityEngine.Debug:ExtractStackTraceNoAlloc (byte*,int,string)
UnityEngine.StackTraceUtility:ExtractStackTrace () (at /Users/bokken/build/output/unity/unity/Runtime/Export/Scripting/StackTrace.cs:35)
UnityEngine.Object:Destroy (UnityEngine.Object,single)
UnityEngine.Object:Destroy (UnityEngine.Object) (at /Users/bokken/build/output/unity/unity/Runtime/Export/Scripting/UnityEngineObject.bindings.cs:707)
VoxelEngine.Rendering.Runtime.Vegetation.ProceduralTreeRenderer:DestroyBatchObjects (VoxelEngine.Rendering.Runtime.Vegetation.ProceduralTreeRenderer/BatchPresentation) (at Assets/VoxelEngine/Rendering/Runtime/Vegetation/ProceduralTreeRenderer.cs:1079)
VoxelEngine.Rendering.Runtime.Vegetation.ProceduralTreeRenderer:ClearBatches () (at Assets/VoxelEngine/Rendering/Runtime/Vegetation/ProceduralTreeRenderer.cs:1092)
VoxelEngine.Rendering.Runtime.Vegetation.ProceduralTreeRenderer:ClearGenerated () (at Assets/VoxelEngine/Rendering/Runtime/Vegetation/ProceduralTreeRenderer.cs:1106)
VoxelEngine.Rendering.Runtime.Vegetation.ProceduralTreeRenderer:OnDestroy () (at Assets/VoxelEngine/Rendering/Runtime/Vegetation/ProceduralTreeRenderer.cs:1115)
UnityEditor.TestTools.TestRunner.CommandLineTest.Executer:ExitApplication (UnityEditor.TestTools.TestRunner.CommandLineTest.Executer/ReturnCodes,string) (at ./Library/PackageCache/com.unity.test-framework@1405238725ab/UnityEditor.TestRunner/CommandLineTest/Executer.cs:83)
UnityEditor.TestTools.TestRunner.CommandLineTest.Executer:ExitIfRunIsCompleted () (at ./Library/PackageCache/com.unity.test-framework@1405238725ab/UnityEditor.TestRunner/CommandLineTest/Executer.cs:74)
UnityEditor.EditorApplication:Internal_CallUpdateFunctions () (at /Users/bokken/build/output/unity/unity/Editor/Mono/EditorApplication.cs:403)

[Assets/VoxelEngine/Rendering/Runtime/Vegetation/ProceduralTreeRenderer.cs line 1079]

TreeBatch_3_9_LOD2: Destroy may not be called from edit mode! Use DestroyImmediate instead.
Destroying an object in edit mode destroys it permanently
UnityEngine.Debug:ExtractStackTraceNoAlloc (byte*,int,string)
UnityEngine.StackTraceUtility:ExtractStackTrace () (at /Users/bokken/build/output/unity/unity/Runtime/Export/Scripting/StackTrace.cs:35)
UnityEngine.Object:Destroy (UnityEngine.Object,single)
UnityEngine.Object:Destroy (UnityEngine.Object) (at /Users/bokken/build/output/unity/unity/Runtime/Export/Scripting/UnityEngineObject.bindings.cs:707)
VoxelEngine.Rendering.Runtime.Vegetation.ProceduralTreeRenderer:DestroyBatchObjects (VoxelEngine.Rendering.Runtime.Vegetation.ProceduralTreeRenderer/BatchPresentation) (at Assets/VoxelEngine/Rendering/Runtime/Vegetation/ProceduralTreeRenderer.cs:1079)
VoxelEngine.Rendering.Runtime.Vegetation.ProceduralTreeRenderer:ClearBatches () (at Assets/VoxelEngine/Rendering/Runtime/Vegetation/ProceduralTreeRenderer.cs:1092)
VoxelEngine.Rendering.Runtime.Vegetation.ProceduralTreeRenderer:ClearGenerated () (at Assets/VoxelEngine/Rendering/Runtime/Vegetation/ProceduralTreeRenderer.cs:1106)
VoxelEngine.Rendering.Runtime.Vegetation.ProceduralTreeRenderer:OnDestroy () (at Assets/VoxelEngine/Rendering/Runtime/Vegetation/ProceduralTreeRenderer.cs:1115)
UnityEditor.TestTools.TestRunner.CommandLineTest.Executer:ExitApplication (UnityEditor.TestTools.TestRunner.CommandLineTest.Executer/ReturnCodes,string) (at ./Library/PackageCache/com.unity.test-framework@1405238725ab/UnityEditor.TestRunner/CommandLineTest/Executer.cs:83)
UnityEditor.TestTools.TestRunner.CommandLineTest.Executer:ExitIfRunIsCompleted () (at ./Library/PackageCache/com.unity.test-framework@1405238725ab/UnityEditor.TestRunner/CommandLineTest/Executer.cs:74)
UnityEditor.EditorApplication:Internal_CallUpdateFunctions () (at /Users/bokken/build/output/unity/unity/Editor/Mono/EditorApplication.cs:403)

[Assets/VoxelEngine/Rendering/Runtime/Vegetation/ProceduralTreeRenderer.cs line 1079]

TreeBatch_3_9_LOD3: Destroy may not be called from edit mode! Use DestroyImmediate instead.
Destroying an object in edit mode destroys it permanently
UnityEngine.Debug:ExtractStackTraceNoAlloc (byte*,int,string)
UnityEngine.StackTraceUtility:ExtractStackTrace () (at /Users/bokken/build/output/unity/unity/Runtime/Export/Scripting/StackTrace.cs:35)
UnityEngine.Object:Destroy (UnityEngine.Object,single)
UnityEngine.Object:Destroy (UnityEngine.Object) (at /Users/bokken/build/output/unity/unity/Runtime/Export/Scripting/UnityEngineObject.bindings.cs:707)
VoxelEngine.Rendering.Runtime.Vegetation.ProceduralTreeRenderer:DestroyBatchObjects (VoxelEngine.Rendering.Runtime.Vegetation.ProceduralTreeRenderer/BatchPresentation) (at Assets/VoxelEngine/Rendering/Runtime/Vegetation/ProceduralTreeRenderer.cs:1081)
VoxelEngine.Rendering.Runtime.Vegetation.ProceduralTreeRenderer:ClearBatches () (at Assets/VoxelEngine/Rendering/Runtime/Vegetation/ProceduralTreeRenderer.cs:1092)
VoxelEngine.Rendering.Runtime.Vegetation.ProceduralTreeRenderer:ClearGenerated () (at Assets/VoxelEngine/Rendering/Runtime/Vegetation/ProceduralTreeRenderer.cs:1106)
VoxelEngine.Rendering.Runtime.Vegetation.ProceduralTreeRenderer:OnDestroy () (at Assets/VoxelEngine/Rendering/Runtime/Vegetation/ProceduralTreeRenderer.cs:1115)
UnityEditor.TestTools.TestRunner.CommandLineTest.Executer:ExitApplication (UnityEditor.TestTools.TestRunner.CommandLineTest.Executer/ReturnCodes,string) (at ./Library/PackageCache/com.unity.test-framework@1405238725ab/UnityEditor.TestRunner/CommandLineTest/Executer.cs:83)
UnityEditor.TestTools.TestRunner.CommandLineTest.Executer:ExitIfRunIsCompleted () (at ./Library/PackageCache/com.unity.test-framework@1405238725ab/UnityEditor.TestRunner/CommandLineTest/Executer.cs:74)
UnityEditor.EditorApplication:Internal_CallUpdateFunctions () (at /Users/bokken/build/output/unity/unity/Editor/Mono/EditorApplication.cs:403)

[Assets/VoxelEngine/Rendering/Runtime/Vegetation/ProceduralTreeRenderer.cs line 1081]

Tree Batch 3,9: Destroy may not be called from edit mode! Use DestroyImmediate instead.
Destroying an object in edit mode destroys it permanently
UnityEngine.Debug:ExtractStackTraceNoAlloc (byte*,int,string)
UnityEngine.StackTraceUtility:ExtractStackTrace () (at /Users/bokken/build/output/unity/unity/Runtime/Export/Scripting/StackTrace.cs:35)
UnityEngine.Object:Destroy (UnityEngine.Object,single)
UnityEngine.Object:Destroy (UnityEngine.Object) (at /Users/bokken/build/output/unity/unity/Runtime/Export/Scripting/UnityEngineObject.bindings.cs:707)
VoxelEngine.Rendering.Runtime.Vegetation.ProceduralTreeRenderer:DestroyBatchObjects (VoxelEngine.Rendering.Runtime.Vegetation.ProceduralTreeRenderer/BatchPresentation) (at Assets/VoxelEngine/Rendering/Runtime/Vegetation/ProceduralTreeRenderer.cs:1085)
VoxelEngine.Rendering.Runtime.Vegetation.ProceduralTreeRenderer:ClearBatches () (at Assets/VoxelEngine/Rendering/Runtime/Vegetation/ProceduralTreeRenderer.cs:1092)
VoxelEngine.Rendering.Runtime.Vegetation.ProceduralTreeRenderer:ClearGenerated () (at Assets/VoxelEngine/Rendering/Runtime/Vegetation/ProceduralTreeRenderer.cs:1106)
VoxelEngine.Rendering.Runtime.Vegetation.ProceduralTreeRenderer:OnDestroy () (at Assets/VoxelEngine/Rendering/Runtime/Vegetation/ProceduralTreeRenderer.cs:1115)
UnityEditor.TestTools.TestRunner.CommandLineTest.Executer:ExitApplication (UnityEditor.TestTools.TestRunner.CommandLineTest.Executer/ReturnCodes,string) (at ./Library/PackageCache/com.unity.test-framework@1405238725ab/UnityEditor.TestRunner/CommandLineTest/Executer.cs:83)
UnityEditor.TestTools.TestRunner.CommandLineTest.Executer:ExitIfRunIsCompleted () (at ./Library/PackageCache/com.unity.test-framework@1405238725ab/UnityEditor.TestRunner/CommandLineTest/Executer.cs:74)
UnityEditor.EditorApplication:Internal_CallUpdateFunctions () (at /Users/bokken/build/output/unity/unity/Editor/Mono/EditorApplication.cs:403)

[Assets/VoxelEngine/Rendering/Runtime/Vegetation/ProceduralTreeRenderer.cs line 1085]

TreeBatch_4_9_LOD0: Destroy may not be called from edit mode! Use DestroyImmediate instead.
Destroying an object in edit mode destroys it permanently
UnityEngine.Debug:ExtractStackTraceNoAlloc (byte*,int,string)
UnityEngine.StackTraceUtility:ExtractStackTrace () (at /Users/bokken/build/output/unity/unity/Runtime/Export/Scripting/StackTrace.cs:35)
UnityEngine.Object:Destroy (UnityEngine.Object,single)
UnityEngine.Object:Destroy (UnityEngine.Object) (at /Users/bokken/build/output/unity/unity/Runtime/Export/Scripting/UnityEngineObject.bindings.cs:707)
VoxelEngine.Rendering.Runtime.Vegetation.ProceduralTreeRenderer:DestroyBatchObjects (VoxelEngine.Rendering.Runtime.Vegetation.ProceduralTreeRenderer/BatchPresentation) (at Assets/VoxelEngine/Rendering/Runtime/Vegetation/ProceduralTreeRenderer.cs:1079)
VoxelEngine.Rendering.Runtime.Vegetation.ProceduralTreeRenderer:ClearBatches () (at Assets/VoxelEngine/Rendering/Runtime/Vegetation/ProceduralTreeRenderer.cs:1092)
VoxelEngine.Rendering.Runtime.Vegetation.ProceduralTreeRenderer:ClearGenerated () (at Assets/VoxelEngine/Rendering/Runtime/Vegetation/ProceduralTreeRenderer.cs:1106)
VoxelEngine.Rendering.Runtime.Vegetation.ProceduralTreeRenderer:OnDestroy () (at Assets/VoxelEngine/Rendering/Runtime/Vegetation/ProceduralTreeRenderer.cs:1115)
UnityEditor.TestTools.TestRunner.CommandLineTest.Executer:ExitApplication (UnityEditor.TestTools.TestRunner.CommandLineTest.Executer/ReturnCodes,string) (at ./Library/PackageCache/com.unity.test-framework@1405238725ab/UnityEditor.TestRunner/CommandLineTest/Executer.cs:83)
UnityEditor.TestTools.TestRunner.CommandLineTest.Executer:ExitIfRunIsCompleted () (at ./Library/PackageCache/com.unity.test-framework@1405238725ab/UnityEditor.TestRunner/CommandLineTest/Executer.cs:74)
UnityEditor.EditorApplication:Internal_CallUpdateFunctions () (at /Users/bokken/build/output/unity/unity/Editor/Mono/EditorApplication.cs:403)

[Assets/VoxelEngine/Rendering/Runtime/Vegetation/ProceduralTreeRenderer.cs line 1079]

TreeBatch_4_9_LOD1: Destroy may not be called from edit mode! Use DestroyImmediate instead.
Destroying an object in edit mode destroys it permanently
UnityEngine.Debug:ExtractStackTraceNoAlloc (byte*,int,string)
UnityEngine.StackTraceUtility:ExtractStackTrace () (at /Users/bokken/build/output/unity/unity/Runtime/Export/Scripting/StackTrace.cs:35)
UnityEngine.Object:Destroy (UnityEngine.Object,single)
UnityEngine.Object:Destroy (UnityEngine.Object) (at /Users/bokken/build/output/unity/unity/Runtime/Export/Scripting/UnityEngineObject.bindings.cs:707)
VoxelEngine.Rendering.Runtime.Vegetation.ProceduralTreeRenderer:DestroyBatchObjects (VoxelEngine.Rendering.Runtime.Vegetation.ProceduralTreeRenderer/BatchPresentation) (at Assets/VoxelEngine/Rendering/Runtime/Vegetation/ProceduralTreeRenderer.cs:1079)
VoxelEngine.Rendering.Runtime.Vegetation.ProceduralTreeRenderer:ClearBatches () (at Assets/VoxelEngine/Rendering/Runtime/Vegetation/ProceduralTreeRenderer.cs:1092)
VoxelEngine.Rendering.Runtime.Vegetation.ProceduralTreeRenderer:ClearGenerated () (at Assets/VoxelEngine/Rendering/Runtime/Vegetation/ProceduralTreeRenderer.cs:1106)
VoxelEngine.Rendering.Runtime.Vegetation.ProceduralTreeRenderer:OnDestroy () (at Assets/VoxelEngine/Rendering/Runtime/Vegetation/ProceduralTreeRenderer.cs:1115)
UnityEditor.TestTools.TestRunner.CommandLineTest.Executer:ExitApplication (UnityEditor.TestTools.TestRunner.CommandLineTest.Executer/ReturnCodes,string) (at ./Library/PackageCache/com.unity.test-framework@1405238725ab/UnityEditor.TestRunner/CommandLineTest/Executer.cs:83)
UnityEditor.TestTools.TestRunner.CommandLineTest.Executer:ExitIfRunIsCompleted () (at ./Library/PackageCache/com.unity.test-framework@1405238725ab/UnityEditor.TestRunner/CommandLineTest/Executer.cs:74)
UnityEditor.EditorApplication:Internal_CallUpdateFunctions () (at /Users/bokken/build/output/unity/unity/Editor/Mono/EditorApplication.cs:403)

[Assets/VoxelEngine/Rendering/Runtime/Vegetation/ProceduralTreeRenderer.cs line 1079]

TreeBatch_4_9_LOD2: Destroy may not be called from edit mode! Use DestroyImmediate instead.
Destroying an object in edit mode destroys it permanently
UnityEngine.Debug:ExtractStackTraceNoAlloc (byte*,int,string)
UnityEngine.StackTraceUtility:ExtractStackTrace () (at /Users/bokken/build/output/unity/unity/Runtime/Export/Scripting/StackTrace.cs:35)
UnityEngine.Object:Destroy (UnityEngine.Object,single)
UnityEngine.Object:Destroy (UnityEngine.Object) (at /Users/bokken/build/output/unity/unity/Runtime/Export/Scripting/UnityEngineObject.bindings.cs:707)
VoxelEngine.Rendering.Runtime.Vegetation.ProceduralTreeRenderer:DestroyBatchObjects (VoxelEngine.Rendering.Runtime.Vegetation.ProceduralTreeRenderer/BatchPresentation) (at Assets/VoxelEngine/Rendering/Runtime/Vegetation/ProceduralTreeRenderer.cs:1079)
VoxelEngine.Rendering.Runtime.Vegetation.ProceduralTreeRenderer:ClearBatches () (at Assets/VoxelEngine/Rendering/Runtime/Vegetation/ProceduralTreeRenderer.cs:1092)
VoxelEngine.Rendering.Runtime.Vegetation.ProceduralTreeRenderer:ClearGenerated () (at Assets/VoxelEngine/Rendering/Runtime/Vegetation/ProceduralTreeRenderer.cs:1106)
VoxelEngine.Rendering.Runtime.Vegetation.ProceduralTreeRenderer:OnDestroy () (at Assets/VoxelEngine/Rendering/Runtime/Vegetation/ProceduralTreeRenderer.cs:1115)
UnityEditor.TestTools.TestRunner.CommandLineTest.Executer:ExitApplication (UnityEditor.TestTools.TestRunner.CommandLineTest.Executer/ReturnCodes,string) (at ./Library/PackageCache/com.unity.test-framework@1405238725ab/UnityEditor.TestRunner/CommandLineTest/Executer.cs:83)
UnityEditor.TestTools.TestRunner.CommandLineTest.Executer:ExitIfRunIsCompleted () (at ./Library/PackageCache/com.unity.test-framework@1405238725ab/UnityEditor.TestRunner/CommandLineTest/Executer.cs:74)
UnityEditor.EditorApplication:Internal_CallUpdateFunctions () (at /Users/bokken/build/output/unity/unity/Editor/Mono/EditorApplication.cs:403)

[Assets/VoxelEngine/Rendering/Runtime/Vegetation/ProceduralTreeRenderer.cs line 1079]

TreeBatch_4_9_LOD3: Destroy may not be called from edit mode! Use DestroyImmediate instead.
Destroying an object in edit mode destroys it permanently
UnityEngine.Debug:ExtractStackTraceNoAlloc (byte*,int,string)
UnityEngine.StackTraceUtility:ExtractStackTrace () (at /Users/bokken/build/output/unity/unity/Runtime/Export/Scripting/StackTrace.cs:35)
UnityEngine.Object:Destroy (UnityEngine.Object,single)
UnityEngine.Object:Destroy (UnityEngine.Object) (at /Users/bokken/build/output/unity/unity/Runtime/Export/Scripting/UnityEngineObject.bindings.cs:707)
VoxelEngine.Rendering.Runtime.Vegetation.ProceduralTreeRenderer:DestroyBatchObjects (VoxelEngine.Rendering.Runtime.Vegetation.ProceduralTreeRenderer/BatchPresentation) (at Assets/VoxelEngine/Rendering/Runtime/Vegetation/ProceduralTreeRenderer.cs:1081)
VoxelEngine.Rendering.Runtime.Vegetation.ProceduralTreeRenderer:ClearBatches () (at Assets/VoxelEngine/Rendering/Runtime/Vegetation/ProceduralTreeRenderer.cs:1092)
VoxelEngine.Rendering.Runtime.Vegetation.ProceduralTreeRenderer:ClearGenerated () (at Assets/VoxelEngine/Rendering/Runtime/Vegetation/ProceduralTreeRenderer.cs:1106)
VoxelEngine.Rendering.Runtime.Vegetation.ProceduralTreeRenderer:OnDestroy () (at Assets/VoxelEngine/Rendering/Runtime/Vegetation/ProceduralTreeRenderer.cs:1115)
UnityEditor.TestTools.TestRunner.CommandLineTest.Executer:ExitApplication (UnityEditor.TestTools.TestRunner.CommandLineTest.Executer/ReturnCodes,string) (at ./Library/PackageCache/com.unity.test-framework@1405238725ab/UnityEditor.TestRunner/CommandLineTest/Executer.cs:83)
UnityEditor.TestTools.TestRunner.CommandLineTest.Executer:ExitIfRunIsCompleted () (at ./Library/PackageCache/com.unity.test-framework@1405238725ab/UnityEditor.TestRunner/CommandLineTest/Executer.cs:74)
UnityEditor.EditorApplication:Internal_CallUpdateFunctions () (at /Users/bokken/build/output/unity/unity/Editor/Mono/EditorApplication.cs:403)

[Assets/VoxelEngine/Rendering/Runtime/Vegetation/ProceduralTreeRenderer.cs line 1081]

Tree Batch 4,9: Destroy may not be called from edit mode! Use DestroyImmediate instead.
Destroying an object in edit mode destroys it permanently
UnityEngine.Debug:ExtractStackTraceNoAlloc (byte*,int,string)
UnityEngine.StackTraceUtility:ExtractStackTrace () (at /Users/bokken/build/output/unity/unity/Runtime/Export/Scripting/StackTrace.cs:35)
UnityEngine.Object:Destroy (UnityEngine.Object,single)
UnityEngine.Object:Destroy (UnityEngine.Object) (at /Users/bokken/build/output/unity/unity/Runtime/Export/Scripting/UnityEngineObject.bindings.cs:707)
VoxelEngine.Rendering.Runtime.Vegetation.ProceduralTreeRenderer:DestroyBatchObjects (VoxelEngine.Rendering.Runtime.Vegetation.ProceduralTreeRenderer/BatchPresentation) (at Assets/VoxelEngine/Rendering/Runtime/Vegetation/ProceduralTreeRenderer.cs:1085)
VoxelEngine.Rendering.Runtime.Vegetation.ProceduralTreeRenderer:ClearBatches () (at Assets/VoxelEngine/Rendering/Runtime/Vegetation/ProceduralTreeRenderer.cs:1092)
VoxelEngine.Rendering.Runtime.Vegetation.ProceduralTreeRenderer:ClearGenerated () (at Assets/VoxelEngine/Rendering/Runtime/Vegetation/ProceduralTreeRenderer.cs:1106)
VoxelEngine.Rendering.Runtime.Vegetation.ProceduralTreeRenderer:OnDestroy () (at Assets/VoxelEngine/Rendering/Runtime/Vegetation/ProceduralTreeRenderer.cs:1115)
UnityEditor.TestTools.TestRunner.CommandLineTest.Executer:ExitApplication (UnityEditor.TestTools.TestRunner.CommandLineTest.Executer/ReturnCodes,string) (at ./Library/PackageCache/com.unity.test-framework@1405238725ab/UnityEditor.TestRunner/CommandLineTest/Executer.cs:83)
UnityEditor.TestTools.TestRunner.CommandLineTest.Executer:ExitIfRunIsCompleted () (at ./Library/PackageCache/com.unity.test-framework@1405238725ab/UnityEditor.TestRunner/CommandLineTest/Executer.cs:74)
UnityEditor.EditorApplication:Internal_CallUpdateFunctions () (at /Users/bokken/build/output/unity/unity/Editor/Mono/EditorApplication.cs:403)

[Assets/VoxelEngine/Rendering/Runtime/Vegetation/ProceduralTreeRenderer.cs line 1085]

TreeBatch_5_9_LOD0: Destroy may not be called from edit mode! Use DestroyImmediate instead.
Destroying an object in edit mode destroys it permanently
UnityEngine.Debug:ExtractStackTraceNoAlloc (byte*,int,string)
UnityEngine.StackTraceUtility:ExtractStackTrace () (at /Users/bokken/build/output/unity/unity/Runtime/Export/Scripting/StackTrace.cs:35)
UnityEngine.Object:Destroy (UnityEngine.Object,single)
UnityEngine.Object:Destroy (UnityEngine.Object) (at /Users/bokken/build/output/unity/unity/Runtime/Export/Scripting/UnityEngineObject.bindings.cs:707)
VoxelEngine.Rendering.Runtime.Vegetation.ProceduralTreeRenderer:DestroyBatchObjects (VoxelEngine.Rendering.Runtime.Vegetation.ProceduralTreeRenderer/BatchPresentation) (at Assets/VoxelEngine/Rendering/Runtime/Vegetation/ProceduralTreeRenderer.cs:1079)
VoxelEngine.Rendering.Runtime.Vegetation.ProceduralTreeRenderer:ClearBatches () (at Assets/VoxelEngine/Rendering/Runtime/Vegetation/ProceduralTreeRenderer.cs:1092)
VoxelEngine.Rendering.Runtime.Vegetation.ProceduralTreeRenderer:ClearGenerated () (at Assets/VoxelEngine/Rendering/Runtime/Vegetation/ProceduralTreeRenderer.cs:1106)
VoxelEngine.Rendering.Runtime.Vegetation.ProceduralTreeRenderer:OnDestroy () (at Assets/VoxelEngine/Rendering/Runtime/Vegetation/ProceduralTreeRenderer.cs:1115)
UnityEditor.TestTools.TestRunner.CommandLineTest.Executer:ExitApplication (UnityEditor.TestTools.TestRunner.CommandLineTest.Executer/ReturnCodes,string) (at ./Library/PackageCache/com.unity.test-framework@1405238725ab/UnityEditor.TestRunner/CommandLineTest/Executer.cs:83)
UnityEditor.TestTools.TestRunner.CommandLineTest.Executer:ExitIfRunIsCompleted () (at ./Library/PackageCache/com.unity.test-framework@1405238725ab/UnityEditor.TestRunner/CommandLineTest/Executer.cs:74)
UnityEditor.EditorApplication:Internal_CallUpdateFunctions () (at /Users/bokken/build/output/unity/unity/Editor/Mono/EditorApplication.cs:403)

[Assets/VoxelEngine/Rendering/Runtime/Vegetation/ProceduralTreeRenderer.cs line 1079]

TreeBatch_5_9_LOD1: Destroy may not be called from edit mode! Use DestroyImmediate instead.
Destroying an object in edit mode destroys it permanently
UnityEngine.Debug:ExtractStackTraceNoAlloc (byte*,int,string)
UnityEngine.StackTraceUtility:ExtractStackTrace () (at /Users/bokken/build/output/unity/unity/Runtime/Export/Scripting/StackTrace.cs:35)
UnityEngine.Object:Destroy (UnityEngine.Object,single)
UnityEngine.Object:Destroy (UnityEngine.Object) (at /Users/bokken/build/output/unity/unity/Runtime/Export/Scripting/UnityEngineObject.bindings.cs:707)
VoxelEngine.Rendering.Runtime.Vegetation.ProceduralTreeRenderer:DestroyBatchObjects (VoxelEngine.Rendering.Runtime.Vegetation.ProceduralTreeRenderer/BatchPresentation) (at Assets/VoxelEngine/Rendering/Runtime/Vegetation/ProceduralTreeRenderer.cs:1079)
VoxelEngine.Rendering.Runtime.Vegetation.ProceduralTreeRenderer:ClearBatches () (at Assets/VoxelEngine/Rendering/Runtime/Vegetation/ProceduralTreeRenderer.cs:1092)
VoxelEngine.Rendering.Runtime.Vegetation.ProceduralTreeRenderer:ClearGenerated () (at Assets/VoxelEngine/Rendering/Runtime/Vegetation/ProceduralTreeRenderer.cs:1106)
VoxelEngine.Rendering.Runtime.Vegetation.ProceduralTreeRenderer:OnDestroy () (at Assets/VoxelEngine/Rendering/Runtime/Vegetation/ProceduralTreeRenderer.cs:1115)
UnityEditor.TestTools.TestRunner.CommandLineTest.Executer:ExitApplication (UnityEditor.TestTools.TestRunner.CommandLineTest.Executer/ReturnCodes,string) (at ./Library/PackageCache/com.unity.test-framework@1405238725ab/UnityEditor.TestRunner/CommandLineTest/Executer.cs:83)
UnityEditor.TestTools.TestRunner.CommandLineTest.Executer:ExitIfRunIsCompleted () (at ./Library/PackageCache/com.unity.test-framework@1405238725ab/UnityEditor.TestRunner/CommandLineTest/Executer.cs:74)
UnityEditor.EditorApplication:Internal_CallUpdateFunctions () (at /Users/bokken/build/output/unity/unity/Editor/Mono/EditorApplication.cs:403)

[Assets/VoxelEngine/Rendering/Runtime/Vegetation/ProceduralTreeRenderer.cs line 1079]

TreeBatch_5_9_LOD2: Destroy may not be called from edit mode! Use DestroyImmediate instead.
Destroying an object in edit mode destroys it permanently
UnityEngine.Debug:ExtractStackTraceNoAlloc (byte*,int,string)
UnityEngine.StackTraceUtility:ExtractStackTrace () (at /Users/bokken/build/output/unity/unity/Runtime/Export/Scripting/StackTrace.cs:35)
UnityEngine.Object:Destroy (UnityEngine.Object,single)
UnityEngine.Object:Destroy (UnityEngine.Object) (at /Users/bokken/build/output/unity/unity/Runtime/Export/Scripting/UnityEngineObject.bindings.cs:707)
VoxelEngine.Rendering.Runtime.Vegetation.ProceduralTreeRenderer:DestroyBatchObjects (VoxelEngine.Rendering.Runtime.Vegetation.ProceduralTreeRenderer/BatchPresentation) (at Assets/VoxelEngine/Rendering/Runtime/Vegetation/ProceduralTreeRenderer.cs:1079)
VoxelEngine.Rendering.Runtime.Vegetation.ProceduralTreeRenderer:ClearBatches () (at Assets/VoxelEngine/Rendering/Runtime/Vegetation/ProceduralTreeRenderer.cs:1092)
VoxelEngine.Rendering.Runtime.Vegetation.ProceduralTreeRenderer:ClearGenerated () (at Assets/VoxelEngine/Rendering/Runtime/Vegetation/ProceduralTreeRenderer.cs:1106)
VoxelEngine.Rendering.Runtime.Vegetation.ProceduralTreeRenderer:OnDestroy () (at Assets/VoxelEngine/Rendering/Runtime/Vegetation/ProceduralTreeRenderer.cs:1115)
UnityEditor.TestTools.TestRunner.CommandLineTest.Executer:ExitApplication (UnityEditor.TestTools.TestRunner.CommandLineTest.Executer/ReturnCodes,string) (at ./Library/PackageCache/com.unity.test-framework@1405238725ab/UnityEditor.TestRunner/CommandLineTest/Executer.cs:83)
UnityEditor.TestTools.TestRunner.CommandLineTest.Executer:ExitIfRunIsCompleted () (at ./Library/PackageCache/com.unity.test-framework@1405238725ab/UnityEditor.TestRunner/CommandLineTest/Executer.cs:74)
UnityEditor.EditorApplication:Internal_CallUpdateFunctions () (at /Users/bokken/build/output/unity/unity/Editor/Mono/EditorApplication.cs:403)

[Assets/VoxelEngine/Rendering/Runtime/Vegetation/ProceduralTreeRenderer.cs line 1079]

TreeBatch_5_9_LOD3: Destroy may not be called from edit mode! Use DestroyImmediate instead.
Destroying an object in edit mode destroys it permanently
UnityEngine.Debug:ExtractStackTraceNoAlloc (byte*,int,string)
UnityEngine.StackTraceUtility:ExtractStackTrace () (at /Users/bokken/build/output/unity/unity/Runtime/Export/Scripting/StackTrace.cs:35)
UnityEngine.Object:Destroy (UnityEngine.Object,single)
UnityEngine.Object:Destroy (UnityEngine.Object) (at /Users/bokken/build/output/unity/unity/Runtime/Export/Scripting/UnityEngineObject.bindings.cs:707)
VoxelEngine.Rendering.Runtime.Vegetation.ProceduralTreeRenderer:DestroyBatchObjects (VoxelEngine.Rendering.Runtime.Vegetation.ProceduralTreeRenderer/BatchPresentation) (at Assets/VoxelEngine/Rendering/Runtime/Vegetation/ProceduralTreeRenderer.cs:1081)
VoxelEngine.Rendering.Runtime.Vegetation.ProceduralTreeRenderer:ClearBatches () (at Assets/VoxelEngine/Rendering/Runtime/Vegetation/ProceduralTreeRenderer.cs:1092)
VoxelEngine.Rendering.Runtime.Vegetation.ProceduralTreeRenderer:ClearGenerated () (at Assets/VoxelEngine/Rendering/Runtime/Vegetation/ProceduralTreeRenderer.cs:1106)
VoxelEngine.Rendering.Runtime.Vegetation.ProceduralTreeRenderer:OnDestroy () (at Assets/VoxelEngine/Rendering/Runtime/Vegetation/ProceduralTreeRenderer.cs:1115)
UnityEditor.TestTools.TestRunner.CommandLineTest.Executer:ExitApplication (UnityEditor.TestTools.TestRunner.CommandLineTest.Executer/ReturnCodes,string) (at ./Library/PackageCache/com.unity.test-framework@1405238725ab/UnityEditor.TestRunner/CommandLineTest/Executer.cs:83)
UnityEditor.TestTools.TestRunner.CommandLineTest.Executer:ExitIfRunIsCompleted () (at ./Library/PackageCache/com.unity.test-framework@1405238725ab/UnityEditor.TestRunner/CommandLineTest/Executer.cs:74)
UnityEditor.EditorApplication:Internal_CallUpdateFunctions () (at /Users/bokken/build/output/unity/unity/Editor/Mono/EditorApplication.cs:403)

[Assets/VoxelEngine/Rendering/Runtime/Vegetation/ProceduralTreeRenderer.cs line 1081]

Tree Batch 5,9: Destroy may not be called from edit mode! Use DestroyImmediate instead.
Destroying an object in edit mode destroys it permanently
UnityEngine.Debug:ExtractStackTraceNoAlloc (byte*,int,string)
UnityEngine.StackTraceUtility:ExtractStackTrace () (at /Users/bokken/build/output/unity/unity/Runtime/Export/Scripting/StackTrace.cs:35)
UnityEngine.Object:Destroy (UnityEngine.Object,single)
UnityEngine.Object:Destroy (UnityEngine.Object) (at /Users/bokken/build/output/unity/unity/Runtime/Export/Scripting/UnityEngineObject.bindings.cs:707)
VoxelEngine.Rendering.Runtime.Vegetation.ProceduralTreeRenderer:DestroyBatchObjects (VoxelEngine.Rendering.Runtime.Vegetation.ProceduralTreeRenderer/BatchPresentation) (at Assets/VoxelEngine/Rendering/Runtime/Vegetation/ProceduralTreeRenderer.cs:1085)
VoxelEngine.Rendering.Runtime.Vegetation.ProceduralTreeRenderer:ClearBatches () (at Assets/VoxelEngine/Rendering/Runtime/Vegetation/ProceduralTreeRenderer.cs:1092)
VoxelEngine.Rendering.Runtime.Vegetation.ProceduralTreeRenderer:ClearGenerated () (at Assets/VoxelEngine/Rendering/Runtime/Vegetation/ProceduralTreeRenderer.cs:1106)
VoxelEngine.Rendering.Runtime.Vegetation.ProceduralTreeRenderer:OnDestroy () (at Assets/VoxelEngine/Rendering/Runtime/Vegetation/ProceduralTreeRenderer.cs:1115)
UnityEditor.TestTools.TestRunner.CommandLineTest.Executer:ExitApplication (UnityEditor.TestTools.TestRunner.CommandLineTest.Executer/ReturnCodes,string) (at ./Library/PackageCache/com.unity.test-framework@1405238725ab/UnityEditor.TestRunner/CommandLineTest/Executer.cs:83)
UnityEditor.TestTools.TestRunner.CommandLineTest.Executer:ExitIfRunIsCompleted () (at ./Library/PackageCache/com.unity.test-framework@1405238725ab/UnityEditor.TestRunner/CommandLineTest/Executer.cs:74)
UnityEditor.EditorApplication:Internal_CallUpdateFunctions () (at /Users/bokken/build/output/unity/unity/Editor/Mono/EditorApplication.cs:403)

[Assets/VoxelEngine/Rendering/Runtime/Vegetation/ProceduralTreeRenderer.cs line 1085]

TreeBatch_6_9_LOD0: Destroy may not be called from edit mode! Use DestroyImmediate instead.
Destroying an object in edit mode destroys it permanently
UnityEngine.Debug:ExtractStackTraceNoAlloc (byte*,int,string)
UnityEngine.StackTraceUtility:ExtractStackTrace () (at /Users/bokken/build/output/unity/unity/Runtime/Export/Scripting/StackTrace.cs:35)
UnityEngine.Object:Destroy (UnityEngine.Object,single)
UnityEngine.Object:Destroy (UnityEngine.Object) (at /Users/bokken/build/output/unity/unity/Runtime/Export/Scripting/UnityEngineObject.bindings.cs:707)
VoxelEngine.Rendering.Runtime.Vegetation.ProceduralTreeRenderer:DestroyBatchObjects (VoxelEngine.Rendering.Runtime.Vegetation.ProceduralTreeRenderer/BatchPresentation) (at Assets/VoxelEngine/Rendering/Runtime/Vegetation/ProceduralTreeRenderer.cs:1079)
VoxelEngine.Rendering.Runtime.Vegetation.ProceduralTreeRenderer:ClearBatches () (at Assets/VoxelEngine/Rendering/Runtime/Vegetation/ProceduralTreeRenderer.cs:1092)
VoxelEngine.Rendering.Runtime.Vegetation.ProceduralTreeRenderer:ClearGenerated () (at Assets/VoxelEngine/Rendering/Runtime/Vegetation/ProceduralTreeRenderer.cs:1106)
VoxelEngine.Rendering.Runtime.Vegetation.ProceduralTreeRenderer:OnDestroy () (at Assets/VoxelEngine/Rendering/Runtime/Vegetation/ProceduralTreeRenderer.cs:1115)
UnityEditor.TestTools.TestRunner.CommandLineTest.Executer:ExitApplication (UnityEditor.TestTools.TestRunner.CommandLineTest.Executer/ReturnCodes,string) (at ./Library/PackageCache/com.unity.test-framework@1405238725ab/UnityEditor.TestRunner/CommandLineTest/Executer.cs:83)
UnityEditor.TestTools.TestRunner.CommandLineTest.Executer:ExitIfRunIsCompleted () (at ./Library/PackageCache/com.unity.test-framework@1405238725ab/UnityEditor.TestRunner/CommandLineTest/Executer.cs:74)
UnityEditor.EditorApplication:Internal_CallUpdateFunctions () (at /Users/bokken/build/output/unity/unity/Editor/Mono/EditorApplication.cs:403)

[Assets/VoxelEngine/Rendering/Runtime/Vegetation/ProceduralTreeRenderer.cs line 1079]

TreeBatch_6_9_LOD1: Destroy may not be called from edit mode! Use DestroyImmediate instead.
Destroying an object in edit mode destroys it permanently
UnityEngine.Debug:ExtractStackTraceNoAlloc (byte*,int,string)
UnityEngine.StackTraceUtility:ExtractStackTrace () (at /Users/bokken/build/output/unity/unity/Runtime/Export/Scripting/StackTrace.cs:35)
UnityEngine.Object:Destroy (UnityEngine.Object,single)
UnityEngine.Object:Destroy (UnityEngine.Object) (at /Users/bokken/build/output/unity/unity/Runtime/Export/Scripting/UnityEngineObject.bindings.cs:707)
VoxelEngine.Rendering.Runtime.Vegetation.ProceduralTreeRenderer:DestroyBatchObjects (VoxelEngine.Rendering.Runtime.Vegetation.ProceduralTreeRenderer/BatchPresentation) (at Assets/VoxelEngine/Rendering/Runtime/Vegetation/ProceduralTreeRenderer.cs:1079)
VoxelEngine.Rendering.Runtime.Vegetation.ProceduralTreeRenderer:ClearBatches () (at Assets/VoxelEngine/Rendering/Runtime/Vegetation/ProceduralTreeRenderer.cs:1092)
VoxelEngine.Rendering.Runtime.Vegetation.ProceduralTreeRenderer:ClearGenerated () (at Assets/VoxelEngine/Rendering/Runtime/Vegetation/ProceduralTreeRenderer.cs:1106)
VoxelEngine.Rendering.Runtime.Vegetation.ProceduralTreeRenderer:OnDestroy () (at Assets/VoxelEngine/Rendering/Runtime/Vegetation/ProceduralTreeRenderer.cs:1115)
UnityEditor.TestTools.TestRunner.CommandLineTest.Executer:ExitApplication (UnityEditor.TestTools.TestRunner.CommandLineTest.Executer/ReturnCodes,string) (at ./Library/PackageCache/com.unity.test-framework@1405238725ab/UnityEditor.TestRunner/CommandLineTest/Executer.cs:83)
UnityEditor.TestTools.TestRunner.CommandLineTest.Executer:ExitIfRunIsCompleted () (at ./Library/PackageCache/com.unity.test-framework@1405238725ab/UnityEditor.TestRunner/CommandLineTest/Executer.cs:74)
UnityEditor.EditorApplication:Internal_CallUpdateFunctions () (at /Users/bokken/build/output/unity/unity/Editor/Mono/EditorApplication.cs:403)

[Assets/VoxelEngine/Rendering/Runtime/Vegetation/ProceduralTreeRenderer.cs line 1079]

TreeBatch_6_9_LOD2: Destroy may not be called from edit mode! Use DestroyImmediate instead.
Destroying an object in edit mode destroys it permanently
UnityEngine.Debug:ExtractStackTraceNoAlloc (byte*,int,string)
UnityEngine.StackTraceUtility:ExtractStackTrace () (at /Users/bokken/build/output/unity/unity/Runtime/Export/Scripting/StackTrace.cs:35)
UnityEngine.Object:Destroy (UnityEngine.Object,single)
UnityEngine.Object:Destroy (UnityEngine.Object) (at /Users/bokken/build/output/unity/unity/Runtime/Export/Scripting/UnityEngineObject.bindings.cs:707)
VoxelEngine.Rendering.Runtime.Vegetation.ProceduralTreeRenderer:DestroyBatchObjects (VoxelEngine.Rendering.Runtime.Vegetation.ProceduralTreeRenderer/BatchPresentation) (at Assets/VoxelEngine/Rendering/Runtime/Vegetation/ProceduralTreeRenderer.cs:1079)
VoxelEngine.Rendering.Runtime.Vegetation.ProceduralTreeRenderer:ClearBatches () (at Assets/VoxelEngine/Rendering/Runtime/Vegetation/ProceduralTreeRenderer.cs:1092)
VoxelEngine.Rendering.Runtime.Vegetation.ProceduralTreeRenderer:ClearGenerated () (at Assets/VoxelEngine/Rendering/Runtime/Vegetation/ProceduralTreeRenderer.cs:1106)
VoxelEngine.Rendering.Runtime.Vegetation.ProceduralTreeRenderer:OnDestroy () (at Assets/VoxelEngine/Rendering/Runtime/Vegetation/ProceduralTreeRenderer.cs:1115)
UnityEditor.TestTools.TestRunner.CommandLineTest.Executer:ExitApplication (UnityEditor.TestTools.TestRunner.CommandLineTest.Executer/ReturnCodes,string) (at ./Library/PackageCache/com.unity.test-framework@1405238725ab/UnityEditor.TestRunner/CommandLineTest/Executer.cs:83)
UnityEditor.TestTools.TestRunner.CommandLineTest.Executer:ExitIfRunIsCompleted () (at ./Library/PackageCache/com.unity.test-framework@1405238725ab/UnityEditor.TestRunner/CommandLineTest/Executer.cs:74)
UnityEditor.EditorApplication:Internal_CallUpdateFunctions () (at /Users/bokken/build/output/unity/unity/Editor/Mono/EditorApplication.cs:403)

[Assets/VoxelEngine/Rendering/Runtime/Vegetation/ProceduralTreeRenderer.cs line 1079]

TreeBatch_6_9_LOD3: Destroy may not be called from edit mode! Use DestroyImmediate instead.
Destroying an object in edit mode destroys it permanently
UnityEngine.Debug:ExtractStackTraceNoAlloc (byte*,int,string)
UnityEngine.StackTraceUtility:ExtractStackTrace () (at /Users/bokken/build/output/unity/unity/Runtime/Export/Scripting/StackTrace.cs:35)
UnityEngine.Object:Destroy (UnityEngine.Object,single)
UnityEngine.Object:Destroy (UnityEngine.Object) (at /Users/bokken/build/output/unity/unity/Runtime/Export/Scripting/UnityEngineObject.bindings.cs:707)
VoxelEngine.Rendering.Runtime.Vegetation.ProceduralTreeRenderer:DestroyBatchObjects (VoxelEngine.Rendering.Runtime.Vegetation.ProceduralTreeRenderer/BatchPresentation) (at Assets/VoxelEngine/Rendering/Runtime/Vegetation/ProceduralTreeRenderer.cs:1081)
VoxelEngine.Rendering.Runtime.Vegetation.ProceduralTreeRenderer:ClearBatches () (at Assets/VoxelEngine/Rendering/Runtime/Vegetation/ProceduralTreeRenderer.cs:1092)
VoxelEngine.Rendering.Runtime.Vegetation.ProceduralTreeRenderer:ClearGenerated () (at Assets/VoxelEngine/Rendering/Runtime/Vegetation/ProceduralTreeRenderer.cs:1106)
VoxelEngine.Rendering.Runtime.Vegetation.ProceduralTreeRenderer:OnDestroy () (at Assets/VoxelEngine/Rendering/Runtime/Vegetation/ProceduralTreeRenderer.cs:1115)
UnityEditor.TestTools.TestRunner.CommandLineTest.Executer:ExitApplication (UnityEditor.TestTools.TestRunner.CommandLineTest.Executer/ReturnCodes,string) (at ./Library/PackageCache/com.unity.test-framework@1405238725ab/UnityEditor.TestRunner/CommandLineTest/Executer.cs:83)
UnityEditor.TestTools.TestRunner.CommandLineTest.Executer:ExitIfRunIsCompleted () (at ./Library/PackageCache/com.unity.test-framework@1405238725ab/UnityEditor.TestRunner/CommandLineTest/Executer.cs:74)
UnityEditor.EditorApplication:Internal_CallUpdateFunctions () (at /Users/bokken/build/output/unity/unity/Editor/Mono/EditorApplication.cs:403)

[Assets/VoxelEngine/Rendering/Runtime/Vegetation/ProceduralTreeRenderer.cs line 1081]

Tree Batch 6,9: Destroy may not be called from edit mode! Use DestroyImmediate instead.
Destroying an object in edit mode destroys it permanently
UnityEngine.Debug:ExtractStackTraceNoAlloc (byte*,int,string)
UnityEngine.StackTraceUtility:ExtractStackTrace () (at /Users/bokken/build/output/unity/unity/Runtime/Export/Scripting/StackTrace.cs:35)
UnityEngine.Object:Destroy (UnityEngine.Object,single)
UnityEngine.Object:Destroy (UnityEngine.Object) (at /Users/bokken/build/output/unity/unity/Runtime/Export/Scripting/UnityEngineObject.bindings.cs:707)
VoxelEngine.Rendering.Runtime.Vegetation.ProceduralTreeRenderer:DestroyBatchObjects (VoxelEngine.Rendering.Runtime.Vegetation.ProceduralTreeRenderer/BatchPresentation) (at Assets/VoxelEngine/Rendering/Runtime/Vegetation/ProceduralTreeRenderer.cs:1085)
VoxelEngine.Rendering.Runtime.Vegetation.ProceduralTreeRenderer:ClearBatches () (at Assets/VoxelEngine/Rendering/Runtime/Vegetation/ProceduralTreeRenderer.cs:1092)
VoxelEngine.Rendering.Runtime.Vegetation.ProceduralTreeRenderer:ClearGenerated () (at Assets/VoxelEngine/Rendering/Runtime/Vegetation/ProceduralTreeRenderer.cs:1106)
VoxelEngine.Rendering.Runtime.Vegetation.ProceduralTreeRenderer:OnDestroy () (at Assets/VoxelEngine/Rendering/Runtime/Vegetation/ProceduralTreeRenderer.cs:1115)
UnityEditor.TestTools.TestRunner.CommandLineTest.Executer:ExitApplication (UnityEditor.TestTools.TestRunner.CommandLineTest.Executer/ReturnCodes,string) (at ./Library/PackageCache/com.unity.test-framework@1405238725ab/UnityEditor.TestRunner/CommandLineTest/Executer.cs:83)
UnityEditor.TestTools.TestRunner.CommandLineTest.Executer:ExitIfRunIsCompleted () (at ./Library/PackageCache/com.unity.test-framework@1405238725ab/UnityEditor.TestRunner/CommandLineTest/Executer.cs:74)
UnityEditor.EditorApplication:Internal_CallUpdateFunctions () (at /Users/bokken/build/output/unity/unity/Editor/Mono/EditorApplication.cs:403)

[Assets/VoxelEngine/Rendering/Runtime/Vegetation/ProceduralTreeRenderer.cs line 1085]

TreeBatch_0_10_LOD0: Destroy may not be called from edit mode! Use DestroyImmediate instead.
Destroying an object in edit mode destroys it permanently
UnityEngine.Debug:ExtractStackTraceNoAlloc (byte*,int,string)
UnityEngine.StackTraceUtility:ExtractStackTrace () (at /Users/bokken/build/output/unity/unity/Runtime/Export/Scripting/StackTrace.cs:35)
UnityEngine.Object:Destroy (UnityEngine.Object,single)
UnityEngine.Object:Destroy (UnityEngine.Object) (at /Users/bokken/build/output/unity/unity/Runtime/Export/Scripting/UnityEngineObject.bindings.cs:707)
VoxelEngine.Rendering.Runtime.Vegetation.ProceduralTreeRenderer:DestroyBatchObjects (VoxelEngine.Rendering.Runtime.Vegetation.ProceduralTreeRenderer/BatchPresentation) (at Assets/VoxelEngine/Rendering/Runtime/Vegetation/ProceduralTreeRenderer.cs:1079)
VoxelEngine.Rendering.Runtime.Vegetation.ProceduralTreeRenderer:ClearBatches () (at Assets/VoxelEngine/Rendering/Runtime/Vegetation/ProceduralTreeRenderer.cs:1092)
VoxelEngine.Rendering.Runtime.Vegetation.ProceduralTreeRenderer:ClearGenerated () (at Assets/VoxelEngine/Rendering/Runtime/Vegetation/ProceduralTreeRenderer.cs:1106)
VoxelEngine.Rendering.Runtime.Vegetation.ProceduralTreeRenderer:OnDestroy () (at Assets/VoxelEngine/Rendering/Runtime/Vegetation/ProceduralTreeRenderer.cs:1115)
UnityEditor.TestTools.TestRunner.CommandLineTest.Executer:ExitApplication (UnityEditor.TestTools.TestRunner.CommandLineTest.Executer/ReturnCodes,string) (at ./Library/PackageCache/com.unity.test-framework@1405238725ab/UnityEditor.TestRunner/CommandLineTest/Executer.cs:83)
UnityEditor.TestTools.TestRunner.CommandLineTest.Executer:ExitIfRunIsCompleted () (at ./Library/PackageCache/com.unity.test-framework@1405238725ab/UnityEditor.TestRunner/CommandLineTest/Executer.cs:74)
UnityEditor.EditorApplication:Internal_CallUpdateFunctions () (at /Users/bokken/build/output/unity/unity/Editor/Mono/EditorApplication.cs:403)

[Assets/VoxelEngine/Rendering/Runtime/Vegetation/ProceduralTreeRenderer.cs line 1079]

TreeBatch_0_10_LOD1: Destroy may not be called from edit mode! Use DestroyImmediate instead.
Destroying an object in edit mode destroys it permanently
UnityEngine.Debug:ExtractStackTraceNoAlloc (byte*,int,string)
UnityEngine.StackTraceUtility:ExtractStackTrace () (at /Users/bokken/build/output/unity/unity/Runtime/Export/Scripting/StackTrace.cs:35)
UnityEngine.Object:Destroy (UnityEngine.Object,single)
UnityEngine.Object:Destroy (UnityEngine.Object) (at /Users/bokken/build/output/unity/unity/Runtime/Export/Scripting/UnityEngineObject.bindings.cs:707)
VoxelEngine.Rendering.Runtime.Vegetation.ProceduralTreeRenderer:DestroyBatchObjects (VoxelEngine.Rendering.Runtime.Vegetation.ProceduralTreeRenderer/BatchPresentation) (at Assets/VoxelEngine/Rendering/Runtime/Vegetation/ProceduralTreeRenderer.cs:1079)
VoxelEngine.Rendering.Runtime.Vegetation.ProceduralTreeRenderer:ClearBatches () (at Assets/VoxelEngine/Rendering/Runtime/Vegetation/ProceduralTreeRenderer.cs:1092)
VoxelEngine.Rendering.Runtime.Vegetation.ProceduralTreeRenderer:ClearGenerated () (at Assets/VoxelEngine/Rendering/Runtime/Vegetation/ProceduralTreeRenderer.cs:1106)
VoxelEngine.Rendering.Runtime.Vegetation.ProceduralTreeRenderer:OnDestroy () (at Assets/VoxelEngine/Rendering/Runtime/Vegetation/ProceduralTreeRenderer.cs:1115)
UnityEditor.TestTools.TestRunner.CommandLineTest.Executer:ExitApplication (UnityEditor.TestTools.TestRunner.CommandLineTest.Executer/ReturnCodes,string) (at ./Library/PackageCache/com.unity.test-framework@1405238725ab/UnityEditor.TestRunner/CommandLineTest/Executer.cs:83)
UnityEditor.TestTools.TestRunner.CommandLineTest.Executer:ExitIfRunIsCompleted () (at ./Library/PackageCache/com.unity.test-framework@1405238725ab/UnityEditor.TestRunner/CommandLineTest/Executer.cs:74)
UnityEditor.EditorApplication:Internal_CallUpdateFunctions () (at /Users/bokken/build/output/unity/unity/Editor/Mono/EditorApplication.cs:403)

[Assets/VoxelEngine/Rendering/Runtime/Vegetation/ProceduralTreeRenderer.cs line 1079]

TreeBatch_0_10_LOD2: Destroy may not be called from edit mode! Use DestroyImmediate instead.
Destroying an object in edit mode destroys it permanently
UnityEngine.Debug:ExtractStackTraceNoAlloc (byte*,int,string)
UnityEngine.StackTraceUtility:ExtractStackTrace () (at /Users/bokken/build/output/unity/unity/Runtime/Export/Scripting/StackTrace.cs:35)
UnityEngine.Object:Destroy (UnityEngine.Object,single)
UnityEngine.Object:Destroy (UnityEngine.Object) (at /Users/bokken/build/output/unity/unity/Runtime/Export/Scripting/UnityEngineObject.bindings.cs:707)
VoxelEngine.Rendering.Runtime.Vegetation.ProceduralTreeRenderer:DestroyBatchObjects (VoxelEngine.Rendering.Runtime.Vegetation.ProceduralTreeRenderer/BatchPresentation) (at Assets/VoxelEngine/Rendering/Runtime/Vegetation/ProceduralTreeRenderer.cs:1079)
VoxelEngine.Rendering.Runtime.Vegetation.ProceduralTreeRenderer:ClearBatches () (at Assets/VoxelEngine/Rendering/Runtime/Vegetation/ProceduralTreeRenderer.cs:1092)
VoxelEngine.Rendering.Runtime.Vegetation.ProceduralTreeRenderer:ClearGenerated () (at Assets/VoxelEngine/Rendering/Runtime/Vegetation/ProceduralTreeRenderer.cs:1106)
VoxelEngine.Rendering.Runtime.Vegetation.ProceduralTreeRenderer:OnDestroy () (at Assets/VoxelEngine/Rendering/Runtime/Vegetation/ProceduralTreeRenderer.cs:1115)
UnityEditor.TestTools.TestRunner.CommandLineTest.Executer:ExitApplication (UnityEditor.TestTools.TestRunner.CommandLineTest.Executer/ReturnCodes,string) (at ./Library/PackageCache/com.unity.test-framework@1405238725ab/UnityEditor.TestRunner/CommandLineTest/Executer.cs:83)
UnityEditor.TestTools.TestRunner.CommandLineTest.Executer:ExitIfRunIsCompleted () (at ./Library/PackageCache/com.unity.test-framework@1405238725ab/UnityEditor.TestRunner/CommandLineTest/Executer.cs:74)
UnityEditor.EditorApplication:Internal_CallUpdateFunctions () (at /Users/bokken/build/output/unity/unity/Editor/Mono/EditorApplication.cs:403)

[Assets/VoxelEngine/Rendering/Runtime/Vegetation/ProceduralTreeRenderer.cs line 1079]

TreeBatch_0_10_LOD3: Destroy may not be called from edit mode! Use DestroyImmediate instead.
Destroying an object in edit mode destroys it permanently
UnityEngine.Debug:ExtractStackTraceNoAlloc (byte*,int,string)
UnityEngine.StackTraceUtility:ExtractStackTrace () (at /Users/bokken/build/output/unity/unity/Runtime/Export/Scripting/StackTrace.cs:35)
UnityEngine.Object:Destroy (UnityEngine.Object,single)
UnityEngine.Object:Destroy (UnityEngine.Object) (at /Users/bokken/build/output/unity/unity/Runtime/Export/Scripting/UnityEngineObject.bindings.cs:707)
VoxelEngine.Rendering.Runtime.Vegetation.ProceduralTreeRenderer:DestroyBatchObjects (VoxelEngine.Rendering.Runtime.Vegetation.ProceduralTreeRenderer/BatchPresentation) (at Assets/VoxelEngine/Rendering/Runtime/Vegetation/ProceduralTreeRenderer.cs:1081)
VoxelEngine.Rendering.Runtime.Vegetation.ProceduralTreeRenderer:ClearBatches () (at Assets/VoxelEngine/Rendering/Runtime/Vegetation/ProceduralTreeRenderer.cs:1092)
VoxelEngine.Rendering.Runtime.Vegetation.ProceduralTreeRenderer:ClearGenerated () (at Assets/VoxelEngine/Rendering/Runtime/Vegetation/ProceduralTreeRenderer.cs:1106)
VoxelEngine.Rendering.Runtime.Vegetation.ProceduralTreeRenderer:OnDestroy () (at Assets/VoxelEngine/Rendering/Runtime/Vegetation/ProceduralTreeRenderer.cs:1115)
UnityEditor.TestTools.TestRunner.CommandLineTest.Executer:ExitApplication (UnityEditor.TestTools.TestRunner.CommandLineTest.Executer/ReturnCodes,string) (at ./Library/PackageCache/com.unity.test-framework@1405238725ab/UnityEditor.TestRunner/CommandLineTest/Executer.cs:83)
UnityEditor.TestTools.TestRunner.CommandLineTest.Executer:ExitIfRunIsCompleted () (at ./Library/PackageCache/com.unity.test-framework@1405238725ab/UnityEditor.TestRunner/CommandLineTest/Executer.cs:74)
UnityEditor.EditorApplication:Internal_CallUpdateFunctions () (at /Users/bokken/build/output/unity/unity/Editor/Mono/EditorApplication.cs:403)

[Assets/VoxelEngine/Rendering/Runtime/Vegetation/ProceduralTreeRenderer.cs line 1081]

Tree Batch 0,10: Destroy may not be called from edit mode! Use DestroyImmediate instead.
Destroying an object in edit mode destroys it permanently
UnityEngine.Debug:ExtractStackTraceNoAlloc (byte*,int,string)
UnityEngine.StackTraceUtility:ExtractStackTrace () (at /Users/bokken/build/output/unity/unity/Runtime/Export/Scripting/StackTrace.cs:35)
UnityEngine.Object:Destroy (UnityEngine.Object,single)
UnityEngine.Object:Destroy (UnityEngine.Object) (at /Users/bokken/build/output/unity/unity/Runtime/Export/Scripting/UnityEngineObject.bindings.cs:707)
VoxelEngine.Rendering.Runtime.Vegetation.ProceduralTreeRenderer:DestroyBatchObjects (VoxelEngine.Rendering.Runtime.Vegetation.ProceduralTreeRenderer/BatchPresentation) (at Assets/VoxelEngine/Rendering/Runtime/Vegetation/ProceduralTreeRenderer.cs:1085)
VoxelEngine.Rendering.Runtime.Vegetation.ProceduralTreeRenderer:ClearBatches () (at Assets/VoxelEngine/Rendering/Runtime/Vegetation/ProceduralTreeRenderer.cs:1092)
VoxelEngine.Rendering.Runtime.Vegetation.ProceduralTreeRenderer:ClearGenerated () (at Assets/VoxelEngine/Rendering/Runtime/Vegetation/ProceduralTreeRenderer.cs:1106)
VoxelEngine.Rendering.Runtime.Vegetation.ProceduralTreeRenderer:OnDestroy () (at Assets/VoxelEngine/Rendering/Runtime/Vegetation/ProceduralTreeRenderer.cs:1115)
UnityEditor.TestTools.TestRunner.CommandLineTest.Executer:ExitApplication (UnityEditor.TestTools.TestRunner.CommandLineTest.Executer/ReturnCodes,string) (at ./Library/PackageCache/com.unity.test-framework@1405238725ab/UnityEditor.TestRunner/CommandLineTest/Executer.cs:83)
UnityEditor.TestTools.TestRunner.CommandLineTest.Executer:ExitIfRunIsCompleted () (at ./Library/PackageCache/com.unity.test-framework@1405238725ab/UnityEditor.TestRunner/CommandLineTest/Executer.cs:74)
UnityEditor.EditorApplication:Internal_CallUpdateFunctions () (at /Users/bokken/build/output/unity/unity/Editor/Mono/EditorApplication.cs:403)

[Assets/VoxelEngine/Rendering/Runtime/Vegetation/ProceduralTreeRenderer.cs line 1085]

TreeBatch_1_10_LOD0: Destroy may not be called from edit mode! Use DestroyImmediate instead.
Destroying an object in edit mode destroys it permanently
UnityEngine.Debug:ExtractStackTraceNoAlloc (byte*,int,string)
UnityEngine.StackTraceUtility:ExtractStackTrace () (at /Users/bokken/build/output/unity/unity/Runtime/Export/Scripting/StackTrace.cs:35)
UnityEngine.Object:Destroy (UnityEngine.Object,single)
UnityEngine.Object:Destroy (UnityEngine.Object) (at /Users/bokken/build/output/unity/unity/Runtime/Export/Scripting/UnityEngineObject.bindings.cs:707)
VoxelEngine.Rendering.Runtime.Vegetation.ProceduralTreeRenderer:DestroyBatchObjects (VoxelEngine.Rendering.Runtime.Vegetation.ProceduralTreeRenderer/BatchPresentation) (at Assets/VoxelEngine/Rendering/Runtime/Vegetation/ProceduralTreeRenderer.cs:1079)
VoxelEngine.Rendering.Runtime.Vegetation.ProceduralTreeRenderer:ClearBatches () (at Assets/VoxelEngine/Rendering/Runtime/Vegetation/ProceduralTreeRenderer.cs:1092)
VoxelEngine.Rendering.Runtime.Vegetation.ProceduralTreeRenderer:ClearGenerated () (at Assets/VoxelEngine/Rendering/Runtime/Vegetation/ProceduralTreeRenderer.cs:1106)
VoxelEngine.Rendering.Runtime.Vegetation.ProceduralTreeRenderer:OnDestroy () (at Assets/VoxelEngine/Rendering/Runtime/Vegetation/ProceduralTreeRenderer.cs:1115)
UnityEditor.TestTools.TestRunner.CommandLineTest.Executer:ExitApplication (UnityEditor.TestTools.TestRunner.CommandLineTest.Executer/ReturnCodes,string) (at ./Library/PackageCache/com.unity.test-framework@1405238725ab/UnityEditor.TestRunner/CommandLineTest/Executer.cs:83)
UnityEditor.TestTools.TestRunner.CommandLineTest.Executer:ExitIfRunIsCompleted () (at ./Library/PackageCache/com.unity.test-framework@1405238725ab/UnityEditor.TestRunner/CommandLineTest/Executer.cs:74)
UnityEditor.EditorApplication:Internal_CallUpdateFunctions () (at /Users/bokken/build/output/unity/unity/Editor/Mono/EditorApplication.cs:403)

[Assets/VoxelEngine/Rendering/Runtime/Vegetation/ProceduralTreeRenderer.cs line 1079]

TreeBatch_1_10_LOD1: Destroy may not be called from edit mode! Use DestroyImmediate instead.
Destroying an object in edit mode destroys it permanently
UnityEngine.Debug:ExtractStackTraceNoAlloc (byte*,int,string)
UnityEngine.StackTraceUtility:ExtractStackTrace () (at /Users/bokken/build/output/unity/unity/Runtime/Export/Scripting/StackTrace.cs:35)
UnityEngine.Object:Destroy (UnityEngine.Object,single)
UnityEngine.Object:Destroy (UnityEngine.Object) (at /Users/bokken/build/output/unity/unity/Runtime/Export/Scripting/UnityEngineObject.bindings.cs:707)
VoxelEngine.Rendering.Runtime.Vegetation.ProceduralTreeRenderer:DestroyBatchObjects (VoxelEngine.Rendering.Runtime.Vegetation.ProceduralTreeRenderer/BatchPresentation) (at Assets/VoxelEngine/Rendering/Runtime/Vegetation/ProceduralTreeRenderer.cs:1079)
VoxelEngine.Rendering.Runtime.Vegetation.ProceduralTreeRenderer:ClearBatches () (at Assets/VoxelEngine/Rendering/Runtime/Vegetation/ProceduralTreeRenderer.cs:1092)
VoxelEngine.Rendering.Runtime.Vegetation.ProceduralTreeRenderer:ClearGenerated () (at Assets/VoxelEngine/Rendering/Runtime/Vegetation/ProceduralTreeRenderer.cs:1106)
VoxelEngine.Rendering.Runtime.Vegetation.ProceduralTreeRenderer:OnDestroy () (at Assets/VoxelEngine/Rendering/Runtime/Vegetation/ProceduralTreeRenderer.cs:1115)
UnityEditor.TestTools.TestRunner.CommandLineTest.Executer:ExitApplication (UnityEditor.TestTools.TestRunner.CommandLineTest.Executer/ReturnCodes,string) (at ./Library/PackageCache/com.unity.test-framework@1405238725ab/UnityEditor.TestRunner/CommandLineTest/Executer.cs:83)
UnityEditor.TestTools.TestRunner.CommandLineTest.Executer:ExitIfRunIsCompleted () (at ./Library/PackageCache/com.unity.test-framework@1405238725ab/UnityEditor.TestRunner/CommandLineTest/Executer.cs:74)
UnityEditor.EditorApplication:Internal_CallUpdateFunctions () (at /Users/bokken/build/output/unity/unity/Editor/Mono/EditorApplication.cs:403)

[Assets/VoxelEngine/Rendering/Runtime/Vegetation/ProceduralTreeRenderer.cs line 1079]

TreeBatch_1_10_LOD2: Destroy may not be called from edit mode! Use DestroyImmediate instead.
Destroying an object in edit mode destroys it permanently
UnityEngine.Debug:ExtractStackTraceNoAlloc (byte*,int,string)
UnityEngine.StackTraceUtility:ExtractStackTrace () (at /Users/bokken/build/output/unity/unity/Runtime/Export/Scripting/StackTrace.cs:35)
UnityEngine.Object:Destroy (UnityEngine.Object,single)
UnityEngine.Object:Destroy (UnityEngine.Object) (at /Users/bokken/build/output/unity/unity/Runtime/Export/Scripting/UnityEngineObject.bindings.cs:707)
VoxelEngine.Rendering.Runtime.Vegetation.ProceduralTreeRenderer:DestroyBatchObjects (VoxelEngine.Rendering.Runtime.Vegetation.ProceduralTreeRenderer/BatchPresentation) (at Assets/VoxelEngine/Rendering/Runtime/Vegetation/ProceduralTreeRenderer.cs:1079)
VoxelEngine.Rendering.Runtime.Vegetation.ProceduralTreeRenderer:ClearBatches () (at Assets/VoxelEngine/Rendering/Runtime/Vegetation/ProceduralTreeRenderer.cs:1092)
VoxelEngine.Rendering.Runtime.Vegetation.ProceduralTreeRenderer:ClearGenerated () (at Assets/VoxelEngine/Rendering/Runtime/Vegetation/ProceduralTreeRenderer.cs:1106)
VoxelEngine.Rendering.Runtime.Vegetation.ProceduralTreeRenderer:OnDestroy () (at Assets/VoxelEngine/Rendering/Runtime/Vegetation/ProceduralTreeRenderer.cs:1115)
UnityEditor.TestTools.TestRunner.CommandLineTest.Executer:ExitApplication (UnityEditor.TestTools.TestRunner.CommandLineTest.Executer/ReturnCodes,string) (at ./Library/PackageCache/com.unity.test-framework@1405238725ab/UnityEditor.TestRunner/CommandLineTest/Executer.cs:83)
UnityEditor.TestTools.TestRunner.CommandLineTest.Executer:ExitIfRunIsCompleted () (at ./Library/PackageCache/com.unity.test-framework@1405238725ab/UnityEditor.TestRunner/CommandLineTest/Executer.cs:74)
UnityEditor.EditorApplication:Internal_CallUpdateFunctions () (at /Users/bokken/build/output/unity/unity/Editor/Mono/EditorApplication.cs:403)

[Assets/VoxelEngine/Rendering/Runtime/Vegetation/ProceduralTreeRenderer.cs line 1079]

TreeBatch_1_10_LOD3: Destroy may not be called from edit mode! Use DestroyImmediate instead.
Destroying an object in edit mode destroys it permanently
UnityEngine.Debug:ExtractStackTraceNoAlloc (byte*,int,string)
UnityEngine.StackTraceUtility:ExtractStackTrace () (at /Users/bokken/build/output/unity/unity/Runtime/Export/Scripting/StackTrace.cs:35)
UnityEngine.Object:Destroy (UnityEngine.Object,single)
UnityEngine.Object:Destroy (UnityEngine.Object) (at /Users/bokken/build/output/unity/unity/Runtime/Export/Scripting/UnityEngineObject.bindings.cs:707)
VoxelEngine.Rendering.Runtime.Vegetation.ProceduralTreeRenderer:DestroyBatchObjects (VoxelEngine.Rendering.Runtime.Vegetation.ProceduralTreeRenderer/BatchPresentation) (at Assets/VoxelEngine/Rendering/Runtime/Vegetation/ProceduralTreeRenderer.cs:1081)
VoxelEngine.Rendering.Runtime.Vegetation.ProceduralTreeRenderer:ClearBatches () (at Assets/VoxelEngine/Rendering/Runtime/Vegetation/ProceduralTreeRenderer.cs:1092)
VoxelEngine.Rendering.Runtime.Vegetation.ProceduralTreeRenderer:ClearGenerated () (at Assets/VoxelEngine/Rendering/Runtime/Vegetation/ProceduralTreeRenderer.cs:1106)
VoxelEngine.Rendering.Runtime.Vegetation.ProceduralTreeRenderer:OnDestroy () (at Assets/VoxelEngine/Rendering/Runtime/Vegetation/ProceduralTreeRenderer.cs:1115)
UnityEditor.TestTools.TestRunner.CommandLineTest.Executer:ExitApplication (UnityEditor.TestTools.TestRunner.CommandLineTest.Executer/ReturnCodes,string) (at ./Library/PackageCache/com.unity.test-framework@1405238725ab/UnityEditor.TestRunner/CommandLineTest/Executer.cs:83)
UnityEditor.TestTools.TestRunner.CommandLineTest.Executer:ExitIfRunIsCompleted () (at ./Library/PackageCache/com.unity.test-framework@1405238725ab/UnityEditor.TestRunner/CommandLineTest/Executer.cs:74)
UnityEditor.EditorApplication:Internal_CallUpdateFunctions () (at /Users/bokken/build/output/unity/unity/Editor/Mono/EditorApplication.cs:403)

[Assets/VoxelEngine/Rendering/Runtime/Vegetation/ProceduralTreeRenderer.cs line 1081]

Tree Batch 1,10: Destroy may not be called from edit mode! Use DestroyImmediate instead.
Destroying an object in edit mode destroys it permanently
UnityEngine.Debug:ExtractStackTraceNoAlloc (byte*,int,string)
UnityEngine.StackTraceUtility:ExtractStackTrace () (at /Users/bokken/build/output/unity/unity/Runtime/Export/Scripting/StackTrace.cs:35)
UnityEngine.Object:Destroy (UnityEngine.Object,single)
UnityEngine.Object:Destroy (UnityEngine.Object) (at /Users/bokken/build/output/unity/unity/Runtime/Export/Scripting/UnityEngineObject.bindings.cs:707)
VoxelEngine.Rendering.Runtime.Vegetation.ProceduralTreeRenderer:DestroyBatchObjects (VoxelEngine.Rendering.Runtime.Vegetation.ProceduralTreeRenderer/BatchPresentation) (at Assets/VoxelEngine/Rendering/Runtime/Vegetation/ProceduralTreeRenderer.cs:1085)
VoxelEngine.Rendering.Runtime.Vegetation.ProceduralTreeRenderer:ClearBatches () (at Assets/VoxelEngine/Rendering/Runtime/Vegetation/ProceduralTreeRenderer.cs:1092)
VoxelEngine.Rendering.Runtime.Vegetation.ProceduralTreeRenderer:ClearGenerated () (at Assets/VoxelEngine/Rendering/Runtime/Vegetation/ProceduralTreeRenderer.cs:1106)
VoxelEngine.Rendering.Runtime.Vegetation.ProceduralTreeRenderer:OnDestroy () (at Assets/VoxelEngine/Rendering/Runtime/Vegetation/ProceduralTreeRenderer.cs:1115)
UnityEditor.TestTools.TestRunner.CommandLineTest.Executer:ExitApplication (UnityEditor.TestTools.TestRunner.CommandLineTest.Executer/ReturnCodes,string) (at ./Library/PackageCache/com.unity.test-framework@1405238725ab/UnityEditor.TestRunner/CommandLineTest/Executer.cs:83)
UnityEditor.TestTools.TestRunner.CommandLineTest.Executer:ExitIfRunIsCompleted () (at ./Library/PackageCache/com.unity.test-framework@1405238725ab/UnityEditor.TestRunner/CommandLineTest/Executer.cs:74)
UnityEditor.EditorApplication:Internal_CallUpdateFunctions () (at /Users/bokken/build/output/unity/unity/Editor/Mono/EditorApplication.cs:403)

[Assets/VoxelEngine/Rendering/Runtime/Vegetation/ProceduralTreeRenderer.cs line 1085]

TreeBatch_2_10_LOD0: Destroy may not be called from edit mode! Use DestroyImmediate instead.
Destroying an object in edit mode destroys it permanently
UnityEngine.Debug:ExtractStackTraceNoAlloc (byte*,int,string)
UnityEngine.StackTraceUtility:ExtractStackTrace () (at /Users/bokken/build/output/unity/unity/Runtime/Export/Scripting/StackTrace.cs:35)
UnityEngine.Object:Destroy (UnityEngine.Object,single)
UnityEngine.Object:Destroy (UnityEngine.Object) (at /Users/bokken/build/output/unity/unity/Runtime/Export/Scripting/UnityEngineObject.bindings.cs:707)
VoxelEngine.Rendering.Runtime.Vegetation.ProceduralTreeRenderer:DestroyBatchObjects (VoxelEngine.Rendering.Runtime.Vegetation.ProceduralTreeRenderer/BatchPresentation) (at Assets/VoxelEngine/Rendering/Runtime/Vegetation/ProceduralTreeRenderer.cs:1079)
VoxelEngine.Rendering.Runtime.Vegetation.ProceduralTreeRenderer:ClearBatches () (at Assets/VoxelEngine/Rendering/Runtime/Vegetation/ProceduralTreeRenderer.cs:1092)
VoxelEngine.Rendering.Runtime.Vegetation.ProceduralTreeRenderer:ClearGenerated () (at Assets/VoxelEngine/Rendering/Runtime/Vegetation/ProceduralTreeRenderer.cs:1106)
VoxelEngine.Rendering.Runtime.Vegetation.ProceduralTreeRenderer:OnDestroy () (at Assets/VoxelEngine/Rendering/Runtime/Vegetation/ProceduralTreeRenderer.cs:1115)
UnityEditor.TestTools.TestRunner.CommandLineTest.Executer:ExitApplication (UnityEditor.TestTools.TestRunner.CommandLineTest.Executer/ReturnCodes,string) (at ./Library/PackageCache/com.unity.test-framework@1405238725ab/UnityEditor.TestRunner/CommandLineTest/Executer.cs:83)
UnityEditor.TestTools.TestRunner.CommandLineTest.Executer:ExitIfRunIsCompleted () (at ./Library/PackageCache/com.unity.test-framework@1405238725ab/UnityEditor.TestRunner/CommandLineTest/Executer.cs:74)
UnityEditor.EditorApplication:Internal_CallUpdateFunctions () (at /Users/bokken/build/output/unity/unity/Editor/Mono/EditorApplication.cs:403)

[Assets/VoxelEngine/Rendering/Runtime/Vegetation/ProceduralTreeRenderer.cs line 1079]

TreeBatch_2_10_LOD1: Destroy may not be called from edit mode! Use DestroyImmediate instead.
Destroying an object in edit mode destroys it permanently
UnityEngine.Debug:ExtractStackTraceNoAlloc (byte*,int,string)
UnityEngine.StackTraceUtility:ExtractStackTrace () (at /Users/bokken/build/output/unity/unity/Runtime/Export/Scripting/StackTrace.cs:35)
UnityEngine.Object:Destroy (UnityEngine.Object,single)
UnityEngine.Object:Destroy (UnityEngine.Object) (at /Users/bokken/build/output/unity/unity/Runtime/Export/Scripting/UnityEngineObject.bindings.cs:707)
VoxelEngine.Rendering.Runtime.Vegetation.ProceduralTreeRenderer:DestroyBatchObjects (VoxelEngine.Rendering.Runtime.Vegetation.ProceduralTreeRenderer/BatchPresentation) (at Assets/VoxelEngine/Rendering/Runtime/Vegetation/ProceduralTreeRenderer.cs:1079)
VoxelEngine.Rendering.Runtime.Vegetation.ProceduralTreeRenderer:ClearBatches () (at Assets/VoxelEngine/Rendering/Runtime/Vegetation/ProceduralTreeRenderer.cs:1092)
VoxelEngine.Rendering.Runtime.Vegetation.ProceduralTreeRenderer:ClearGenerated () (at Assets/VoxelEngine/Rendering/Runtime/Vegetation/ProceduralTreeRenderer.cs:1106)
VoxelEngine.Rendering.Runtime.Vegetation.ProceduralTreeRenderer:OnDestroy () (at Assets/VoxelEngine/Rendering/Runtime/Vegetation/ProceduralTreeRenderer.cs:1115)
UnityEditor.TestTools.TestRunner.CommandLineTest.Executer:ExitApplication (UnityEditor.TestTools.TestRunner.CommandLineTest.Executer/ReturnCodes,string) (at ./Library/PackageCache/com.unity.test-framework@1405238725ab/UnityEditor.TestRunner/CommandLineTest/Executer.cs:83)
UnityEditor.TestTools.TestRunner.CommandLineTest.Executer:ExitIfRunIsCompleted () (at ./Library/PackageCache/com.unity.test-framework@1405238725ab/UnityEditor.TestRunner/CommandLineTest/Executer.cs:74)
UnityEditor.EditorApplication:Internal_CallUpdateFunctions () (at /Users/bokken/build/output/unity/unity/Editor/Mono/EditorApplication.cs:403)

[Assets/VoxelEngine/Rendering/Runtime/Vegetation/ProceduralTreeRenderer.cs line 1079]

TreeBatch_2_10_LOD2: Destroy may not be called from edit mode! Use DestroyImmediate instead.
Destroying an object in edit mode destroys it permanently
UnityEngine.Debug:ExtractStackTraceNoAlloc (byte*,int,string)
UnityEngine.StackTraceUtility:ExtractStackTrace () (at /Users/bokken/build/output/unity/unity/Runtime/Export/Scripting/StackTrace.cs:35)
UnityEngine.Object:Destroy (UnityEngine.Object,single)
UnityEngine.Object:Destroy (UnityEngine.Object) (at /Users/bokken/build/output/unity/unity/Runtime/Export/Scripting/UnityEngineObject.bindings.cs:707)
VoxelEngine.Rendering.Runtime.Vegetation.ProceduralTreeRenderer:DestroyBatchObjects (VoxelEngine.Rendering.Runtime.Vegetation.ProceduralTreeRenderer/BatchPresentation) (at Assets/VoxelEngine/Rendering/Runtime/Vegetation/ProceduralTreeRenderer.cs:1079)
VoxelEngine.Rendering.Runtime.Vegetation.ProceduralTreeRenderer:ClearBatches () (at Assets/VoxelEngine/Rendering/Runtime/Vegetation/ProceduralTreeRenderer.cs:1092)
VoxelEngine.Rendering.Runtime.Vegetation.ProceduralTreeRenderer:ClearGenerated () (at Assets/VoxelEngine/Rendering/Runtime/Vegetation/ProceduralTreeRenderer.cs:1106)
VoxelEngine.Rendering.Runtime.Vegetation.ProceduralTreeRenderer:OnDestroy () (at Assets/VoxelEngine/Rendering/Runtime/Vegetation/ProceduralTreeRenderer.cs:1115)
UnityEditor.TestTools.TestRunner.CommandLineTest.Executer:ExitApplication (UnityEditor.TestTools.TestRunner.CommandLineTest.Executer/ReturnCodes,string) (at ./Library/PackageCache/com.unity.test-framework@1405238725ab/UnityEditor.TestRunner/CommandLineTest/Executer.cs:83)
UnityEditor.TestTools.TestRunner.CommandLineTest.Executer:ExitIfRunIsCompleted () (at ./Library/PackageCache/com.unity.test-framework@1405238725ab/UnityEditor.TestRunner/CommandLineTest/Executer.cs:74)
UnityEditor.EditorApplication:Internal_CallUpdateFunctions () (at /Users/bokken/build/output/unity/unity/Editor/Mono/EditorApplication.cs:403)

[Assets/VoxelEngine/Rendering/Runtime/Vegetation/ProceduralTreeRenderer.cs line 1079]

TreeBatch_2_10_LOD3: Destroy may not be called from edit mode! Use DestroyImmediate instead.
Destroying an object in edit mode destroys it permanently
UnityEngine.Debug:ExtractStackTraceNoAlloc (byte*,int,string)
UnityEngine.StackTraceUtility:ExtractStackTrace () (at /Users/bokken/build/output/unity/unity/Runtime/Export/Scripting/StackTrace.cs:35)
UnityEngine.Object:Destroy (UnityEngine.Object,single)
UnityEngine.Object:Destroy (UnityEngine.Object) (at /Users/bokken/build/output/unity/unity/Runtime/Export/Scripting/UnityEngineObject.bindings.cs:707)
VoxelEngine.Rendering.Runtime.Vegetation.ProceduralTreeRenderer:DestroyBatchObjects (VoxelEngine.Rendering.Runtime.Vegetation.ProceduralTreeRenderer/BatchPresentation) (at Assets/VoxelEngine/Rendering/Runtime/Vegetation/ProceduralTreeRenderer.cs:1081)
VoxelEngine.Rendering.Runtime.Vegetation.ProceduralTreeRenderer:ClearBatches () (at Assets/VoxelEngine/Rendering/Runtime/Vegetation/ProceduralTreeRenderer.cs:1092)
VoxelEngine.Rendering.Runtime.Vegetation.ProceduralTreeRenderer:ClearGenerated () (at Assets/VoxelEngine/Rendering/Runtime/Vegetation/ProceduralTreeRenderer.cs:1106)
VoxelEngine.Rendering.Runtime.Vegetation.ProceduralTreeRenderer:OnDestroy () (at Assets/VoxelEngine/Rendering/Runtime/Vegetation/ProceduralTreeRenderer.cs:1115)
UnityEditor.TestTools.TestRunner.CommandLineTest.Executer:ExitApplication (UnityEditor.TestTools.TestRunner.CommandLineTest.Executer/ReturnCodes,string) (at ./Library/PackageCache/com.unity.test-framework@1405238725ab/UnityEditor.TestRunner/CommandLineTest/Executer.cs:83)
UnityEditor.TestTools.TestRunner.CommandLineTest.Executer:ExitIfRunIsCompleted () (at ./Library/PackageCache/com.unity.test-framework@1405238725ab/UnityEditor.TestRunner/CommandLineTest/Executer.cs:74)
UnityEditor.EditorApplication:Internal_CallUpdateFunctions () (at /Users/bokken/build/output/unity/unity/Editor/Mono/EditorApplication.cs:403)

[Assets/VoxelEngine/Rendering/Runtime/Vegetation/ProceduralTreeRenderer.cs line 1081]

Tree Batch 2,10: Destroy may not be called from edit mode! Use DestroyImmediate instead.
Destroying an object in edit mode destroys it permanently
UnityEngine.Debug:ExtractStackTraceNoAlloc (byte*,int,string)
UnityEngine.StackTraceUtility:ExtractStackTrace () (at /Users/bokken/build/output/unity/unity/Runtime/Export/Scripting/StackTrace.cs:35)
UnityEngine.Object:Destroy (UnityEngine.Object,single)
UnityEngine.Object:Destroy (UnityEngine.Object) (at /Users/bokken/build/output/unity/unity/Runtime/Export/Scripting/UnityEngineObject.bindings.cs:707)
VoxelEngine.Rendering.Runtime.Vegetation.ProceduralTreeRenderer:DestroyBatchObjects (VoxelEngine.Rendering.Runtime.Vegetation.ProceduralTreeRenderer/BatchPresentation) (at Assets/VoxelEngine/Rendering/Runtime/Vegetation/ProceduralTreeRenderer.cs:1085)
VoxelEngine.Rendering.Runtime.Vegetation.ProceduralTreeRenderer:ClearBatches () (at Assets/VoxelEngine/Rendering/Runtime/Vegetation/ProceduralTreeRenderer.cs:1092)
VoxelEngine.Rendering.Runtime.Vegetation.ProceduralTreeRenderer:ClearGenerated () (at Assets/VoxelEngine/Rendering/Runtime/Vegetation/ProceduralTreeRenderer.cs:1106)
VoxelEngine.Rendering.Runtime.Vegetation.ProceduralTreeRenderer:OnDestroy () (at Assets/VoxelEngine/Rendering/Runtime/Vegetation/ProceduralTreeRenderer.cs:1115)
UnityEditor.TestTools.TestRunner.CommandLineTest.Executer:ExitApplication (UnityEditor.TestTools.TestRunner.CommandLineTest.Executer/ReturnCodes,string) (at ./Library/PackageCache/com.unity.test-framework@1405238725ab/UnityEditor.TestRunner/CommandLineTest/Executer.cs:83)
UnityEditor.TestTools.TestRunner.CommandLineTest.Executer:ExitIfRunIsCompleted () (at ./Library/PackageCache/com.unity.test-framework@1405238725ab/UnityEditor.TestRunner/CommandLineTest/Executer.cs:74)
UnityEditor.EditorApplication:Internal_CallUpdateFunctions () (at /Users/bokken/build/output/unity/unity/Editor/Mono/EditorApplication.cs:403)

[Assets/VoxelEngine/Rendering/Runtime/Vegetation/ProceduralTreeRenderer.cs line 1085]

TreeBatch_3_10_LOD0: Destroy may not be called from edit mode! Use DestroyImmediate instead.
Destroying an object in edit mode destroys it permanently
UnityEngine.Debug:ExtractStackTraceNoAlloc (byte*,int,string)
UnityEngine.StackTraceUtility:ExtractStackTrace () (at /Users/bokken/build/output/unity/unity/Runtime/Export/Scripting/StackTrace.cs:35)
UnityEngine.Object:Destroy (UnityEngine.Object,single)
UnityEngine.Object:Destroy (UnityEngine.Object) (at /Users/bokken/build/output/unity/unity/Runtime/Export/Scripting/UnityEngineObject.bindings.cs:707)
VoxelEngine.Rendering.Runtime.Vegetation.ProceduralTreeRenderer:DestroyBatchObjects (VoxelEngine.Rendering.Runtime.Vegetation.ProceduralTreeRenderer/BatchPresentation) (at Assets/VoxelEngine/Rendering/Runtime/Vegetation/ProceduralTreeRenderer.cs:1079)
VoxelEngine.Rendering.Runtime.Vegetation.ProceduralTreeRenderer:ClearBatches () (at Assets/VoxelEngine/Rendering/Runtime/Vegetation/ProceduralTreeRenderer.cs:1092)
VoxelEngine.Rendering.Runtime.Vegetation.ProceduralTreeRenderer:ClearGenerated () (at Assets/VoxelEngine/Rendering/Runtime/Vegetation/ProceduralTreeRenderer.cs:1106)
VoxelEngine.Rendering.Runtime.Vegetation.ProceduralTreeRenderer:OnDestroy () (at Assets/VoxelEngine/Rendering/Runtime/Vegetation/ProceduralTreeRenderer.cs:1115)
UnityEditor.TestTools.TestRunner.CommandLineTest.Executer:ExitApplication (UnityEditor.TestTools.TestRunner.CommandLineTest.Executer/ReturnCodes,string) (at ./Library/PackageCache/com.unity.test-framework@1405238725ab/UnityEditor.TestRunner/CommandLineTest/Executer.cs:83)
UnityEditor.TestTools.TestRunner.CommandLineTest.Executer:ExitIfRunIsCompleted () (at ./Library/PackageCache/com.unity.test-framework@1405238725ab/UnityEditor.TestRunner/CommandLineTest/Executer.cs:74)
UnityEditor.EditorApplication:Internal_CallUpdateFunctions () (at /Users/bokken/build/output/unity/unity/Editor/Mono/EditorApplication.cs:403)

[Assets/VoxelEngine/Rendering/Runtime/Vegetation/ProceduralTreeRenderer.cs line 1079]

TreeBatch_3_10_LOD1: Destroy may not be called from edit mode! Use DestroyImmediate instead.
Destroying an object in edit mode destroys it permanently
UnityEngine.Debug:ExtractStackTraceNoAlloc (byte*,int,string)
UnityEngine.StackTraceUtility:ExtractStackTrace () (at /Users/bokken/build/output/unity/unity/Runtime/Export/Scripting/StackTrace.cs:35)
UnityEngine.Object:Destroy (UnityEngine.Object,single)
UnityEngine.Object:Destroy (UnityEngine.Object) (at /Users/bokken/build/output/unity/unity/Runtime/Export/Scripting/UnityEngineObject.bindings.cs:707)
VoxelEngine.Rendering.Runtime.Vegetation.ProceduralTreeRenderer:DestroyBatchObjects (VoxelEngine.Rendering.Runtime.Vegetation.ProceduralTreeRenderer/BatchPresentation) (at Assets/VoxelEngine/Rendering/Runtime/Vegetation/ProceduralTreeRenderer.cs:1079)
VoxelEngine.Rendering.Runtime.Vegetation.ProceduralTreeRenderer:ClearBatches () (at Assets/VoxelEngine/Rendering/Runtime/Vegetation/ProceduralTreeRenderer.cs:1092)
VoxelEngine.Rendering.Runtime.Vegetation.ProceduralTreeRenderer:ClearGenerated () (at Assets/VoxelEngine/Rendering/Runtime/Vegetation/ProceduralTreeRenderer.cs:1106)
VoxelEngine.Rendering.Runtime.Vegetation.ProceduralTreeRenderer:OnDestroy () (at Assets/VoxelEngine/Rendering/Runtime/Vegetation/ProceduralTreeRenderer.cs:1115)
UnityEditor.TestTools.TestRunner.CommandLineTest.Executer:ExitApplication (UnityEditor.TestTools.TestRunner.CommandLineTest.Executer/ReturnCodes,string) (at ./Library/PackageCache/com.unity.test-framework@1405238725ab/UnityEditor.TestRunner/CommandLineTest/Executer.cs:83)
UnityEditor.TestTools.TestRunner.CommandLineTest.Executer:ExitIfRunIsCompleted () (at ./Library/PackageCache/com.unity.test-framework@1405238725ab/UnityEditor.TestRunner/CommandLineTest/Executer.cs:74)
UnityEditor.EditorApplication:Internal_CallUpdateFunctions () (at /Users/bokken/build/output/unity/unity/Editor/Mono/EditorApplication.cs:403)

[Assets/VoxelEngine/Rendering/Runtime/Vegetation/ProceduralTreeRenderer.cs line 1079]

TreeBatch_3_10_LOD2: Destroy may not be called from edit mode! Use DestroyImmediate instead.
Destroying an object in edit mode destroys it permanently
UnityEngine.Debug:ExtractStackTraceNoAlloc (byte*,int,string)
UnityEngine.StackTraceUtility:ExtractStackTrace () (at /Users/bokken/build/output/unity/unity/Runtime/Export/Scripting/StackTrace.cs:35)
UnityEngine.Object:Destroy (UnityEngine.Object,single)
UnityEngine.Object:Destroy (UnityEngine.Object) (at /Users/bokken/build/output/unity/unity/Runtime/Export/Scripting/UnityEngineObject.bindings.cs:707)
VoxelEngine.Rendering.Runtime.Vegetation.ProceduralTreeRenderer:DestroyBatchObjects (VoxelEngine.Rendering.Runtime.Vegetation.ProceduralTreeRenderer/BatchPresentation) (at Assets/VoxelEngine/Rendering/Runtime/Vegetation/ProceduralTreeRenderer.cs:1079)
VoxelEngine.Rendering.Runtime.Vegetation.ProceduralTreeRenderer:ClearBatches () (at Assets/VoxelEngine/Rendering/Runtime/Vegetation/ProceduralTreeRenderer.cs:1092)
VoxelEngine.Rendering.Runtime.Vegetation.ProceduralTreeRenderer:ClearGenerated () (at Assets/VoxelEngine/Rendering/Runtime/Vegetation/ProceduralTreeRenderer.cs:1106)
VoxelEngine.Rendering.Runtime.Vegetation.ProceduralTreeRenderer:OnDestroy () (at Assets/VoxelEngine/Rendering/Runtime/Vegetation/ProceduralTreeRenderer.cs:1115)
UnityEditor.TestTools.TestRunner.CommandLineTest.Executer:ExitApplication (UnityEditor.TestTools.TestRunner.CommandLineTest.Executer/ReturnCodes,string) (at ./Library/PackageCache/com.unity.test-framework@1405238725ab/UnityEditor.TestRunner/CommandLineTest/Executer.cs:83)
UnityEditor.TestTools.TestRunner.CommandLineTest.Executer:ExitIfRunIsCompleted () (at ./Library/PackageCache/com.unity.test-framework@1405238725ab/UnityEditor.TestRunner/CommandLineTest/Executer.cs:74)
UnityEditor.EditorApplication:Internal_CallUpdateFunctions () (at /Users/bokken/build/output/unity/unity/Editor/Mono/EditorApplication.cs:403)

[Assets/VoxelEngine/Rendering/Runtime/Vegetation/ProceduralTreeRenderer.cs line 1079]

TreeBatch_3_10_LOD3: Destroy may not be called from edit mode! Use DestroyImmediate instead.
Destroying an object in edit mode destroys it permanently
UnityEngine.Debug:ExtractStackTraceNoAlloc (byte*,int,string)
UnityEngine.StackTraceUtility:ExtractStackTrace () (at /Users/bokken/build/output/unity/unity/Runtime/Export/Scripting/StackTrace.cs:35)
UnityEngine.Object:Destroy (UnityEngine.Object,single)
UnityEngine.Object:Destroy (UnityEngine.Object) (at /Users/bokken/build/output/unity/unity/Runtime/Export/Scripting/UnityEngineObject.bindings.cs:707)
VoxelEngine.Rendering.Runtime.Vegetation.ProceduralTreeRenderer:DestroyBatchObjects (VoxelEngine.Rendering.Runtime.Vegetation.ProceduralTreeRenderer/BatchPresentation) (at Assets/VoxelEngine/Rendering/Runtime/Vegetation/ProceduralTreeRenderer.cs:1081)
VoxelEngine.Rendering.Runtime.Vegetation.ProceduralTreeRenderer:ClearBatches () (at Assets/VoxelEngine/Rendering/Runtime/Vegetation/ProceduralTreeRenderer.cs:1092)
VoxelEngine.Rendering.Runtime.Vegetation.ProceduralTreeRenderer:ClearGenerated () (at Assets/VoxelEngine/Rendering/Runtime/Vegetation/ProceduralTreeRenderer.cs:1106)
VoxelEngine.Rendering.Runtime.Vegetation.ProceduralTreeRenderer:OnDestroy () (at Assets/VoxelEngine/Rendering/Runtime/Vegetation/ProceduralTreeRenderer.cs:1115)
UnityEditor.TestTools.TestRunner.CommandLineTest.Executer:ExitApplication (UnityEditor.TestTools.TestRunner.CommandLineTest.Executer/ReturnCodes,string) (at ./Library/PackageCache/com.unity.test-framework@1405238725ab/UnityEditor.TestRunner/CommandLineTest/Executer.cs:83)
UnityEditor.TestTools.TestRunner.CommandLineTest.Executer:ExitIfRunIsCompleted () (at ./Library/PackageCache/com.unity.test-framework@1405238725ab/UnityEditor.TestRunner/CommandLineTest/Executer.cs:74)
UnityEditor.EditorApplication:Internal_CallUpdateFunctions () (at /Users/bokken/build/output/unity/unity/Editor/Mono/EditorApplication.cs:403)

[Assets/VoxelEngine/Rendering/Runtime/Vegetation/ProceduralTreeRenderer.cs line 1081]

Tree Batch 3,10: Destroy may not be called from edit mode! Use DestroyImmediate instead.
Destroying an object in edit mode destroys it permanently
UnityEngine.Debug:ExtractStackTraceNoAlloc (byte*,int,string)
UnityEngine.StackTraceUtility:ExtractStackTrace () (at /Users/bokken/build/output/unity/unity/Runtime/Export/Scripting/StackTrace.cs:35)
UnityEngine.Object:Destroy (UnityEngine.Object,single)
UnityEngine.Object:Destroy (UnityEngine.Object) (at /Users/bokken/build/output/unity/unity/Runtime/Export/Scripting/UnityEngineObject.bindings.cs:707)
VoxelEngine.Rendering.Runtime.Vegetation.ProceduralTreeRenderer:DestroyBatchObjects (VoxelEngine.Rendering.Runtime.Vegetation.ProceduralTreeRenderer/BatchPresentation) (at Assets/VoxelEngine/Rendering/Runtime/Vegetation/ProceduralTreeRenderer.cs:1085)
VoxelEngine.Rendering.Runtime.Vegetation.ProceduralTreeRenderer:ClearBatches () (at Assets/VoxelEngine/Rendering/Runtime/Vegetation/ProceduralTreeRenderer.cs:1092)
VoxelEngine.Rendering.Runtime.Vegetation.ProceduralTreeRenderer:ClearGenerated () (at Assets/VoxelEngine/Rendering/Runtime/Vegetation/ProceduralTreeRenderer.cs:1106)
VoxelEngine.Rendering.Runtime.Vegetation.ProceduralTreeRenderer:OnDestroy () (at Assets/VoxelEngine/Rendering/Runtime/Vegetation/ProceduralTreeRenderer.cs:1115)
UnityEditor.TestTools.TestRunner.CommandLineTest.Executer:ExitApplication (UnityEditor.TestTools.TestRunner.CommandLineTest.Executer/ReturnCodes,string) (at ./Library/PackageCache/com.unity.test-framework@1405238725ab/UnityEditor.TestRunner/CommandLineTest/Executer.cs:83)
UnityEditor.TestTools.TestRunner.CommandLineTest.Executer:ExitIfRunIsCompleted () (at ./Library/PackageCache/com.unity.test-framework@1405238725ab/UnityEditor.TestRunner/CommandLineTest/Executer.cs:74)
UnityEditor.EditorApplication:Internal_CallUpdateFunctions () (at /Users/bokken/build/output/unity/unity/Editor/Mono/EditorApplication.cs:403)

[Assets/VoxelEngine/Rendering/Runtime/Vegetation/ProceduralTreeRenderer.cs line 1085]

TreeBatch_4_10_LOD0: Destroy may not be called from edit mode! Use DestroyImmediate instead.
Destroying an object in edit mode destroys it permanently
UnityEngine.Debug:ExtractStackTraceNoAlloc (byte*,int,string)
UnityEngine.StackTraceUtility:ExtractStackTrace () (at /Users/bokken/build/output/unity/unity/Runtime/Export/Scripting/StackTrace.cs:35)
UnityEngine.Object:Destroy (UnityEngine.Object,single)
UnityEngine.Object:Destroy (UnityEngine.Object) (at /Users/bokken/build/output/unity/unity/Runtime/Export/Scripting/UnityEngineObject.bindings.cs:707)
VoxelEngine.Rendering.Runtime.Vegetation.ProceduralTreeRenderer:DestroyBatchObjects (VoxelEngine.Rendering.Runtime.Vegetation.ProceduralTreeRenderer/BatchPresentation) (at Assets/VoxelEngine/Rendering/Runtime/Vegetation/ProceduralTreeRenderer.cs:1079)
VoxelEngine.Rendering.Runtime.Vegetation.ProceduralTreeRenderer:ClearBatches () (at Assets/VoxelEngine/Rendering/Runtime/Vegetation/ProceduralTreeRenderer.cs:1092)
VoxelEngine.Rendering.Runtime.Vegetation.ProceduralTreeRenderer:ClearGenerated () (at Assets/VoxelEngine/Rendering/Runtime/Vegetation/ProceduralTreeRenderer.cs:1106)
VoxelEngine.Rendering.Runtime.Vegetation.ProceduralTreeRenderer:OnDestroy () (at Assets/VoxelEngine/Rendering/Runtime/Vegetation/ProceduralTreeRenderer.cs:1115)
UnityEditor.TestTools.TestRunner.CommandLineTest.Executer:ExitApplication (UnityEditor.TestTools.TestRunner.CommandLineTest.Executer/ReturnCodes,string) (at ./Library/PackageCache/com.unity.test-framework@1405238725ab/UnityEditor.TestRunner/CommandLineTest/Executer.cs:83)
UnityEditor.TestTools.TestRunner.CommandLineTest.Executer:ExitIfRunIsCompleted () (at ./Library/PackageCache/com.unity.test-framework@1405238725ab/UnityEditor.TestRunner/CommandLineTest/Executer.cs:74)
UnityEditor.EditorApplication:Internal_CallUpdateFunctions () (at /Users/bokken/build/output/unity/unity/Editor/Mono/EditorApplication.cs:403)

[Assets/VoxelEngine/Rendering/Runtime/Vegetation/ProceduralTreeRenderer.cs line 1079]

TreeBatch_4_10_LOD1: Destroy may not be called from edit mode! Use DestroyImmediate instead.
Destroying an object in edit mode destroys it permanently
UnityEngine.Debug:ExtractStackTraceNoAlloc (byte*,int,string)
UnityEngine.StackTraceUtility:ExtractStackTrace () (at /Users/bokken/build/output/unity/unity/Runtime/Export/Scripting/StackTrace.cs:35)
UnityEngine.Object:Destroy (UnityEngine.Object,single)
UnityEngine.Object:Destroy (UnityEngine.Object) (at /Users/bokken/build/output/unity/unity/Runtime/Export/Scripting/UnityEngineObject.bindings.cs:707)
VoxelEngine.Rendering.Runtime.Vegetation.ProceduralTreeRenderer:DestroyBatchObjects (VoxelEngine.Rendering.Runtime.Vegetation.ProceduralTreeRenderer/BatchPresentation) (at Assets/VoxelEngine/Rendering/Runtime/Vegetation/ProceduralTreeRenderer.cs:1079)
VoxelEngine.Rendering.Runtime.Vegetation.ProceduralTreeRenderer:ClearBatches () (at Assets/VoxelEngine/Rendering/Runtime/Vegetation/ProceduralTreeRenderer.cs:1092)
VoxelEngine.Rendering.Runtime.Vegetation.ProceduralTreeRenderer:ClearGenerated () (at Assets/VoxelEngine/Rendering/Runtime/Vegetation/ProceduralTreeRenderer.cs:1106)
VoxelEngine.Rendering.Runtime.Vegetation.ProceduralTreeRenderer:OnDestroy () (at Assets/VoxelEngine/Rendering/Runtime/Vegetation/ProceduralTreeRenderer.cs:1115)
UnityEditor.TestTools.TestRunner.CommandLineTest.Executer:ExitApplication (UnityEditor.TestTools.TestRunner.CommandLineTest.Executer/ReturnCodes,string) (at ./Library/PackageCache/com.unity.test-framework@1405238725ab/UnityEditor.TestRunner/CommandLineTest/Executer.cs:83)
UnityEditor.TestTools.TestRunner.CommandLineTest.Executer:ExitIfRunIsCompleted () (at ./Library/PackageCache/com.unity.test-framework@1405238725ab/UnityEditor.TestRunner/CommandLineTest/Executer.cs:74)
UnityEditor.EditorApplication:Internal_CallUpdateFunctions () (at /Users/bokken/build/output/unity/unity/Editor/Mono/EditorApplication.cs:403)

[Assets/VoxelEngine/Rendering/Runtime/Vegetation/ProceduralTreeRenderer.cs line 1079]

TreeBatch_4_10_LOD2: Destroy may not be called from edit mode! Use DestroyImmediate instead.
Destroying an object in edit mode destroys it permanently
UnityEngine.Debug:ExtractStackTraceNoAlloc (byte*,int,string)
UnityEngine.StackTraceUtility:ExtractStackTrace () (at /Users/bokken/build/output/unity/unity/Runtime/Export/Scripting/StackTrace.cs:35)
UnityEngine.Object:Destroy (UnityEngine.Object,single)
UnityEngine.Object:Destroy (UnityEngine.Object) (at /Users/bokken/build/output/unity/unity/Runtime/Export/Scripting/UnityEngineObject.bindings.cs:707)
VoxelEngine.Rendering.Runtime.Vegetation.ProceduralTreeRenderer:DestroyBatchObjects (VoxelEngine.Rendering.Runtime.Vegetation.ProceduralTreeRenderer/BatchPresentation) (at Assets/VoxelEngine/Rendering/Runtime/Vegetation/ProceduralTreeRenderer.cs:1079)
VoxelEngine.Rendering.Runtime.Vegetation.ProceduralTreeRenderer:ClearBatches () (at Assets/VoxelEngine/Rendering/Runtime/Vegetation/ProceduralTreeRenderer.cs:1092)
VoxelEngine.Rendering.Runtime.Vegetation.ProceduralTreeRenderer:ClearGenerated () (at Assets/VoxelEngine/Rendering/Runtime/Vegetation/ProceduralTreeRenderer.cs:1106)
VoxelEngine.Rendering.Runtime.Vegetation.ProceduralTreeRenderer:OnDestroy () (at Assets/VoxelEngine/Rendering/Runtime/Vegetation/ProceduralTreeRenderer.cs:1115)
UnityEditor.TestTools.TestRunner.CommandLineTest.Executer:ExitApplication (UnityEditor.TestTools.TestRunner.CommandLineTest.Executer/ReturnCodes,string) (at ./Library/PackageCache/com.unity.test-framework@1405238725ab/UnityEditor.TestRunner/CommandLineTest/Executer.cs:83)
UnityEditor.TestTools.TestRunner.CommandLineTest.Executer:ExitIfRunIsCompleted () (at ./Library/PackageCache/com.unity.test-framework@1405238725ab/UnityEditor.TestRunner/CommandLineTest/Executer.cs:74)
UnityEditor.EditorApplication:Internal_CallUpdateFunctions () (at /Users/bokken/build/output/unity/unity/Editor/Mono/EditorApplication.cs:403)

[Assets/VoxelEngine/Rendering/Runtime/Vegetation/ProceduralTreeRenderer.cs line 1079]

TreeBatch_4_10_LOD3: Destroy may not be called from edit mode! Use DestroyImmediate instead.
Destroying an object in edit mode destroys it permanently
UnityEngine.Debug:ExtractStackTraceNoAlloc (byte*,int,string)
UnityEngine.StackTraceUtility:ExtractStackTrace () (at /Users/bokken/build/output/unity/unity/Runtime/Export/Scripting/StackTrace.cs:35)
UnityEngine.Object:Destroy (UnityEngine.Object,single)
UnityEngine.Object:Destroy (UnityEngine.Object) (at /Users/bokken/build/output/unity/unity/Runtime/Export/Scripting/UnityEngineObject.bindings.cs:707)
VoxelEngine.Rendering.Runtime.Vegetation.ProceduralTreeRenderer:DestroyBatchObjects (VoxelEngine.Rendering.Runtime.Vegetation.ProceduralTreeRenderer/BatchPresentation) (at Assets/VoxelEngine/Rendering/Runtime/Vegetation/ProceduralTreeRenderer.cs:1081)
VoxelEngine.Rendering.Runtime.Vegetation.ProceduralTreeRenderer:ClearBatches () (at Assets/VoxelEngine/Rendering/Runtime/Vegetation/ProceduralTreeRenderer.cs:1092)
VoxelEngine.Rendering.Runtime.Vegetation.ProceduralTreeRenderer:ClearGenerated () (at Assets/VoxelEngine/Rendering/Runtime/Vegetation/ProceduralTreeRenderer.cs:1106)
VoxelEngine.Rendering.Runtime.Vegetation.ProceduralTreeRenderer:OnDestroy () (at Assets/VoxelEngine/Rendering/Runtime/Vegetation/ProceduralTreeRenderer.cs:1115)
UnityEditor.TestTools.TestRunner.CommandLineTest.Executer:ExitApplication (UnityEditor.TestTools.TestRunner.CommandLineTest.Executer/ReturnCodes,string) (at ./Library/PackageCache/com.unity.test-framework@1405238725ab/UnityEditor.TestRunner/CommandLineTest/Executer.cs:83)
UnityEditor.TestTools.TestRunner.CommandLineTest.Executer:ExitIfRunIsCompleted () (at ./Library/PackageCache/com.unity.test-framework@1405238725ab/UnityEditor.TestRunner/CommandLineTest/Executer.cs:74)
UnityEditor.EditorApplication:Internal_CallUpdateFunctions () (at /Users/bokken/build/output/unity/unity/Editor/Mono/EditorApplication.cs:403)

[Assets/VoxelEngine/Rendering/Runtime/Vegetation/ProceduralTreeRenderer.cs line 1081]

Tree Batch 4,10: Destroy may not be called from edit mode! Use DestroyImmediate instead.
Destroying an object in edit mode destroys it permanently
UnityEngine.Debug:ExtractStackTraceNoAlloc (byte*,int,string)
UnityEngine.StackTraceUtility:ExtractStackTrace () (at /Users/bokken/build/output/unity/unity/Runtime/Export/Scripting/StackTrace.cs:35)
UnityEngine.Object:Destroy (UnityEngine.Object,single)
UnityEngine.Object:Destroy (UnityEngine.Object) (at /Users/bokken/build/output/unity/unity/Runtime/Export/Scripting/UnityEngineObject.bindings.cs:707)
VoxelEngine.Rendering.Runtime.Vegetation.ProceduralTreeRenderer:DestroyBatchObjects (VoxelEngine.Rendering.Runtime.Vegetation.ProceduralTreeRenderer/BatchPresentation) (at Assets/VoxelEngine/Rendering/Runtime/Vegetation/ProceduralTreeRenderer.cs:1085)
VoxelEngine.Rendering.Runtime.Vegetation.ProceduralTreeRenderer:ClearBatches () (at Assets/VoxelEngine/Rendering/Runtime/Vegetation/ProceduralTreeRenderer.cs:1092)
VoxelEngine.Rendering.Runtime.Vegetation.ProceduralTreeRenderer:ClearGenerated () (at Assets/VoxelEngine/Rendering/Runtime/Vegetation/ProceduralTreeRenderer.cs:1106)
VoxelEngine.Rendering.Runtime.Vegetation.ProceduralTreeRenderer:OnDestroy () (at Assets/VoxelEngine/Rendering/Runtime/Vegetation/ProceduralTreeRenderer.cs:1115)
UnityEditor.TestTools.TestRunner.CommandLineTest.Executer:ExitApplication (UnityEditor.TestTools.TestRunner.CommandLineTest.Executer/ReturnCodes,string) (at ./Library/PackageCache/com.unity.test-framework@1405238725ab/UnityEditor.TestRunner/CommandLineTest/Executer.cs:83)
UnityEditor.TestTools.TestRunner.CommandLineTest.Executer:ExitIfRunIsCompleted () (at ./Library/PackageCache/com.unity.test-framework@1405238725ab/UnityEditor.TestRunner/CommandLineTest/Executer.cs:74)
UnityEditor.EditorApplication:Internal_CallUpdateFunctions () (at /Users/bokken/build/output/unity/unity/Editor/Mono/EditorApplication.cs:403)

[Assets/VoxelEngine/Rendering/Runtime/Vegetation/ProceduralTreeRenderer.cs line 1085]

TreeBatch_5_10_LOD0: Destroy may not be called from edit mode! Use DestroyImmediate instead.
Destroying an object in edit mode destroys it permanently
UnityEngine.Debug:ExtractStackTraceNoAlloc (byte*,int,string)
UnityEngine.StackTraceUtility:ExtractStackTrace () (at /Users/bokken/build/output/unity/unity/Runtime/Export/Scripting/StackTrace.cs:35)
UnityEngine.Object:Destroy (UnityEngine.Object,single)
UnityEngine.Object:Destroy (UnityEngine.Object) (at /Users/bokken/build/output/unity/unity/Runtime/Export/Scripting/UnityEngineObject.bindings.cs:707)
VoxelEngine.Rendering.Runtime.Vegetation.ProceduralTreeRenderer:DestroyBatchObjects (VoxelEngine.Rendering.Runtime.Vegetation.ProceduralTreeRenderer/BatchPresentation) (at Assets/VoxelEngine/Rendering/Runtime/Vegetation/ProceduralTreeRenderer.cs:1079)
VoxelEngine.Rendering.Runtime.Vegetation.ProceduralTreeRenderer:ClearBatches () (at Assets/VoxelEngine/Rendering/Runtime/Vegetation/ProceduralTreeRenderer.cs:1092)
VoxelEngine.Rendering.Runtime.Vegetation.ProceduralTreeRenderer:ClearGenerated () (at Assets/VoxelEngine/Rendering/Runtime/Vegetation/ProceduralTreeRenderer.cs:1106)
VoxelEngine.Rendering.Runtime.Vegetation.ProceduralTreeRenderer:OnDestroy () (at Assets/VoxelEngine/Rendering/Runtime/Vegetation/ProceduralTreeRenderer.cs:1115)
UnityEditor.TestTools.TestRunner.CommandLineTest.Executer:ExitApplication (UnityEditor.TestTools.TestRunner.CommandLineTest.Executer/ReturnCodes,string) (at ./Library/PackageCache/com.unity.test-framework@1405238725ab/UnityEditor.TestRunner/CommandLineTest/Executer.cs:83)
UnityEditor.TestTools.TestRunner.CommandLineTest.Executer:ExitIfRunIsCompleted () (at ./Library/PackageCache/com.unity.test-framework@1405238725ab/UnityEditor.TestRunner/CommandLineTest/Executer.cs:74)
UnityEditor.EditorApplication:Internal_CallUpdateFunctions () (at /Users/bokken/build/output/unity/unity/Editor/Mono/EditorApplication.cs:403)

[Assets/VoxelEngine/Rendering/Runtime/Vegetation/ProceduralTreeRenderer.cs line 1079]

TreeBatch_5_10_LOD1: Destroy may not be called from edit mode! Use DestroyImmediate instead.
Destroying an object in edit mode destroys it permanently
UnityEngine.Debug:ExtractStackTraceNoAlloc (byte*,int,string)
UnityEngine.StackTraceUtility:ExtractStackTrace () (at /Users/bokken/build/output/unity/unity/Runtime/Export/Scripting/StackTrace.cs:35)
UnityEngine.Object:Destroy (UnityEngine.Object,single)
UnityEngine.Object:Destroy (UnityEngine.Object) (at /Users/bokken/build/output/unity/unity/Runtime/Export/Scripting/UnityEngineObject.bindings.cs:707)
VoxelEngine.Rendering.Runtime.Vegetation.ProceduralTreeRenderer:DestroyBatchObjects (VoxelEngine.Rendering.Runtime.Vegetation.ProceduralTreeRenderer/BatchPresentation) (at Assets/VoxelEngine/Rendering/Runtime/Vegetation/ProceduralTreeRenderer.cs:1079)
VoxelEngine.Rendering.Runtime.Vegetation.ProceduralTreeRenderer:ClearBatches () (at Assets/VoxelEngine/Rendering/Runtime/Vegetation/ProceduralTreeRenderer.cs:1092)
VoxelEngine.Rendering.Runtime.Vegetation.ProceduralTreeRenderer:ClearGenerated () (at Assets/VoxelEngine/Rendering/Runtime/Vegetation/ProceduralTreeRenderer.cs:1106)
VoxelEngine.Rendering.Runtime.Vegetation.ProceduralTreeRenderer:OnDestroy () (at Assets/VoxelEngine/Rendering/Runtime/Vegetation/ProceduralTreeRenderer.cs:1115)
UnityEditor.TestTools.TestRunner.CommandLineTest.Executer:ExitApplication (UnityEditor.TestTools.TestRunner.CommandLineTest.Executer/ReturnCodes,string) (at ./Library/PackageCache/com.unity.test-framework@1405238725ab/UnityEditor.TestRunner/CommandLineTest/Executer.cs:83)
UnityEditor.TestTools.TestRunner.CommandLineTest.Executer:ExitIfRunIsCompleted () (at ./Library/PackageCache/com.unity.test-framework@1405238725ab/UnityEditor.TestRunner/CommandLineTest/Executer.cs:74)
UnityEditor.EditorApplication:Internal_CallUpdateFunctions () (at /Users/bokken/build/output/unity/unity/Editor/Mono/EditorApplication.cs:403)

[Assets/VoxelEngine/Rendering/Runtime/Vegetation/ProceduralTreeRenderer.cs line 1079]

TreeBatch_5_10_LOD2: Destroy may not be called from edit mode! Use DestroyImmediate instead.
Destroying an object in edit mode destroys it permanently
UnityEngine.Debug:ExtractStackTraceNoAlloc (byte*,int,string)
UnityEngine.StackTraceUtility:ExtractStackTrace () (at /Users/bokken/build/output/unity/unity/Runtime/Export/Scripting/StackTrace.cs:35)
UnityEngine.Object:Destroy (UnityEngine.Object,single)
UnityEngine.Object:Destroy (UnityEngine.Object) (at /Users/bokken/build/output/unity/unity/Runtime/Export/Scripting/UnityEngineObject.bindings.cs:707)
VoxelEngine.Rendering.Runtime.Vegetation.ProceduralTreeRenderer:DestroyBatchObjects (VoxelEngine.Rendering.Runtime.Vegetation.ProceduralTreeRenderer/BatchPresentation) (at Assets/VoxelEngine/Rendering/Runtime/Vegetation/ProceduralTreeRenderer.cs:1079)
VoxelEngine.Rendering.Runtime.Vegetation.ProceduralTreeRenderer:ClearBatches () (at Assets/VoxelEngine/Rendering/Runtime/Vegetation/ProceduralTreeRenderer.cs:1092)
VoxelEngine.Rendering.Runtime.Vegetation.ProceduralTreeRenderer:ClearGenerated () (at Assets/VoxelEngine/Rendering/Runtime/Vegetation/ProceduralTreeRenderer.cs:1106)
VoxelEngine.Rendering.Runtime.Vegetation.ProceduralTreeRenderer:OnDestroy () (at Assets/VoxelEngine/Rendering/Runtime/Vegetation/ProceduralTreeRenderer.cs:1115)
UnityEditor.TestTools.TestRunner.CommandLineTest.Executer:ExitApplication (UnityEditor.TestTools.TestRunner.CommandLineTest.Executer/ReturnCodes,string) (at ./Library/PackageCache/com.unity.test-framework@1405238725ab/UnityEditor.TestRunner/CommandLineTest/Executer.cs:83)
UnityEditor.TestTools.TestRunner.CommandLineTest.Executer:ExitIfRunIsCompleted () (at ./Library/PackageCache/com.unity.test-framework@1405238725ab/UnityEditor.TestRunner/CommandLineTest/Executer.cs:74)
UnityEditor.EditorApplication:Internal_CallUpdateFunctions () (at /Users/bokken/build/output/unity/unity/Editor/Mono/EditorApplication.cs:403)

[Assets/VoxelEngine/Rendering/Runtime/Vegetation/ProceduralTreeRenderer.cs line 1079]

TreeBatch_5_10_LOD3: Destroy may not be called from edit mode! Use DestroyImmediate instead.
Destroying an object in edit mode destroys it permanently
UnityEngine.Debug:ExtractStackTraceNoAlloc (byte*,int,string)
UnityEngine.StackTraceUtility:ExtractStackTrace () (at /Users/bokken/build/output/unity/unity/Runtime/Export/Scripting/StackTrace.cs:35)
UnityEngine.Object:Destroy (UnityEngine.Object,single)
UnityEngine.Object:Destroy (UnityEngine.Object) (at /Users/bokken/build/output/unity/unity/Runtime/Export/Scripting/UnityEngineObject.bindings.cs:707)
VoxelEngine.Rendering.Runtime.Vegetation.ProceduralTreeRenderer:DestroyBatchObjects (VoxelEngine.Rendering.Runtime.Vegetation.ProceduralTreeRenderer/BatchPresentation) (at Assets/VoxelEngine/Rendering/Runtime/Vegetation/ProceduralTreeRenderer.cs:1081)
VoxelEngine.Rendering.Runtime.Vegetation.ProceduralTreeRenderer:ClearBatches () (at Assets/VoxelEngine/Rendering/Runtime/Vegetation/ProceduralTreeRenderer.cs:1092)
VoxelEngine.Rendering.Runtime.Vegetation.ProceduralTreeRenderer:ClearGenerated () (at Assets/VoxelEngine/Rendering/Runtime/Vegetation/ProceduralTreeRenderer.cs:1106)
VoxelEngine.Rendering.Runtime.Vegetation.ProceduralTreeRenderer:OnDestroy () (at Assets/VoxelEngine/Rendering/Runtime/Vegetation/ProceduralTreeRenderer.cs:1115)
UnityEditor.TestTools.TestRunner.CommandLineTest.Executer:ExitApplication (UnityEditor.TestTools.TestRunner.CommandLineTest.Executer/ReturnCodes,string) (at ./Library/PackageCache/com.unity.test-framework@1405238725ab/UnityEditor.TestRunner/CommandLineTest/Executer.cs:83)
UnityEditor.TestTools.TestRunner.CommandLineTest.Executer:ExitIfRunIsCompleted () (at ./Library/PackageCache/com.unity.test-framework@1405238725ab/UnityEditor.TestRunner/CommandLineTest/Executer.cs:74)
UnityEditor.EditorApplication:Internal_CallUpdateFunctions () (at /Users/bokken/build/output/unity/unity/Editor/Mono/EditorApplication.cs:403)

[Assets/VoxelEngine/Rendering/Runtime/Vegetation/ProceduralTreeRenderer.cs line 1081]

Tree Batch 5,10: Destroy may not be called from edit mode! Use DestroyImmediate instead.
Destroying an object in edit mode destroys it permanently
UnityEngine.Debug:ExtractStackTraceNoAlloc (byte*,int,string)
UnityEngine.StackTraceUtility:ExtractStackTrace () (at /Users/bokken/build/output/unity/unity/Runtime/Export/Scripting/StackTrace.cs:35)
UnityEngine.Object:Destroy (UnityEngine.Object,single)
UnityEngine.Object:Destroy (UnityEngine.Object) (at /Users/bokken/build/output/unity/unity/Runtime/Export/Scripting/UnityEngineObject.bindings.cs:707)
VoxelEngine.Rendering.Runtime.Vegetation.ProceduralTreeRenderer:DestroyBatchObjects (VoxelEngine.Rendering.Runtime.Vegetation.ProceduralTreeRenderer/BatchPresentation) (at Assets/VoxelEngine/Rendering/Runtime/Vegetation/ProceduralTreeRenderer.cs:1085)
VoxelEngine.Rendering.Runtime.Vegetation.ProceduralTreeRenderer:ClearBatches () (at Assets/VoxelEngine/Rendering/Runtime/Vegetation/ProceduralTreeRenderer.cs:1092)
VoxelEngine.Rendering.Runtime.Vegetation.ProceduralTreeRenderer:ClearGenerated () (at Assets/VoxelEngine/Rendering/Runtime/Vegetation/ProceduralTreeRenderer.cs:1106)
VoxelEngine.Rendering.Runtime.Vegetation.ProceduralTreeRenderer:OnDestroy () (at Assets/VoxelEngine/Rendering/Runtime/Vegetation/ProceduralTreeRenderer.cs:1115)
UnityEditor.TestTools.TestRunner.CommandLineTest.Executer:ExitApplication (UnityEditor.TestTools.TestRunner.CommandLineTest.Executer/ReturnCodes,string) (at ./Library/PackageCache/com.unity.test-framework@1405238725ab/UnityEditor.TestRunner/CommandLineTest/Executer.cs:83)
UnityEditor.TestTools.TestRunner.CommandLineTest.Executer:ExitIfRunIsCompleted () (at ./Library/PackageCache/com.unity.test-framework@1405238725ab/UnityEditor.TestRunner/CommandLineTest/Executer.cs:74)
UnityEditor.EditorApplication:Internal_CallUpdateFunctions () (at /Users/bokken/build/output/unity/unity/Editor/Mono/EditorApplication.cs:403)

[Assets/VoxelEngine/Rendering/Runtime/Vegetation/ProceduralTreeRenderer.cs line 1085]

TreeBatch_6_10_LOD0: Destroy may not be called from edit mode! Use DestroyImmediate instead.
Destroying an object in edit mode destroys it permanently
UnityEngine.Debug:ExtractStackTraceNoAlloc (byte*,int,string)
UnityEngine.StackTraceUtility:ExtractStackTrace () (at /Users/bokken/build/output/unity/unity/Runtime/Export/Scripting/StackTrace.cs:35)
UnityEngine.Object:Destroy (UnityEngine.Object,single)
UnityEngine.Object:Destroy (UnityEngine.Object) (at /Users/bokken/build/output/unity/unity/Runtime/Export/Scripting/UnityEngineObject.bindings.cs:707)
VoxelEngine.Rendering.Runtime.Vegetation.ProceduralTreeRenderer:DestroyBatchObjects (VoxelEngine.Rendering.Runtime.Vegetation.ProceduralTreeRenderer/BatchPresentation) (at Assets/VoxelEngine/Rendering/Runtime/Vegetation/ProceduralTreeRenderer.cs:1079)
VoxelEngine.Rendering.Runtime.Vegetation.ProceduralTreeRenderer:ClearBatches () (at Assets/VoxelEngine/Rendering/Runtime/Vegetation/ProceduralTreeRenderer.cs:1092)
VoxelEngine.Rendering.Runtime.Vegetation.ProceduralTreeRenderer:ClearGenerated () (at Assets/VoxelEngine/Rendering/Runtime/Vegetation/ProceduralTreeRenderer.cs:1106)
VoxelEngine.Rendering.Runtime.Vegetation.ProceduralTreeRenderer:OnDestroy () (at Assets/VoxelEngine/Rendering/Runtime/Vegetation/ProceduralTreeRenderer.cs:1115)
UnityEditor.TestTools.TestRunner.CommandLineTest.Executer:ExitApplication (UnityEditor.TestTools.TestRunner.CommandLineTest.Executer/ReturnCodes,string) (at ./Library/PackageCache/com.unity.test-framework@1405238725ab/UnityEditor.TestRunner/CommandLineTest/Executer.cs:83)
UnityEditor.TestTools.TestRunner.CommandLineTest.Executer:ExitIfRunIsCompleted () (at ./Library/PackageCache/com.unity.test-framework@1405238725ab/UnityEditor.TestRunner/CommandLineTest/Executer.cs:74)
UnityEditor.EditorApplication:Internal_CallUpdateFunctions () (at /Users/bokken/build/output/unity/unity/Editor/Mono/EditorApplication.cs:403)

[Assets/VoxelEngine/Rendering/Runtime/Vegetation/ProceduralTreeRenderer.cs line 1079]

TreeBatch_6_10_LOD1: Destroy may not be called from edit mode! Use DestroyImmediate instead.
Destroying an object in edit mode destroys it permanently
UnityEngine.Debug:ExtractStackTraceNoAlloc (byte*,int,string)
UnityEngine.StackTraceUtility:ExtractStackTrace () (at /Users/bokken/build/output/unity/unity/Runtime/Export/Scripting/StackTrace.cs:35)
UnityEngine.Object:Destroy (UnityEngine.Object,single)
UnityEngine.Object:Destroy (UnityEngine.Object) (at /Users/bokken/build/output/unity/unity/Runtime/Export/Scripting/UnityEngineObject.bindings.cs:707)
VoxelEngine.Rendering.Runtime.Vegetation.ProceduralTreeRenderer:DestroyBatchObjects (VoxelEngine.Rendering.Runtime.Vegetation.ProceduralTreeRenderer/BatchPresentation) (at Assets/VoxelEngine/Rendering/Runtime/Vegetation/ProceduralTreeRenderer.cs:1079)
VoxelEngine.Rendering.Runtime.Vegetation.ProceduralTreeRenderer:ClearBatches () (at Assets/VoxelEngine/Rendering/Runtime/Vegetation/ProceduralTreeRenderer.cs:1092)
VoxelEngine.Rendering.Runtime.Vegetation.ProceduralTreeRenderer:ClearGenerated () (at Assets/VoxelEngine/Rendering/Runtime/Vegetation/ProceduralTreeRenderer.cs:1106)
VoxelEngine.Rendering.Runtime.Vegetation.ProceduralTreeRenderer:OnDestroy () (at Assets/VoxelEngine/Rendering/Runtime/Vegetation/ProceduralTreeRenderer.cs:1115)
UnityEditor.TestTools.TestRunner.CommandLineTest.Executer:ExitApplication (UnityEditor.TestTools.TestRunner.CommandLineTest.Executer/ReturnCodes,string) (at ./Library/PackageCache/com.unity.test-framework@1405238725ab/UnityEditor.TestRunner/CommandLineTest/Executer.cs:83)
UnityEditor.TestTools.TestRunner.CommandLineTest.Executer:ExitIfRunIsCompleted () (at ./Library/PackageCache/com.unity.test-framework@1405238725ab/UnityEditor.TestRunner/CommandLineTest/Executer.cs:74)
UnityEditor.EditorApplication:Internal_CallUpdateFunctions () (at /Users/bokken/build/output/unity/unity/Editor/Mono/EditorApplication.cs:403)

[Assets/VoxelEngine/Rendering/Runtime/Vegetation/ProceduralTreeRenderer.cs line 1079]

TreeBatch_6_10_LOD2: Destroy may not be called from edit mode! Use DestroyImmediate instead.
Destroying an object in edit mode destroys it permanently
UnityEngine.Debug:ExtractStackTraceNoAlloc (byte*,int,string)
UnityEngine.StackTraceUtility:ExtractStackTrace () (at /Users/bokken/build/output/unity/unity/Runtime/Export/Scripting/StackTrace.cs:35)
UnityEngine.Object:Destroy (UnityEngine.Object,single)
UnityEngine.Object:Destroy (UnityEngine.Object) (at /Users/bokken/build/output/unity/unity/Runtime/Export/Scripting/UnityEngineObject.bindings.cs:707)
VoxelEngine.Rendering.Runtime.Vegetation.ProceduralTreeRenderer:DestroyBatchObjects (VoxelEngine.Rendering.Runtime.Vegetation.ProceduralTreeRenderer/BatchPresentation) (at Assets/VoxelEngine/Rendering/Runtime/Vegetation/ProceduralTreeRenderer.cs:1079)
VoxelEngine.Rendering.Runtime.Vegetation.ProceduralTreeRenderer:ClearBatches () (at Assets/VoxelEngine/Rendering/Runtime/Vegetation/ProceduralTreeRenderer.cs:1092)
VoxelEngine.Rendering.Runtime.Vegetation.ProceduralTreeRenderer:ClearGenerated () (at Assets/VoxelEngine/Rendering/Runtime/Vegetation/ProceduralTreeRenderer.cs:1106)
VoxelEngine.Rendering.Runtime.Vegetation.ProceduralTreeRenderer:OnDestroy () (at Assets/VoxelEngine/Rendering/Runtime/Vegetation/ProceduralTreeRenderer.cs:1115)
UnityEditor.TestTools.TestRunner.CommandLineTest.Executer:ExitApplication (UnityEditor.TestTools.TestRunner.CommandLineTest.Executer/ReturnCodes,string) (at ./Library/PackageCache/com.unity.test-framework@1405238725ab/UnityEditor.TestRunner/CommandLineTest/Executer.cs:83)
UnityEditor.TestTools.TestRunner.CommandLineTest.Executer:ExitIfRunIsCompleted () (at ./Library/PackageCache/com.unity.test-framework@1405238725ab/UnityEditor.TestRunner/CommandLineTest/Executer.cs:74)
UnityEditor.EditorApplication:Internal_CallUpdateFunctions () (at /Users/bokken/build/output/unity/unity/Editor/Mono/EditorApplication.cs:403)

[Assets/VoxelEngine/Rendering/Runtime/Vegetation/ProceduralTreeRenderer.cs line 1079]

TreeBatch_6_10_LOD3: Destroy may not be called from edit mode! Use DestroyImmediate instead.
Destroying an object in edit mode destroys it permanently
UnityEngine.Debug:ExtractStackTraceNoAlloc (byte*,int,string)
UnityEngine.StackTraceUtility:ExtractStackTrace () (at /Users/bokken/build/output/unity/unity/Runtime/Export/Scripting/StackTrace.cs:35)
UnityEngine.Object:Destroy (UnityEngine.Object,single)
UnityEngine.Object:Destroy (UnityEngine.Object) (at /Users/bokken/build/output/unity/unity/Runtime/Export/Scripting/UnityEngineObject.bindings.cs:707)
VoxelEngine.Rendering.Runtime.Vegetation.ProceduralTreeRenderer:DestroyBatchObjects (VoxelEngine.Rendering.Runtime.Vegetation.ProceduralTreeRenderer/BatchPresentation) (at Assets/VoxelEngine/Rendering/Runtime/Vegetation/ProceduralTreeRenderer.cs:1081)
VoxelEngine.Rendering.Runtime.Vegetation.ProceduralTreeRenderer:ClearBatches () (at Assets/VoxelEngine/Rendering/Runtime/Vegetation/ProceduralTreeRenderer.cs:1092)
VoxelEngine.Rendering.Runtime.Vegetation.ProceduralTreeRenderer:ClearGenerated () (at Assets/VoxelEngine/Rendering/Runtime/Vegetation/ProceduralTreeRenderer.cs:1106)
VoxelEngine.Rendering.Runtime.Vegetation.ProceduralTreeRenderer:OnDestroy () (at Assets/VoxelEngine/Rendering/Runtime/Vegetation/ProceduralTreeRenderer.cs:1115)
UnityEditor.TestTools.TestRunner.CommandLineTest.Executer:ExitApplication (UnityEditor.TestTools.TestRunner.CommandLineTest.Executer/ReturnCodes,string) (at ./Library/PackageCache/com.unity.test-framework@1405238725ab/UnityEditor.TestRunner/CommandLineTest/Executer.cs:83)
UnityEditor.TestTools.TestRunner.CommandLineTest.Executer:ExitIfRunIsCompleted () (at ./Library/PackageCache/com.unity.test-framework@1405238725ab/UnityEditor.TestRunner/CommandLineTest/Executer.cs:74)
UnityEditor.EditorApplication:Internal_CallUpdateFunctions () (at /Users/bokken/build/output/unity/unity/Editor/Mono/EditorApplication.cs:403)

[Assets/VoxelEngine/Rendering/Runtime/Vegetation/ProceduralTreeRenderer.cs line 1081]

Tree Batch 6,10: Destroy may not be called from edit mode! Use DestroyImmediate instead.
Destroying an object in edit mode destroys it permanently
UnityEngine.Debug:ExtractStackTraceNoAlloc (byte*,int,string)
UnityEngine.StackTraceUtility:ExtractStackTrace () (at /Users/bokken/build/output/unity/unity/Runtime/Export/Scripting/StackTrace.cs:35)
UnityEngine.Object:Destroy (UnityEngine.Object,single)
UnityEngine.Object:Destroy (UnityEngine.Object) (at /Users/bokken/build/output/unity/unity/Runtime/Export/Scripting/UnityEngineObject.bindings.cs:707)
VoxelEngine.Rendering.Runtime.Vegetation.ProceduralTreeRenderer:DestroyBatchObjects (VoxelEngine.Rendering.Runtime.Vegetation.ProceduralTreeRenderer/BatchPresentation) (at Assets/VoxelEngine/Rendering/Runtime/Vegetation/ProceduralTreeRenderer.cs:1085)
VoxelEngine.Rendering.Runtime.Vegetation.ProceduralTreeRenderer:ClearBatches () (at Assets/VoxelEngine/Rendering/Runtime/Vegetation/ProceduralTreeRenderer.cs:1092)
VoxelEngine.Rendering.Runtime.Vegetation.ProceduralTreeRenderer:ClearGenerated () (at Assets/VoxelEngine/Rendering/Runtime/Vegetation/ProceduralTreeRenderer.cs:1106)
VoxelEngine.Rendering.Runtime.Vegetation.ProceduralTreeRenderer:OnDestroy () (at Assets/VoxelEngine/Rendering/Runtime/Vegetation/ProceduralTreeRenderer.cs:1115)
UnityEditor.TestTools.TestRunner.CommandLineTest.Executer:ExitApplication (UnityEditor.TestTools.TestRunner.CommandLineTest.Executer/ReturnCodes,string) (at ./Library/PackageCache/com.unity.test-framework@1405238725ab/UnityEditor.TestRunner/CommandLineTest/Executer.cs:83)
UnityEditor.TestTools.TestRunner.CommandLineTest.Executer:ExitIfRunIsCompleted () (at ./Library/PackageCache/com.unity.test-framework@1405238725ab/UnityEditor.TestRunner/CommandLineTest/Executer.cs:74)
UnityEditor.EditorApplication:Internal_CallUpdateFunctions () (at /Users/bokken/build/output/unity/unity/Editor/Mono/EditorApplication.cs:403)

[Assets/VoxelEngine/Rendering/Runtime/Vegetation/ProceduralTreeRenderer.cs line 1085]

TreeBatch_0_11_LOD0: Destroy may not be called from edit mode! Use DestroyImmediate instead.
Destroying an object in edit mode destroys it permanently
UnityEngine.Debug:ExtractStackTraceNoAlloc (byte*,int,string)
UnityEngine.StackTraceUtility:ExtractStackTrace () (at /Users/bokken/build/output/unity/unity/Runtime/Export/Scripting/StackTrace.cs:35)
UnityEngine.Object:Destroy (UnityEngine.Object,single)
UnityEngine.Object:Destroy (UnityEngine.Object) (at /Users/bokken/build/output/unity/unity/Runtime/Export/Scripting/UnityEngineObject.bindings.cs:707)
VoxelEngine.Rendering.Runtime.Vegetation.ProceduralTreeRenderer:DestroyBatchObjects (VoxelEngine.Rendering.Runtime.Vegetation.ProceduralTreeRenderer/BatchPresentation) (at Assets/VoxelEngine/Rendering/Runtime/Vegetation/ProceduralTreeRenderer.cs:1079)
VoxelEngine.Rendering.Runtime.Vegetation.ProceduralTreeRenderer:ClearBatches () (at Assets/VoxelEngine/Rendering/Runtime/Vegetation/ProceduralTreeRenderer.cs:1092)
VoxelEngine.Rendering.Runtime.Vegetation.ProceduralTreeRenderer:ClearGenerated () (at Assets/VoxelEngine/Rendering/Runtime/Vegetation/ProceduralTreeRenderer.cs:1106)
VoxelEngine.Rendering.Runtime.Vegetation.ProceduralTreeRenderer:OnDestroy () (at Assets/VoxelEngine/Rendering/Runtime/Vegetation/ProceduralTreeRenderer.cs:1115)
UnityEditor.TestTools.TestRunner.CommandLineTest.Executer:ExitApplication (UnityEditor.TestTools.TestRunner.CommandLineTest.Executer/ReturnCodes,string) (at ./Library/PackageCache/com.unity.test-framework@1405238725ab/UnityEditor.TestRunner/CommandLineTest/Executer.cs:83)
UnityEditor.TestTools.TestRunner.CommandLineTest.Executer:ExitIfRunIsCompleted () (at ./Library/PackageCache/com.unity.test-framework@1405238725ab/UnityEditor.TestRunner/CommandLineTest/Executer.cs:74)
UnityEditor.EditorApplication:Internal_CallUpdateFunctions () (at /Users/bokken/build/output/unity/unity/Editor/Mono/EditorApplication.cs:403)

[Assets/VoxelEngine/Rendering/Runtime/Vegetation/ProceduralTreeRenderer.cs line 1079]

TreeBatch_0_11_LOD1: Destroy may not be called from edit mode! Use DestroyImmediate instead.
Destroying an object in edit mode destroys it permanently
UnityEngine.Debug:ExtractStackTraceNoAlloc (byte*,int,string)
UnityEngine.StackTraceUtility:ExtractStackTrace () (at /Users/bokken/build/output/unity/unity/Runtime/Export/Scripting/StackTrace.cs:35)
UnityEngine.Object:Destroy (UnityEngine.Object,single)
UnityEngine.Object:Destroy (UnityEngine.Object) (at /Users/bokken/build/output/unity/unity/Runtime/Export/Scripting/UnityEngineObject.bindings.cs:707)
VoxelEngine.Rendering.Runtime.Vegetation.ProceduralTreeRenderer:DestroyBatchObjects (VoxelEngine.Rendering.Runtime.Vegetation.ProceduralTreeRenderer/BatchPresentation) (at Assets/VoxelEngine/Rendering/Runtime/Vegetation/ProceduralTreeRenderer.cs:1079)
VoxelEngine.Rendering.Runtime.Vegetation.ProceduralTreeRenderer:ClearBatches () (at Assets/VoxelEngine/Rendering/Runtime/Vegetation/ProceduralTreeRenderer.cs:1092)
VoxelEngine.Rendering.Runtime.Vegetation.ProceduralTreeRenderer:ClearGenerated () (at Assets/VoxelEngine/Rendering/Runtime/Vegetation/ProceduralTreeRenderer.cs:1106)
VoxelEngine.Rendering.Runtime.Vegetation.ProceduralTreeRenderer:OnDestroy () (at Assets/VoxelEngine/Rendering/Runtime/Vegetation/ProceduralTreeRenderer.cs:1115)
UnityEditor.TestTools.TestRunner.CommandLineTest.Executer:ExitApplication (UnityEditor.TestTools.TestRunner.CommandLineTest.Executer/ReturnCodes,string) (at ./Library/PackageCache/com.unity.test-framework@1405238725ab/UnityEditor.TestRunner/CommandLineTest/Executer.cs:83)
UnityEditor.TestTools.TestRunner.CommandLineTest.Executer:ExitIfRunIsCompleted () (at ./Library/PackageCache/com.unity.test-framework@1405238725ab/UnityEditor.TestRunner/CommandLineTest/Executer.cs:74)
UnityEditor.EditorApplication:Internal_CallUpdateFunctions () (at /Users/bokken/build/output/unity/unity/Editor/Mono/EditorApplication.cs:403)

[Assets/VoxelEngine/Rendering/Runtime/Vegetation/ProceduralTreeRenderer.cs line 1079]

TreeBatch_0_11_LOD2: Destroy may not be called from edit mode! Use DestroyImmediate instead.
Destroying an object in edit mode destroys it permanently
UnityEngine.Debug:ExtractStackTraceNoAlloc (byte*,int,string)
UnityEngine.StackTraceUtility:ExtractStackTrace () (at /Users/bokken/build/output/unity/unity/Runtime/Export/Scripting/StackTrace.cs:35)
UnityEngine.Object:Destroy (UnityEngine.Object,single)
UnityEngine.Object:Destroy (UnityEngine.Object) (at /Users/bokken/build/output/unity/unity/Runtime/Export/Scripting/UnityEngineObject.bindings.cs:707)
VoxelEngine.Rendering.Runtime.Vegetation.ProceduralTreeRenderer:DestroyBatchObjects (VoxelEngine.Rendering.Runtime.Vegetation.ProceduralTreeRenderer/BatchPresentation) (at Assets/VoxelEngine/Rendering/Runtime/Vegetation/ProceduralTreeRenderer.cs:1079)
VoxelEngine.Rendering.Runtime.Vegetation.ProceduralTreeRenderer:ClearBatches () (at Assets/VoxelEngine/Rendering/Runtime/Vegetation/ProceduralTreeRenderer.cs:1092)
VoxelEngine.Rendering.Runtime.Vegetation.ProceduralTreeRenderer:ClearGenerated () (at Assets/VoxelEngine/Rendering/Runtime/Vegetation/ProceduralTreeRenderer.cs:1106)
VoxelEngine.Rendering.Runtime.Vegetation.ProceduralTreeRenderer:OnDestroy () (at Assets/VoxelEngine/Rendering/Runtime/Vegetation/ProceduralTreeRenderer.cs:1115)
UnityEditor.TestTools.TestRunner.CommandLineTest.Executer:ExitApplication (UnityEditor.TestTools.TestRunner.CommandLineTest.Executer/ReturnCodes,string) (at ./Library/PackageCache/com.unity.test-framework@1405238725ab/UnityEditor.TestRunner/CommandLineTest/Executer.cs:83)
UnityEditor.TestTools.TestRunner.CommandLineTest.Executer:ExitIfRunIsCompleted () (at ./Library/PackageCache/com.unity.test-framework@1405238725ab/UnityEditor.TestRunner/CommandLineTest/Executer.cs:74)
UnityEditor.EditorApplication:Internal_CallUpdateFunctions () (at /Users/bokken/build/output/unity/unity/Editor/Mono/EditorApplication.cs:403)

[Assets/VoxelEngine/Rendering/Runtime/Vegetation/ProceduralTreeRenderer.cs line 1079]

TreeBatch_0_11_LOD3: Destroy may not be called from edit mode! Use DestroyImmediate instead.
Destroying an object in edit mode destroys it permanently
UnityEngine.Debug:ExtractStackTraceNoAlloc (byte*,int,string)
UnityEngine.StackTraceUtility:ExtractStackTrace () (at /Users/bokken/build/output/unity/unity/Runtime/Export/Scripting/StackTrace.cs:35)
UnityEngine.Object:Destroy (UnityEngine.Object,single)
UnityEngine.Object:Destroy (UnityEngine.Object) (at /Users/bokken/build/output/unity/unity/Runtime/Export/Scripting/UnityEngineObject.bindings.cs:707)
VoxelEngine.Rendering.Runtime.Vegetation.ProceduralTreeRenderer:DestroyBatchObjects (VoxelEngine.Rendering.Runtime.Vegetation.ProceduralTreeRenderer/BatchPresentation) (at Assets/VoxelEngine/Rendering/Runtime/Vegetation/ProceduralTreeRenderer.cs:1081)
VoxelEngine.Rendering.Runtime.Vegetation.ProceduralTreeRenderer:ClearBatches () (at Assets/VoxelEngine/Rendering/Runtime/Vegetation/ProceduralTreeRenderer.cs:1092)
VoxelEngine.Rendering.Runtime.Vegetation.ProceduralTreeRenderer:ClearGenerated () (at Assets/VoxelEngine/Rendering/Runtime/Vegetation/ProceduralTreeRenderer.cs:1106)
VoxelEngine.Rendering.Runtime.Vegetation.ProceduralTreeRenderer:OnDestroy () (at Assets/VoxelEngine/Rendering/Runtime/Vegetation/ProceduralTreeRenderer.cs:1115)
UnityEditor.TestTools.TestRunner.CommandLineTest.Executer:ExitApplication (UnityEditor.TestTools.TestRunner.CommandLineTest.Executer/ReturnCodes,string) (at ./Library/PackageCache/com.unity.test-framework@1405238725ab/UnityEditor.TestRunner/CommandLineTest/Executer.cs:83)
UnityEditor.TestTools.TestRunner.CommandLineTest.Executer:ExitIfRunIsCompleted () (at ./Library/PackageCache/com.unity.test-framework@1405238725ab/UnityEditor.TestRunner/CommandLineTest/Executer.cs:74)
UnityEditor.EditorApplication:Internal_CallUpdateFunctions () (at /Users/bokken/build/output/unity/unity/Editor/Mono/EditorApplication.cs:403)

[Assets/VoxelEngine/Rendering/Runtime/Vegetation/ProceduralTreeRenderer.cs line 1081]

Tree Batch 0,11: Destroy may not be called from edit mode! Use DestroyImmediate instead.
Destroying an object in edit mode destroys it permanently
UnityEngine.Debug:ExtractStackTraceNoAlloc (byte*,int,string)
UnityEngine.StackTraceUtility:ExtractStackTrace () (at /Users/bokken/build/output/unity/unity/Runtime/Export/Scripting/StackTrace.cs:35)
UnityEngine.Object:Destroy (UnityEngine.Object,single)
UnityEngine.Object:Destroy (UnityEngine.Object) (at /Users/bokken/build/output/unity/unity/Runtime/Export/Scripting/UnityEngineObject.bindings.cs:707)
VoxelEngine.Rendering.Runtime.Vegetation.ProceduralTreeRenderer:DestroyBatchObjects (VoxelEngine.Rendering.Runtime.Vegetation.ProceduralTreeRenderer/BatchPresentation) (at Assets/VoxelEngine/Rendering/Runtime/Vegetation/ProceduralTreeRenderer.cs:1085)
VoxelEngine.Rendering.Runtime.Vegetation.ProceduralTreeRenderer:ClearBatches () (at Assets/VoxelEngine/Rendering/Runtime/Vegetation/ProceduralTreeRenderer.cs:1092)
VoxelEngine.Rendering.Runtime.Vegetation.ProceduralTreeRenderer:ClearGenerated () (at Assets/VoxelEngine/Rendering/Runtime/Vegetation/ProceduralTreeRenderer.cs:1106)
VoxelEngine.Rendering.Runtime.Vegetation.ProceduralTreeRenderer:OnDestroy () (at Assets/VoxelEngine/Rendering/Runtime/Vegetation/ProceduralTreeRenderer.cs:1115)
UnityEditor.TestTools.TestRunner.CommandLineTest.Executer:ExitApplication (UnityEditor.TestTools.TestRunner.CommandLineTest.Executer/ReturnCodes,string) (at ./Library/PackageCache/com.unity.test-framework@1405238725ab/UnityEditor.TestRunner/CommandLineTest/Executer.cs:83)
UnityEditor.TestTools.TestRunner.CommandLineTest.Executer:ExitIfRunIsCompleted () (at ./Library/PackageCache/com.unity.test-framework@1405238725ab/UnityEditor.TestRunner/CommandLineTest/Executer.cs:74)
UnityEditor.EditorApplication:Internal_CallUpdateFunctions () (at /Users/bokken/build/output/unity/unity/Editor/Mono/EditorApplication.cs:403)

[Assets/VoxelEngine/Rendering/Runtime/Vegetation/ProceduralTreeRenderer.cs line 1085]

TreeBatch_2_11_LOD0: Destroy may not be called from edit mode! Use DestroyImmediate instead.
Destroying an object in edit mode destroys it permanently
UnityEngine.Debug:ExtractStackTraceNoAlloc (byte*,int,string)
UnityEngine.StackTraceUtility:ExtractStackTrace () (at /Users/bokken/build/output/unity/unity/Runtime/Export/Scripting/StackTrace.cs:35)
UnityEngine.Object:Destroy (UnityEngine.Object,single)
UnityEngine.Object:Destroy (UnityEngine.Object) (at /Users/bokken/build/output/unity/unity/Runtime/Export/Scripting/UnityEngineObject.bindings.cs:707)
VoxelEngine.Rendering.Runtime.Vegetation.ProceduralTreeRenderer:DestroyBatchObjects (VoxelEngine.Rendering.Runtime.Vegetation.ProceduralTreeRenderer/BatchPresentation) (at Assets/VoxelEngine/Rendering/Runtime/Vegetation/ProceduralTreeRenderer.cs:1079)
VoxelEngine.Rendering.Runtime.Vegetation.ProceduralTreeRenderer:ClearBatches () (at Assets/VoxelEngine/Rendering/Runtime/Vegetation/ProceduralTreeRenderer.cs:1092)
VoxelEngine.Rendering.Runtime.Vegetation.ProceduralTreeRenderer:ClearGenerated () (at Assets/VoxelEngine/Rendering/Runtime/Vegetation/ProceduralTreeRenderer.cs:1106)
VoxelEngine.Rendering.Runtime.Vegetation.ProceduralTreeRenderer:OnDestroy () (at Assets/VoxelEngine/Rendering/Runtime/Vegetation/ProceduralTreeRenderer.cs:1115)
UnityEditor.TestTools.TestRunner.CommandLineTest.Executer:ExitApplication (UnityEditor.TestTools.TestRunner.CommandLineTest.Executer/ReturnCodes,string) (at ./Library/PackageCache/com.unity.test-framework@1405238725ab/UnityEditor.TestRunner/CommandLineTest/Executer.cs:83)
UnityEditor.TestTools.TestRunner.CommandLineTest.Executer:ExitIfRunIsCompleted () (at ./Library/PackageCache/com.unity.test-framework@1405238725ab/UnityEditor.TestRunner/CommandLineTest/Executer.cs:74)
UnityEditor.EditorApplication:Internal_CallUpdateFunctions () (at /Users/bokken/build/output/unity/unity/Editor/Mono/EditorApplication.cs:403)

[Assets/VoxelEngine/Rendering/Runtime/Vegetation/ProceduralTreeRenderer.cs line 1079]

TreeBatch_2_11_LOD1: Destroy may not be called from edit mode! Use DestroyImmediate instead.
Destroying an object in edit mode destroys it permanently
UnityEngine.Debug:ExtractStackTraceNoAlloc (byte*,int,string)
UnityEngine.StackTraceUtility:ExtractStackTrace () (at /Users/bokken/build/output/unity/unity/Runtime/Export/Scripting/StackTrace.cs:35)
UnityEngine.Object:Destroy (UnityEngine.Object,single)
UnityEngine.Object:Destroy (UnityEngine.Object) (at /Users/bokken/build/output/unity/unity/Runtime/Export/Scripting/UnityEngineObject.bindings.cs:707)
VoxelEngine.Rendering.Runtime.Vegetation.ProceduralTreeRenderer:DestroyBatchObjects (VoxelEngine.Rendering.Runtime.Vegetation.ProceduralTreeRenderer/BatchPresentation) (at Assets/VoxelEngine/Rendering/Runtime/Vegetation/ProceduralTreeRenderer.cs:1079)
VoxelEngine.Rendering.Runtime.Vegetation.ProceduralTreeRenderer:ClearBatches () (at Assets/VoxelEngine/Rendering/Runtime/Vegetation/ProceduralTreeRenderer.cs:1092)
VoxelEngine.Rendering.Runtime.Vegetation.ProceduralTreeRenderer:ClearGenerated () (at Assets/VoxelEngine/Rendering/Runtime/Vegetation/ProceduralTreeRenderer.cs:1106)
VoxelEngine.Rendering.Runtime.Vegetation.ProceduralTreeRenderer:OnDestroy () (at Assets/VoxelEngine/Rendering/Runtime/Vegetation/ProceduralTreeRenderer.cs:1115)
UnityEditor.TestTools.TestRunner.CommandLineTest.Executer:ExitApplication (UnityEditor.TestTools.TestRunner.CommandLineTest.Executer/ReturnCodes,string) (at ./Library/PackageCache/com.unity.test-framework@1405238725ab/UnityEditor.TestRunner/CommandLineTest/Executer.cs:83)
UnityEditor.TestTools.TestRunner.CommandLineTest.Executer:ExitIfRunIsCompleted () (at ./Library/PackageCache/com.unity.test-framework@1405238725ab/UnityEditor.TestRunner/CommandLineTest/Executer.cs:74)
UnityEditor.EditorApplication:Internal_CallUpdateFunctions () (at /Users/bokken/build/output/unity/unity/Editor/Mono/EditorApplication.cs:403)

[Assets/VoxelEngine/Rendering/Runtime/Vegetation/ProceduralTreeRenderer.cs line 1079]

TreeBatch_2_11_LOD2: Destroy may not be called from edit mode! Use DestroyImmediate instead.
Destroying an object in edit mode destroys it permanently
UnityEngine.Debug:ExtractStackTraceNoAlloc (byte*,int,string)
UnityEngine.StackTraceUtility:ExtractStackTrace () (at /Users/bokken/build/output/unity/unity/Runtime/Export/Scripting/StackTrace.cs:35)
UnityEngine.Object:Destroy (UnityEngine.Object,single)
UnityEngine.Object:Destroy (UnityEngine.Object) (at /Users/bokken/build/output/unity/unity/Runtime/Export/Scripting/UnityEngineObject.bindings.cs:707)
VoxelEngine.Rendering.Runtime.Vegetation.ProceduralTreeRenderer:DestroyBatchObjects (VoxelEngine.Rendering.Runtime.Vegetation.ProceduralTreeRenderer/BatchPresentation) (at Assets/VoxelEngine/Rendering/Runtime/Vegetation/ProceduralTreeRenderer.cs:1079)
VoxelEngine.Rendering.Runtime.Vegetation.ProceduralTreeRenderer:ClearBatches () (at Assets/VoxelEngine/Rendering/Runtime/Vegetation/ProceduralTreeRenderer.cs:1092)
VoxelEngine.Rendering.Runtime.Vegetation.ProceduralTreeRenderer:ClearGenerated () (at Assets/VoxelEngine/Rendering/Runtime/Vegetation/ProceduralTreeRenderer.cs:1106)
VoxelEngine.Rendering.Runtime.Vegetation.ProceduralTreeRenderer:OnDestroy () (at Assets/VoxelEngine/Rendering/Runtime/Vegetation/ProceduralTreeRenderer.cs:1115)
UnityEditor.TestTools.TestRunner.CommandLineTest.Executer:ExitApplication (UnityEditor.TestTools.TestRunner.CommandLineTest.Executer/ReturnCodes,string) (at ./Library/PackageCache/com.unity.test-framework@1405238725ab/UnityEditor.TestRunner/CommandLineTest/Executer.cs:83)
UnityEditor.TestTools.TestRunner.CommandLineTest.Executer:ExitIfRunIsCompleted () (at ./Library/PackageCache/com.unity.test-framework@1405238725ab/UnityEditor.TestRunner/CommandLineTest/Executer.cs:74)
UnityEditor.EditorApplication:Internal_CallUpdateFunctions () (at /Users/bokken/build/output/unity/unity/Editor/Mono/EditorApplication.cs:403)

[Assets/VoxelEngine/Rendering/Runtime/Vegetation/ProceduralTreeRenderer.cs line 1079]

TreeBatch_2_11_LOD3: Destroy may not be called from edit mode! Use DestroyImmediate instead.
Destroying an object in edit mode destroys it permanently
UnityEngine.Debug:ExtractStackTraceNoAlloc (byte*,int,string)
UnityEngine.StackTraceUtility:ExtractStackTrace () (at /Users/bokken/build/output/unity/unity/Runtime/Export/Scripting/StackTrace.cs:35)
UnityEngine.Object:Destroy (UnityEngine.Object,single)
UnityEngine.Object:Destroy (UnityEngine.Object) (at /Users/bokken/build/output/unity/unity/Runtime/Export/Scripting/UnityEngineObject.bindings.cs:707)
VoxelEngine.Rendering.Runtime.Vegetation.ProceduralTreeRenderer:DestroyBatchObjects (VoxelEngine.Rendering.Runtime.Vegetation.ProceduralTreeRenderer/BatchPresentation) (at Assets/VoxelEngine/Rendering/Runtime/Vegetation/ProceduralTreeRenderer.cs:1081)
VoxelEngine.Rendering.Runtime.Vegetation.ProceduralTreeRenderer:ClearBatches () (at Assets/VoxelEngine/Rendering/Runtime/Vegetation/ProceduralTreeRenderer.cs:1092)
VoxelEngine.Rendering.Runtime.Vegetation.ProceduralTreeRenderer:ClearGenerated () (at Assets/VoxelEngine/Rendering/Runtime/Vegetation/ProceduralTreeRenderer.cs:1106)
VoxelEngine.Rendering.Runtime.Vegetation.ProceduralTreeRenderer:OnDestroy () (at Assets/VoxelEngine/Rendering/Runtime/Vegetation/ProceduralTreeRenderer.cs:1115)
UnityEditor.TestTools.TestRunner.CommandLineTest.Executer:ExitApplication (UnityEditor.TestTools.TestRunner.CommandLineTest.Executer/ReturnCodes,string) (at ./Library/PackageCache/com.unity.test-framework@1405238725ab/UnityEditor.TestRunner/CommandLineTest/Executer.cs:83)
UnityEditor.TestTools.TestRunner.CommandLineTest.Executer:ExitIfRunIsCompleted () (at ./Library/PackageCache/com.unity.test-framework@1405238725ab/UnityEditor.TestRunner/CommandLineTest/Executer.cs:74)
UnityEditor.EditorApplication:Internal_CallUpdateFunctions () (at /Users/bokken/build/output/unity/unity/Editor/Mono/EditorApplication.cs:403)

[Assets/VoxelEngine/Rendering/Runtime/Vegetation/ProceduralTreeRenderer.cs line 1081]

Tree Batch 2,11: Destroy may not be called from edit mode! Use DestroyImmediate instead.
Destroying an object in edit mode destroys it permanently
UnityEngine.Debug:ExtractStackTraceNoAlloc (byte*,int,string)
UnityEngine.StackTraceUtility:ExtractStackTrace () (at /Users/bokken/build/output/unity/unity/Runtime/Export/Scripting/StackTrace.cs:35)
UnityEngine.Object:Destroy (UnityEngine.Object,single)
UnityEngine.Object:Destroy (UnityEngine.Object) (at /Users/bokken/build/output/unity/unity/Runtime/Export/Scripting/UnityEngineObject.bindings.cs:707)
VoxelEngine.Rendering.Runtime.Vegetation.ProceduralTreeRenderer:DestroyBatchObjects (VoxelEngine.Rendering.Runtime.Vegetation.ProceduralTreeRenderer/BatchPresentation) (at Assets/VoxelEngine/Rendering/Runtime/Vegetation/ProceduralTreeRenderer.cs:1085)
VoxelEngine.Rendering.Runtime.Vegetation.ProceduralTreeRenderer:ClearBatches () (at Assets/VoxelEngine/Rendering/Runtime/Vegetation/ProceduralTreeRenderer.cs:1092)
VoxelEngine.Rendering.Runtime.Vegetation.ProceduralTreeRenderer:ClearGenerated () (at Assets/VoxelEngine/Rendering/Runtime/Vegetation/ProceduralTreeRenderer.cs:1106)
VoxelEngine.Rendering.Runtime.Vegetation.ProceduralTreeRenderer:OnDestroy () (at Assets/VoxelEngine/Rendering/Runtime/Vegetation/ProceduralTreeRenderer.cs:1115)
UnityEditor.TestTools.TestRunner.CommandLineTest.Executer:ExitApplication (UnityEditor.TestTools.TestRunner.CommandLineTest.Executer/ReturnCodes,string) (at ./Library/PackageCache/com.unity.test-framework@1405238725ab/UnityEditor.TestRunner/CommandLineTest/Executer.cs:83)
UnityEditor.TestTools.TestRunner.CommandLineTest.Executer:ExitIfRunIsCompleted () (at ./Library/PackageCache/com.unity.test-framework@1405238725ab/UnityEditor.TestRunner/CommandLineTest/Executer.cs:74)
UnityEditor.EditorApplication:Internal_CallUpdateFunctions () (at /Users/bokken/build/output/unity/unity/Editor/Mono/EditorApplication.cs:403)

[Assets/VoxelEngine/Rendering/Runtime/Vegetation/ProceduralTreeRenderer.cs line 1085]

TreeBatch_1_11_LOD0: Destroy may not be called from edit mode! Use DestroyImmediate instead.
Destroying an object in edit mode destroys it permanently
UnityEngine.Debug:ExtractStackTraceNoAlloc (byte*,int,string)
UnityEngine.StackTraceUtility:ExtractStackTrace () (at /Users/bokken/build/output/unity/unity/Runtime/Export/Scripting/StackTrace.cs:35)
UnityEngine.Object:Destroy (UnityEngine.Object,single)
UnityEngine.Object:Destroy (UnityEngine.Object) (at /Users/bokken/build/output/unity/unity/Runtime/Export/Scripting/UnityEngineObject.bindings.cs:707)
VoxelEngine.Rendering.Runtime.Vegetation.ProceduralTreeRenderer:DestroyBatchObjects (VoxelEngine.Rendering.Runtime.Vegetation.ProceduralTreeRenderer/BatchPresentation) (at Assets/VoxelEngine/Rendering/Runtime/Vegetation/ProceduralTreeRenderer.cs:1079)
VoxelEngine.Rendering.Runtime.Vegetation.ProceduralTreeRenderer:ClearBatches () (at Assets/VoxelEngine/Rendering/Runtime/Vegetation/ProceduralTreeRenderer.cs:1092)
VoxelEngine.Rendering.Runtime.Vegetation.ProceduralTreeRenderer:ClearGenerated () (at Assets/VoxelEngine/Rendering/Runtime/Vegetation/ProceduralTreeRenderer.cs:1106)
VoxelEngine.Rendering.Runtime.Vegetation.ProceduralTreeRenderer:OnDestroy () (at Assets/VoxelEngine/Rendering/Runtime/Vegetation/ProceduralTreeRenderer.cs:1115)
UnityEditor.TestTools.TestRunner.CommandLineTest.Executer:ExitApplication (UnityEditor.TestTools.TestRunner.CommandLineTest.Executer/ReturnCodes,string) (at ./Library/PackageCache/com.unity.test-framework@1405238725ab/UnityEditor.TestRunner/CommandLineTest/Executer.cs:83)
UnityEditor.TestTools.TestRunner.CommandLineTest.Executer:ExitIfRunIsCompleted () (at ./Library/PackageCache/com.unity.test-framework@1405238725ab/UnityEditor.TestRunner/CommandLineTest/Executer.cs:74)
UnityEditor.EditorApplication:Internal_CallUpdateFunctions () (at /Users/bokken/build/output/unity/unity/Editor/Mono/EditorApplication.cs:403)

[Assets/VoxelEngine/Rendering/Runtime/Vegetation/ProceduralTreeRenderer.cs line 1079]

TreeBatch_1_11_LOD1: Destroy may not be called from edit mode! Use DestroyImmediate instead.
Destroying an object in edit mode destroys it permanently
UnityEngine.Debug:ExtractStackTraceNoAlloc (byte*,int,string)
UnityEngine.StackTraceUtility:ExtractStackTrace () (at /Users/bokken/build/output/unity/unity/Runtime/Export/Scripting/StackTrace.cs:35)
UnityEngine.Object:Destroy (UnityEngine.Object,single)
UnityEngine.Object:Destroy (UnityEngine.Object) (at /Users/bokken/build/output/unity/unity/Runtime/Export/Scripting/UnityEngineObject.bindings.cs:707)
VoxelEngine.Rendering.Runtime.Vegetation.ProceduralTreeRenderer:DestroyBatchObjects (VoxelEngine.Rendering.Runtime.Vegetation.ProceduralTreeRenderer/BatchPresentation) (at Assets/VoxelEngine/Rendering/Runtime/Vegetation/ProceduralTreeRenderer.cs:1079)
VoxelEngine.Rendering.Runtime.Vegetation.ProceduralTreeRenderer:ClearBatches () (at Assets/VoxelEngine/Rendering/Runtime/Vegetation/ProceduralTreeRenderer.cs:1092)
VoxelEngine.Rendering.Runtime.Vegetation.ProceduralTreeRenderer:ClearGenerated () (at Assets/VoxelEngine/Rendering/Runtime/Vegetation/ProceduralTreeRenderer.cs:1106)
VoxelEngine.Rendering.Runtime.Vegetation.ProceduralTreeRenderer:OnDestroy () (at Assets/VoxelEngine/Rendering/Runtime/Vegetation/ProceduralTreeRenderer.cs:1115)
UnityEditor.TestTools.TestRunner.CommandLineTest.Executer:ExitApplication (UnityEditor.TestTools.TestRunner.CommandLineTest.Executer/ReturnCodes,string) (at ./Library/PackageCache/com.unity.test-framework@1405238725ab/UnityEditor.TestRunner/CommandLineTest/Executer.cs:83)
UnityEditor.TestTools.TestRunner.CommandLineTest.Executer:ExitIfRunIsCompleted () (at ./Library/PackageCache/com.unity.test-framework@1405238725ab/UnityEditor.TestRunner/CommandLineTest/Executer.cs:74)
UnityEditor.EditorApplication:Internal_CallUpdateFunctions () (at /Users/bokken/build/output/unity/unity/Editor/Mono/EditorApplication.cs:403)

[Assets/VoxelEngine/Rendering/Runtime/Vegetation/ProceduralTreeRenderer.cs line 1079]

TreeBatch_1_11_LOD2: Destroy may not be called from edit mode! Use DestroyImmediate instead.
Destroying an object in edit mode destroys it permanently
UnityEngine.Debug:ExtractStackTraceNoAlloc (byte*,int,string)
UnityEngine.StackTraceUtility:ExtractStackTrace () (at /Users/bokken/build/output/unity/unity/Runtime/Export/Scripting/StackTrace.cs:35)
UnityEngine.Object:Destroy (UnityEngine.Object,single)
UnityEngine.Object:Destroy (UnityEngine.Object) (at /Users/bokken/build/output/unity/unity/Runtime/Export/Scripting/UnityEngineObject.bindings.cs:707)
VoxelEngine.Rendering.Runtime.Vegetation.ProceduralTreeRenderer:DestroyBatchObjects (VoxelEngine.Rendering.Runtime.Vegetation.ProceduralTreeRenderer/BatchPresentation) (at Assets/VoxelEngine/Rendering/Runtime/Vegetation/ProceduralTreeRenderer.cs:1079)
VoxelEngine.Rendering.Runtime.Vegetation.ProceduralTreeRenderer:ClearBatches () (at Assets/VoxelEngine/Rendering/Runtime/Vegetation/ProceduralTreeRenderer.cs:1092)
VoxelEngine.Rendering.Runtime.Vegetation.ProceduralTreeRenderer:ClearGenerated () (at Assets/VoxelEngine/Rendering/Runtime/Vegetation/ProceduralTreeRenderer.cs:1106)
VoxelEngine.Rendering.Runtime.Vegetation.ProceduralTreeRenderer:OnDestroy () (at Assets/VoxelEngine/Rendering/Runtime/Vegetation/ProceduralTreeRenderer.cs:1115)
UnityEditor.TestTools.TestRunner.CommandLineTest.Executer:ExitApplication (UnityEditor.TestTools.TestRunner.CommandLineTest.Executer/ReturnCodes,string) (at ./Library/PackageCache/com.unity.test-framework@1405238725ab/UnityEditor.TestRunner/CommandLineTest/Executer.cs:83)
UnityEditor.TestTools.TestRunner.CommandLineTest.Executer:ExitIfRunIsCompleted () (at ./Library/PackageCache/com.unity.test-framework@1405238725ab/UnityEditor.TestRunner/CommandLineTest/Executer.cs:74)
UnityEditor.EditorApplication:Internal_CallUpdateFunctions () (at /Users/bokken/build/output/unity/unity/Editor/Mono/EditorApplication.cs:403)

[Assets/VoxelEngine/Rendering/Runtime/Vegetation/ProceduralTreeRenderer.cs line 1079]

TreeBatch_1_11_LOD3: Destroy may not be called from edit mode! Use DestroyImmediate instead.
Destroying an object in edit mode destroys it permanently
UnityEngine.Debug:ExtractStackTraceNoAlloc (byte*,int,string)
UnityEngine.StackTraceUtility:ExtractStackTrace () (at /Users/bokken/build/output/unity/unity/Runtime/Export/Scripting/StackTrace.cs:35)
UnityEngine.Object:Destroy (UnityEngine.Object,single)
UnityEngine.Object:Destroy (UnityEngine.Object) (at /Users/bokken/build/output/unity/unity/Runtime/Export/Scripting/UnityEngineObject.bindings.cs:707)
VoxelEngine.Rendering.Runtime.Vegetation.ProceduralTreeRenderer:DestroyBatchObjects (VoxelEngine.Rendering.Runtime.Vegetation.ProceduralTreeRenderer/BatchPresentation) (at Assets/VoxelEngine/Rendering/Runtime/Vegetation/ProceduralTreeRenderer.cs:1081)
VoxelEngine.Rendering.Runtime.Vegetation.ProceduralTreeRenderer:ClearBatches () (at Assets/VoxelEngine/Rendering/Runtime/Vegetation/ProceduralTreeRenderer.cs:1092)
VoxelEngine.Rendering.Runtime.Vegetation.ProceduralTreeRenderer:ClearGenerated () (at Assets/VoxelEngine/Rendering/Runtime/Vegetation/ProceduralTreeRenderer.cs:1106)
VoxelEngine.Rendering.Runtime.Vegetation.ProceduralTreeRenderer:OnDestroy () (at Assets/VoxelEngine/Rendering/Runtime/Vegetation/ProceduralTreeRenderer.cs:1115)
UnityEditor.TestTools.TestRunner.CommandLineTest.Executer:ExitApplication (UnityEditor.TestTools.TestRunner.CommandLineTest.Executer/ReturnCodes,string) (at ./Library/PackageCache/com.unity.test-framework@1405238725ab/UnityEditor.TestRunner/CommandLineTest/Executer.cs:83)
UnityEditor.TestTools.TestRunner.CommandLineTest.Executer:ExitIfRunIsCompleted () (at ./Library/PackageCache/com.unity.test-framework@1405238725ab/UnityEditor.TestRunner/CommandLineTest/Executer.cs:74)
UnityEditor.EditorApplication:Internal_CallUpdateFunctions () (at /Users/bokken/build/output/unity/unity/Editor/Mono/EditorApplication.cs:403)

[Assets/VoxelEngine/Rendering/Runtime/Vegetation/ProceduralTreeRenderer.cs line 1081]

Tree Batch 1,11: Destroy may not be called from edit mode! Use DestroyImmediate instead.
Destroying an object in edit mode destroys it permanently
UnityEngine.Debug:ExtractStackTraceNoAlloc (byte*,int,string)
UnityEngine.StackTraceUtility:ExtractStackTrace () (at /Users/bokken/build/output/unity/unity/Runtime/Export/Scripting/StackTrace.cs:35)
UnityEngine.Object:Destroy (UnityEngine.Object,single)
UnityEngine.Object:Destroy (UnityEngine.Object) (at /Users/bokken/build/output/unity/unity/Runtime/Export/Scripting/UnityEngineObject.bindings.cs:707)
VoxelEngine.Rendering.Runtime.Vegetation.ProceduralTreeRenderer:DestroyBatchObjects (VoxelEngine.Rendering.Runtime.Vegetation.ProceduralTreeRenderer/BatchPresentation) (at Assets/VoxelEngine/Rendering/Runtime/Vegetation/ProceduralTreeRenderer.cs:1085)
VoxelEngine.Rendering.Runtime.Vegetation.ProceduralTreeRenderer:ClearBatches () (at Assets/VoxelEngine/Rendering/Runtime/Vegetation/ProceduralTreeRenderer.cs:1092)
VoxelEngine.Rendering.Runtime.Vegetation.ProceduralTreeRenderer:ClearGenerated () (at Assets/VoxelEngine/Rendering/Runtime/Vegetation/ProceduralTreeRenderer.cs:1106)
VoxelEngine.Rendering.Runtime.Vegetation.ProceduralTreeRenderer:OnDestroy () (at Assets/VoxelEngine/Rendering/Runtime/Vegetation/ProceduralTreeRenderer.cs:1115)
UnityEditor.TestTools.TestRunner.CommandLineTest.Executer:ExitApplication (UnityEditor.TestTools.TestRunner.CommandLineTest.Executer/ReturnCodes,string) (at ./Library/PackageCache/com.unity.test-framework@1405238725ab/UnityEditor.TestRunner/CommandLineTest/Executer.cs:83)
UnityEditor.TestTools.TestRunner.CommandLineTest.Executer:ExitIfRunIsCompleted () (at ./Library/PackageCache/com.unity.test-framework@1405238725ab/UnityEditor.TestRunner/CommandLineTest/Executer.cs:74)
UnityEditor.EditorApplication:Internal_CallUpdateFunctions () (at /Users/bokken/build/output/unity/unity/Editor/Mono/EditorApplication.cs:403)

[Assets/VoxelEngine/Rendering/Runtime/Vegetation/ProceduralTreeRenderer.cs line 1085]

TreeBatch_3_11_LOD0: Destroy may not be called from edit mode! Use DestroyImmediate instead.
Destroying an object in edit mode destroys it permanently
UnityEngine.Debug:ExtractStackTraceNoAlloc (byte*,int,string)
UnityEngine.StackTraceUtility:ExtractStackTrace () (at /Users/bokken/build/output/unity/unity/Runtime/Export/Scripting/StackTrace.cs:35)
UnityEngine.Object:Destroy (UnityEngine.Object,single)
UnityEngine.Object:Destroy (UnityEngine.Object) (at /Users/bokken/build/output/unity/unity/Runtime/Export/Scripting/UnityEngineObject.bindings.cs:707)
VoxelEngine.Rendering.Runtime.Vegetation.ProceduralTreeRenderer:DestroyBatchObjects (VoxelEngine.Rendering.Runtime.Vegetation.ProceduralTreeRenderer/BatchPresentation) (at Assets/VoxelEngine/Rendering/Runtime/Vegetation/ProceduralTreeRenderer.cs:1079)
VoxelEngine.Rendering.Runtime.Vegetation.ProceduralTreeRenderer:ClearBatches () (at Assets/VoxelEngine/Rendering/Runtime/Vegetation/ProceduralTreeRenderer.cs:1092)
VoxelEngine.Rendering.Runtime.Vegetation.ProceduralTreeRenderer:ClearGenerated () (at Assets/VoxelEngine/Rendering/Runtime/Vegetation/ProceduralTreeRenderer.cs:1106)
VoxelEngine.Rendering.Runtime.Vegetation.ProceduralTreeRenderer:OnDestroy () (at Assets/VoxelEngine/Rendering/Runtime/Vegetation/ProceduralTreeRenderer.cs:1115)
UnityEditor.TestTools.TestRunner.CommandLineTest.Executer:ExitApplication (UnityEditor.TestTools.TestRunner.CommandLineTest.Executer/ReturnCodes,string) (at ./Library/PackageCache/com.unity.test-framework@1405238725ab/UnityEditor.TestRunner/CommandLineTest/Executer.cs:83)
UnityEditor.TestTools.TestRunner.CommandLineTest.Executer:ExitIfRunIsCompleted () (at ./Library/PackageCache/com.unity.test-framework@1405238725ab/UnityEditor.TestRunner/CommandLineTest/Executer.cs:74)
UnityEditor.EditorApplication:Internal_CallUpdateFunctions () (at /Users/bokken/build/output/unity/unity/Editor/Mono/EditorApplication.cs:403)

[Assets/VoxelEngine/Rendering/Runtime/Vegetation/ProceduralTreeRenderer.cs line 1079]

TreeBatch_3_11_LOD1: Destroy may not be called from edit mode! Use DestroyImmediate instead.
Destroying an object in edit mode destroys it permanently
UnityEngine.Debug:ExtractStackTraceNoAlloc (byte*,int,string)
UnityEngine.StackTraceUtility:ExtractStackTrace () (at /Users/bokken/build/output/unity/unity/Runtime/Export/Scripting/StackTrace.cs:35)
UnityEngine.Object:Destroy (UnityEngine.Object,single)
UnityEngine.Object:Destroy (UnityEngine.Object) (at /Users/bokken/build/output/unity/unity/Runtime/Export/Scripting/UnityEngineObject.bindings.cs:707)
VoxelEngine.Rendering.Runtime.Vegetation.ProceduralTreeRenderer:DestroyBatchObjects (VoxelEngine.Rendering.Runtime.Vegetation.ProceduralTreeRenderer/BatchPresentation) (at Assets/VoxelEngine/Rendering/Runtime/Vegetation/ProceduralTreeRenderer.cs:1079)
VoxelEngine.Rendering.Runtime.Vegetation.ProceduralTreeRenderer:ClearBatches () (at Assets/VoxelEngine/Rendering/Runtime/Vegetation/ProceduralTreeRenderer.cs:1092)
VoxelEngine.Rendering.Runtime.Vegetation.ProceduralTreeRenderer:ClearGenerated () (at Assets/VoxelEngine/Rendering/Runtime/Vegetation/ProceduralTreeRenderer.cs:1106)
VoxelEngine.Rendering.Runtime.Vegetation.ProceduralTreeRenderer:OnDestroy () (at Assets/VoxelEngine/Rendering/Runtime/Vegetation/ProceduralTreeRenderer.cs:1115)
UnityEditor.TestTools.TestRunner.CommandLineTest.Executer:ExitApplication (UnityEditor.TestTools.TestRunner.CommandLineTest.Executer/ReturnCodes,string) (at ./Library/PackageCache/com.unity.test-framework@1405238725ab/UnityEditor.TestRunner/CommandLineTest/Executer.cs:83)
UnityEditor.TestTools.TestRunner.CommandLineTest.Executer:ExitIfRunIsCompleted () (at ./Library/PackageCache/com.unity.test-framework@1405238725ab/UnityEditor.TestRunner/CommandLineTest/Executer.cs:74)
UnityEditor.EditorApplication:Internal_CallUpdateFunctions () (at /Users/bokken/build/output/unity/unity/Editor/Mono/EditorApplication.cs:403)

[Assets/VoxelEngine/Rendering/Runtime/Vegetation/ProceduralTreeRenderer.cs line 1079]

TreeBatch_3_11_LOD2: Destroy may not be called from edit mode! Use DestroyImmediate instead.
Destroying an object in edit mode destroys it permanently
UnityEngine.Debug:ExtractStackTraceNoAlloc (byte*,int,string)
UnityEngine.StackTraceUtility:ExtractStackTrace () (at /Users/bokken/build/output/unity/unity/Runtime/Export/Scripting/StackTrace.cs:35)
UnityEngine.Object:Destroy (UnityEngine.Object,single)
UnityEngine.Object:Destroy (UnityEngine.Object) (at /Users/bokken/build/output/unity/unity/Runtime/Export/Scripting/UnityEngineObject.bindings.cs:707)
VoxelEngine.Rendering.Runtime.Vegetation.ProceduralTreeRenderer:DestroyBatchObjects (VoxelEngine.Rendering.Runtime.Vegetation.ProceduralTreeRenderer/BatchPresentation) (at Assets/VoxelEngine/Rendering/Runtime/Vegetation/ProceduralTreeRenderer.cs:1079)
VoxelEngine.Rendering.Runtime.Vegetation.ProceduralTreeRenderer:ClearBatches () (at Assets/VoxelEngine/Rendering/Runtime/Vegetation/ProceduralTreeRenderer.cs:1092)
VoxelEngine.Rendering.Runtime.Vegetation.ProceduralTreeRenderer:ClearGenerated () (at Assets/VoxelEngine/Rendering/Runtime/Vegetation/ProceduralTreeRenderer.cs:1106)
VoxelEngine.Rendering.Runtime.Vegetation.ProceduralTreeRenderer:OnDestroy () (at Assets/VoxelEngine/Rendering/Runtime/Vegetation/ProceduralTreeRenderer.cs:1115)
UnityEditor.TestTools.TestRunner.CommandLineTest.Executer:ExitApplication (UnityEditor.TestTools.TestRunner.CommandLineTest.Executer/ReturnCodes,string) (at ./Library/PackageCache/com.unity.test-framework@1405238725ab/UnityEditor.TestRunner/CommandLineTest/Executer.cs:83)
UnityEditor.TestTools.TestRunner.CommandLineTest.Executer:ExitIfRunIsCompleted () (at ./Library/PackageCache/com.unity.test-framework@1405238725ab/UnityEditor.TestRunner/CommandLineTest/Executer.cs:74)
UnityEditor.EditorApplication:Internal_CallUpdateFunctions () (at /Users/bokken/build/output/unity/unity/Editor/Mono/EditorApplication.cs:403)

[Assets/VoxelEngine/Rendering/Runtime/Vegetation/ProceduralTreeRenderer.cs line 1079]

TreeBatch_3_11_LOD3: Destroy may not be called from edit mode! Use DestroyImmediate instead.
Destroying an object in edit mode destroys it permanently
UnityEngine.Debug:ExtractStackTraceNoAlloc (byte*,int,string)
UnityEngine.StackTraceUtility:ExtractStackTrace () (at /Users/bokken/build/output/unity/unity/Runtime/Export/Scripting/StackTrace.cs:35)
UnityEngine.Object:Destroy (UnityEngine.Object,single)
UnityEngine.Object:Destroy (UnityEngine.Object) (at /Users/bokken/build/output/unity/unity/Runtime/Export/Scripting/UnityEngineObject.bindings.cs:707)
VoxelEngine.Rendering.Runtime.Vegetation.ProceduralTreeRenderer:DestroyBatchObjects (VoxelEngine.Rendering.Runtime.Vegetation.ProceduralTreeRenderer/BatchPresentation) (at Assets/VoxelEngine/Rendering/Runtime/Vegetation/ProceduralTreeRenderer.cs:1081)
VoxelEngine.Rendering.Runtime.Vegetation.ProceduralTreeRenderer:ClearBatches () (at Assets/VoxelEngine/Rendering/Runtime/Vegetation/ProceduralTreeRenderer.cs:1092)
VoxelEngine.Rendering.Runtime.Vegetation.ProceduralTreeRenderer:ClearGenerated () (at Assets/VoxelEngine/Rendering/Runtime/Vegetation/ProceduralTreeRenderer.cs:1106)
VoxelEngine.Rendering.Runtime.Vegetation.ProceduralTreeRenderer:OnDestroy () (at Assets/VoxelEngine/Rendering/Runtime/Vegetation/ProceduralTreeRenderer.cs:1115)
UnityEditor.TestTools.TestRunner.CommandLineTest.Executer:ExitApplication (UnityEditor.TestTools.TestRunner.CommandLineTest.Executer/ReturnCodes,string) (at ./Library/PackageCache/com.unity.test-framework@1405238725ab/UnityEditor.TestRunner/CommandLineTest/Executer.cs:83)
UnityEditor.TestTools.TestRunner.CommandLineTest.Executer:ExitIfRunIsCompleted () (at ./Library/PackageCache/com.unity.test-framework@1405238725ab/UnityEditor.TestRunner/CommandLineTest/Executer.cs:74)
UnityEditor.EditorApplication:Internal_CallUpdateFunctions () (at /Users/bokken/build/output/unity/unity/Editor/Mono/EditorApplication.cs:403)

[Assets/VoxelEngine/Rendering/Runtime/Vegetation/ProceduralTreeRenderer.cs line 1081]

Tree Batch 3,11: Destroy may not be called from edit mode! Use DestroyImmediate instead.
Destroying an object in edit mode destroys it permanently
UnityEngine.Debug:ExtractStackTraceNoAlloc (byte*,int,string)
UnityEngine.StackTraceUtility:ExtractStackTrace () (at /Users/bokken/build/output/unity/unity/Runtime/Export/Scripting/StackTrace.cs:35)
UnityEngine.Object:Destroy (UnityEngine.Object,single)
UnityEngine.Object:Destroy (UnityEngine.Object) (at /Users/bokken/build/output/unity/unity/Runtime/Export/Scripting/UnityEngineObject.bindings.cs:707)
VoxelEngine.Rendering.Runtime.Vegetation.ProceduralTreeRenderer:DestroyBatchObjects (VoxelEngine.Rendering.Runtime.Vegetation.ProceduralTreeRenderer/BatchPresentation) (at Assets/VoxelEngine/Rendering/Runtime/Vegetation/ProceduralTreeRenderer.cs:1085)
VoxelEngine.Rendering.Runtime.Vegetation.ProceduralTreeRenderer:ClearBatches () (at Assets/VoxelEngine/Rendering/Runtime/Vegetation/ProceduralTreeRenderer.cs:1092)
VoxelEngine.Rendering.Runtime.Vegetation.ProceduralTreeRenderer:ClearGenerated () (at Assets/VoxelEngine/Rendering/Runtime/Vegetation/ProceduralTreeRenderer.cs:1106)
VoxelEngine.Rendering.Runtime.Vegetation.ProceduralTreeRenderer:OnDestroy () (at Assets/VoxelEngine/Rendering/Runtime/Vegetation/ProceduralTreeRenderer.cs:1115)
UnityEditor.TestTools.TestRunner.CommandLineTest.Executer:ExitApplication (UnityEditor.TestTools.TestRunner.CommandLineTest.Executer/ReturnCodes,string) (at ./Library/PackageCache/com.unity.test-framework@1405238725ab/UnityEditor.TestRunner/CommandLineTest/Executer.cs:83)
UnityEditor.TestTools.TestRunner.CommandLineTest.Executer:ExitIfRunIsCompleted () (at ./Library/PackageCache/com.unity.test-framework@1405238725ab/UnityEditor.TestRunner/CommandLineTest/Executer.cs:74)
UnityEditor.EditorApplication:Internal_CallUpdateFunctions () (at /Users/bokken/build/output/unity/unity/Editor/Mono/EditorApplication.cs:403)

[Assets/VoxelEngine/Rendering/Runtime/Vegetation/ProceduralTreeRenderer.cs line 1085]

TreeBatch_4_11_LOD0: Destroy may not be called from edit mode! Use DestroyImmediate instead.
Destroying an object in edit mode destroys it permanently
UnityEngine.Debug:ExtractStackTraceNoAlloc (byte*,int,string)
UnityEngine.StackTraceUtility:ExtractStackTrace () (at /Users/bokken/build/output/unity/unity/Runtime/Export/Scripting/StackTrace.cs:35)
UnityEngine.Object:Destroy (UnityEngine.Object,single)
UnityEngine.Object:Destroy (UnityEngine.Object) (at /Users/bokken/build/output/unity/unity/Runtime/Export/Scripting/UnityEngineObject.bindings.cs:707)
VoxelEngine.Rendering.Runtime.Vegetation.ProceduralTreeRenderer:DestroyBatchObjects (VoxelEngine.Rendering.Runtime.Vegetation.ProceduralTreeRenderer/BatchPresentation) (at Assets/VoxelEngine/Rendering/Runtime/Vegetation/ProceduralTreeRenderer.cs:1079)
VoxelEngine.Rendering.Runtime.Vegetation.ProceduralTreeRenderer:ClearBatches () (at Assets/VoxelEngine/Rendering/Runtime/Vegetation/ProceduralTreeRenderer.cs:1092)
VoxelEngine.Rendering.Runtime.Vegetation.ProceduralTreeRenderer:ClearGenerated () (at Assets/VoxelEngine/Rendering/Runtime/Vegetation/ProceduralTreeRenderer.cs:1106)
VoxelEngine.Rendering.Runtime.Vegetation.ProceduralTreeRenderer:OnDestroy () (at Assets/VoxelEngine/Rendering/Runtime/Vegetation/ProceduralTreeRenderer.cs:1115)
UnityEditor.TestTools.TestRunner.CommandLineTest.Executer:ExitApplication (UnityEditor.TestTools.TestRunner.CommandLineTest.Executer/ReturnCodes,string) (at ./Library/PackageCache/com.unity.test-framework@1405238725ab/UnityEditor.TestRunner/CommandLineTest/Executer.cs:83)
UnityEditor.TestTools.TestRunner.CommandLineTest.Executer:ExitIfRunIsCompleted () (at ./Library/PackageCache/com.unity.test-framework@1405238725ab/UnityEditor.TestRunner/CommandLineTest/Executer.cs:74)
UnityEditor.EditorApplication:Internal_CallUpdateFunctions () (at /Users/bokken/build/output/unity/unity/Editor/Mono/EditorApplication.cs:403)

[Assets/VoxelEngine/Rendering/Runtime/Vegetation/ProceduralTreeRenderer.cs line 1079]

TreeBatch_4_11_LOD1: Destroy may not be called from edit mode! Use DestroyImmediate instead.
Destroying an object in edit mode destroys it permanently
UnityEngine.Debug:ExtractStackTraceNoAlloc (byte*,int,string)
UnityEngine.StackTraceUtility:ExtractStackTrace () (at /Users/bokken/build/output/unity/unity/Runtime/Export/Scripting/StackTrace.cs:35)
UnityEngine.Object:Destroy (UnityEngine.Object,single)
UnityEngine.Object:Destroy (UnityEngine.Object) (at /Users/bokken/build/output/unity/unity/Runtime/Export/Scripting/UnityEngineObject.bindings.cs:707)
VoxelEngine.Rendering.Runtime.Vegetation.ProceduralTreeRenderer:DestroyBatchObjects (VoxelEngine.Rendering.Runtime.Vegetation.ProceduralTreeRenderer/BatchPresentation) (at Assets/VoxelEngine/Rendering/Runtime/Vegetation/ProceduralTreeRenderer.cs:1079)
VoxelEngine.Rendering.Runtime.Vegetation.ProceduralTreeRenderer:ClearBatches () (at Assets/VoxelEngine/Rendering/Runtime/Vegetation/ProceduralTreeRenderer.cs:1092)
VoxelEngine.Rendering.Runtime.Vegetation.ProceduralTreeRenderer:ClearGenerated () (at Assets/VoxelEngine/Rendering/Runtime/Vegetation/ProceduralTreeRenderer.cs:1106)
VoxelEngine.Rendering.Runtime.Vegetation.ProceduralTreeRenderer:OnDestroy () (at Assets/VoxelEngine/Rendering/Runtime/Vegetation/ProceduralTreeRenderer.cs:1115)
UnityEditor.TestTools.TestRunner.CommandLineTest.Executer:ExitApplication (UnityEditor.TestTools.TestRunner.CommandLineTest.Executer/ReturnCodes,string) (at ./Library/PackageCache/com.unity.test-framework@1405238725ab/UnityEditor.TestRunner/CommandLineTest/Executer.cs:83)
UnityEditor.TestTools.TestRunner.CommandLineTest.Executer:ExitIfRunIsCompleted () (at ./Library/PackageCache/com.unity.test-framework@1405238725ab/UnityEditor.TestRunner/CommandLineTest/Executer.cs:74)
UnityEditor.EditorApplication:Internal_CallUpdateFunctions () (at /Users/bokken/build/output/unity/unity/Editor/Mono/EditorApplication.cs:403)

[Assets/VoxelEngine/Rendering/Runtime/Vegetation/ProceduralTreeRenderer.cs line 1079]

TreeBatch_4_11_LOD2: Destroy may not be called from edit mode! Use DestroyImmediate instead.
Destroying an object in edit mode destroys it permanently
UnityEngine.Debug:ExtractStackTraceNoAlloc (byte*,int,string)
UnityEngine.StackTraceUtility:ExtractStackTrace () (at /Users/bokken/build/output/unity/unity/Runtime/Export/Scripting/StackTrace.cs:35)
UnityEngine.Object:Destroy (UnityEngine.Object,single)
UnityEngine.Object:Destroy (UnityEngine.Object) (at /Users/bokken/build/output/unity/unity/Runtime/Export/Scripting/UnityEngineObject.bindings.cs:707)
VoxelEngine.Rendering.Runtime.Vegetation.ProceduralTreeRenderer:DestroyBatchObjects (VoxelEngine.Rendering.Runtime.Vegetation.ProceduralTreeRenderer/BatchPresentation) (at Assets/VoxelEngine/Rendering/Runtime/Vegetation/ProceduralTreeRenderer.cs:1079)
VoxelEngine.Rendering.Runtime.Vegetation.ProceduralTreeRenderer:ClearBatches () (at Assets/VoxelEngine/Rendering/Runtime/Vegetation/ProceduralTreeRenderer.cs:1092)
VoxelEngine.Rendering.Runtime.Vegetation.ProceduralTreeRenderer:ClearGenerated () (at Assets/VoxelEngine/Rendering/Runtime/Vegetation/ProceduralTreeRenderer.cs:1106)
VoxelEngine.Rendering.Runtime.Vegetation.ProceduralTreeRenderer:OnDestroy () (at Assets/VoxelEngine/Rendering/Runtime/Vegetation/ProceduralTreeRenderer.cs:1115)
UnityEditor.TestTools.TestRunner.CommandLineTest.Executer:ExitApplication (UnityEditor.TestTools.TestRunner.CommandLineTest.Executer/ReturnCodes,string) (at ./Library/PackageCache/com.unity.test-framework@1405238725ab/UnityEditor.TestRunner/CommandLineTest/Executer.cs:83)
UnityEditor.TestTools.TestRunner.CommandLineTest.Executer:ExitIfRunIsCompleted () (at ./Library/PackageCache/com.unity.test-framework@1405238725ab/UnityEditor.TestRunner/CommandLineTest/Executer.cs:74)
UnityEditor.EditorApplication:Internal_CallUpdateFunctions () (at /Users/bokken/build/output/unity/unity/Editor/Mono/EditorApplication.cs:403)

[Assets/VoxelEngine/Rendering/Runtime/Vegetation/ProceduralTreeRenderer.cs line 1079]

TreeBatch_4_11_LOD3: Destroy may not be called from edit mode! Use DestroyImmediate instead.
Destroying an object in edit mode destroys it permanently
UnityEngine.Debug:ExtractStackTraceNoAlloc (byte*,int,string)
UnityEngine.StackTraceUtility:ExtractStackTrace () (at /Users/bokken/build/output/unity/unity/Runtime/Export/Scripting/StackTrace.cs:35)
UnityEngine.Object:Destroy (UnityEngine.Object,single)
UnityEngine.Object:Destroy (UnityEngine.Object) (at /Users/bokken/build/output/unity/unity/Runtime/Export/Scripting/UnityEngineObject.bindings.cs:707)
VoxelEngine.Rendering.Runtime.Vegetation.ProceduralTreeRenderer:DestroyBatchObjects (VoxelEngine.Rendering.Runtime.Vegetation.ProceduralTreeRenderer/BatchPresentation) (at Assets/VoxelEngine/Rendering/Runtime/Vegetation/ProceduralTreeRenderer.cs:1081)
VoxelEngine.Rendering.Runtime.Vegetation.ProceduralTreeRenderer:ClearBatches () (at Assets/VoxelEngine/Rendering/Runtime/Vegetation/ProceduralTreeRenderer.cs:1092)
VoxelEngine.Rendering.Runtime.Vegetation.ProceduralTreeRenderer:ClearGenerated () (at Assets/VoxelEngine/Rendering/Runtime/Vegetation/ProceduralTreeRenderer.cs:1106)
VoxelEngine.Rendering.Runtime.Vegetation.ProceduralTreeRenderer:OnDestroy () (at Assets/VoxelEngine/Rendering/Runtime/Vegetation/ProceduralTreeRenderer.cs:1115)
UnityEditor.TestTools.TestRunner.CommandLineTest.Executer:ExitApplication (UnityEditor.TestTools.TestRunner.CommandLineTest.Executer/ReturnCodes,string) (at ./Library/PackageCache/com.unity.test-framework@1405238725ab/UnityEditor.TestRunner/CommandLineTest/Executer.cs:83)
UnityEditor.TestTools.TestRunner.CommandLineTest.Executer:ExitIfRunIsCompleted () (at ./Library/PackageCache/com.unity.test-framework@1405238725ab/UnityEditor.TestRunner/CommandLineTest/Executer.cs:74)
UnityEditor.EditorApplication:Internal_CallUpdateFunctions () (at /Users/bokken/build/output/unity/unity/Editor/Mono/EditorApplication.cs:403)

[Assets/VoxelEngine/Rendering/Runtime/Vegetation/ProceduralTreeRenderer.cs line 1081]

Tree Batch 4,11: Destroy may not be called from edit mode! Use DestroyImmediate instead.
Destroying an object in edit mode destroys it permanently
UnityEngine.Debug:ExtractStackTraceNoAlloc (byte*,int,string)
UnityEngine.StackTraceUtility:ExtractStackTrace () (at /Users/bokken/build/output/unity/unity/Runtime/Export/Scripting/StackTrace.cs:35)
UnityEngine.Object:Destroy (UnityEngine.Object,single)
UnityEngine.Object:Destroy (UnityEngine.Object) (at /Users/bokken/build/output/unity/unity/Runtime/Export/Scripting/UnityEngineObject.bindings.cs:707)
VoxelEngine.Rendering.Runtime.Vegetation.ProceduralTreeRenderer:DestroyBatchObjects (VoxelEngine.Rendering.Runtime.Vegetation.ProceduralTreeRenderer/BatchPresentation) (at Assets/VoxelEngine/Rendering/Runtime/Vegetation/ProceduralTreeRenderer.cs:1085)
VoxelEngine.Rendering.Runtime.Vegetation.ProceduralTreeRenderer:ClearBatches () (at Assets/VoxelEngine/Rendering/Runtime/Vegetation/ProceduralTreeRenderer.cs:1092)
VoxelEngine.Rendering.Runtime.Vegetation.ProceduralTreeRenderer:ClearGenerated () (at Assets/VoxelEngine/Rendering/Runtime/Vegetation/ProceduralTreeRenderer.cs:1106)
VoxelEngine.Rendering.Runtime.Vegetation.ProceduralTreeRenderer:OnDestroy () (at Assets/VoxelEngine/Rendering/Runtime/Vegetation/ProceduralTreeRenderer.cs:1115)
UnityEditor.TestTools.TestRunner.CommandLineTest.Executer:ExitApplication (UnityEditor.TestTools.TestRunner.CommandLineTest.Executer/ReturnCodes,string) (at ./Library/PackageCache/com.unity.test-framework@1405238725ab/UnityEditor.TestRunner/CommandLineTest/Executer.cs:83)
UnityEditor.TestTools.TestRunner.CommandLineTest.Executer:ExitIfRunIsCompleted () (at ./Library/PackageCache/com.unity.test-framework@1405238725ab/UnityEditor.TestRunner/CommandLineTest/Executer.cs:74)
UnityEditor.EditorApplication:Internal_CallUpdateFunctions () (at /Users/bokken/build/output/unity/unity/Editor/Mono/EditorApplication.cs:403)

[Assets/VoxelEngine/Rendering/Runtime/Vegetation/ProceduralTreeRenderer.cs line 1085]

TreeBatch_5_11_LOD0: Destroy may not be called from edit mode! Use DestroyImmediate instead.
Destroying an object in edit mode destroys it permanently
UnityEngine.Debug:ExtractStackTraceNoAlloc (byte*,int,string)
UnityEngine.StackTraceUtility:ExtractStackTrace () (at /Users/bokken/build/output/unity/unity/Runtime/Export/Scripting/StackTrace.cs:35)
UnityEngine.Object:Destroy (UnityEngine.Object,single)
UnityEngine.Object:Destroy (UnityEngine.Object) (at /Users/bokken/build/output/unity/unity/Runtime/Export/Scripting/UnityEngineObject.bindings.cs:707)
VoxelEngine.Rendering.Runtime.Vegetation.ProceduralTreeRenderer:DestroyBatchObjects (VoxelEngine.Rendering.Runtime.Vegetation.ProceduralTreeRenderer/BatchPresentation) (at Assets/VoxelEngine/Rendering/Runtime/Vegetation/ProceduralTreeRenderer.cs:1079)
VoxelEngine.Rendering.Runtime.Vegetation.ProceduralTreeRenderer:ClearBatches () (at Assets/VoxelEngine/Rendering/Runtime/Vegetation/ProceduralTreeRenderer.cs:1092)
VoxelEngine.Rendering.Runtime.Vegetation.ProceduralTreeRenderer:ClearGenerated () (at Assets/VoxelEngine/Rendering/Runtime/Vegetation/ProceduralTreeRenderer.cs:1106)
VoxelEngine.Rendering.Runtime.Vegetation.ProceduralTreeRenderer:OnDestroy () (at Assets/VoxelEngine/Rendering/Runtime/Vegetation/ProceduralTreeRenderer.cs:1115)
UnityEditor.TestTools.TestRunner.CommandLineTest.Executer:ExitApplication (UnityEditor.TestTools.TestRunner.CommandLineTest.Executer/ReturnCodes,string) (at ./Library/PackageCache/com.unity.test-framework@1405238725ab/UnityEditor.TestRunner/CommandLineTest/Executer.cs:83)
UnityEditor.TestTools.TestRunner.CommandLineTest.Executer:ExitIfRunIsCompleted () (at ./Library/PackageCache/com.unity.test-framework@1405238725ab/UnityEditor.TestRunner/CommandLineTest/Executer.cs:74)
UnityEditor.EditorApplication:Internal_CallUpdateFunctions () (at /Users/bokken/build/output/unity/unity/Editor/Mono/EditorApplication.cs:403)

[Assets/VoxelEngine/Rendering/Runtime/Vegetation/ProceduralTreeRenderer.cs line 1079]

TreeBatch_5_11_LOD1: Destroy may not be called from edit mode! Use DestroyImmediate instead.
Destroying an object in edit mode destroys it permanently
UnityEngine.Debug:ExtractStackTraceNoAlloc (byte*,int,string)
UnityEngine.StackTraceUtility:ExtractStackTrace () (at /Users/bokken/build/output/unity/unity/Runtime/Export/Scripting/StackTrace.cs:35)
UnityEngine.Object:Destroy (UnityEngine.Object,single)
UnityEngine.Object:Destroy (UnityEngine.Object) (at /Users/bokken/build/output/unity/unity/Runtime/Export/Scripting/UnityEngineObject.bindings.cs:707)
VoxelEngine.Rendering.Runtime.Vegetation.ProceduralTreeRenderer:DestroyBatchObjects (VoxelEngine.Rendering.Runtime.Vegetation.ProceduralTreeRenderer/BatchPresentation) (at Assets/VoxelEngine/Rendering/Runtime/Vegetation/ProceduralTreeRenderer.cs:1079)
VoxelEngine.Rendering.Runtime.Vegetation.ProceduralTreeRenderer:ClearBatches () (at Assets/VoxelEngine/Rendering/Runtime/Vegetation/ProceduralTreeRenderer.cs:1092)
VoxelEngine.Rendering.Runtime.Vegetation.ProceduralTreeRenderer:ClearGenerated () (at Assets/VoxelEngine/Rendering/Runtime/Vegetation/ProceduralTreeRenderer.cs:1106)
VoxelEngine.Rendering.Runtime.Vegetation.ProceduralTreeRenderer:OnDestroy () (at Assets/VoxelEngine/Rendering/Runtime/Vegetation/ProceduralTreeRenderer.cs:1115)
UnityEditor.TestTools.TestRunner.CommandLineTest.Executer:ExitApplication (UnityEditor.TestTools.TestRunner.CommandLineTest.Executer/ReturnCodes,string) (at ./Library/PackageCache/com.unity.test-framework@1405238725ab/UnityEditor.TestRunner/CommandLineTest/Executer.cs:83)
UnityEditor.TestTools.TestRunner.CommandLineTest.Executer:ExitIfRunIsCompleted () (at ./Library/PackageCache/com.unity.test-framework@1405238725ab/UnityEditor.TestRunner/CommandLineTest/Executer.cs:74)
UnityEditor.EditorApplication:Internal_CallUpdateFunctions () (at /Users/bokken/build/output/unity/unity/Editor/Mono/EditorApplication.cs:403)

[Assets/VoxelEngine/Rendering/Runtime/Vegetation/ProceduralTreeRenderer.cs line 1079]

TreeBatch_5_11_LOD2: Destroy may not be called from edit mode! Use DestroyImmediate instead.
Destroying an object in edit mode destroys it permanently
UnityEngine.Debug:ExtractStackTraceNoAlloc (byte*,int,string)
UnityEngine.StackTraceUtility:ExtractStackTrace () (at /Users/bokken/build/output/unity/unity/Runtime/Export/Scripting/StackTrace.cs:35)
UnityEngine.Object:Destroy (UnityEngine.Object,single)
UnityEngine.Object:Destroy (UnityEngine.Object) (at /Users/bokken/build/output/unity/unity/Runtime/Export/Scripting/UnityEngineObject.bindings.cs:707)
VoxelEngine.Rendering.Runtime.Vegetation.ProceduralTreeRenderer:DestroyBatchObjects (VoxelEngine.Rendering.Runtime.Vegetation.ProceduralTreeRenderer/BatchPresentation) (at Assets/VoxelEngine/Rendering/Runtime/Vegetation/ProceduralTreeRenderer.cs:1079)
VoxelEngine.Rendering.Runtime.Vegetation.ProceduralTreeRenderer:ClearBatches () (at Assets/VoxelEngine/Rendering/Runtime/Vegetation/ProceduralTreeRenderer.cs:1092)
VoxelEngine.Rendering.Runtime.Vegetation.ProceduralTreeRenderer:ClearGenerated () (at Assets/VoxelEngine/Rendering/Runtime/Vegetation/ProceduralTreeRenderer.cs:1106)
VoxelEngine.Rendering.Runtime.Vegetation.ProceduralTreeRenderer:OnDestroy () (at Assets/VoxelEngine/Rendering/Runtime/Vegetation/ProceduralTreeRenderer.cs:1115)
UnityEditor.TestTools.TestRunner.CommandLineTest.Executer:ExitApplication (UnityEditor.TestTools.TestRunner.CommandLineTest.Executer/ReturnCodes,string) (at ./Library/PackageCache/com.unity.test-framework@1405238725ab/UnityEditor.TestRunner/CommandLineTest/Executer.cs:83)
UnityEditor.TestTools.TestRunner.CommandLineTest.Executer:ExitIfRunIsCompleted () (at ./Library/PackageCache/com.unity.test-framework@1405238725ab/UnityEditor.TestRunner/CommandLineTest/Executer.cs:74)
UnityEditor.EditorApplication:Internal_CallUpdateFunctions () (at /Users/bokken/build/output/unity/unity/Editor/Mono/EditorApplication.cs:403)

[Assets/VoxelEngine/Rendering/Runtime/Vegetation/ProceduralTreeRenderer.cs line 1079]

TreeBatch_5_11_LOD3: Destroy may not be called from edit mode! Use DestroyImmediate instead.
Destroying an object in edit mode destroys it permanently
UnityEngine.Debug:ExtractStackTraceNoAlloc (byte*,int,string)
UnityEngine.StackTraceUtility:ExtractStackTrace () (at /Users/bokken/build/output/unity/unity/Runtime/Export/Scripting/StackTrace.cs:35)
UnityEngine.Object:Destroy (UnityEngine.Object,single)
UnityEngine.Object:Destroy (UnityEngine.Object) (at /Users/bokken/build/output/unity/unity/Runtime/Export/Scripting/UnityEngineObject.bindings.cs:707)
VoxelEngine.Rendering.Runtime.Vegetation.ProceduralTreeRenderer:DestroyBatchObjects (VoxelEngine.Rendering.Runtime.Vegetation.ProceduralTreeRenderer/BatchPresentation) (at Assets/VoxelEngine/Rendering/Runtime/Vegetation/ProceduralTreeRenderer.cs:1081)
VoxelEngine.Rendering.Runtime.Vegetation.ProceduralTreeRenderer:ClearBatches () (at Assets/VoxelEngine/Rendering/Runtime/Vegetation/ProceduralTreeRenderer.cs:1092)
VoxelEngine.Rendering.Runtime.Vegetation.ProceduralTreeRenderer:ClearGenerated () (at Assets/VoxelEngine/Rendering/Runtime/Vegetation/ProceduralTreeRenderer.cs:1106)
VoxelEngine.Rendering.Runtime.Vegetation.ProceduralTreeRenderer:OnDestroy () (at Assets/VoxelEngine/Rendering/Runtime/Vegetation/ProceduralTreeRenderer.cs:1115)
UnityEditor.TestTools.TestRunner.CommandLineTest.Executer:ExitApplication (UnityEditor.TestTools.TestRunner.CommandLineTest.Executer/ReturnCodes,string) (at ./Library/PackageCache/com.unity.test-framework@1405238725ab/UnityEditor.TestRunner/CommandLineTest/Executer.cs:83)
UnityEditor.TestTools.TestRunner.CommandLineTest.Executer:ExitIfRunIsCompleted () (at ./Library/PackageCache/com.unity.test-framework@1405238725ab/UnityEditor.TestRunner/CommandLineTest/Executer.cs:74)
UnityEditor.EditorApplication:Internal_CallUpdateFunctions () (at /Users/bokken/build/output/unity/unity/Editor/Mono/EditorApplication.cs:403)

[Assets/VoxelEngine/Rendering/Runtime/Vegetation/ProceduralTreeRenderer.cs line 1081]

Tree Batch 5,11: Destroy may not be called from edit mode! Use DestroyImmediate instead.
Destroying an object in edit mode destroys it permanently
UnityEngine.Debug:ExtractStackTraceNoAlloc (byte*,int,string)
UnityEngine.StackTraceUtility:ExtractStackTrace () (at /Users/bokken/build/output/unity/unity/Runtime/Export/Scripting/StackTrace.cs:35)
UnityEngine.Object:Destroy (UnityEngine.Object,single)
UnityEngine.Object:Destroy (UnityEngine.Object) (at /Users/bokken/build/output/unity/unity/Runtime/Export/Scripting/UnityEngineObject.bindings.cs:707)
VoxelEngine.Rendering.Runtime.Vegetation.ProceduralTreeRenderer:DestroyBatchObjects (VoxelEngine.Rendering.Runtime.Vegetation.ProceduralTreeRenderer/BatchPresentation) (at Assets/VoxelEngine/Rendering/Runtime/Vegetation/ProceduralTreeRenderer.cs:1085)
VoxelEngine.Rendering.Runtime.Vegetation.ProceduralTreeRenderer:ClearBatches () (at Assets/VoxelEngine/Rendering/Runtime/Vegetation/ProceduralTreeRenderer.cs:1092)
VoxelEngine.Rendering.Runtime.Vegetation.ProceduralTreeRenderer:ClearGenerated () (at Assets/VoxelEngine/Rendering/Runtime/Vegetation/ProceduralTreeRenderer.cs:1106)
VoxelEngine.Rendering.Runtime.Vegetation.ProceduralTreeRenderer:OnDestroy () (at Assets/VoxelEngine/Rendering/Runtime/Vegetation/ProceduralTreeRenderer.cs:1115)
UnityEditor.TestTools.TestRunner.CommandLineTest.Executer:ExitApplication (UnityEditor.TestTools.TestRunner.CommandLineTest.Executer/ReturnCodes,string) (at ./Library/PackageCache/com.unity.test-framework@1405238725ab/UnityEditor.TestRunner/CommandLineTest/Executer.cs:83)
UnityEditor.TestTools.TestRunner.CommandLineTest.Executer:ExitIfRunIsCompleted () (at ./Library/PackageCache/com.unity.test-framework@1405238725ab/UnityEditor.TestRunner/CommandLineTest/Executer.cs:74)
UnityEditor.EditorApplication:Internal_CallUpdateFunctions () (at /Users/bokken/build/output/unity/unity/Editor/Mono/EditorApplication.cs:403)

[Assets/VoxelEngine/Rendering/Runtime/Vegetation/ProceduralTreeRenderer.cs line 1085]

TreeBatch_6_11_LOD0: Destroy may not be called from edit mode! Use DestroyImmediate instead.
Destroying an object in edit mode destroys it permanently
UnityEngine.Debug:ExtractStackTraceNoAlloc (byte*,int,string)
UnityEngine.StackTraceUtility:ExtractStackTrace () (at /Users/bokken/build/output/unity/unity/Runtime/Export/Scripting/StackTrace.cs:35)
UnityEngine.Object:Destroy (UnityEngine.Object,single)
UnityEngine.Object:Destroy (UnityEngine.Object) (at /Users/bokken/build/output/unity/unity/Runtime/Export/Scripting/UnityEngineObject.bindings.cs:707)
VoxelEngine.Rendering.Runtime.Vegetation.ProceduralTreeRenderer:DestroyBatchObjects (VoxelEngine.Rendering.Runtime.Vegetation.ProceduralTreeRenderer/BatchPresentation) (at Assets/VoxelEngine/Rendering/Runtime/Vegetation/ProceduralTreeRenderer.cs:1079)
VoxelEngine.Rendering.Runtime.Vegetation.ProceduralTreeRenderer:ClearBatches () (at Assets/VoxelEngine/Rendering/Runtime/Vegetation/ProceduralTreeRenderer.cs:1092)
VoxelEngine.Rendering.Runtime.Vegetation.ProceduralTreeRenderer:ClearGenerated () (at Assets/VoxelEngine/Rendering/Runtime/Vegetation/ProceduralTreeRenderer.cs:1106)
VoxelEngine.Rendering.Runtime.Vegetation.ProceduralTreeRenderer:OnDestroy () (at Assets/VoxelEngine/Rendering/Runtime/Vegetation/ProceduralTreeRenderer.cs:1115)
UnityEditor.TestTools.TestRunner.CommandLineTest.Executer:ExitApplication (UnityEditor.TestTools.TestRunner.CommandLineTest.Executer/ReturnCodes,string) (at ./Library/PackageCache/com.unity.test-framework@1405238725ab/UnityEditor.TestRunner/CommandLineTest/Executer.cs:83)
UnityEditor.TestTools.TestRunner.CommandLineTest.Executer:ExitIfRunIsCompleted () (at ./Library/PackageCache/com.unity.test-framework@1405238725ab/UnityEditor.TestRunner/CommandLineTest/Executer.cs:74)
UnityEditor.EditorApplication:Internal_CallUpdateFunctions () (at /Users/bokken/build/output/unity/unity/Editor/Mono/EditorApplication.cs:403)

[Assets/VoxelEngine/Rendering/Runtime/Vegetation/ProceduralTreeRenderer.cs line 1079]

TreeBatch_6_11_LOD1: Destroy may not be called from edit mode! Use DestroyImmediate instead.
Destroying an object in edit mode destroys it permanently
UnityEngine.Debug:ExtractStackTraceNoAlloc (byte*,int,string)
UnityEngine.StackTraceUtility:ExtractStackTrace () (at /Users/bokken/build/output/unity/unity/Runtime/Export/Scripting/StackTrace.cs:35)
UnityEngine.Object:Destroy (UnityEngine.Object,single)
UnityEngine.Object:Destroy (UnityEngine.Object) (at /Users/bokken/build/output/unity/unity/Runtime/Export/Scripting/UnityEngineObject.bindings.cs:707)
VoxelEngine.Rendering.Runtime.Vegetation.ProceduralTreeRenderer:DestroyBatchObjects (VoxelEngine.Rendering.Runtime.Vegetation.ProceduralTreeRenderer/BatchPresentation) (at Assets/VoxelEngine/Rendering/Runtime/Vegetation/ProceduralTreeRenderer.cs:1079)
VoxelEngine.Rendering.Runtime.Vegetation.ProceduralTreeRenderer:ClearBatches () (at Assets/VoxelEngine/Rendering/Runtime/Vegetation/ProceduralTreeRenderer.cs:1092)
VoxelEngine.Rendering.Runtime.Vegetation.ProceduralTreeRenderer:ClearGenerated () (at Assets/VoxelEngine/Rendering/Runtime/Vegetation/ProceduralTreeRenderer.cs:1106)
VoxelEngine.Rendering.Runtime.Vegetation.ProceduralTreeRenderer:OnDestroy () (at Assets/VoxelEngine/Rendering/Runtime/Vegetation/ProceduralTreeRenderer.cs:1115)
UnityEditor.TestTools.TestRunner.CommandLineTest.Executer:ExitApplication (UnityEditor.TestTools.TestRunner.CommandLineTest.Executer/ReturnCodes,string) (at ./Library/PackageCache/com.unity.test-framework@1405238725ab/UnityEditor.TestRunner/CommandLineTest/Executer.cs:83)
UnityEditor.TestTools.TestRunner.CommandLineTest.Executer:ExitIfRunIsCompleted () (at ./Library/PackageCache/com.unity.test-framework@1405238725ab/UnityEditor.TestRunner/CommandLineTest/Executer.cs:74)
UnityEditor.EditorApplication:Internal_CallUpdateFunctions () (at /Users/bokken/build/output/unity/unity/Editor/Mono/EditorApplication.cs:403)

[Assets/VoxelEngine/Rendering/Runtime/Vegetation/ProceduralTreeRenderer.cs line 1079]

TreeBatch_6_11_LOD2: Destroy may not be called from edit mode! Use DestroyImmediate instead.
Destroying an object in edit mode destroys it permanently
UnityEngine.Debug:ExtractStackTraceNoAlloc (byte*,int,string)
UnityEngine.StackTraceUtility:ExtractStackTrace () (at /Users/bokken/build/output/unity/unity/Runtime/Export/Scripting/StackTrace.cs:35)
UnityEngine.Object:Destroy (UnityEngine.Object,single)
UnityEngine.Object:Destroy (UnityEngine.Object) (at /Users/bokken/build/output/unity/unity/Runtime/Export/Scripting/UnityEngineObject.bindings.cs:707)
VoxelEngine.Rendering.Runtime.Vegetation.ProceduralTreeRenderer:DestroyBatchObjects (VoxelEngine.Rendering.Runtime.Vegetation.ProceduralTreeRenderer/BatchPresentation) (at Assets/VoxelEngine/Rendering/Runtime/Vegetation/ProceduralTreeRenderer.cs:1079)
VoxelEngine.Rendering.Runtime.Vegetation.ProceduralTreeRenderer:ClearBatches () (at Assets/VoxelEngine/Rendering/Runtime/Vegetation/ProceduralTreeRenderer.cs:1092)
VoxelEngine.Rendering.Runtime.Vegetation.ProceduralTreeRenderer:ClearGenerated () (at Assets/VoxelEngine/Rendering/Runtime/Vegetation/ProceduralTreeRenderer.cs:1106)
VoxelEngine.Rendering.Runtime.Vegetation.ProceduralTreeRenderer:OnDestroy () (at Assets/VoxelEngine/Rendering/Runtime/Vegetation/ProceduralTreeRenderer.cs:1115)
UnityEditor.TestTools.TestRunner.CommandLineTest.Executer:ExitApplication (UnityEditor.TestTools.TestRunner.CommandLineTest.Executer/ReturnCodes,string) (at ./Library/PackageCache/com.unity.test-framework@1405238725ab/UnityEditor.TestRunner/CommandLineTest/Executer.cs:83)
UnityEditor.TestTools.TestRunner.CommandLineTest.Executer:ExitIfRunIsCompleted () (at ./Library/PackageCache/com.unity.test-framework@1405238725ab/UnityEditor.TestRunner/CommandLineTest/Executer.cs:74)
UnityEditor.EditorApplication:Internal_CallUpdateFunctions () (at /Users/bokken/build/output/unity/unity/Editor/Mono/EditorApplication.cs:403)

[Assets/VoxelEngine/Rendering/Runtime/Vegetation/ProceduralTreeRenderer.cs line 1079]

TreeBatch_6_11_LOD3: Destroy may not be called from edit mode! Use DestroyImmediate instead.
Destroying an object in edit mode destroys it permanently
UnityEngine.Debug:ExtractStackTraceNoAlloc (byte*,int,string)
UnityEngine.StackTraceUtility:ExtractStackTrace () (at /Users/bokken/build/output/unity/unity/Runtime/Export/Scripting/StackTrace.cs:35)
UnityEngine.Object:Destroy (UnityEngine.Object,single)
UnityEngine.Object:Destroy (UnityEngine.Object) (at /Users/bokken/build/output/unity/unity/Runtime/Export/Scripting/UnityEngineObject.bindings.cs:707)
VoxelEngine.Rendering.Runtime.Vegetation.ProceduralTreeRenderer:DestroyBatchObjects (VoxelEngine.Rendering.Runtime.Vegetation.ProceduralTreeRenderer/BatchPresentation) (at Assets/VoxelEngine/Rendering/Runtime/Vegetation/ProceduralTreeRenderer.cs:1081)
VoxelEngine.Rendering.Runtime.Vegetation.ProceduralTreeRenderer:ClearBatches () (at Assets/VoxelEngine/Rendering/Runtime/Vegetation/ProceduralTreeRenderer.cs:1092)
VoxelEngine.Rendering.Runtime.Vegetation.ProceduralTreeRenderer:ClearGenerated () (at Assets/VoxelEngine/Rendering/Runtime/Vegetation/ProceduralTreeRenderer.cs:1106)
VoxelEngine.Rendering.Runtime.Vegetation.ProceduralTreeRenderer:OnDestroy () (at Assets/VoxelEngine/Rendering/Runtime/Vegetation/ProceduralTreeRenderer.cs:1115)
UnityEditor.TestTools.TestRunner.CommandLineTest.Executer:ExitApplication (UnityEditor.TestTools.TestRunner.CommandLineTest.Executer/ReturnCodes,string) (at ./Library/PackageCache/com.unity.test-framework@1405238725ab/UnityEditor.TestRunner/CommandLineTest/Executer.cs:83)
UnityEditor.TestTools.TestRunner.CommandLineTest.Executer:ExitIfRunIsCompleted () (at ./Library/PackageCache/com.unity.test-framework@1405238725ab/UnityEditor.TestRunner/CommandLineTest/Executer.cs:74)
UnityEditor.EditorApplication:Internal_CallUpdateFunctions () (at /Users/bokken/build/output/unity/unity/Editor/Mono/EditorApplication.cs:403)

[Assets/VoxelEngine/Rendering/Runtime/Vegetation/ProceduralTreeRenderer.cs line 1081]

Tree Batch 6,11: Destroy may not be called from edit mode! Use DestroyImmediate instead.
Destroying an object in edit mode destroys it permanently
UnityEngine.Debug:ExtractStackTraceNoAlloc (byte*,int,string)
UnityEngine.StackTraceUtility:ExtractStackTrace () (at /Users/bokken/build/output/unity/unity/Runtime/Export/Scripting/StackTrace.cs:35)
UnityEngine.Object:Destroy (UnityEngine.Object,single)
UnityEngine.Object:Destroy (UnityEngine.Object) (at /Users/bokken/build/output/unity/unity/Runtime/Export/Scripting/UnityEngineObject.bindings.cs:707)
VoxelEngine.Rendering.Runtime.Vegetation.ProceduralTreeRenderer:DestroyBatchObjects (VoxelEngine.Rendering.Runtime.Vegetation.ProceduralTreeRenderer/BatchPresentation) (at Assets/VoxelEngine/Rendering/Runtime/Vegetation/ProceduralTreeRenderer.cs:1085)
VoxelEngine.Rendering.Runtime.Vegetation.ProceduralTreeRenderer:ClearBatches () (at Assets/VoxelEngine/Rendering/Runtime/Vegetation/ProceduralTreeRenderer.cs:1092)
VoxelEngine.Rendering.Runtime.Vegetation.ProceduralTreeRenderer:ClearGenerated () (at Assets/VoxelEngine/Rendering/Runtime/Vegetation/ProceduralTreeRenderer.cs:1106)
VoxelEngine.Rendering.Runtime.Vegetation.ProceduralTreeRenderer:OnDestroy () (at Assets/VoxelEngine/Rendering/Runtime/Vegetation/ProceduralTreeRenderer.cs:1115)
UnityEditor.TestTools.TestRunner.CommandLineTest.Executer:ExitApplication (UnityEditor.TestTools.TestRunner.CommandLineTest.Executer/ReturnCodes,string) (at ./Library/PackageCache/com.unity.test-framework@1405238725ab/UnityEditor.TestRunner/CommandLineTest/Executer.cs:83)
UnityEditor.TestTools.TestRunner.CommandLineTest.Executer:ExitIfRunIsCompleted () (at ./Library/PackageCache/com.unity.test-framework@1405238725ab/UnityEditor.TestRunner/CommandLineTest/Executer.cs:74)
UnityEditor.EditorApplication:Internal_CallUpdateFunctions () (at /Users/bokken/build/output/unity/unity/Editor/Mono/EditorApplication.cs:403)

[Assets/VoxelEngine/Rendering/Runtime/Vegetation/ProceduralTreeRenderer.cs line 1085]

MSBuild server shut down successfully.
[Physics::Module] Cleanup current backend.
[Physics::Module] Id: 0xf2b8ea05
[Licensing::IpcConnector] LicenseClient-jlashmet-6000.5.6-notifications channel disconnected successfully.
[Licensing::IpcConnector] LicenseClient-jlashmet-6000.5.6 channel disconnected successfully.
Thread 0x17e313000 may have been prematurely finalized
Thread 0x17e39f000 may have been prematurely finalized
Thread 0x17e42b000 may have been prematurely finalized
Thread 0x17e543000 may have been prematurely finalized
Thread 0x17e5cf000 may have been prematurely finalized
Thread 0x17e4b7000 may have been prematurely finalized
Thread 0x17e65b000 may have been prematurely finalized
Thread 0x17e6e7000 may have been prematurely finalized
AcceleratorClientConnectionCallback - disconnected - :0
Thread 0x33657f000 may have been prematurely finalized
Cleanup mono
CodeReloadManager destroyed
info: Microsoft.Hosting.Lifetime[0]
      Application is shutting down...
info: Unity.ILPP.Runner.PostProcessingAssemblyLoadContext[0]
      ALC ILPP context 1 is unloading
debugger-agent: Unable to listen on 44
