Unity Editor version:    6000.5.6f1 (0e0577a1a2ac)
Branch:                  6000.5/staging
Build type:              Release
Batch mode:              YES
macOS version:           Version 15.5 (Build 24F74)
Darwin version:          24.5.0
Architecture:            arm64
Running under Rosetta:   NO
Available memory:        65536 MB
Date:                    2026-08-13T19:52:46Z
[Licensing::Module] Trying to connect to existing licensing client channel...
[Licensing::IpcConnector] Successfully connected to: "LicenseClient-jlashmet" at "2026-08-13T19:52:46.49087Z"
Launching external process: /Applications/Unity/Hub/Editor/6000.5.6f1/Unity.app/Contents/Helpers/PackageManager/Server/UnityPackageManager

COMMAND LINE ARGUMENTS:
/Applications/Unity/Hub/Editor/6000.5.6f1/Unity.app/Contents/MacOS/Unity
-batchmode
-projectPath
/Users/jlashmet/code/voxel
-runTests
-testPlatform
PlayMode
-testFilter
VoxelEngine.Tests.PlayMode.ShowcasePerformanceTests.FullShowcaseConvergesWithinTenSecondsWithoutLaterStalls
-testResults
Artifacts/showcase-performance-empty-fast-path.xml
-logFile
Artifacts/showcase-performance-empty-fast-path.log
Successfully changed project path to: /Users/jlashmet/code/voxel
/Users/jlashmet/code/voxel
[UnityMemory] Configuration Parameters - Can be set up in boot.config
    "memorysetup-temp-allocator-size-gi-baking-worker=262144"
    "memorysetup-temp-allocator-size-gi-baking-worker=262144"
    "memorysetup-temp-allocator-size-gi-baking-worker=262144"
    "memorysetup-temp-allocator-size-gi-baking-worker=262144"
    "memorysetup-temp-allocator-size-gi-baking-worker=262144"
    "memorysetup-temp-allocator-size-nav-mesh-worker=65536"
    "memorysetup-temp-allocator-size-audio-worker=65536"
    "memorysetup-temp-allocator-size-cloud-worker=32768"
    "memorysetup-allocator-temp-initial-block-size-main=262144"
    "memorysetup-allocator-temp-initial-block-size-worker=262144"
    "memorysetup-temp-allocator-size-preload-manager=33554432"
    "memorysetup-temp-allocator-size-gfx=262144"
    "memorysetup-temp-allocator-size-background-worker=32768"
    "memorysetup-temp-allocator-size-job-worker=262144"
    "memorysetup-bucket-allocator-granularity=16"
    "memorysetup-bucket-allocator-bucket-count=8"
    "memorysetup-bucket-allocator-block-size=33554432"
    "memorysetup-bucket-allocator-block-count=8"
    "memorysetup-main-allocator-block-size=16777216"
    "memorysetup-thread-allocator-block-size=16777216"
    "memorysetup-main-allocator-mimalloc-enabled=0"
    "memorysetup-gfx-main-allocator-block-size=16777216"
    "memorysetup-gfx-thread-allocator-block-size=16777216"
    "memorysetup-cache-allocator-block-size=4194304"
    "memorysetup-typetree-allocator-block-size=2097152"
    "memorysetup-profiler-bucket-allocator-granularity=16"
    "memorysetup-profiler-bucket-allocator-bucket-count=8"
    "memorysetup-profiler-bucket-allocator-block-size=33554432"
    "memorysetup-profiler-bucket-allocator-block-count=8"
    "memorysetup-profiler-allocator-block-size=16777216"
    "memorysetup-profiler-editor-allocator-block-size=1048576"
    "memorysetup-temp-allocator-size-main=16777216"
    "memorysetup-job-temp-allocator-block-size=2097152"
    "memorysetup-job-temp-allocator-block-size-background=1048576"
    "memorysetup-job-temp-allocator-reduction-small-platforms=262144"
Logging is directed to a specific file, skipping project log.Player connection [8495210240]  Target information:

Player connection [8495210240]  * "[IP] 10.10.54.7 [Port] 55505 [Flags] 2 [Guid] 633010743 [EditorId] 633010743 [Version] 1048832 [Id] OSXEditor(0,Jasons-MacBook-Pro.local) [Debug] 1 [PackageName] OSXEditor [ProjectName] Editor" 

Player connection [8495210240] Host joined multi-casting on [225.0.0.222:54997]...
Player connection [8495210240] Host joined alternative multi-casting on [225.0.0.222:34997]...
Input System module state changed to: Initialized.
[Physics::Module] Initialized fallback backend.
[Physics::Module] Id: 0xdecafbad
[Licensing::Client] Error: HandshakeResponse reported an error:
	ResponseCode: 505
	ResponseStatus: Unsupported protocol version '1.18.1'.
[Licensing::Module] Error: Failed to handshake to channel: "LicenseClient-jlashmet"
[Licensing::IpcConnector] LicenseClient-jlashmet channel disconnected successfully.
[Licensing::IpcConnector] Successfully connected to: "LicenseClient-jlashmet-6000.5.6" at "2026-08-13T19:52:46.67016Z"
[Package Manager] Connected to IPC stream "Upm-34979" after 0.1 seconds.
[Licensing::Module] Licensing is not yet initialized.
[Licensing::Client] Handshaking with LicensingClient:
  Version:                 1.18.1+9fbee8e
  Session Id:              c4b48d49e1c24c6ba17e1667b3086457
  Correlation Id:          bf4fb8a5106722278348ef830d8268ea
  External correlation Id: 8294764957082534943
  Machine Id:              +RIQ8xEkJcR9okhzEI7uTO1sGwM=
[Licensing::Module] Successfully connected to LicensingClient on channel: "LicenseClient-jlashmet-6000.5.6" (connect: 0.00s, validation: 0.00s, handshake: 0.17s)
[Licensing::IpcConnector] Successfully connected to: "LicenseClient-jlashmet-6000.5.6-notifications" at "2026-08-13T19:52:46.842886Z"
[Licensing::Module] Error: Access token is unavailable; failed to update
[Licensing::Client] Successfully resolved entitlement details
[Licensing::Module] License group:
  Id: 3465641-UnityPersXXXX
  Product: Unity Personal
  Type: Assigned
  Expiration: Unlimited
[Licensing::Client] Successfully updated license, isAsync: True, time: 0.00
[Licensing::Module] Licensing Background thread has ended after 0.35s
[Licensing::Module] Licensing is initialized (took 0.17s).
[Licensing::Client] Successfully resolved entitlement details
Library Redirect Path: Library/
[Physics::Module] Selected backend.
[Physics::Module] Name: PhysX
[Physics::Module] Id: 0xf2b8ea05
[Physics::Module] SDK Version: 4.1.2
[Physics::Module] Integration Version: 1.0.0
[Physics::Module] Threading Mode: Multi-Threaded
Initialize engine version: 6000.5.6f1 (0e0577a1a2ac)
[Subsystems] Discovering subsystems at path /Applications/Unity/Hub/Editor/6000.5.6f1/Unity.app/Contents/Resources/UnitySubsystems
[Subsystems] Discovering subsystems at path /Users/jlashmet/code/voxel/Assets
GfxDevice: creating device client; kGfxThreadingModeNonThreaded
 preferred device: Apple M4 Max (high power)
Metal devices available: 1
0: Apple M4 Max (high power)
Using device Apple M4 Max (high power)
Initializing Metal device caps: Apple M4 Max
Mac GPU Family: 2
Apple GPU Family: 9
MSL Version: 3.0
Has Float MSAA: 1
Has Float Filtering: 1
ReadWrite Texture Tier: 2
Initialize mono
Mono path[0] = '/Applications/Unity/Hub/Editor/6000.5.6f1/Unity.app/Contents/Resources/Scripting/Managed'
Mono path[1] = '/Applications/Unity/Hub/Editor/6000.5.6f1/Unity.app/Contents/Resources/Scripting/BCLExtensions/runtime/netstandard2.1'
Mono path[2] = '/Applications/Unity/Hub/Editor/6000.5.6f1/Unity.app/Contents/Resources/Scripting/MonoBleedingEdge/lib/mono/unityjit-macos'
Mono config path = '/Applications/Unity/Hub/Editor/6000.5.6f1/Unity.app/Contents/Resources/Scripting/MonoBleedingEdge/etc'
Using monoOptions --debugger-agent=transport=dt_socket,embedding=1,server=y,suspend=n,address=127.0.0.1:56979
CodeReloadManager initialized
ImportWorker Server TCP listen port: 0
AcceleratorClientConnectionCallback - disconnected - :0
Begin MonoManager ReloadAssembly
Registering precompiled unity dll's ...
Register platform support module: /Applications/Unity/Hub/Editor/6000.5.6f1/PlaybackEngines/WebGLSupport/UnityEditor.WebGL.Extensions.dll
Register platform support module: /Applications/Unity/Hub/Editor/6000.5.6f1/PlaybackEngines/MacStandaloneSupport/UnityEditor.OSXStandalone.Extensions.dll
Registered in 0.000342 seconds.
Native extension for OSXStandalone target not found
Native extension for WebGL target not found
Package Manager log level set to [2]
ScheduleIndexationOnStartup MainProcess:False IndexOnStartup:True
Mono: successfully reloaded assembly
- Finished resetting the current domain, in  0.201 seconds
Domain Reload Profiling: 426ms
	BeginReloadAssembly (39ms)
		CreateAndSetChildDomain (4ms)
	RebuildCommonClasses (3ms)
	RebuildNativeTypeToScriptingClass (9ms)
	initialDomainReloadingComplete (25ms)
	LoadAllAssembliesAndSetupDomain (148ms)
		LoadAssemblies (36ms)
		AnalyzeDomain (112ms)
			TypeCache.Refresh (112ms)
				TypeCache.ScanAssembly (104ms)
	FinalizeReload (202ms)
		SetupLoadedEditorAssemblies (0ms)
			BeforeProcessingInitializeOnLoad (47ms)
			ProcessInitializeOnLoadAttributes (50ms)
			ProcessInitializeOnLoadMethodAttributes (65ms)
[Licensing::Client] Successfully resolved entitlement details
Application.AssetDatabase Initial Refresh Start
[Package Manager] Restoring resolved packages state from cache
[Licensing::Client] Successfully resolved entitlement details
[Package Manager] Registered 66 packages:
  Packages from [https://packages.unity.com]:
    com.unity.ai.navigation@2.0.14 (location: /Users/jlashmet/code/voxel/Library/PackageCache/com.unity.ai.navigation@134dd6a3b97b)
    com.unity.analytics@3.8.2 (location: /Users/jlashmet/code/voxel/Library/PackageCache/com.unity.analytics@c9d14a6bdec6)
    com.unity.burst@1.8.29 (location: /Users/jlashmet/code/voxel/Library/PackageCache/com.unity.burst@6bb9aca3ef38)
    com.unity.collab-proxy@2.13.3 (location: /Users/jlashmet/code/voxel/Library/PackageCache/com.unity.collab-proxy@4f3be89e8675)
    com.unity.ide.rider@3.0.38 (location: /Users/jlashmet/code/voxel/Library/PackageCache/com.unity.ide.rider@1f60b3138684)
    com.unity.ide.visualstudio@2.0.26 (location: /Users/jlashmet/code/voxel/Library/PackageCache/com.unity.ide.visualstudio@a99d56dec63f)
    com.unity.purchasing@5.4.2 (location: /Users/jlashmet/code/voxel/Library/PackageCache/com.unity.purchasing@290a16a9a099)
    com.unity.timeline@1.8.12 (location: /Users/jlashmet/code/voxel/Library/PackageCache/com.unity.timeline@8cd8509afae5)
    com.unity.xr.legacyinputhelpers@3.0.1 (location: /Users/jlashmet/code/voxel/Library/PackageCache/com.unity.xr.legacyinputhelpers@3f62d634f63b)
    com.unity.services.core@1.18.0 (location: /Users/jlashmet/code/voxel/Library/PackageCache/com.unity.services.core@3464cb68d709)
    com.unity.nuget.mono-cecil@1.11.6 (location: /Users/jlashmet/code/voxel/Library/PackageCache/com.unity.nuget.mono-cecil@ecb9724e46ff)
    com.unity.test-framework.performance@3.5.0 (location: /Users/jlashmet/code/voxel/Library/PackageCache/com.unity.test-framework.performance@8b56083ec0f0)
    com.unity.services.analytics@6.3.0 (location: /Users/jlashmet/code/voxel/Library/PackageCache/com.unity.services.analytics@cde4e6cf92f9)
    com.unity.nuget.newtonsoft-json@3.2.2 (location: /Users/jlashmet/code/voxel/Library/PackageCache/com.unity.nuget.newtonsoft-json@4dfd81071c64)
    com.unity.searcher@4.9.4 (location: /Users/jlashmet/code/voxel/Library/PackageCache/com.unity.searcher@d45a78918735)
  Built-in packages:
    com.unity.2d.sprite@1.0.0 (location: /Users/jlashmet/code/voxel/Library/PackageCache/com.unity.2d.sprite@053a968eab56)
    com.unity.2d.tilemap@1.0.0 (location: /Users/jlashmet/code/voxel/Library/PackageCache/com.unity.2d.tilemap@b959501fd678)
    com.unity.collections@6.5.0 (location: /Users/jlashmet/code/voxel/Library/PackageCache/com.unity.collections@a43cabe808ca)
    com.unity.mathematics@1.4.0 (location: /Users/jlashmet/code/voxel/Library/PackageCache/com.unity.mathematics@981956d94fb6)
    com.unity.multiplayer.center@1.0.1 (location: /Users/jlashmet/code/voxel/Library/PackageCache/com.unity.multiplayer.center@b860850997d0)
    com.unity.render-pipelines.universal@17.5.0 (location: /Users/jlashmet/code/voxel/Library/PackageCache/com.unity.render-pipelines.universal@73b4c4ff130e)
    com.unity.test-framework@1.7.0 (location: /Users/jlashmet/code/voxel/Library/PackageCache/com.unity.test-framework@1405238725ab)
    com.unity.transport@6.5.0 (location: /Users/jlashmet/code/voxel/Library/PackageCache/com.unity.transport@0c07c94c2861)
    com.unity.ugui@2.5.0 (location: /Users/jlashmet/code/voxel/Library/PackageCache/com.unity.ugui@67707a67a4ab)
    com.unity.modules.accessibility@1.0.0 (location: /Users/jlashmet/code/voxel/Library/PackageCache/com.unity.modules.accessibility)
    com.unity.modules.adaptiveperformance@1.0.0 (location: /Users/jlashmet/code/voxel/Library/PackageCache/com.unity.modules.adaptiveperformance)
    com.unity.modules.ai@1.0.0 (location: /Users/jlashmet/code/voxel/Library/PackageCache/com.unity.modules.ai)
    com.unity.modules.androidjni@1.0.0 (location: /Users/jlashmet/code/voxel/Library/PackageCache/com.unity.modules.androidjni)
    com.unity.modules.animation@1.0.0 (location: /Users/jlashmet/code/voxel/Library/PackageCache/com.unity.modules.animation)
    com.unity.modules.assetbundle@1.0.0 (location: /Users/jlashmet/code/voxel/Library/PackageCache/com.unity.modules.assetbundle)
    com.unity.modules.audio@1.0.0 (location: /Users/jlashmet/code/voxel/Library/PackageCache/com.unity.modules.audio)
    com.unity.modules.cloth@1.0.0 (location: /Users/jlashmet/code/voxel/Library/PackageCache/com.unity.modules.cloth)
    com.unity.modules.director@1.0.0 (location: /Users/jlashmet/code/voxel/Library/PackageCache/com.unity.modules.director)
    com.unity.modules.imageconversion@1.0.0 (location: /Users/jlashmet/code/voxel/Library/PackageCache/com.unity.modules.imageconversion)
    com.unity.modules.imgui@1.0.0 (location: /Users/jlashmet/code/voxel/Library/PackageCache/com.unity.modules.imgui)
    com.unity.modules.jsonserialize@1.0.0 (location: /Users/jlashmet/code/voxel/Library/PackageCache/com.unity.modules.jsonserialize)
    com.unity.modules.particlesystem@1.0.0 (location: /Users/jlashmet/code/voxel/Library/PackageCache/com.unity.modules.particlesystem)
    com.unity.modules.physics@1.0.0 (location: /Users/jlashmet/code/voxel/Library/PackageCache/com.unity.modules.physics)
    com.unity.modules.physics2d@1.0.0 (location: /Users/jlashmet/code/voxel/Library/PackageCache/com.unity.modules.physics2d)
    com.unity.modules.physicscore2d@1.0.0 (location: /Users/jlashmet/code/voxel/Library/PackageCache/com.unity.modules.physicscore2d)
    com.unity.modules.screencapture@1.0.0 (location: /Users/jlashmet/code/voxel/Library/PackageCache/com.unity.modules.screencapture)
    com.unity.modules.terrain@1.0.0 (location: /Users/jlashmet/code/voxel/Library/PackageCache/com.unity.modules.terrain)
    com.unity.modules.terrainphysics@1.0.0 (location: /Users/jlashmet/code/voxel/Library/PackageCache/com.unity.modules.terrainphysics)
    com.unity.modules.tilemap@1.0.0 (location: /Users/jlashmet/code/voxel/Library/PackageCache/com.unity.modules.tilemap)
    com.unity.modules.ui@1.0.0 (location: /Users/jlashmet/code/voxel/Library/PackageCache/com.unity.modules.ui)
    com.unity.modules.uielements@1.0.0 (location: /Users/jlashmet/code/voxel/Library/PackageCache/com.unity.modules.uielements)
    com.unity.modules.umbra@1.0.0 (location: /Users/jlashmet/code/voxel/Library/PackageCache/com.unity.modules.umbra)
    com.unity.modules.unityanalytics@1.0.0 (location: /Users/jlashmet/code/voxel/Library/PackageCache/com.unity.modules.unityanalytics)
    com.unity.modules.unitywebrequest@1.0.0 (location: /Users/jlashmet/code/voxel/Library/PackageCache/com.unity.modules.unitywebrequest)
    com.unity.modules.unitywebrequestassetbundle@1.0.0 (location: /Users/jlashmet/code/voxel/Library/PackageCache/com.unity.modules.unitywebrequestassetbundle)
    com.unity.modules.unitywebrequestaudio@1.0.0 (location: /Users/jlashmet/code/voxel/Library/PackageCache/com.unity.modules.unitywebrequestaudio)
    com.unity.modules.unitywebrequesttexture@1.0.0 (location: /Users/jlashmet/code/voxel/Library/PackageCache/com.unity.modules.unitywebrequesttexture)
    com.unity.modules.unitywebrequestwww@1.0.0 (location: /Users/jlashmet/code/voxel/Library/PackageCache/com.unity.modules.unitywebrequestwww)
    com.unity.modules.vectorgraphics@1.0.0 (location: /Users/jlashmet/code/voxel/Library/PackageCache/com.unity.modules.vectorgraphics)
    com.unity.modules.vehicles@1.0.0 (location: /Users/jlashmet/code/voxel/Library/PackageCache/com.unity.modules.vehicles)
    com.unity.modules.video@1.0.0 (location: /Users/jlashmet/code/voxel/Library/PackageCache/com.unity.modules.video)
    com.unity.modules.wind@1.0.0 (location: /Users/jlashmet/code/voxel/Library/PackageCache/com.unity.modules.wind)
    com.unity.modules.xr@1.0.0 (location: /Users/jlashmet/code/voxel/Library/PackageCache/com.unity.modules.xr)
    com.unity.modules.subsystems@1.0.0 (location: /Users/jlashmet/code/voxel/Library/PackageCache/com.unity.modules.subsystems)
    com.unity.modules.hierarchycore@1.0.0 (location: /Users/jlashmet/code/voxel/Library/PackageCache/com.unity.modules.hierarchycore)
    com.unity.ext.nunit@2.1.0 (location: /Users/jlashmet/code/voxel/Library/PackageCache/com.unity.ext.nunit@44f7d31723bd)
    com.unity.render-pipelines.core@17.5.0 (location: /Users/jlashmet/code/voxel/Library/PackageCache/com.unity.render-pipelines.core@645717f21c5f)
    com.unity.shadergraph@17.5.0 (location: /Users/jlashmet/code/voxel/Library/PackageCache/com.unity.shadergraph@8d7376ec43ee)
    com.unity.render-pipelines.universal-config@17.5.0 (location: /Users/jlashmet/code/voxel/Library/PackageCache/com.unity.render-pipelines.universal-config@fdda01c80fe3)
  Embedded packages:
    com.mountingforce.worldgen@file:/Users/jlashmet/code/voxel/Packages/com.mountingforce.worldgen (location: /Users/jlashmet/code/voxel/Packages/com.mountingforce.worldgen)
  Git packages:
    com.coplaydev.unity-mcp@https://github.com/CoplayDev/unity-mcp.git?path=/MCPForUnity#main (location: /Users/jlashmet/code/voxel/Library/PackageCache/com.coplaydev.unity-mcp@8bd91ce7bd3a)
[Subsystems] No new subsystems found in resolved package list.
[Package Manager] Done registering packages in 0.00 seconds
Assembly for Assembly Definition File 'Assets/VoxelEngine/Tools/Features/VoxelEngine.Tools.Features.asmdef' will not be compiled, because it has no scripts associated with it.
UnityEngine.Debug:ExtractStackTraceNoAlloc (byte*,int,string)
UnityEngine.StackTraceUtility:ExtractStackTrace () (at /Users/bokken/build/output/unity/unity/Runtime/Export/Scripting/StackTrace.cs:35)
UnityEngine.DebugLogHandler:Internal_Log (UnityEngine.LogType,UnityEngine.LogOption,string,UnityEngine.Object)
UnityEngine.DebugLogHandler:LogFormat (UnityEngine.LogType,UnityEngine.Object,string,object[])
UnityEngine.Logger:LogFormat (UnityEngine.LogType,string,object[])
UnityEngine.Debug:LogWarningFormat (string,object[])
UnityEditor.Scripting.ScriptCompilation.EditorCompilation:WarnIfThereAreAssembliesWithoutAnyScripts (UnityEditor.Scripting.ScriptCompilation.ScriptAssemblySettings,UnityEditor.Scripting.ScriptCompilation.ScriptAssembly[]) (at /Users/bokken/build/output/unity/unity/Editor/Mono/Scripting/ScriptCompilation/EditorCompilation.cs:814)
UnityEditor.Scripting.ScriptCompilation.EditorCompilation:CompileScriptsWithSettings (UnityEditor.Scripting.ScriptCompilation.ScriptAssemblySettings) (at /Users/bokken/build/output/unity/unity/Editor/Mono/Scripting/ScriptCompilation/EditorCompilation.cs:871)
UnityEditor.Scripting.ScriptCompilation.EditorCompilation:CompileScripts (UnityEditor.Scripting.ScriptCompilation.EditorScriptCompilationOptions,UnityEditor.BuildTarget,int,string[]) (at /Users/bokken/build/output/unity/unity/Editor/Mono/Scripting/ScriptCompilation/EditorCompilation.cs:748)
UnityEditor.Scripting.ScriptCompilation.EditorCompilationInterface/<>c__DisplayClass21_0:<CompileScripts>b__0 () (at /Users/bokken/build/output/unity/unity/Editor/Mono/Scripting/ScriptCompilation/EditorCompilationInterface.cs:187)
UnityEditor.Scripting.ScriptCompilation.EditorCompilationInterface:EmitExceptionAsError<UnityEditor.Scripting.ScriptCompilation.EditorCompilation/CompileStatus> (System.Func`1<UnityEditor.Scripting.ScriptCompilation.EditorCompilation/CompileStatus>,UnityEditor.Scripting.ScriptCompilation.EditorCompilation/CompileStatus) (at /Users/bokken/build/output/unity/unity/Editor/Mono/Scripting/ScriptCompilation/EditorCompilationInterface.cs:52)
UnityEditor.Scripting.ScriptCompilation.EditorCompilationInterface:CompileScripts (UnityEditor.Scripting.ScriptCompilation.EditorScriptCompilationOptions,UnityEditor.BuildTarget,int,string[]) (at /Users/bokken/build/output/unity/unity/Editor/Mono/Scripting/ScriptCompilation/EditorCompilationInterface.cs:187)

(Filename: /Users/bokken/build/output/unity/unity/Editor/Mono/Scripting/ScriptCompilation/EditorCompilation.cs Line: 814)

Assembly for Assembly Definition File 'Assets/VoxelEngine/Tools/VoxelEngine.Tools.asmdef' will not be compiled, because it has no scripts associated with it.
UnityEngine.Debug:ExtractStackTraceNoAlloc (byte*,int,string)
UnityEngine.StackTraceUtility:ExtractStackTrace () (at /Users/bokken/build/output/unity/unity/Runtime/Export/Scripting/StackTrace.cs:35)
UnityEngine.DebugLogHandler:Internal_Log (UnityEngine.LogType,UnityEngine.LogOption,string,UnityEngine.Object)
UnityEngine.DebugLogHandler:LogFormat (UnityEngine.LogType,UnityEngine.Object,string,object[])
UnityEngine.Logger:LogFormat (UnityEngine.LogType,string,object[])
UnityEngine.Debug:LogWarningFormat (string,object[])
UnityEditor.Scripting.ScriptCompilation.EditorCompilation:WarnIfThereAreAssembliesWithoutAnyScripts (UnityEditor.Scripting.ScriptCompilation.ScriptAssemblySettings,UnityEditor.Scripting.ScriptCompilation.ScriptAssembly[]) (at /Users/bokken/build/output/unity/unity/Editor/Mono/Scripting/ScriptCompilation/EditorCompilation.cs:814)
UnityEditor.Scripting.ScriptCompilation.EditorCompilation:CompileScriptsWithSettings (UnityEditor.Scripting.ScriptCompilation.ScriptAssemblySettings) (at /Users/bokken/build/output/unity/unity/Editor/Mono/Scripting/ScriptCompilation/EditorCompilation.cs:871)
UnityEditor.Scripting.ScriptCompilation.EditorCompilation:CompileScripts (UnityEditor.Scripting.ScriptCompilation.EditorScriptCompilationOptions,UnityEditor.BuildTarget,int,string[]) (at /Users/bokken/build/output/unity/unity/Editor/Mono/Scripting/ScriptCompilation/EditorCompilation.cs:748)
UnityEditor.Scripting.ScriptCompilation.EditorCompilationInterface/<>c__DisplayClass21_0:<CompileScripts>b__0 () (at /Users/bokken/build/output/unity/unity/Editor/Mono/Scripting/ScriptCompilation/EditorCompilationInterface.cs:187)
UnityEditor.Scripting.ScriptCompilation.EditorCompilationInterface:EmitExceptionAsError<UnityEditor.Scripting.ScriptCompilation.EditorCompilation/CompileStatus> (System.Func`1<UnityEditor.Scripting.ScriptCompilation.EditorCompilation/CompileStatus>,UnityEditor.Scripting.ScriptCompilation.EditorCompilation/CompileStatus) (at /Users/bokken/build/output/unity/unity/Editor/Mono/Scripting/ScriptCompilation/EditorCompilationInterface.cs:52)
UnityEditor.Scripting.ScriptCompilation.EditorCompilationInterface:CompileScripts (UnityEditor.Scripting.ScriptCompilation.EditorScriptCompilationOptions,UnityEditor.BuildTarget,int,string[]) (at /Users/bokken/build/output/unity/unity/Editor/Mono/Scripting/ScriptCompilation/EditorCompilationInterface.cs:187)

(Filename: /Users/bokken/build/output/unity/unity/Editor/Mono/Scripting/ScriptCompilation/EditorCompilation.cs Line: 814)

info: Microsoft.Hosting.Lifetime[14]
      Now listening on: http://unix:/tmp/ilpp.sock-c3b432dd611250ca5bcc2f17f61b6832
info: Microsoft.Hosting.Lifetime[0]
      Application started. Press Ctrl+C to shut down.
info: Microsoft.Hosting.Lifetime[0]
      Hosting environment: Production
info: Microsoft.Hosting.Lifetime[0]
      Content root path: /Users/jlashmet/code/voxel
info: Microsoft.AspNetCore.Hosting.Diagnostics[1]
      Request starting HTTP/2 POST http://ilpp/UnityILPP.PostProcessing/Ping - application/grpc -
info: Microsoft.AspNetCore.Routing.EndpointMiddleware[0]
      Executing endpoint 'gRPC - /UnityILPP.PostProcessing/Ping'
info: Microsoft.AspNetCore.Routing.EndpointMiddleware[1]
      Executed endpoint 'gRPC - /UnityILPP.PostProcessing/Ping'
info: Microsoft.AspNetCore.Hosting.Diagnostics[2]
      Request finished HTTP/2 POST http://ilpp/UnityILPP.PostProcessing/Ping - 200 - application/grpc 14.8201ms
Starting: /Applications/Unity/Hub/Editor/6000.5.6f1/Unity.app/Contents/Resources/BuildPipeline/bee_backend --ipc --defer-dag-verification --dagfile="Library/Bee/200b0aE.dag" --continue-on-failure --profile="Library/Bee/backend1.traceevents" ScriptAssemblies
WorkingDir: /Users/jlashmet/code/voxel
DisplayProgressbar: Compiling Scripts
info: Microsoft.AspNetCore.Hosting.Diagnostics[1]
      Request starting HTTP/2 POST http://ilpp/UnityILPP.PostProcessing/ConfigurePostProcessors - application/grpc -
info: Microsoft.AspNetCore.Routing.EndpointMiddleware[0]
      Executing endpoint 'gRPC - /UnityILPP.PostProcessing/ConfigurePostProcessors'
warn: Unity.ILPP.Runner.PostProcessingAssemblyLoadContext[0]
      Assembly system.runtime.interopservices.windowsruntime has duplicate hint path. Ignoring "/Applications/Unity/Hub/Editor/6000.5.6f1/Unity.app/Contents/Resources/Scripting/UnityReferenceAssemblies/unity-4.8-api/Facades/System.Runtime.InteropServices.WindowsRuntime.dll" in favor of "/Applications/Unity/Hub/Editor/6000.5.6f1/Unity.app/Contents/Resources/Scripting/NetStandard/Extensions/2.0.0/System.Runtime.InteropServices.WindowsRuntime.dll"
warn: Unity.ILPP.Runner.PostProcessingAssemblyLoadContext[0]
      Assembly system.componentmodel.composition has duplicate hint path. Ignoring "/Applications/Unity/Hub/Editor/6000.5.6f1/Unity.app/Contents/Resources/Scripting/UnityReferenceAssemblies/unity-4.8-api/System.ComponentModel.Composition.dll" in favor of "/Applications/Unity/Hub/Editor/6000.5.6f1/Unity.app/Contents/Resources/Scripting/NetStandard/compat/2.1.0/shims/netfx/System.ComponentModel.Composition.dll"
info: Unity.ILPP.Runner.PostProcessingAssemblyLoadContext[0]
      Resolved Unity.Burst.Cecil, Version=0.11.6.0, Culture=neutral, PublicKeyToken=50cebf1cceb9d05e with Library/PackageCache/com.unity.burst@6bb9aca3ef38/Unity.Burst.CodeGen/Unity.Burst.Cecil.dll
info: Unity.ILPP.Runner.PostProcessingAssemblyLoadContext[0]
      Resolved Mono.Cecil, Version=0.11.5.0, Culture=neutral, PublicKeyToken=50cebf1cceb9d05e with Library/PackageCache/com.unity.nuget.mono-cecil@ecb9724e46ff/Mono.Cecil.dll
info: Microsoft.AspNetCore.Routing.EndpointMiddleware[1]
      Executed endpoint 'gRPC - /UnityILPP.PostProcessing/ConfigurePostProcessors'
info: Microsoft.AspNetCore.Hosting.Diagnostics[2]
      Request finished HTTP/2 POST http://ilpp/UnityILPP.PostProcessing/ConfigurePostProcessors - 200 - application/grpc 10.9021ms
ExitCode: 0 Duration: 0s287ms
[ 946/1280  0s] ILPP-Configuration Library/ilpp-configuration.nevergeneratedoutput
*** Tundra build success (0.27 seconds), 1 items updated, 1280 evaluated
AssetDatabase: script compilation time: 0.642160s
Begin MonoManager ReloadAssembly
Total cache size 161032424
Total cache size after purge 161032424, took 00:00:00.1728881
Symbol file LoadedFromMemory is not a mono symbol file
Refreshing native plugins compatible for Editor in 3.19 ms, found 2 plugins.
Native extension for OSXStandalone target not found
Native extension for WebGL target not found
Refreshing native plugins compatible for Editor in 3.18 ms, found 2 plugins.
ScheduleIndexationOnStartup MainProcess:True IndexOnStartup:True
Mono: successfully reloaded assembly
- Finished resetting the current domain, in  2.437 seconds
Domain Reload Profiling: 2876ms
	BeginReloadAssembly (97ms)
		DisableScriptedObjects (9ms)
		CreateAndSetChildDomain (20ms)
	RebuildCommonClasses (5ms)
	RebuildNativeTypeToScriptingClass (8ms)
	initialDomainReloadingComplete (29ms)
	LoadAllAssembliesAndSetupDomain (299ms)
		LoadAssemblies (144ms)
		AnalyzeDomain (128ms)
			TypeCache.Refresh (94ms)
				TypeCache.ScanAssembly (85ms)
			BuildScriptInfoCaches (29ms)
			ResolveRequiredComponents (3ms)
	FinalizeReload (2438ms)
		SetupLoadedEditorAssemblies (0ms)
			BeforeProcessingInitializeOnLoad (40ms)
			ProcessInitializeOnLoadAttributes (2113ms)
			ProcessInitializeOnLoadMethodAttributes (133ms)
		AwakeInstancesAfterBackupRestoration (43ms)
Starting new worker id: 0 with log in /Users/jlashmet/code/voxel/Logs/AssetImportWorkerHW0.log

Asset Pipeline Refresh (id=f26d4cf9f508241bbb10f5df16a1a90f): Total: 4.374 seconds - Initiated by InitialRefreshV2(ForceSynchronousImport)
	(Values over 0.05ms)
	Summary:
		Imports: total=0 (actual=0, local cache=0, cache server=0)
		Asset DB Process Time: managed=0 ms, native=3167 ms
		Asset DB Callback time: managed=65 ms, native=5 ms
		Scripting: domain reloads=1, domain reload time=459 ms, compile time=643 ms, other=33 ms
		Project Asset Count: scripts=1724, non-scripts=2518
		Asset File Changes: new=0, changed=0, moved=0, deleted=0
		Scan Filter Count: 1
	InvokePackagesCallback: 6.619ms
	ApplyChangesToAssetFolders: 0.186ms
	Scan: 517.957ms
	Collect global state as custom dependencies: 8.599ms
	CategorizeScriptCompilationAssets: 20.112ms
	ProcessAssetsWithTransientArtifactChanges: 43.408ms
	CategorizeAssets: 36.230ms
	CompileScripts: 642.770ms
	ImportOutOfDateAssets: 2482.688ms (2455.635ms without children)
		UnloadImportedAssets: 0.517ms
		EnsureUptoDateAssetsAreRegisteredWithGuidPM: 0.424ms
		ImportSchedulerStart: 26.086ms
	PostProcessAllAssets: 65.264ms
		MonoPostProcessAllAssets: 65.246ms
			TerrainToolbarOverlayPostProcessor.OnPostprocessAllAssets 35.971ms
			UniversalRenderPipelineGlobalSettingsPostprocessor.OnPostprocessAllAssets 19.933ms
			SpeedTree9Postprocessor.OnPostprocessAllAssets 1.365ms
			WindowAssetPostprocessingWatcher.OnPostprocessAllAssets 0.953ms
			EditModeScopePostprocessor.OnPostprocessAllAssets 0.461ms
			RenderPipelineGlobalSettingsPostprocessor.OnPostprocessAllAssets 0.326ms
			ShaderReflectionAssetPostProcessor.OnPostprocessAllAssets 0.300ms
			ReferencedClipsPostProcessor.OnPostprocessAllAssets 0.139ms
			AssetDatabaseCallbacks.OnPostprocessAllAssets 0.081ms
			AssetPostprocessorProxy.OnPostprocessAllAssets 0.071ms
			SyncVS.PostprocessSyncProject 0.060ms
	UnloadStreamsBegin: 0.978ms
	PersistCurrentRevisions: 0.087ms
	GenerateScriptTypeHashes: 0.987ms
	GenerateScriptTypeSerializationHashes: 2.155ms
	Untracked: 547.263ms

Application.AssetDatabase Initial Refresh End
Shader Hidden/ChartRasterizerHardware is not supported: GPU does not support conservative rasterization
Launching external process: /Applications/Unity/Hub/Editor/6000.5.6f1/Unity.app/Contents/Helpers/UnityShaderCompiler
Launched and connected shader compiler UnityShaderCompiler after 0.02 seconds
Shader Hidden/ChartRasterizerHardware is not supported: GPU does not support conservative rasterization
Scanning for USB devices : 0.188ms
Initializing Unity extensions:
[MODES] ModeService[none].Initialize
[MODES] ModeService[none].LoadModes
[MODES] Loading mode Default (0) for mode-current-id-voxel
2026-08-13 09:52:52.182 Unity[34979:1441764] NSEventModifierFlagFunction specified to -setKeyEquivalentModifierMask: for item <NSMenuItem: 0x600003e09110 SDF, ke='Command-F12'>, but is only supported for system-provided menu items; will not be used
Unloading 52 Unused Serialized files (Serialized files now loaded: 0)
Unloading 7069 unused Assets / (6.4 MB). Loaded Objects now: 7872.
Memory consumption went from 263.0 MB to 256.6 MB.
Total: 9.235583 ms (FindLiveObjects: 0.299916 ms CreateObjectMapping: 1.300709 ms MarkObjects: 4.958833 ms  DeleteObjects: 2.675750 ms)

[Project] Loading completed in 5.756 seconds
	Project init time: 				5.544 seconds
		Template init time: 		0.000 seconds
		Package Manager init time: 		0.270 seconds
		Asset Database init time: 		0.172 seconds
		Global illumination init time: 	0.000 seconds
		Assemblies load time: 			0.439 seconds
		Unity extensions init time: 	0.023 seconds
		Asset Database refresh time: 	4.374 seconds
	Scene opening time: 			0.149 seconds
##utp:{"type":"ProjectInfo","version":2,"phase":"Immediate","time":1786650772244,"processId":34979,"projectLoad":5.755669416000001,"projectInit":5.544110875,"templateInit":0.0,"packageManagerInit":0.270220542,"assetDatabaseInit":0.172474667,"globalIlluminationInit":0.0004915,"assembliesLoad":0.43852825,"unityExtensionsInit":0.023168292,"assetDatabaseRefresh":4.374130625,"sceneOpening":0.148929}
##utp:{"type":"EditorInfo","version":2,"phase":"Immediate","time":1786650772244,"processId":34979,"editorVersion":"6000.5.6f1 (0e0577a1a2ac)","branch":"6000.5/staging","buildType":"Release","platform":"OSX"}
Subscribe to USB device events
Scanning for USB devices : 0.160ms
[Licensing::Client] Successfully resolved entitlement details
Running tests for ExecutionSettings with details:
targetPlatform = 
playerHeartbeatTimeout = 600
filters[0] = 
   Filter with settings:
   testMode = PlayMode
   targetPlatform = 
   testNames = null
   groupNames = VoxelEngine.Tests.PlayMode.ShowcasePerformanceTests.FullShowcaseConvergesWithinTenSecondsWithoutLaterStalls
   categoryNames = null
   assemblyNames = null
ignoreTests = {}
featureFlags = null

UnityEngine.Debug:ExtractStackTraceNoAlloc (byte*,int,string)
UnityEngine.StackTraceUtility:ExtractStackTrace () (at /Users/bokken/build/output/unity/unity/Runtime/Export/Scripting/StackTrace.cs:35)
UnityEngine.DebugLogHandler:Internal_Log (UnityEngine.LogType,UnityEngine.LogOption,string,UnityEngine.Object)
UnityEngine.DebugLogHandler:LogFormat (UnityEngine.LogType,UnityEngine.Object,string,object[])
UnityEngine.Logger:Log (UnityEngine.LogType,object)
UnityEngine.Debug:Log (object)
UnityEditor.TestTools.TestRunner.CommandLineTest.Executer:InitializeAndExecuteRun (string[]) (at ./Library/PackageCache/com.unity.test-framework@1405238725ab/UnityEditor.TestRunner/CommandLineTest/Executer.cs:53)
UnityEditor.TestTools.TestRunner.CommandLineTest.TestStarter:InitializeAndExecuteRun () (at ./Library/PackageCache/com.unity.test-framework@1405238725ab/UnityEditor.TestRunner/CommandLineTest/TestStarter.cs:64)
UnityEditor.EditorApplication:Internal_CallUpdateFunctions () (at /Users/bokken/build/output/unity/unity/Editor/Mono/EditorApplication.cs:403)

(Filename: ./Library/PackageCache/com.unity.test-framework@1405238725ab/UnityEditor.TestRunner/CommandLineTest/Executer.cs Line: 53)

Start Indexing on Editor startup
[Indexing] Starting Initial Indexing for Assets
[UnityConnectServicesConfig] config is NOT valid, switching to default
Created GICache directory at /Users/jlashmet/Library/Caches/com.unity3d.UnityEditor/GiCache. Took: 0.001s, timestamps: [5.757 - 5.758]
[Licensing::Client] Successfully resolved entitlement details
Unloading 3 Unused Serialized files (Serialized files now loaded: 0)
Unloading 1 unused Assets / (60.1 KB). Loaded Objects now: 7892.
Memory consumption went from 241.3 MB to 241.2 MB.
Total: 6.306000 ms (FindLiveObjects: 0.145250 ms CreateObjectMapping: 0.487667 ms MarkObjects: 5.656375 ms  DeleteObjects: 0.016375 ms)

Worker ready: AssetImportWorkerHW0 0
Importing 'GUID: 6f0804aaab6304557bd8979598cf783a - Path: Assets/InitTestScene4aed8cf6-30d2-4190-b311-897f5aac255b.unity' with importer (DefaultImporter)
Imported 'GUID: 6f0804aaab6304557bd8979598cf783a' -> (Import Result ID: 'e403da09f9e806b6e6d5bf3c43273ea4') in 0.007 seconds [static dependencies only]. Details - ImportResultOutputID=a40ebc89f1adcc272b4943f79a6b563f DependenciesID=d9ba84b42887cf33a44926de28f8b5c1 StaticDependenciesID=eb880fe6aad087d171bfe98046ddcfe6 
Asset Pipeline Refresh (id=cdfe6b0b4d7f54114aa20a3e38984cbd): Total: 0.147 seconds - Initiated by StopAssetImportingV2(NoUpdateAssetOptions)
Executing IPrebuildSetup for: Unity.PerformanceTesting.Editor.TestRunBuilder.
UnityEngine.Debug:ExtractStackTraceNoAlloc (byte*,int,string)
UnityEngine.StackTraceUtility:ExtractStackTrace () (at /Users/bokken/build/output/unity/unity/Runtime/Export/Scripting/StackTrace.cs:35)
UnityEngine.DebugLogHandler:Internal_Log (UnityEngine.LogType,UnityEngine.LogOption,string,UnityEngine.Object)
UnityEngine.DebugLogHandler:LogFormat (UnityEngine.LogType,UnityEngine.Object,string,object[])
UnityEngine.Logger:Log (UnityEngine.LogType,object)
UnityEngine.Debug:Log (object)
UnityEditor.TestTools.TestRunner.TestRun.Tasks.BuildActionTaskBase`1/<ExecuteMethods>d__8<UnityEngine.TestTools.IPrebuildSetup>:MoveNext () (at ./Library/PackageCache/com.unity.test-framework@1405238725ab/UnityEditor.TestRunner/TestRun/Tasks/BuildActionTaskBase.cs:48)
UnityEditor.TestTools.TestRunner.TestRun.Tasks.BuildActionTaskBase`1/<Execute>d__7<UnityEngine.TestTools.IPrebuildSetup>:MoveNext () (at ./Library/PackageCache/com.unity.test-framework@1405238725ab/UnityEditor.TestRunner/TestRun/Tasks/BuildActionTaskBase.cs:34)
UnityEditor.TestTools.TestRunner.TestRun.TestJobRunner:ExecuteStep () (at ./Library/PackageCache/com.unity.test-framework@1405238725ab/UnityEditor.TestRunner/TestRun/TestJobRunner.cs:194)
UnityEditor.TestTools.TestRunner.TestRun.TestJobRunner:ExecuteCallback () (at ./Library/PackageCache/com.unity.test-framework@1405238725ab/UnityEditor.TestRunner/TestRun/TestJobRunner.cs:129)
UnityEditor.EditorApplication:Internal_CallUpdateFunctions () (at /Users/bokken/build/output/unity/unity/Editor/Mono/EditorApplication.cs:403)

(Filename: ./Library/PackageCache/com.unity.test-framework@1405238725ab/UnityEditor.TestRunner/TestRun/Tasks/BuildActionTaskBase.cs Line: 48)

Thread 0x3b12c7000 may have been prematurely finalized
Reloading assemblies for play mode.
Reloading assemblies after forced synchronous recompile.
Begin MonoManager ReloadAssembly
2026-08-13 09:52:53.390 Unity[34979:1441764] NSEventModifierFlagFunction specified to -setKeyEquivalentModifierMask: for item <NSMenuItem: 0x600003ef8fc0 SDF, ke='Command-F12'>, but is only supported for system-provided menu items; will not be used
2026-08-13 09:52:53.391 Unity[34979:1441764] NSEventModifierFlagFunction specified to -setKeyEquivalentModifierMask: for item <NSMenuItem: 0x600003e05180 SDF, ke='Command-F12'>, but is only supported for system-provided menu items; will not be used
Symbol file LoadedFromMemory is not a mono symbol file
Refreshing native plugins compatible for Editor in 2.27 ms, found 2 plugins.
Native extension for OSXStandalone target not found
Native extension for WebGL target not found
ScheduleIndexationOnStartup MainProcess:True IndexOnStartup:True
Mono: successfully reloaded assembly
- Finished resetting the current domain, in  0.888 seconds
Domain Reload Profiling: 2656ms
	BeginReloadAssembly (1633ms)
		DisableScriptedObjects (10ms)
		CreateAndSetChildDomain (1569ms)
	RebuildCommonClasses (5ms)
	RebuildNativeTypeToScriptingClass (9ms)
	initialDomainReloadingComplete (28ms)
	LoadAllAssembliesAndSetupDomain (93ms)
		LoadAssemblies (46ms)
		AnalyzeDomain (19ms)
			TypeCache.Refresh (4ms)
			ResolveRequiredComponents (12ms)
	FinalizeReload (888ms)
		SetupLoadedEditorAssemblies (0ms)
			BeforeProcessingInitializeOnLoad (39ms)
			ProcessInitializeOnLoadAttributes (559ms)
			ProcessInitializeOnLoadMethodAttributes (107ms)
		AwakeInstancesAfterBackupRestoration (20ms)
No restricted APIs configured; Validation skipped.
Checking 23 assemblies for restricted APIs found 0 usage(s) in 1 ms
Refreshing native plugins compatible for Editor in 2.12 ms, found 2 plugins.

Asset Pipeline Refresh (id=e88f89453f6fa4084936bfe0d41d9ab1): Total: 3.230 seconds - Initiated by StopAssetImportingV2(ForceSynchronousImport | ForceDomainReload)
	(Values over 0.05ms)
	Summary:
		Imports: total=0 (actual=0, local cache=0, cache server=0)
		Asset DB Process Time: managed=0 ms, native=1069 ms
		Asset DB Callback time: managed=254 ms, native=123 ms
		Scripting: domain reloads=1, domain reload time=1781 ms, compile time=1 ms, other=0 ms
		Project Asset Count: scripts=1724, non-scripts=2519
		Asset File Changes: new=0, changed=0, moved=0, deleted=0
		Scan Filter Count: 0
	InvokePackagesCallback: 0.557ms
	ApplyChangesToAssetFolders: 0.156ms
	Collect global state as custom dependencies: 1.027ms
	ProcessAssetsWithTransientArtifactChanges: 87.135ms
	CategorizeAssets: 40.481ms
	CompileScripts: 0.514ms
	ImportOutOfDateAssets: 922.471ms (899.522ms without children)
		CollectScriptTypesHashes: 1.046ms
		ReloadNativeAssets: 0.594ms
		UnloadImportedAssets: 0.090ms
		EnsureUptoDateAssetsAreRegisteredWithGuidPM: 0.395ms
		ImportSchedulerStart: 21.858ms
	PostProcessAllAssets: 371.508ms
		PostProcessCallbackCreateDeferredMaterials 24.492ms
		AssemblyValidation.PostprocessAllAssets 14.062ms
		ShaderAssetModifiedCallback 10.629ms
		RaytracingShaderImportPostprocess 6.831ms
		SpeedTreeImporter.PostprocessAllAssets 6.540ms
		ComputeShaderImportPostprocess 5.767ms
		LocalizationDatabase.AssetDatabasePostprocessCallback 2.589ms
		BlockShaderImporter.PostprocessAllAssets 2.555ms
		XRBuildSystem.XRAssetImported 0.323ms
		MonoPostProcessAllAssets: 254.550ms
			ShaderGraphAssetPostProcessor.OnPostprocessAllAssets 102.613ms
			PostProcessor.OnPostprocessAllAssets 26.445ms
			AssetPostprocessor.OnPostprocessAllAssets 19.243ms
			MaterialPostprocessor.OnPostprocessAllAssets 18.983ms
			TextAssetPostProcessor.OnPostprocessAllAssets 13.884ms
			SpriteSlicePostprocessor.OnPostprocessAllAssets 12.499ms
			StyleCatalogPostProcessor.OnPostprocessAllAssets 8.799ms
			AssetChangedListener.OnPostprocessAllAssets 7.672ms
			UniversalRenderPipelineGlobalSettingsPostprocessor.OnPostprocessAllAssets 4.891ms
			BuilderAssetPostprocessor.OnPostprocessAllAssets 3.558ms
			RenderPipelineGlobalSettingsPostprocessor.OnPostprocessAllAssets 2.449ms
			SpeedTree9Postprocessor.OnPostprocessAllAssets 1.971ms
			RetainedModeAssetPostprocessor.OnPostprocessAllAssets 0.948ms
			WindowAssetPostprocessingWatcher.OnPostprocessAllAssets 0.797ms
			SpriteEditorTexturePostprocessor.OnPostprocessAllAssets 0.316ms
			ShaderReflectionAssetPostProcessor.OnPostprocessAllAssets 0.221ms
			ArtifactBrowserPostProcessor.OnPostprocessAllAssets 0.220ms
			SpeedTreePostProcessor.OnPostprocessAllAssets 0.196ms
			TMPro_TexturePostProcessor.OnPostprocessAllAssets 0.151ms
			SampleDependencyImporterPostProcessor.OnPostprocessAllAssets 0.150ms
			UVCSAssetPostprocessor.OnPostprocessAllAssets 0.148ms
			AudioMixerPostprocessor.OnPostprocessAllAssets 0.138ms
			AssetEvents.OnPostprocessAllAssets 0.133ms
			EditModeScopePostprocessor.OnPostprocessAllAssets 0.123ms
			ReferencedClipsPostProcessor.OnPostprocessAllAssets 0.121ms
			TerrainToolbarOverlayPostProcessor.OnPostprocessAllAssets 0.089ms
			AssetPostprocessorProxy.OnPostprocessAllAssets 0.068ms
			SamplePostprocessor.OnPostprocessAllAssets 0.061ms
			SyncVS.PostprocessSyncProject 0.060ms
			AssetDatabaseCallbacks.OnPostprocessAllAssets 0.056ms
	PostAssetChangesProfiler: 6.698ms
	GatherAllCurrentPrimaryImportResultRevisions: 0.071ms
	UnloadStreamsBegin: 0.082ms
	PersistCurrentRevisions: 0.087ms
	GenerateScriptTypeHashes: 2.081ms
	GenerateScriptTypeSerializationHashes: 3.596ms
	Untracked: 1796.346ms

Loaded scene 'Temp/__Backupscenes/0.backup'
	Deserialize:            0.439 ms
	Integration:            204.275 ms
	Integration of assets:  0.001 ms
	Thread Wait Time:       0.007 ms
	Total Operation Time:   204.722 ms
[MODES] ModeService[none].Initialize
[MODES] ModeService[none].LoadModes
[Licensing::Client] Successfully resolved entitlement details
[Licensing::Client] Successfully resolved entitlement details
<b><color=#2EA3FF>MCP-FOR-UNITY</color></b>: [TestRunnerNoThrottle] Applied No Throttling for test run.
UnityEngine.Debug:ExtractStackTraceNoAlloc (byte*,int,string)
UnityEngine.StackTraceUtility:ExtractStackTrace () (at /Users/bokken/build/output/unity/unity/Runtime/Export/Scripting/StackTrace.cs:35)
UnityEngine.DebugLogHandler:Internal_Log (UnityEngine.LogType,UnityEngine.LogOption,string,UnityEngine.Object)
UnityEngine.DebugLogHandler:LogFormat (UnityEngine.LogType,UnityEngine.Object,string,object[])
UnityEngine.Logger:Log (UnityEngine.LogType,object)
UnityEngine.Debug:Log (object)
MCPForUnity.Editor.Helpers.McpLog:Info (string,bool) (at ./Library/PackageCache/com.coplaydev.unity-mcp@8bd91ce7bd3a/Editor/Helpers/McpLog.cs:40)
MCPForUnity.Editor.Services.TestRunnerNoThrottle:ApplyNoThrottling () (at ./Library/PackageCache/com.coplaydev.unity-mcp@8bd91ce7bd3a/Editor/Services/TestRunnerNoThrottle.cs:101)
MCPForUnity.Editor.Services.TestRunnerNoThrottle/TestCallbacks:RunStarted (UnityEditor.TestTools.TestRunner.Api.ITestAdaptor) (at ./Library/PackageCache/com.coplaydev.unity-mcp@8bd91ce7bd3a/Editor/Services/TestRunnerNoThrottle.cs:138)
UnityEditor.TestTools.TestRunner.Api.CallbacksDelegator/<>c__DisplayClass7_0:<RunStarted>b__0 (UnityEditor.TestTools.TestRunner.Api.ICallbacks) (at ./Library/PackageCache/com.unity.test-framework@1405238725ab/UnityEditor.TestRunner/Api/CallbacksDelegator.cs:42)
UnityEditor.TestTools.TestRunner.Api.CallbacksDelegator:TryInvokeAllCallbacks (System.Action`1<UnityEditor.TestTools.TestRunner.Api.ICallbacks>) (at ./Library/PackageCache/com.unity.test-framework@1405238725ab/UnityEditor.TestRunner/Api/CallbacksDelegator.cs:135)
UnityEditor.TestTools.TestRunner.Api.CallbacksDelegator:RunStarted (NUnit.Framework.Interfaces.ITest) (at ./Library/PackageCache/com.unity.test-framework@1405238725ab/UnityEditor.TestRunner/Api/CallbacksDelegator.cs:42)
UnityEngine.Events.InvokableCall`1<NUnit.Framework.Interfaces.ITest>:Invoke (NUnit.Framework.Interfaces.ITest) (at /Users/bokken/build/output/unity/unity/Runtime/Export/UnityEvent/UnityEvent.cs:222)
UnityEngine.Events.UnityEvent`1<NUnit.Framework.Interfaces.ITest>:Invoke (NUnit.Framework.Interfaces.ITest) (at /Users/bokken/build/output/unity/unity/artifacts/generated/UnityEvent/UnityEvent_1.cs:59)
UnityEngine.Events.InvokableCall`1<NUnit.Framework.Interfaces.ITest>:Invoke (NUnit.Framework.Interfaces.ITest) (at /Users/bokken/build/output/unity/unity/Runtime/Export/UnityEvent/UnityEvent.cs:222)
UnityEngine.Events.UnityEvent`1<NUnit.Framework.Interfaces.ITest>:Invoke (NUnit.Framework.Interfaces.ITest) (at /Users/bokken/build/output/unity/unity/artifacts/generated/UnityEvent/UnityEvent_1.cs:59)
UnityEngine.TestTools.TestRunner.PlaymodeTestsController/<Run>d__25:MoveNext () (at ./Library/PackageCache/com.unity.test-framework@1405238725ab/UnityEngine.TestRunner/TestRunner/PlaymodeTestsController.cs:140)
UnityEngine.SetupCoroutine:InvokeMoveNext (System.Collections.IEnumerator,intptr) (at /Users/bokken/build/output/unity/unity/Runtime/Export/Scripting/Coroutines.cs:17)

(Filename: ./Library/PackageCache/com.coplaydev.unity-mcp@8bd91ce7bd3a/Editor/Helpers/McpLog.cs Line: 40)

Unloading 2 Unused Serialized files (Serialized files now loaded: 0)
UnloadTime: 0.297000 ms
Loaded scene 'Assets/Scenes/VoxelShowcase.unity'
	Deserialize:            0.586 ms
	Integration:            332.038 ms
	Integration of assets:  0.001 ms
	Thread Wait Time:       0.008 ms
	Total Operation Time:   332.633 ms
Unloading 6191 unused Assets / (2.7 MB). Loaded Objects now: 7950.
Memory consumption went from 0.79 GB to 0.79 GB.
Total: 8.674750 ms (FindLiveObjects: 0.299042 ms CreateObjectMapping: 1.204625 ms MarkObjects: 6.285458 ms  DeleteObjects: 0.885500 ms)

Procedural vegetation: worldgen published 30 semantic Showcase trees.
UnityEngine.Debug:ExtractStackTraceNoAlloc (byte*,int,string)
UnityEngine.StackTraceUtility:ExtractStackTrace () (at /Users/bokken/build/output/unity/unity/Runtime/Export/Scripting/StackTrace.cs:35)
UnityEngine.DebugLogHandler:Internal_Log (UnityEngine.LogType,UnityEngine.LogOption,string,UnityEngine.Object)
UnityEngine.DebugLogHandler:LogFormat (UnityEngine.LogType,UnityEngine.Object,string,object[])
UnityEngine.Logger:Log (UnityEngine.LogType,object)
UnityEngine.Debug:Log (object)
VoxelEngine.Showcase.ShowcaseTreePopulation:Update () (at Assets/Scenes/Showcase/ShowcaseTreePopulation.cs:55)

(Filename: Assets/Scenes/Showcase/ShowcaseTreePopulation.cs Line: 55)

<b><color=#2EA3FF>MCP-FOR-UNITY</color></b>: [TestRunnerNoThrottle] Restored Interaction Mode after test run.
UnityEngine.Debug:ExtractStackTraceNoAlloc (byte*,int,string)
UnityEngine.StackTraceUtility:ExtractStackTrace () (at /Users/bokken/build/output/unity/unity/Runtime/Export/Scripting/StackTrace.cs:35)
UnityEngine.DebugLogHandler:Internal_Log (UnityEngine.LogType,UnityEngine.LogOption,string,UnityEngine.Object)
UnityEngine.DebugLogHandler:LogFormat (UnityEngine.LogType,UnityEngine.Object,string,object[])
UnityEngine.Logger:Log (UnityEngine.LogType,object)
UnityEngine.Debug:Log (object)
MCPForUnity.Editor.Helpers.McpLog:Info (string,bool) (at ./Library/PackageCache/com.coplaydev.unity-mcp@8bd91ce7bd3a/Editor/Helpers/McpLog.cs:40)
MCPForUnity.Editor.Services.TestRunnerNoThrottle:RestoreThrottling () (at ./Library/PackageCache/com.coplaydev.unity-mcp@8bd91ce7bd3a/Editor/Services/TestRunnerNoThrottle.cs:114)
MCPForUnity.Editor.Services.TestRunnerNoThrottle/TestCallbacks:RunFinished (UnityEditor.TestTools.TestRunner.Api.ITestResultAdaptor) (at ./Library/PackageCache/com.coplaydev.unity-mcp@8bd91ce7bd3a/Editor/Services/TestRunnerNoThrottle.cs:143)
UnityEditor.TestTools.TestRunner.Api.CallbacksDelegator/<>c__DisplayClass9_0:<RunFinished>b__0 (UnityEditor.TestTools.TestRunner.Api.ICallbacks) (at ./Library/PackageCache/com.unity.test-framework@1405238725ab/UnityEditor.TestRunner/Api/CallbacksDelegator.cs:55)
UnityEditor.TestTools.TestRunner.Api.CallbacksDelegator:TryInvokeAllCallbacks (System.Action`1<UnityEditor.TestTools.TestRunner.Api.ICallbacks>) (at ./Library/PackageCache/com.unity.test-framework@1405238725ab/UnityEditor.TestRunner/Api/CallbacksDelegator.cs:135)
UnityEditor.TestTools.TestRunner.Api.CallbacksDelegator:RunFinished (NUnit.Framework.Interfaces.ITestResult) (at ./Library/PackageCache/com.unity.test-framework@1405238725ab/UnityEditor.TestRunner/Api/CallbacksDelegator.cs:55)
UnityEngine.Events.InvokableCall`1<NUnit.Framework.Interfaces.ITestResult>:Invoke (NUnit.Framework.Interfaces.ITestResult) (at /Users/bokken/build/output/unity/unity/Runtime/Export/UnityEvent/UnityEvent.cs:222)
UnityEngine.Events.UnityEvent`1<NUnit.Framework.Interfaces.ITestResult>:Invoke (NUnit.Framework.Interfaces.ITestResult) (at /Users/bokken/build/output/unity/unity/artifacts/generated/UnityEvent/UnityEvent_1.cs:59)
UnityEngine.Events.InvokableCall`1<NUnit.Framework.Interfaces.ITestResult>:Invoke (NUnit.Framework.Interfaces.ITestResult) (at /Users/bokken/build/output/unity/unity/Runtime/Export/UnityEvent/UnityEvent.cs:222)
UnityEngine.Events.UnityEvent`1<NUnit.Framework.Interfaces.ITestResult>:Invoke (NUnit.Framework.Interfaces.ITestResult) (at /Users/bokken/build/output/unity/unity/artifacts/generated/UnityEvent/UnityEvent_1.cs:59)
UnityEngine.TestTools.TestRunner.PlaymodeTestsController/<TestRunnerCoroutine>d__24:MoveNext () (at ./Library/PackageCache/com.unity.test-framework@1405238725ab/UnityEngine.TestRunner/TestRunner/PlaymodeTestsController.cs:110)
UnityEngine.SetupCoroutine:InvokeMoveNext (System.Collections.IEnumerator,intptr) (at /Users/bokken/build/output/unity/unity/Runtime/Export/Scripting/Coroutines.cs:17)

(Filename: ./Library/PackageCache/com.coplaydev.unity-mcp@8bd91ce7bd3a/Editor/Helpers/McpLog.cs Line: 40)

Saving results to: /Users/jlashmet/Library/Application Support/DefaultCompany/voxel/TestResults.xml
Saving results to: Artifacts/showcase-performance-empty-fast-path.xml
Thread 0x3582c7000 may have been prematurely finalized
Unloading 3 Unused Serialized files (Serialized files now loaded: 0)
Loaded scene 'Temp/__Backupscenes/0.backup'
	Deserialize:            0.277 ms
	Integration:            140.853 ms
	Integration of assets:  0.001 ms
	Thread Wait Time:       0.007 ms
	Total Operation Time:   141.138 ms
Unloading 10 unused Assets / (53.2 KB). Loaded Objects now: 8050.
Memory consumption went from 315.8 MB to 315.8 MB.
Total: 7.014792 ms (FindLiveObjects: 0.182542 ms CreateObjectMapping: 0.486375 ms MarkObjects: 6.230500 ms  DeleteObjects: 0.115041 ms)

Executing IPostBuildCleanup for: Unity.PerformanceTesting.Editor.TestRunBuilder.
UnityEngine.Debug:ExtractStackTraceNoAlloc (byte*,int,string)
UnityEngine.StackTraceUtility:ExtractStackTrace () (at /Users/bokken/build/output/unity/unity/Runtime/Export/Scripting/StackTrace.cs:35)
UnityEngine.DebugLogHandler:Internal_Log (UnityEngine.LogType,UnityEngine.LogOption,string,UnityEngine.Object)
UnityEngine.DebugLogHandler:LogFormat (UnityEngine.LogType,UnityEngine.Object,string,object[])
UnityEngine.Logger:Log (UnityEngine.LogType,object)
UnityEngine.Debug:Log (object)
UnityEditor.TestTools.TestRunner.TestRun.Tasks.BuildActionTaskBase`1/<ExecuteMethods>d__8<UnityEngine.TestTools.IPostBuildCleanup>:MoveNext () (at ./Library/PackageCache/com.unity.test-framework@1405238725ab/UnityEditor.TestRunner/TestRun/Tasks/BuildActionTaskBase.cs:48)
UnityEditor.TestTools.TestRunner.TestRun.Tasks.BuildActionTaskBase`1/<Execute>d__7<UnityEngine.TestTools.IPostBuildCleanup>:MoveNext () (at ./Library/PackageCache/com.unity.test-framework@1405238725ab/UnityEditor.TestRunner/TestRun/Tasks/BuildActionTaskBase.cs:34)
UnityEditor.TestTools.TestRunner.TestRun.TestJobRunner:ExecuteStep () (at ./Library/PackageCache/com.unity.test-framework@1405238725ab/UnityEditor.TestRunner/TestRun/TestJobRunner.cs:194)
UnityEditor.TestTools.TestRunner.TestRun.TestJobRunner:ExecuteCallback () (at ./Library/PackageCache/com.unity.test-framework@1405238725ab/UnityEditor.TestRunner/TestRun/TestJobRunner.cs:129)
UnityEditor.EditorApplication:Internal_CallUpdateFunctions () (at /Users/bokken/build/output/unity/unity/Editor/Mono/EditorApplication.cs:403)

(Filename: ./Library/PackageCache/com.unity.test-framework@1405238725ab/UnityEditor.TestRunner/TestRun/Tasks/BuildActionTaskBase.cs Line: 48)

Unloading 0 Unused Serialized files (Serialized files now loaded: 0)
Unloading 0 unused Assets / (0 B). Loaded Objects now: 8055.
Memory consumption went from 315.8 MB to 315.8 MB.
Total: 7.258084 ms (FindLiveObjects: 0.127083 ms CreateObjectMapping: 0.488250 ms MarkObjects: 6.636709 ms  DeleteObjects: 0.005750 ms)

Asset Pipeline Refresh (id=06c4bde8334394e0298455e55af419fa): Total: 0.054 seconds - Initiated by StopAssetImportingV2(NoUpdateAssetOptions)
DisplayProgressbar: Undo
Test run completed. Exiting with code 2 (Failed). One or more tests failed.
UnityEngine.Debug:ExtractStackTraceNoAlloc (byte*,int,string)
UnityEngine.StackTraceUtility:ExtractStackTrace () (at /Users/bokken/build/output/unity/unity/Runtime/Export/Scripting/StackTrace.cs:35)
UnityEngine.DebugLogHandler:Internal_Log (UnityEngine.LogType,UnityEngine.LogOption,string,UnityEngine.Object)
UnityEngine.DebugLogHandler:LogFormat (UnityEngine.LogType,UnityEngine.Object,string,object[])
UnityEngine.Logger:Log (UnityEngine.LogType,object)
UnityEngine.Debug:Log (object)
UnityEditor.TestTools.TestRunner.CommandLineTest.Executer:ExitApplication (UnityEditor.TestTools.TestRunner.CommandLineTest.Executer/ReturnCodes,string) (at ./Library/PackageCache/com.unity.test-framework@1405238725ab/UnityEditor.TestRunner/CommandLineTest/Executer.cs:81)
UnityEditor.TestTools.TestRunner.CommandLineTest.Executer:ExitIfRunIsCompleted () (at ./Library/PackageCache/com.unity.test-framework@1405238725ab/UnityEditor.TestRunner/CommandLineTest/Executer.cs:74)
UnityEditor.EditorApplication:Internal_CallUpdateFunctions () (at /Users/bokken/build/output/unity/unity/Editor/Mono/EditorApplication.cs:403)

(Filename: ./Library/PackageCache/com.unity.test-framework@1405238725ab/UnityEditor.TestRunner/CommandLineTest/Executer.cs Line: 81)

MonoPathRemapper: Attempts to remap: 61512; Successful remaps: 23548
Serialized file version minimum: 22, current 23
Importing 'GUID: 00000000000000004000000000000000 - Path: ProjectSettings/ProjectSettings.asset' with importer (LibraryAssetImporter)
Imported 'GUID: 00000000000000004000000000000000' -> (Import Result ID: '6e928d9cae2642ee15ec79fe60fbc8c6') in 0.003 seconds [static dependencies only]. Details - ImportResultOutputID=276a810dac73e1f29404d5e5f692e214 DependenciesID=df1568816d93627c223bf23646671930 StaticDependenciesID=5e23132501ad27b8309ad8613a2ed18a 
Refreshing native plugins compatible for Editor in 2.22 ms, found 2 plugins.
Asset Pipeline Refresh (id=139d64d12656f40e59b40431b8d93df0): Total: 0.043 seconds - Initiated by StopAssetImportingV2(NoUpdateAssetOptions)
Thread 0x3a0487000 may have been prematurely finalized
Shutting down MSBuild server...
Shutting down VB/C# compiler server...
VB/C# compiler server shut down successfully.
Input System module state changed to: ShutdownInProgress.
Input Polling Thread exited.
Input System module state changed to: Shutdown.
TreeBatch_1_1_LOD0: Destroy may not be called from edit mode! Use DestroyImmediate instead.
Destroying an object in edit mode destroys it permanently
UnityEngine.Debug:ExtractStackTraceNoAlloc (byte*,int,string)
UnityEngine.StackTraceUtility:ExtractStackTrace () (at /Users/bokken/build/output/unity/unity/Runtime/Export/Scripting/StackTrace.cs:35)
UnityEngine.Object:Destroy (UnityEngine.Object,single)
UnityEngine.Object:Destroy (UnityEngine.Object) (at /Users/bokken/build/output/unity/unity/Runtime/Export/Scripting/UnityEngineObject.bindings.cs:707)
VoxelEngine.Rendering.Vegetation.ProceduralTreeRenderer:DestroyBatchObjects (VoxelEngine.Rendering.Vegetation.ProceduralTreeRenderer/BatchPresentation) (at Assets/VoxelEngine/Rendering/Vegetation/ProceduralTreeRenderer.cs:852)
VoxelEngine.Rendering.Vegetation.ProceduralTreeRenderer:ClearBatches () (at Assets/VoxelEngine/Rendering/Vegetation/ProceduralTreeRenderer.cs:864)
VoxelEngine.Rendering.Vegetation.ProceduralTreeRenderer:ClearGenerated () (at Assets/VoxelEngine/Rendering/Vegetation/ProceduralTreeRenderer.cs:878)
VoxelEngine.Rendering.Vegetation.ProceduralTreeRenderer:OnDestroy () (at Assets/VoxelEngine/Rendering/Vegetation/ProceduralTreeRenderer.cs:887)
UnityEditor.TestTools.TestRunner.CommandLineTest.Executer:ExitApplication (UnityEditor.TestTools.TestRunner.CommandLineTest.Executer/ReturnCodes,string) (at ./Library/PackageCache/com.unity.test-framework@1405238725ab/UnityEditor.TestRunner/CommandLineTest/Executer.cs:83)
UnityEditor.TestTools.TestRunner.CommandLineTest.Executer:ExitIfRunIsCompleted () (at ./Library/PackageCache/com.unity.test-framework@1405238725ab/UnityEditor.TestRunner/CommandLineTest/Executer.cs:74)
UnityEditor.EditorApplication:Internal_CallUpdateFunctions () (at /Users/bokken/build/output/unity/unity/Editor/Mono/EditorApplication.cs:403)

[Assets/VoxelEngine/Rendering/Vegetation/ProceduralTreeRenderer.cs line 852]

TreeBatch_1_1_LOD1: Destroy may not be called from edit mode! Use DestroyImmediate instead.
Destroying an object in edit mode destroys it permanently
UnityEngine.Debug:ExtractStackTraceNoAlloc (byte*,int,string)
UnityEngine.StackTraceUtility:ExtractStackTrace () (at /Users/bokken/build/output/unity/unity/Runtime/Export/Scripting/StackTrace.cs:35)
UnityEngine.Object:Destroy (UnityEngine.Object,single)
UnityEngine.Object:Destroy (UnityEngine.Object) (at /Users/bokken/build/output/unity/unity/Runtime/Export/Scripting/UnityEngineObject.bindings.cs:707)
VoxelEngine.Rendering.Vegetation.ProceduralTreeRenderer:DestroyBatchObjects (VoxelEngine.Rendering.Vegetation.ProceduralTreeRenderer/BatchPresentation) (at Assets/VoxelEngine/Rendering/Vegetation/ProceduralTreeRenderer.cs:852)
VoxelEngine.Rendering.Vegetation.ProceduralTreeRenderer:ClearBatches () (at Assets/VoxelEngine/Rendering/Vegetation/ProceduralTreeRenderer.cs:864)
VoxelEngine.Rendering.Vegetation.ProceduralTreeRenderer:ClearGenerated () (at Assets/VoxelEngine/Rendering/Vegetation/ProceduralTreeRenderer.cs:878)
VoxelEngine.Rendering.Vegetation.ProceduralTreeRenderer:OnDestroy () (at Assets/VoxelEngine/Rendering/Vegetation/ProceduralTreeRenderer.cs:887)
UnityEditor.TestTools.TestRunner.CommandLineTest.Executer:ExitApplication (UnityEditor.TestTools.TestRunner.CommandLineTest.Executer/ReturnCodes,string) (at ./Library/PackageCache/com.unity.test-framework@1405238725ab/UnityEditor.TestRunner/CommandLineTest/Executer.cs:83)
UnityEditor.TestTools.TestRunner.CommandLineTest.Executer:ExitIfRunIsCompleted () (at ./Library/PackageCache/com.unity.test-framework@1405238725ab/UnityEditor.TestRunner/CommandLineTest/Executer.cs:74)
UnityEditor.EditorApplication:Internal_CallUpdateFunctions () (at /Users/bokken/build/output/unity/unity/Editor/Mono/EditorApplication.cs:403)

[Assets/VoxelEngine/Rendering/Vegetation/ProceduralTreeRenderer.cs line 852]

TreeBatch_1_1_LOD2: Destroy may not be called from edit mode! Use DestroyImmediate instead.
Destroying an object in edit mode destroys it permanently
UnityEngine.Debug:ExtractStackTraceNoAlloc (byte*,int,string)
UnityEngine.StackTraceUtility:ExtractStackTrace () (at /Users/bokken/build/output/unity/unity/Runtime/Export/Scripting/StackTrace.cs:35)
UnityEngine.Object:Destroy (UnityEngine.Object,single)
UnityEngine.Object:Destroy (UnityEngine.Object) (at /Users/bokken/build/output/unity/unity/Runtime/Export/Scripting/UnityEngineObject.bindings.cs:707)
VoxelEngine.Rendering.Vegetation.ProceduralTreeRenderer:DestroyBatchObjects (VoxelEngine.Rendering.Vegetation.ProceduralTreeRenderer/BatchPresentation) (at Assets/VoxelEngine/Rendering/Vegetation/ProceduralTreeRenderer.cs:852)
VoxelEngine.Rendering.Vegetation.ProceduralTreeRenderer:ClearBatches () (at Assets/VoxelEngine/Rendering/Vegetation/ProceduralTreeRenderer.cs:864)
VoxelEngine.Rendering.Vegetation.ProceduralTreeRenderer:ClearGenerated () (at Assets/VoxelEngine/Rendering/Vegetation/ProceduralTreeRenderer.cs:878)
VoxelEngine.Rendering.Vegetation.ProceduralTreeRenderer:OnDestroy () (at Assets/VoxelEngine/Rendering/Vegetation/ProceduralTreeRenderer.cs:887)
UnityEditor.TestTools.TestRunner.CommandLineTest.Executer:ExitApplication (UnityEditor.TestTools.TestRunner.CommandLineTest.Executer/ReturnCodes,string) (at ./Library/PackageCache/com.unity.test-framework@1405238725ab/UnityEditor.TestRunner/CommandLineTest/Executer.cs:83)
UnityEditor.TestTools.TestRunner.CommandLineTest.Executer:ExitIfRunIsCompleted () (at ./Library/PackageCache/com.unity.test-framework@1405238725ab/UnityEditor.TestRunner/CommandLineTest/Executer.cs:74)
UnityEditor.EditorApplication:Internal_CallUpdateFunctions () (at /Users/bokken/build/output/unity/unity/Editor/Mono/EditorApplication.cs:403)

[Assets/VoxelEngine/Rendering/Vegetation/ProceduralTreeRenderer.cs line 852]

Tree Batch 1,1: Destroy may not be called from edit mode! Use DestroyImmediate instead.
Destroying an object in edit mode destroys it permanently
UnityEngine.Debug:ExtractStackTraceNoAlloc (byte*,int,string)
UnityEngine.StackTraceUtility:ExtractStackTrace () (at /Users/bokken/build/output/unity/unity/Runtime/Export/Scripting/StackTrace.cs:35)
UnityEngine.Object:Destroy (UnityEngine.Object,single)
UnityEngine.Object:Destroy (UnityEngine.Object) (at /Users/bokken/build/output/unity/unity/Runtime/Export/Scripting/UnityEngineObject.bindings.cs:707)
VoxelEngine.Rendering.Vegetation.ProceduralTreeRenderer:DestroyBatchObjects (VoxelEngine.Rendering.Vegetation.ProceduralTreeRenderer/BatchPresentation) (at Assets/VoxelEngine/Rendering/Vegetation/ProceduralTreeRenderer.cs:857)
VoxelEngine.Rendering.Vegetation.ProceduralTreeRenderer:ClearBatches () (at Assets/VoxelEngine/Rendering/Vegetation/ProceduralTreeRenderer.cs:864)
VoxelEngine.Rendering.Vegetation.ProceduralTreeRenderer:ClearGenerated () (at Assets/VoxelEngine/Rendering/Vegetation/ProceduralTreeRenderer.cs:878)
VoxelEngine.Rendering.Vegetation.ProceduralTreeRenderer:OnDestroy () (at Assets/VoxelEngine/Rendering/Vegetation/ProceduralTreeRenderer.cs:887)
UnityEditor.TestTools.TestRunner.CommandLineTest.Executer:ExitApplication (UnityEditor.TestTools.TestRunner.CommandLineTest.Executer/ReturnCodes,string) (at ./Library/PackageCache/com.unity.test-framework@1405238725ab/UnityEditor.TestRunner/CommandLineTest/Executer.cs:83)
UnityEditor.TestTools.TestRunner.CommandLineTest.Executer:ExitIfRunIsCompleted () (at ./Library/PackageCache/com.unity.test-framework@1405238725ab/UnityEditor.TestRunner/CommandLineTest/Executer.cs:74)
UnityEditor.EditorApplication:Internal_CallUpdateFunctions () (at /Users/bokken/build/output/unity/unity/Editor/Mono/EditorApplication.cs:403)

[Assets/VoxelEngine/Rendering/Vegetation/ProceduralTreeRenderer.cs line 857]

TreeBatch_-1_1_LOD0: Destroy may not be called from edit mode! Use DestroyImmediate instead.
Destroying an object in edit mode destroys it permanently
UnityEngine.Debug:ExtractStackTraceNoAlloc (byte*,int,string)
UnityEngine.StackTraceUtility:ExtractStackTrace () (at /Users/bokken/build/output/unity/unity/Runtime/Export/Scripting/StackTrace.cs:35)
UnityEngine.Object:Destroy (UnityEngine.Object,single)
UnityEngine.Object:Destroy (UnityEngine.Object) (at /Users/bokken/build/output/unity/unity/Runtime/Export/Scripting/UnityEngineObject.bindings.cs:707)
VoxelEngine.Rendering.Vegetation.ProceduralTreeRenderer:DestroyBatchObjects (VoxelEngine.Rendering.Vegetation.ProceduralTreeRenderer/BatchPresentation) (at Assets/VoxelEngine/Rendering/Vegetation/ProceduralTreeRenderer.cs:852)
VoxelEngine.Rendering.Vegetation.ProceduralTreeRenderer:ClearBatches () (at Assets/VoxelEngine/Rendering/Vegetation/ProceduralTreeRenderer.cs:864)
VoxelEngine.Rendering.Vegetation.ProceduralTreeRenderer:ClearGenerated () (at Assets/VoxelEngine/Rendering/Vegetation/ProceduralTreeRenderer.cs:878)
VoxelEngine.Rendering.Vegetation.ProceduralTreeRenderer:OnDestroy () (at Assets/VoxelEngine/Rendering/Vegetation/ProceduralTreeRenderer.cs:887)
UnityEditor.TestTools.TestRunner.CommandLineTest.Executer:ExitApplication (UnityEditor.TestTools.TestRunner.CommandLineTest.Executer/ReturnCodes,string) (at ./Library/PackageCache/com.unity.test-framework@1405238725ab/UnityEditor.TestRunner/CommandLineTest/Executer.cs:83)
UnityEditor.TestTools.TestRunner.CommandLineTest.Executer:ExitIfRunIsCompleted () (at ./Library/PackageCache/com.unity.test-framework@1405238725ab/UnityEditor.TestRunner/CommandLineTest/Executer.cs:74)
UnityEditor.EditorApplication:Internal_CallUpdateFunctions () (at /Users/bokken/build/output/unity/unity/Editor/Mono/EditorApplication.cs:403)

[Assets/VoxelEngine/Rendering/Vegetation/ProceduralTreeRenderer.cs line 852]

TreeBatch_-1_1_LOD1: Destroy may not be called from edit mode! Use DestroyImmediate instead.
Destroying an object in edit mode destroys it permanently
UnityEngine.Debug:ExtractStackTraceNoAlloc (byte*,int,string)
UnityEngine.StackTraceUtility:ExtractStackTrace () (at /Users/bokken/build/output/unity/unity/Runtime/Export/Scripting/StackTrace.cs:35)
UnityEngine.Object:Destroy (UnityEngine.Object,single)
UnityEngine.Object:Destroy (UnityEngine.Object) (at /Users/bokken/build/output/unity/unity/Runtime/Export/Scripting/UnityEngineObject.bindings.cs:707)
VoxelEngine.Rendering.Vegetation.ProceduralTreeRenderer:DestroyBatchObjects (VoxelEngine.Rendering.Vegetation.ProceduralTreeRenderer/BatchPresentation) (at Assets/VoxelEngine/Rendering/Vegetation/ProceduralTreeRenderer.cs:852)
VoxelEngine.Rendering.Vegetation.ProceduralTreeRenderer:ClearBatches () (at Assets/VoxelEngine/Rendering/Vegetation/ProceduralTreeRenderer.cs:864)
VoxelEngine.Rendering.Vegetation.ProceduralTreeRenderer:ClearGenerated () (at Assets/VoxelEngine/Rendering/Vegetation/ProceduralTreeRenderer.cs:878)
VoxelEngine.Rendering.Vegetation.ProceduralTreeRenderer:OnDestroy () (at Assets/VoxelEngine/Rendering/Vegetation/ProceduralTreeRenderer.cs:887)
UnityEditor.TestTools.TestRunner.CommandLineTest.Executer:ExitApplication (UnityEditor.TestTools.TestRunner.CommandLineTest.Executer/ReturnCodes,string) (at ./Library/PackageCache/com.unity.test-framework@1405238725ab/UnityEditor.TestRunner/CommandLineTest/Executer.cs:83)
UnityEditor.TestTools.TestRunner.CommandLineTest.Executer:ExitIfRunIsCompleted () (at ./Library/PackageCache/com.unity.test-framework@1405238725ab/UnityEditor.TestRunner/CommandLineTest/Executer.cs:74)
UnityEditor.EditorApplication:Internal_CallUpdateFunctions () (at /Users/bokken/build/output/unity/unity/Editor/Mono/EditorApplication.cs:403)

[Assets/VoxelEngine/Rendering/Vegetation/ProceduralTreeRenderer.cs line 852]

TreeBatch_-1_1_LOD2: Destroy may not be called from edit mode! Use DestroyImmediate instead.
Destroying an object in edit mode destroys it permanently
UnityEngine.Debug:ExtractStackTraceNoAlloc (byte*,int,string)
UnityEngine.StackTraceUtility:ExtractStackTrace () (at /Users/bokken/build/output/unity/unity/Runtime/Export/Scripting/StackTrace.cs:35)
UnityEngine.Object:Destroy (UnityEngine.Object,single)
UnityEngine.Object:Destroy (UnityEngine.Object) (at /Users/bokken/build/output/unity/unity/Runtime/Export/Scripting/UnityEngineObject.bindings.cs:707)
VoxelEngine.Rendering.Vegetation.ProceduralTreeRenderer:DestroyBatchObjects (VoxelEngine.Rendering.Vegetation.ProceduralTreeRenderer/BatchPresentation) (at Assets/VoxelEngine/Rendering/Vegetation/ProceduralTreeRenderer.cs:852)
VoxelEngine.Rendering.Vegetation.ProceduralTreeRenderer:ClearBatches () (at Assets/VoxelEngine/Rendering/Vegetation/ProceduralTreeRenderer.cs:864)
VoxelEngine.Rendering.Vegetation.ProceduralTreeRenderer:ClearGenerated () (at Assets/VoxelEngine/Rendering/Vegetation/ProceduralTreeRenderer.cs:878)
VoxelEngine.Rendering.Vegetation.ProceduralTreeRenderer:OnDestroy () (at Assets/VoxelEngine/Rendering/Vegetation/ProceduralTreeRenderer.cs:887)
UnityEditor.TestTools.TestRunner.CommandLineTest.Executer:ExitApplication (UnityEditor.TestTools.TestRunner.CommandLineTest.Executer/ReturnCodes,string) (at ./Library/PackageCache/com.unity.test-framework@1405238725ab/UnityEditor.TestRunner/CommandLineTest/Executer.cs:83)
UnityEditor.TestTools.TestRunner.CommandLineTest.Executer:ExitIfRunIsCompleted () (at ./Library/PackageCache/com.unity.test-framework@1405238725ab/UnityEditor.TestRunner/CommandLineTest/Executer.cs:74)
UnityEditor.EditorApplication:Internal_CallUpdateFunctions () (at /Users/bokken/build/output/unity/unity/Editor/Mono/EditorApplication.cs:403)

[Assets/VoxelEngine/Rendering/Vegetation/ProceduralTreeRenderer.cs line 852]

Tree Batch -1,1: Destroy may not be called from edit mode! Use DestroyImmediate instead.
Destroying an object in edit mode destroys it permanently
UnityEngine.Debug:ExtractStackTraceNoAlloc (byte*,int,string)
UnityEngine.StackTraceUtility:ExtractStackTrace () (at /Users/bokken/build/output/unity/unity/Runtime/Export/Scripting/StackTrace.cs:35)
UnityEngine.Object:Destroy (UnityEngine.Object,single)
UnityEngine.Object:Destroy (UnityEngine.Object) (at /Users/bokken/build/output/unity/unity/Runtime/Export/Scripting/UnityEngineObject.bindings.cs:707)
VoxelEngine.Rendering.Vegetation.ProceduralTreeRenderer:DestroyBatchObjects (VoxelEngine.Rendering.Vegetation.ProceduralTreeRenderer/BatchPresentation) (at Assets/VoxelEngine/Rendering/Vegetation/ProceduralTreeRenderer.cs:857)
VoxelEngine.Rendering.Vegetation.ProceduralTreeRenderer:ClearBatches () (at Assets/VoxelEngine/Rendering/Vegetation/ProceduralTreeRenderer.cs:864)
VoxelEngine.Rendering.Vegetation.ProceduralTreeRenderer:ClearGenerated () (at Assets/VoxelEngine/Rendering/Vegetation/ProceduralTreeRenderer.cs:878)
VoxelEngine.Rendering.Vegetation.ProceduralTreeRenderer:OnDestroy () (at Assets/VoxelEngine/Rendering/Vegetation/ProceduralTreeRenderer.cs:887)
UnityEditor.TestTools.TestRunner.CommandLineTest.Executer:ExitApplication (UnityEditor.TestTools.TestRunner.CommandLineTest.Executer/ReturnCodes,string) (at ./Library/PackageCache/com.unity.test-framework@1405238725ab/UnityEditor.TestRunner/CommandLineTest/Executer.cs:83)
UnityEditor.TestTools.TestRunner.CommandLineTest.Executer:ExitIfRunIsCompleted () (at ./Library/PackageCache/com.unity.test-framework@1405238725ab/UnityEditor.TestRunner/CommandLineTest/Executer.cs:74)
UnityEditor.EditorApplication:Internal_CallUpdateFunctions () (at /Users/bokken/build/output/unity/unity/Editor/Mono/EditorApplication.cs:403)

[Assets/VoxelEngine/Rendering/Vegetation/ProceduralTreeRenderer.cs line 857]

TreeBatch_1_2_LOD0: Destroy may not be called from edit mode! Use DestroyImmediate instead.
Destroying an object in edit mode destroys it permanently
UnityEngine.Debug:ExtractStackTraceNoAlloc (byte*,int,string)
UnityEngine.StackTraceUtility:ExtractStackTrace () (at /Users/bokken/build/output/unity/unity/Runtime/Export/Scripting/StackTrace.cs:35)
UnityEngine.Object:Destroy (UnityEngine.Object,single)
UnityEngine.Object:Destroy (UnityEngine.Object) (at /Users/bokken/build/output/unity/unity/Runtime/Export/Scripting/UnityEngineObject.bindings.cs:707)
VoxelEngine.Rendering.Vegetation.ProceduralTreeRenderer:DestroyBatchObjects (VoxelEngine.Rendering.Vegetation.ProceduralTreeRenderer/BatchPresentation) (at Assets/VoxelEngine/Rendering/Vegetation/ProceduralTreeRenderer.cs:852)
VoxelEngine.Rendering.Vegetation.ProceduralTreeRenderer:ClearBatches () (at Assets/VoxelEngine/Rendering/Vegetation/ProceduralTreeRenderer.cs:864)
VoxelEngine.Rendering.Vegetation.ProceduralTreeRenderer:ClearGenerated () (at Assets/VoxelEngine/Rendering/Vegetation/ProceduralTreeRenderer.cs:878)
VoxelEngine.Rendering.Vegetation.ProceduralTreeRenderer:OnDestroy () (at Assets/VoxelEngine/Rendering/Vegetation/ProceduralTreeRenderer.cs:887)
UnityEditor.TestTools.TestRunner.CommandLineTest.Executer:ExitApplication (UnityEditor.TestTools.TestRunner.CommandLineTest.Executer/ReturnCodes,string) (at ./Library/PackageCache/com.unity.test-framework@1405238725ab/UnityEditor.TestRunner/CommandLineTest/Executer.cs:83)
UnityEditor.TestTools.TestRunner.CommandLineTest.Executer:ExitIfRunIsCompleted () (at ./Library/PackageCache/com.unity.test-framework@1405238725ab/UnityEditor.TestRunner/CommandLineTest/Executer.cs:74)
UnityEditor.EditorApplication:Internal_CallUpdateFunctions () (at /Users/bokken/build/output/unity/unity/Editor/Mono/EditorApplication.cs:403)

[Assets/VoxelEngine/Rendering/Vegetation/ProceduralTreeRenderer.cs line 852]

TreeBatch_1_2_LOD1: Destroy may not be called from edit mode! Use DestroyImmediate instead.
Destroying an object in edit mode destroys it permanently
UnityEngine.Debug:ExtractStackTraceNoAlloc (byte*,int,string)
UnityEngine.StackTraceUtility:ExtractStackTrace () (at /Users/bokken/build/output/unity/unity/Runtime/Export/Scripting/StackTrace.cs:35)
UnityEngine.Object:Destroy (UnityEngine.Object,single)
UnityEngine.Object:Destroy (UnityEngine.Object) (at /Users/bokken/build/output/unity/unity/Runtime/Export/Scripting/UnityEngineObject.bindings.cs:707)
VoxelEngine.Rendering.Vegetation.ProceduralTreeRenderer:DestroyBatchObjects (VoxelEngine.Rendering.Vegetation.ProceduralTreeRenderer/BatchPresentation) (at Assets/VoxelEngine/Rendering/Vegetation/ProceduralTreeRenderer.cs:852)
VoxelEngine.Rendering.Vegetation.ProceduralTreeRenderer:ClearBatches () (at Assets/VoxelEngine/Rendering/Vegetation/ProceduralTreeRenderer.cs:864)
VoxelEngine.Rendering.Vegetation.ProceduralTreeRenderer:ClearGenerated () (at Assets/VoxelEngine/Rendering/Vegetation/ProceduralTreeRenderer.cs:878)
VoxelEngine.Rendering.Vegetation.ProceduralTreeRenderer:OnDestroy () (at Assets/VoxelEngine/Rendering/Vegetation/ProceduralTreeRenderer.cs:887)
UnityEditor.TestTools.TestRunner.CommandLineTest.Executer:ExitApplication (UnityEditor.TestTools.TestRunner.CommandLineTest.Executer/ReturnCodes,string) (at ./Library/PackageCache/com.unity.test-framework@1405238725ab/UnityEditor.TestRunner/CommandLineTest/Executer.cs:83)
UnityEditor.TestTools.TestRunner.CommandLineTest.Executer:ExitIfRunIsCompleted () (at ./Library/PackageCache/com.unity.test-framework@1405238725ab/UnityEditor.TestRunner/CommandLineTest/Executer.cs:74)
UnityEditor.EditorApplication:Internal_CallUpdateFunctions () (at /Users/bokken/build/output/unity/unity/Editor/Mono/EditorApplication.cs:403)

[Assets/VoxelEngine/Rendering/Vegetation/ProceduralTreeRenderer.cs line 852]

TreeBatch_1_2_LOD2: Destroy may not be called from edit mode! Use DestroyImmediate instead.
Destroying an object in edit mode destroys it permanently
UnityEngine.Debug:ExtractStackTraceNoAlloc (byte*,int,string)
UnityEngine.StackTraceUtility:ExtractStackTrace () (at /Users/bokken/build/output/unity/unity/Runtime/Export/Scripting/StackTrace.cs:35)
UnityEngine.Object:Destroy (UnityEngine.Object,single)
UnityEngine.Object:Destroy (UnityEngine.Object) (at /Users/bokken/build/output/unity/unity/Runtime/Export/Scripting/UnityEngineObject.bindings.cs:707)
VoxelEngine.Rendering.Vegetation.ProceduralTreeRenderer:DestroyBatchObjects (VoxelEngine.Rendering.Vegetation.ProceduralTreeRenderer/BatchPresentation) (at Assets/VoxelEngine/Rendering/Vegetation/ProceduralTreeRenderer.cs:852)
VoxelEngine.Rendering.Vegetation.ProceduralTreeRenderer:ClearBatches () (at Assets/VoxelEngine/Rendering/Vegetation/ProceduralTreeRenderer.cs:864)
VoxelEngine.Rendering.Vegetation.ProceduralTreeRenderer:ClearGenerated () (at Assets/VoxelEngine/Rendering/Vegetation/ProceduralTreeRenderer.cs:878)
VoxelEngine.Rendering.Vegetation.ProceduralTreeRenderer:OnDestroy () (at Assets/VoxelEngine/Rendering/Vegetation/ProceduralTreeRenderer.cs:887)
UnityEditor.TestTools.TestRunner.CommandLineTest.Executer:ExitApplication (UnityEditor.TestTools.TestRunner.CommandLineTest.Executer/ReturnCodes,string) (at ./Library/PackageCache/com.unity.test-framework@1405238725ab/UnityEditor.TestRunner/CommandLineTest/Executer.cs:83)
UnityEditor.TestTools.TestRunner.CommandLineTest.Executer:ExitIfRunIsCompleted () (at ./Library/PackageCache/com.unity.test-framework@1405238725ab/UnityEditor.TestRunner/CommandLineTest/Executer.cs:74)
UnityEditor.EditorApplication:Internal_CallUpdateFunctions () (at /Users/bokken/build/output/unity/unity/Editor/Mono/EditorApplication.cs:403)

[Assets/VoxelEngine/Rendering/Vegetation/ProceduralTreeRenderer.cs line 852]

Tree Batch 1,2: Destroy may not be called from edit mode! Use DestroyImmediate instead.
Destroying an object in edit mode destroys it permanently
UnityEngine.Debug:ExtractStackTraceNoAlloc (byte*,int,string)
UnityEngine.StackTraceUtility:ExtractStackTrace () (at /Users/bokken/build/output/unity/unity/Runtime/Export/Scripting/StackTrace.cs:35)
UnityEngine.Object:Destroy (UnityEngine.Object,single)
UnityEngine.Object:Destroy (UnityEngine.Object) (at /Users/bokken/build/output/unity/unity/Runtime/Export/Scripting/UnityEngineObject.bindings.cs:707)
VoxelEngine.Rendering.Vegetation.ProceduralTreeRenderer:DestroyBatchObjects (VoxelEngine.Rendering.Vegetation.ProceduralTreeRenderer/BatchPresentation) (at Assets/VoxelEngine/Rendering/Vegetation/ProceduralTreeRenderer.cs:857)
VoxelEngine.Rendering.Vegetation.ProceduralTreeRenderer:ClearBatches () (at Assets/VoxelEngine/Rendering/Vegetation/ProceduralTreeRenderer.cs:864)
VoxelEngine.Rendering.Vegetation.ProceduralTreeRenderer:ClearGenerated () (at Assets/VoxelEngine/Rendering/Vegetation/ProceduralTreeRenderer.cs:878)
VoxelEngine.Rendering.Vegetation.ProceduralTreeRenderer:OnDestroy () (at Assets/VoxelEngine/Rendering/Vegetation/ProceduralTreeRenderer.cs:887)
UnityEditor.TestTools.TestRunner.CommandLineTest.Executer:ExitApplication (UnityEditor.TestTools.TestRunner.CommandLineTest.Executer/ReturnCodes,string) (at ./Library/PackageCache/com.unity.test-framework@1405238725ab/UnityEditor.TestRunner/CommandLineTest/Executer.cs:83)
UnityEditor.TestTools.TestRunner.CommandLineTest.Executer:ExitIfRunIsCompleted () (at ./Library/PackageCache/com.unity.test-framework@1405238725ab/UnityEditor.TestRunner/CommandLineTest/Executer.cs:74)
UnityEditor.EditorApplication:Internal_CallUpdateFunctions () (at /Users/bokken/build/output/unity/unity/Editor/Mono/EditorApplication.cs:403)

[Assets/VoxelEngine/Rendering/Vegetation/ProceduralTreeRenderer.cs line 857]

TreeBatch_0_2_LOD0: Destroy may not be called from edit mode! Use DestroyImmediate instead.
Destroying an object in edit mode destroys it permanently
UnityEngine.Debug:ExtractStackTraceNoAlloc (byte*,int,string)
UnityEngine.StackTraceUtility:ExtractStackTrace () (at /Users/bokken/build/output/unity/unity/Runtime/Export/Scripting/StackTrace.cs:35)
UnityEngine.Object:Destroy (UnityEngine.Object,single)
UnityEngine.Object:Destroy (UnityEngine.Object) (at /Users/bokken/build/output/unity/unity/Runtime/Export/Scripting/UnityEngineObject.bindings.cs:707)
VoxelEngine.Rendering.Vegetation.ProceduralTreeRenderer:DestroyBatchObjects (VoxelEngine.Rendering.Vegetation.ProceduralTreeRenderer/BatchPresentation) (at Assets/VoxelEngine/Rendering/Vegetation/ProceduralTreeRenderer.cs:852)
VoxelEngine.Rendering.Vegetation.ProceduralTreeRenderer:ClearBatches () (at Assets/VoxelEngine/Rendering/Vegetation/ProceduralTreeRenderer.cs:864)
VoxelEngine.Rendering.Vegetation.ProceduralTreeRenderer:ClearGenerated () (at Assets/VoxelEngine/Rendering/Vegetation/ProceduralTreeRenderer.cs:878)
VoxelEngine.Rendering.Vegetation.ProceduralTreeRenderer:OnDestroy () (at Assets/VoxelEngine/Rendering/Vegetation/ProceduralTreeRenderer.cs:887)
UnityEditor.TestTools.TestRunner.CommandLineTest.Executer:ExitApplication (UnityEditor.TestTools.TestRunner.CommandLineTest.Executer/ReturnCodes,string) (at ./Library/PackageCache/com.unity.test-framework@1405238725ab/UnityEditor.TestRunner/CommandLineTest/Executer.cs:83)
UnityEditor.TestTools.TestRunner.CommandLineTest.Executer:ExitIfRunIsCompleted () (at ./Library/PackageCache/com.unity.test-framework@1405238725ab/UnityEditor.TestRunner/CommandLineTest/Executer.cs:74)
UnityEditor.EditorApplication:Internal_CallUpdateFunctions () (at /Users/bokken/build/output/unity/unity/Editor/Mono/EditorApplication.cs:403)

[Assets/VoxelEngine/Rendering/Vegetation/ProceduralTreeRenderer.cs line 852]

TreeBatch_0_2_LOD1: Destroy may not be called from edit mode! Use DestroyImmediate instead.
Destroying an object in edit mode destroys it permanently
UnityEngine.Debug:ExtractStackTraceNoAlloc (byte*,int,string)
UnityEngine.StackTraceUtility:ExtractStackTrace () (at /Users/bokken/build/output/unity/unity/Runtime/Export/Scripting/StackTrace.cs:35)
UnityEngine.Object:Destroy (UnityEngine.Object,single)
UnityEngine.Object:Destroy (UnityEngine.Object) (at /Users/bokken/build/output/unity/unity/Runtime/Export/Scripting/UnityEngineObject.bindings.cs:707)
VoxelEngine.Rendering.Vegetation.ProceduralTreeRenderer:DestroyBatchObjects (VoxelEngine.Rendering.Vegetation.ProceduralTreeRenderer/BatchPresentation) (at Assets/VoxelEngine/Rendering/Vegetation/ProceduralTreeRenderer.cs:852)
VoxelEngine.Rendering.Vegetation.ProceduralTreeRenderer:ClearBatches () (at Assets/VoxelEngine/Rendering/Vegetation/ProceduralTreeRenderer.cs:864)
VoxelEngine.Rendering.Vegetation.ProceduralTreeRenderer:ClearGenerated () (at Assets/VoxelEngine/Rendering/Vegetation/ProceduralTreeRenderer.cs:878)
VoxelEngine.Rendering.Vegetation.ProceduralTreeRenderer:OnDestroy () (at Assets/VoxelEngine/Rendering/Vegetation/ProceduralTreeRenderer.cs:887)
UnityEditor.TestTools.TestRunner.CommandLineTest.Executer:ExitApplication (UnityEditor.TestTools.TestRunner.CommandLineTest.Executer/ReturnCodes,string) (at ./Library/PackageCache/com.unity.test-framework@1405238725ab/UnityEditor.TestRunner/CommandLineTest/Executer.cs:83)
UnityEditor.TestTools.TestRunner.CommandLineTest.Executer:ExitIfRunIsCompleted () (at ./Library/PackageCache/com.unity.test-framework@1405238725ab/UnityEditor.TestRunner/CommandLineTest/Executer.cs:74)
UnityEditor.EditorApplication:Internal_CallUpdateFunctions () (at /Users/bokken/build/output/unity/unity/Editor/Mono/EditorApplication.cs:403)

[Assets/VoxelEngine/Rendering/Vegetation/ProceduralTreeRenderer.cs line 852]

TreeBatch_0_2_LOD2: Destroy may not be called from edit mode! Use DestroyImmediate instead.
Destroying an object in edit mode destroys it permanently
UnityEngine.Debug:ExtractStackTraceNoAlloc (byte*,int,string)
UnityEngine.StackTraceUtility:ExtractStackTrace () (at /Users/bokken/build/output/unity/unity/Runtime/Export/Scripting/StackTrace.cs:35)
UnityEngine.Object:Destroy (UnityEngine.Object,single)
UnityEngine.Object:Destroy (UnityEngine.Object) (at /Users/bokken/build/output/unity/unity/Runtime/Export/Scripting/UnityEngineObject.bindings.cs:707)
VoxelEngine.Rendering.Vegetation.ProceduralTreeRenderer:DestroyBatchObjects (VoxelEngine.Rendering.Vegetation.ProceduralTreeRenderer/BatchPresentation) (at Assets/VoxelEngine/Rendering/Vegetation/ProceduralTreeRenderer.cs:852)
VoxelEngine.Rendering.Vegetation.ProceduralTreeRenderer:ClearBatches () (at Assets/VoxelEngine/Rendering/Vegetation/ProceduralTreeRenderer.cs:864)
VoxelEngine.Rendering.Vegetation.ProceduralTreeRenderer:ClearGenerated () (at Assets/VoxelEngine/Rendering/Vegetation/ProceduralTreeRenderer.cs:878)
VoxelEngine.Rendering.Vegetation.ProceduralTreeRenderer:OnDestroy () (at Assets/VoxelEngine/Rendering/Vegetation/ProceduralTreeRenderer.cs:887)
UnityEditor.TestTools.TestRunner.CommandLineTest.Executer:ExitApplication (UnityEditor.TestTools.TestRunner.CommandLineTest.Executer/ReturnCodes,string) (at ./Library/PackageCache/com.unity.test-framework@1405238725ab/UnityEditor.TestRunner/CommandLineTest/Executer.cs:83)
UnityEditor.TestTools.TestRunner.CommandLineTest.Executer:ExitIfRunIsCompleted () (at ./Library/PackageCache/com.unity.test-framework@1405238725ab/UnityEditor.TestRunner/CommandLineTest/Executer.cs:74)
UnityEditor.EditorApplication:Internal_CallUpdateFunctions () (at /Users/bokken/build/output/unity/unity/Editor/Mono/EditorApplication.cs:403)

[Assets/VoxelEngine/Rendering/Vegetation/ProceduralTreeRenderer.cs line 852]

Tree Batch 0,2: Destroy may not be called from edit mode! Use DestroyImmediate instead.
Destroying an object in edit mode destroys it permanently
UnityEngine.Debug:ExtractStackTraceNoAlloc (byte*,int,string)
UnityEngine.StackTraceUtility:ExtractStackTrace () (at /Users/bokken/build/output/unity/unity/Runtime/Export/Scripting/StackTrace.cs:35)
UnityEngine.Object:Destroy (UnityEngine.Object,single)
UnityEngine.Object:Destroy (UnityEngine.Object) (at /Users/bokken/build/output/unity/unity/Runtime/Export/Scripting/UnityEngineObject.bindings.cs:707)
VoxelEngine.Rendering.Vegetation.ProceduralTreeRenderer:DestroyBatchObjects (VoxelEngine.Rendering.Vegetation.ProceduralTreeRenderer/BatchPresentation) (at Assets/VoxelEngine/Rendering/Vegetation/ProceduralTreeRenderer.cs:857)
VoxelEngine.Rendering.Vegetation.ProceduralTreeRenderer:ClearBatches () (at Assets/VoxelEngine/Rendering/Vegetation/ProceduralTreeRenderer.cs:864)
VoxelEngine.Rendering.Vegetation.ProceduralTreeRenderer:ClearGenerated () (at Assets/VoxelEngine/Rendering/Vegetation/ProceduralTreeRenderer.cs:878)
VoxelEngine.Rendering.Vegetation.ProceduralTreeRenderer:OnDestroy () (at Assets/VoxelEngine/Rendering/Vegetation/ProceduralTreeRenderer.cs:887)
UnityEditor.TestTools.TestRunner.CommandLineTest.Executer:ExitApplication (UnityEditor.TestTools.TestRunner.CommandLineTest.Executer/ReturnCodes,string) (at ./Library/PackageCache/com.unity.test-framework@1405238725ab/UnityEditor.TestRunner/CommandLineTest/Executer.cs:83)
UnityEditor.TestTools.TestRunner.CommandLineTest.Executer:ExitIfRunIsCompleted () (at ./Library/PackageCache/com.unity.test-framework@1405238725ab/UnityEditor.TestRunner/CommandLineTest/Executer.cs:74)
UnityEditor.EditorApplication:Internal_CallUpdateFunctions () (at /Users/bokken/build/output/unity/unity/Editor/Mono/EditorApplication.cs:403)

[Assets/VoxelEngine/Rendering/Vegetation/ProceduralTreeRenderer.cs line 857]

TreeBatch_-1_0_LOD0: Destroy may not be called from edit mode! Use DestroyImmediate instead.
Destroying an object in edit mode destroys it permanently
UnityEngine.Debug:ExtractStackTraceNoAlloc (byte*,int,string)
UnityEngine.StackTraceUtility:ExtractStackTrace () (at /Users/bokken/build/output/unity/unity/Runtime/Export/Scripting/StackTrace.cs:35)
UnityEngine.Object:Destroy (UnityEngine.Object,single)
UnityEngine.Object:Destroy (UnityEngine.Object) (at /Users/bokken/build/output/unity/unity/Runtime/Export/Scripting/UnityEngineObject.bindings.cs:707)
VoxelEngine.Rendering.Vegetation.ProceduralTreeRenderer:DestroyBatchObjects (VoxelEngine.Rendering.Vegetation.ProceduralTreeRenderer/BatchPresentation) (at Assets/VoxelEngine/Rendering/Vegetation/ProceduralTreeRenderer.cs:852)
VoxelEngine.Rendering.Vegetation.ProceduralTreeRenderer:ClearBatches () (at Assets/VoxelEngine/Rendering/Vegetation/ProceduralTreeRenderer.cs:864)
VoxelEngine.Rendering.Vegetation.ProceduralTreeRenderer:ClearGenerated () (at Assets/VoxelEngine/Rendering/Vegetation/ProceduralTreeRenderer.cs:878)
VoxelEngine.Rendering.Vegetation.ProceduralTreeRenderer:OnDestroy () (at Assets/VoxelEngine/Rendering/Vegetation/ProceduralTreeRenderer.cs:887)
UnityEditor.TestTools.TestRunner.CommandLineTest.Executer:ExitApplication (UnityEditor.TestTools.TestRunner.CommandLineTest.Executer/ReturnCodes,string) (at ./Library/PackageCache/com.unity.test-framework@1405238725ab/UnityEditor.TestRunner/CommandLineTest/Executer.cs:83)
UnityEditor.TestTools.TestRunner.CommandLineTest.Executer:ExitIfRunIsCompleted () (at ./Library/PackageCache/com.unity.test-framework@1405238725ab/UnityEditor.TestRunner/CommandLineTest/Executer.cs:74)
UnityEditor.EditorApplication:Internal_CallUpdateFunctions () (at /Users/bokken/build/output/unity/unity/Editor/Mono/EditorApplication.cs:403)

[Assets/VoxelEngine/Rendering/Vegetation/ProceduralTreeRenderer.cs line 852]

TreeBatch_-1_0_LOD1: Destroy may not be called from edit mode! Use DestroyImmediate instead.
Destroying an object in edit mode destroys it permanently
UnityEngine.Debug:ExtractStackTraceNoAlloc (byte*,int,string)
UnityEngine.StackTraceUtility:ExtractStackTrace () (at /Users/bokken/build/output/unity/unity/Runtime/Export/Scripting/StackTrace.cs:35)
UnityEngine.Object:Destroy (UnityEngine.Object,single)
UnityEngine.Object:Destroy (UnityEngine.Object) (at /Users/bokken/build/output/unity/unity/Runtime/Export/Scripting/UnityEngineObject.bindings.cs:707)
VoxelEngine.Rendering.Vegetation.ProceduralTreeRenderer:DestroyBatchObjects (VoxelEngine.Rendering.Vegetation.ProceduralTreeRenderer/BatchPresentation) (at Assets/VoxelEngine/Rendering/Vegetation/ProceduralTreeRenderer.cs:852)
VoxelEngine.Rendering.Vegetation.ProceduralTreeRenderer:ClearBatches () (at Assets/VoxelEngine/Rendering/Vegetation/ProceduralTreeRenderer.cs:864)
VoxelEngine.Rendering.Vegetation.ProceduralTreeRenderer:ClearGenerated () (at Assets/VoxelEngine/Rendering/Vegetation/ProceduralTreeRenderer.cs:878)
VoxelEngine.Rendering.Vegetation.ProceduralTreeRenderer:OnDestroy () (at Assets/VoxelEngine/Rendering/Vegetation/ProceduralTreeRenderer.cs:887)
UnityEditor.TestTools.TestRunner.CommandLineTest.Executer:ExitApplication (UnityEditor.TestTools.TestRunner.CommandLineTest.Executer/ReturnCodes,string) (at ./Library/PackageCache/com.unity.test-framework@1405238725ab/UnityEditor.TestRunner/CommandLineTest/Executer.cs:83)
UnityEditor.TestTools.TestRunner.CommandLineTest.Executer:ExitIfRunIsCompleted () (at ./Library/PackageCache/com.unity.test-framework@1405238725ab/UnityEditor.TestRunner/CommandLineTest/Executer.cs:74)
UnityEditor.EditorApplication:Internal_CallUpdateFunctions () (at /Users/bokken/build/output/unity/unity/Editor/Mono/EditorApplication.cs:403)

[Assets/VoxelEngine/Rendering/Vegetation/ProceduralTreeRenderer.cs line 852]

TreeBatch_-1_0_LOD2: Destroy may not be called from edit mode! Use DestroyImmediate instead.
Destroying an object in edit mode destroys it permanently
UnityEngine.Debug:ExtractStackTraceNoAlloc (byte*,int,string)
UnityEngine.StackTraceUtility:ExtractStackTrace () (at /Users/bokken/build/output/unity/unity/Runtime/Export/Scripting/StackTrace.cs:35)
UnityEngine.Object:Destroy (UnityEngine.Object,single)
UnityEngine.Object:Destroy (UnityEngine.Object) (at /Users/bokken/build/output/unity/unity/Runtime/Export/Scripting/UnityEngineObject.bindings.cs:707)
VoxelEngine.Rendering.Vegetation.ProceduralTreeRenderer:DestroyBatchObjects (VoxelEngine.Rendering.Vegetation.ProceduralTreeRenderer/BatchPresentation) (at Assets/VoxelEngine/Rendering/Vegetation/ProceduralTreeRenderer.cs:852)
VoxelEngine.Rendering.Vegetation.ProceduralTreeRenderer:ClearBatches () (at Assets/VoxelEngine/Rendering/Vegetation/ProceduralTreeRenderer.cs:864)
VoxelEngine.Rendering.Vegetation.ProceduralTreeRenderer:ClearGenerated () (at Assets/VoxelEngine/Rendering/Vegetation/ProceduralTreeRenderer.cs:878)
VoxelEngine.Rendering.Vegetation.ProceduralTreeRenderer:OnDestroy () (at Assets/VoxelEngine/Rendering/Vegetation/ProceduralTreeRenderer.cs:887)
UnityEditor.TestTools.TestRunner.CommandLineTest.Executer:ExitApplication (UnityEditor.TestTools.TestRunner.CommandLineTest.Executer/ReturnCodes,string) (at ./Library/PackageCache/com.unity.test-framework@1405238725ab/UnityEditor.TestRunner/CommandLineTest/Executer.cs:83)
UnityEditor.TestTools.TestRunner.CommandLineTest.Executer:ExitIfRunIsCompleted () (at ./Library/PackageCache/com.unity.test-framework@1405238725ab/UnityEditor.TestRunner/CommandLineTest/Executer.cs:74)
UnityEditor.EditorApplication:Internal_CallUpdateFunctions () (at /Users/bokken/build/output/unity/unity/Editor/Mono/EditorApplication.cs:403)

[Assets/VoxelEngine/Rendering/Vegetation/ProceduralTreeRenderer.cs line 852]

Tree Batch -1,0: Destroy may not be called from edit mode! Use DestroyImmediate instead.
Destroying an object in edit mode destroys it permanently
UnityEngine.Debug:ExtractStackTraceNoAlloc (byte*,int,string)
UnityEngine.StackTraceUtility:ExtractStackTrace () (at /Users/bokken/build/output/unity/unity/Runtime/Export/Scripting/StackTrace.cs:35)
UnityEngine.Object:Destroy (UnityEngine.Object,single)
UnityEngine.Object:Destroy (UnityEngine.Object) (at /Users/bokken/build/output/unity/unity/Runtime/Export/Scripting/UnityEngineObject.bindings.cs:707)
VoxelEngine.Rendering.Vegetation.ProceduralTreeRenderer:DestroyBatchObjects (VoxelEngine.Rendering.Vegetation.ProceduralTreeRenderer/BatchPresentation) (at Assets/VoxelEngine/Rendering/Vegetation/ProceduralTreeRenderer.cs:857)
VoxelEngine.Rendering.Vegetation.ProceduralTreeRenderer:ClearBatches () (at Assets/VoxelEngine/Rendering/Vegetation/ProceduralTreeRenderer.cs:864)
VoxelEngine.Rendering.Vegetation.ProceduralTreeRenderer:ClearGenerated () (at Assets/VoxelEngine/Rendering/Vegetation/ProceduralTreeRenderer.cs:878)
VoxelEngine.Rendering.Vegetation.ProceduralTreeRenderer:OnDestroy () (at Assets/VoxelEngine/Rendering/Vegetation/ProceduralTreeRenderer.cs:887)
UnityEditor.TestTools.TestRunner.CommandLineTest.Executer:ExitApplication (UnityEditor.TestTools.TestRunner.CommandLineTest.Executer/ReturnCodes,string) (at ./Library/PackageCache/com.unity.test-framework@1405238725ab/UnityEditor.TestRunner/CommandLineTest/Executer.cs:83)
UnityEditor.TestTools.TestRunner.CommandLineTest.Executer:ExitIfRunIsCompleted () (at ./Library/PackageCache/com.unity.test-framework@1405238725ab/UnityEditor.TestRunner/CommandLineTest/Executer.cs:74)
UnityEditor.EditorApplication:Internal_CallUpdateFunctions () (at /Users/bokken/build/output/unity/unity/Editor/Mono/EditorApplication.cs:403)

[Assets/VoxelEngine/Rendering/Vegetation/ProceduralTreeRenderer.cs line 857]

TreeBatch_0_0_LOD0: Destroy may not be called from edit mode! Use DestroyImmediate instead.
Destroying an object in edit mode destroys it permanently
UnityEngine.Debug:ExtractStackTraceNoAlloc (byte*,int,string)
UnityEngine.StackTraceUtility:ExtractStackTrace () (at /Users/bokken/build/output/unity/unity/Runtime/Export/Scripting/StackTrace.cs:35)
UnityEngine.Object:Destroy (UnityEngine.Object,single)
UnityEngine.Object:Destroy (UnityEngine.Object) (at /Users/bokken/build/output/unity/unity/Runtime/Export/Scripting/UnityEngineObject.bindings.cs:707)
VoxelEngine.Rendering.Vegetation.ProceduralTreeRenderer:DestroyBatchObjects (VoxelEngine.Rendering.Vegetation.ProceduralTreeRenderer/BatchPresentation) (at Assets/VoxelEngine/Rendering/Vegetation/ProceduralTreeRenderer.cs:852)
VoxelEngine.Rendering.Vegetation.ProceduralTreeRenderer:ClearBatches () (at Assets/VoxelEngine/Rendering/Vegetation/ProceduralTreeRenderer.cs:864)
VoxelEngine.Rendering.Vegetation.ProceduralTreeRenderer:ClearGenerated () (at Assets/VoxelEngine/Rendering/Vegetation/ProceduralTreeRenderer.cs:878)
VoxelEngine.Rendering.Vegetation.ProceduralTreeRenderer:OnDestroy () (at Assets/VoxelEngine/Rendering/Vegetation/ProceduralTreeRenderer.cs:887)
UnityEditor.TestTools.TestRunner.CommandLineTest.Executer:ExitApplication (UnityEditor.TestTools.TestRunner.CommandLineTest.Executer/ReturnCodes,string) (at ./Library/PackageCache/com.unity.test-framework@1405238725ab/UnityEditor.TestRunner/CommandLineTest/Executer.cs:83)
UnityEditor.TestTools.TestRunner.CommandLineTest.Executer:ExitIfRunIsCompleted () (at ./Library/PackageCache/com.unity.test-framework@1405238725ab/UnityEditor.TestRunner/CommandLineTest/Executer.cs:74)
UnityEditor.EditorApplication:Internal_CallUpdateFunctions () (at /Users/bokken/build/output/unity/unity/Editor/Mono/EditorApplication.cs:403)

[Assets/VoxelEngine/Rendering/Vegetation/ProceduralTreeRenderer.cs line 852]

TreeBatch_0_0_LOD1: Destroy may not be called from edit mode! Use DestroyImmediate instead.
Destroying an object in edit mode destroys it permanently
UnityEngine.Debug:ExtractStackTraceNoAlloc (byte*,int,string)
UnityEngine.StackTraceUtility:ExtractStackTrace () (at /Users/bokken/build/output/unity/unity/Runtime/Export/Scripting/StackTrace.cs:35)
UnityEngine.Object:Destroy (UnityEngine.Object,single)
UnityEngine.Object:Destroy (UnityEngine.Object) (at /Users/bokken/build/output/unity/unity/Runtime/Export/Scripting/UnityEngineObject.bindings.cs:707)
VoxelEngine.Rendering.Vegetation.ProceduralTreeRenderer:DestroyBatchObjects (VoxelEngine.Rendering.Vegetation.ProceduralTreeRenderer/BatchPresentation) (at Assets/VoxelEngine/Rendering/Vegetation/ProceduralTreeRenderer.cs:852)
VoxelEngine.Rendering.Vegetation.ProceduralTreeRenderer:ClearBatches () (at Assets/VoxelEngine/Rendering/Vegetation/ProceduralTreeRenderer.cs:864)
VoxelEngine.Rendering.Vegetation.ProceduralTreeRenderer:ClearGenerated () (at Assets/VoxelEngine/Rendering/Vegetation/ProceduralTreeRenderer.cs:878)
VoxelEngine.Rendering.Vegetation.ProceduralTreeRenderer:OnDestroy () (at Assets/VoxelEngine/Rendering/Vegetation/ProceduralTreeRenderer.cs:887)
UnityEditor.TestTools.TestRunner.CommandLineTest.Executer:ExitApplication (UnityEditor.TestTools.TestRunner.CommandLineTest.Executer/ReturnCodes,string) (at ./Library/PackageCache/com.unity.test-framework@1405238725ab/UnityEditor.TestRunner/CommandLineTest/Executer.cs:83)
UnityEditor.TestTools.TestRunner.CommandLineTest.Executer:ExitIfRunIsCompleted () (at ./Library/PackageCache/com.unity.test-framework@1405238725ab/UnityEditor.TestRunner/CommandLineTest/Executer.cs:74)
UnityEditor.EditorApplication:Internal_CallUpdateFunctions () (at /Users/bokken/build/output/unity/unity/Editor/Mono/EditorApplication.cs:403)

[Assets/VoxelEngine/Rendering/Vegetation/ProceduralTreeRenderer.cs line 852]

TreeBatch_0_0_LOD2: Destroy may not be called from edit mode! Use DestroyImmediate instead.
Destroying an object in edit mode destroys it permanently
UnityEngine.Debug:ExtractStackTraceNoAlloc (byte*,int,string)
UnityEngine.StackTraceUtility:ExtractStackTrace () (at /Users/bokken/build/output/unity/unity/Runtime/Export/Scripting/StackTrace.cs:35)
UnityEngine.Object:Destroy (UnityEngine.Object,single)
UnityEngine.Object:Destroy (UnityEngine.Object) (at /Users/bokken/build/output/unity/unity/Runtime/Export/Scripting/UnityEngineObject.bindings.cs:707)
VoxelEngine.Rendering.Vegetation.ProceduralTreeRenderer:DestroyBatchObjects (VoxelEngine.Rendering.Vegetation.ProceduralTreeRenderer/BatchPresentation) (at Assets/VoxelEngine/Rendering/Vegetation/ProceduralTreeRenderer.cs:852)
VoxelEngine.Rendering.Vegetation.ProceduralTreeRenderer:ClearBatches () (at Assets/VoxelEngine/Rendering/Vegetation/ProceduralTreeRenderer.cs:864)
VoxelEngine.Rendering.Vegetation.ProceduralTreeRenderer:ClearGenerated () (at Assets/VoxelEngine/Rendering/Vegetation/ProceduralTreeRenderer.cs:878)
VoxelEngine.Rendering.Vegetation.ProceduralTreeRenderer:OnDestroy () (at Assets/VoxelEngine/Rendering/Vegetation/ProceduralTreeRenderer.cs:887)
UnityEditor.TestTools.TestRunner.CommandLineTest.Executer:ExitApplication (UnityEditor.TestTools.TestRunner.CommandLineTest.Executer/ReturnCodes,string) (at ./Library/PackageCache/com.unity.test-framework@1405238725ab/UnityEditor.TestRunner/CommandLineTest/Executer.cs:83)
UnityEditor.TestTools.TestRunner.CommandLineTest.Executer:ExitIfRunIsCompleted () (at ./Library/PackageCache/com.unity.test-framework@1405238725ab/UnityEditor.TestRunner/CommandLineTest/Executer.cs:74)
UnityEditor.EditorApplication:Internal_CallUpdateFunctions () (at /Users/bokken/build/output/unity/unity/Editor/Mono/EditorApplication.cs:403)

[Assets/VoxelEngine/Rendering/Vegetation/ProceduralTreeRenderer.cs line 852]

Tree Batch 0,0: Destroy may not be called from edit mode! Use DestroyImmediate instead.
Destroying an object in edit mode destroys it permanently
UnityEngine.Debug:ExtractStackTraceNoAlloc (byte*,int,string)
UnityEngine.StackTraceUtility:ExtractStackTrace () (at /Users/bokken/build/output/unity/unity/Runtime/Export/Scripting/StackTrace.cs:35)
UnityEngine.Object:Destroy (UnityEngine.Object,single)
UnityEngine.Object:Destroy (UnityEngine.Object) (at /Users/bokken/build/output/unity/unity/Runtime/Export/Scripting/UnityEngineObject.bindings.cs:707)
VoxelEngine.Rendering.Vegetation.ProceduralTreeRenderer:DestroyBatchObjects (VoxelEngine.Rendering.Vegetation.ProceduralTreeRenderer/BatchPresentation) (at Assets/VoxelEngine/Rendering/Vegetation/ProceduralTreeRenderer.cs:857)
VoxelEngine.Rendering.Vegetation.ProceduralTreeRenderer:ClearBatches () (at Assets/VoxelEngine/Rendering/Vegetation/ProceduralTreeRenderer.cs:864)
VoxelEngine.Rendering.Vegetation.ProceduralTreeRenderer:ClearGenerated () (at Assets/VoxelEngine/Rendering/Vegetation/ProceduralTreeRenderer.cs:878)
VoxelEngine.Rendering.Vegetation.ProceduralTreeRenderer:OnDestroy () (at Assets/VoxelEngine/Rendering/Vegetation/ProceduralTreeRenderer.cs:887)
UnityEditor.TestTools.TestRunner.CommandLineTest.Executer:ExitApplication (UnityEditor.TestTools.TestRunner.CommandLineTest.Executer/ReturnCodes,string) (at ./Library/PackageCache/com.unity.test-framework@1405238725ab/UnityEditor.TestRunner/CommandLineTest/Executer.cs:83)
UnityEditor.TestTools.TestRunner.CommandLineTest.Executer:ExitIfRunIsCompleted () (at ./Library/PackageCache/com.unity.test-framework@1405238725ab/UnityEditor.TestRunner/CommandLineTest/Executer.cs:74)
UnityEditor.EditorApplication:Internal_CallUpdateFunctions () (at /Users/bokken/build/output/unity/unity/Editor/Mono/EditorApplication.cs:403)

[Assets/VoxelEngine/Rendering/Vegetation/ProceduralTreeRenderer.cs line 857]

TreeBatch_1_0_LOD0: Destroy may not be called from edit mode! Use DestroyImmediate instead.
Destroying an object in edit mode destroys it permanently
UnityEngine.Debug:ExtractStackTraceNoAlloc (byte*,int,string)
UnityEngine.StackTraceUtility:ExtractStackTrace () (at /Users/bokken/build/output/unity/unity/Runtime/Export/Scripting/StackTrace.cs:35)
UnityEngine.Object:Destroy (UnityEngine.Object,single)
UnityEngine.Object:Destroy (UnityEngine.Object) (at /Users/bokken/build/output/unity/unity/Runtime/Export/Scripting/UnityEngineObject.bindings.cs:707)
VoxelEngine.Rendering.Vegetation.ProceduralTreeRenderer:DestroyBatchObjects (VoxelEngine.Rendering.Vegetation.ProceduralTreeRenderer/BatchPresentation) (at Assets/VoxelEngine/Rendering/Vegetation/ProceduralTreeRenderer.cs:852)
VoxelEngine.Rendering.Vegetation.ProceduralTreeRenderer:ClearBatches () (at Assets/VoxelEngine/Rendering/Vegetation/ProceduralTreeRenderer.cs:864)
VoxelEngine.Rendering.Vegetation.ProceduralTreeRenderer:ClearGenerated () (at Assets/VoxelEngine/Rendering/Vegetation/ProceduralTreeRenderer.cs:878)
VoxelEngine.Rendering.Vegetation.ProceduralTreeRenderer:OnDestroy () (at Assets/VoxelEngine/Rendering/Vegetation/ProceduralTreeRenderer.cs:887)
UnityEditor.TestTools.TestRunner.CommandLineTest.Executer:ExitApplication (UnityEditor.TestTools.TestRunner.CommandLineTest.Executer/ReturnCodes,string) (at ./Library/PackageCache/com.unity.test-framework@1405238725ab/UnityEditor.TestRunner/CommandLineTest/Executer.cs:83)
UnityEditor.TestTools.TestRunner.CommandLineTest.Executer:ExitIfRunIsCompleted () (at ./Library/PackageCache/com.unity.test-framework@1405238725ab/UnityEditor.TestRunner/CommandLineTest/Executer.cs:74)
UnityEditor.EditorApplication:Internal_CallUpdateFunctions () (at /Users/bokken/build/output/unity/unity/Editor/Mono/EditorApplication.cs:403)

[Assets/VoxelEngine/Rendering/Vegetation/ProceduralTreeRenderer.cs line 852]

TreeBatch_1_0_LOD1: Destroy may not be called from edit mode! Use DestroyImmediate instead.
Destroying an object in edit mode destroys it permanently
UnityEngine.Debug:ExtractStackTraceNoAlloc (byte*,int,string)
UnityEngine.StackTraceUtility:ExtractStackTrace () (at /Users/bokken/build/output/unity/unity/Runtime/Export/Scripting/StackTrace.cs:35)
UnityEngine.Object:Destroy (UnityEngine.Object,single)
UnityEngine.Object:Destroy (UnityEngine.Object) (at /Users/bokken/build/output/unity/unity/Runtime/Export/Scripting/UnityEngineObject.bindings.cs:707)
VoxelEngine.Rendering.Vegetation.ProceduralTreeRenderer:DestroyBatchObjects (VoxelEngine.Rendering.Vegetation.ProceduralTreeRenderer/BatchPresentation) (at Assets/VoxelEngine/Rendering/Vegetation/ProceduralTreeRenderer.cs:852)
VoxelEngine.Rendering.Vegetation.ProceduralTreeRenderer:ClearBatches () (at Assets/VoxelEngine/Rendering/Vegetation/ProceduralTreeRenderer.cs:864)
VoxelEngine.Rendering.Vegetation.ProceduralTreeRenderer:ClearGenerated () (at Assets/VoxelEngine/Rendering/Vegetation/ProceduralTreeRenderer.cs:878)
VoxelEngine.Rendering.Vegetation.ProceduralTreeRenderer:OnDestroy () (at Assets/VoxelEngine/Rendering/Vegetation/ProceduralTreeRenderer.cs:887)
UnityEditor.TestTools.TestRunner.CommandLineTest.Executer:ExitApplication (UnityEditor.TestTools.TestRunner.CommandLineTest.Executer/ReturnCodes,string) (at ./Library/PackageCache/com.unity.test-framework@1405238725ab/UnityEditor.TestRunner/CommandLineTest/Executer.cs:83)
UnityEditor.TestTools.TestRunner.CommandLineTest.Executer:ExitIfRunIsCompleted () (at ./Library/PackageCache/com.unity.test-framework@1405238725ab/UnityEditor.TestRunner/CommandLineTest/Executer.cs:74)
UnityEditor.EditorApplication:Internal_CallUpdateFunctions () (at /Users/bokken/build/output/unity/unity/Editor/Mono/EditorApplication.cs:403)

[Assets/VoxelEngine/Rendering/Vegetation/ProceduralTreeRenderer.cs line 852]

TreeBatch_1_0_LOD2: Destroy may not be called from edit mode! Use DestroyImmediate instead.
Destroying an object in edit mode destroys it permanently
UnityEngine.Debug:ExtractStackTraceNoAlloc (byte*,int,string)
UnityEngine.StackTraceUtility:ExtractStackTrace () (at /Users/bokken/build/output/unity/unity/Runtime/Export/Scripting/StackTrace.cs:35)
UnityEngine.Object:Destroy (UnityEngine.Object,single)
UnityEngine.Object:Destroy (UnityEngine.Object) (at /Users/bokken/build/output/unity/unity/Runtime/Export/Scripting/UnityEngineObject.bindings.cs:707)
VoxelEngine.Rendering.Vegetation.ProceduralTreeRenderer:DestroyBatchObjects (VoxelEngine.Rendering.Vegetation.ProceduralTreeRenderer/BatchPresentation) (at Assets/VoxelEngine/Rendering/Vegetation/ProceduralTreeRenderer.cs:852)
VoxelEngine.Rendering.Vegetation.ProceduralTreeRenderer:ClearBatches () (at Assets/VoxelEngine/Rendering/Vegetation/ProceduralTreeRenderer.cs:864)
VoxelEngine.Rendering.Vegetation.ProceduralTreeRenderer:ClearGenerated () (at Assets/VoxelEngine/Rendering/Vegetation/ProceduralTreeRenderer.cs:878)
VoxelEngine.Rendering.Vegetation.ProceduralTreeRenderer:OnDestroy () (at Assets/VoxelEngine/Rendering/Vegetation/ProceduralTreeRenderer.cs:887)
UnityEditor.TestTools.TestRunner.CommandLineTest.Executer:ExitApplication (UnityEditor.TestTools.TestRunner.CommandLineTest.Executer/ReturnCodes,string) (at ./Library/PackageCache/com.unity.test-framework@1405238725ab/UnityEditor.TestRunner/CommandLineTest/Executer.cs:83)
UnityEditor.TestTools.TestRunner.CommandLineTest.Executer:ExitIfRunIsCompleted () (at ./Library/PackageCache/com.unity.test-framework@1405238725ab/UnityEditor.TestRunner/CommandLineTest/Executer.cs:74)
UnityEditor.EditorApplication:Internal_CallUpdateFunctions () (at /Users/bokken/build/output/unity/unity/Editor/Mono/EditorApplication.cs:403)

[Assets/VoxelEngine/Rendering/Vegetation/ProceduralTreeRenderer.cs line 852]

Tree Batch 1,0: Destroy may not be called from edit mode! Use DestroyImmediate instead.
Destroying an object in edit mode destroys it permanently
UnityEngine.Debug:ExtractStackTraceNoAlloc (byte*,int,string)
UnityEngine.StackTraceUtility:ExtractStackTrace () (at /Users/bokken/build/output/unity/unity/Runtime/Export/Scripting/StackTrace.cs:35)
UnityEngine.Object:Destroy (UnityEngine.Object,single)
UnityEngine.Object:Destroy (UnityEngine.Object) (at /Users/bokken/build/output/unity/unity/Runtime/Export/Scripting/UnityEngineObject.bindings.cs:707)
VoxelEngine.Rendering.Vegetation.ProceduralTreeRenderer:DestroyBatchObjects (VoxelEngine.Rendering.Vegetation.ProceduralTreeRenderer/BatchPresentation) (at Assets/VoxelEngine/Rendering/Vegetation/ProceduralTreeRenderer.cs:857)
VoxelEngine.Rendering.Vegetation.ProceduralTreeRenderer:ClearBatches () (at Assets/VoxelEngine/Rendering/Vegetation/ProceduralTreeRenderer.cs:864)
VoxelEngine.Rendering.Vegetation.ProceduralTreeRenderer:ClearGenerated () (at Assets/VoxelEngine/Rendering/Vegetation/ProceduralTreeRenderer.cs:878)
VoxelEngine.Rendering.Vegetation.ProceduralTreeRenderer:OnDestroy () (at Assets/VoxelEngine/Rendering/Vegetation/ProceduralTreeRenderer.cs:887)
UnityEditor.TestTools.TestRunner.CommandLineTest.Executer:ExitApplication (UnityEditor.TestTools.TestRunner.CommandLineTest.Executer/ReturnCodes,string) (at ./Library/PackageCache/com.unity.test-framework@1405238725ab/UnityEditor.TestRunner/CommandLineTest/Executer.cs:83)
UnityEditor.TestTools.TestRunner.CommandLineTest.Executer:ExitIfRunIsCompleted () (at ./Library/PackageCache/com.unity.test-framework@1405238725ab/UnityEditor.TestRunner/CommandLineTest/Executer.cs:74)
UnityEditor.EditorApplication:Internal_CallUpdateFunctions () (at /Users/bokken/build/output/unity/unity/Editor/Mono/EditorApplication.cs:403)

[Assets/VoxelEngine/Rendering/Vegetation/ProceduralTreeRenderer.cs line 857]

MSBuild server shut down successfully.
[Physics::Module] Cleanup current backend.
[Physics::Module] Id: 0xf2b8ea05
[Licensing::IpcConnector] LicenseClient-jlashmet-6000.5.6-notifications channel disconnected successfully.
[Licensing::IpcConnector] LicenseClient-jlashmet-6000.5.6 channel disconnected successfully.
Thread 0x16cc9f000 may have been prematurely finalized
Thread 0x16cd2b000 may have been prematurely finalized
Thread 0x16cdb7000 may have been prematurely finalized
Thread 0x16ce43000 may have been prematurely finalized
Thread 0x16cecf000 may have been prematurely finalized
Thread 0x16cfe7000 may have been prematurely finalized
Thread 0x16cf5b000 may have been prematurely finalized
AcceleratorClientConnectionCallback - disconnected - :0
Thread 0x346abf000 may have been prematurely finalized
info: Microsoft.Hosting.Lifetime[0]
      Application is shutting down...
Cleanup mono
CodeReloadManager destroyed
info: Unity.ILPP.Runner.PostProcessingAssemblyLoadContext[0]
      ALC ILPP context 1 is unloading
Leak Detected : Persistent allocates 2 individual allocations. To find out more please enable 'Settings > Jobs > Leak Detection Level > Enabled With Stack Trace' and reproduce the leak again.
debugger-agent: Unable to listen on 44
