Unity Editor version:    6000.5.6f1 (0e0577a1a2ac)
Branch:                  6000.5/staging
Build type:              Release
Batch mode:              YES
macOS version:           Version 15.5 (Build 24F74)
Darwin version:          24.5.0
Architecture:            arm64
Running under Rosetta:   NO
Available memory:        65536 MB
Date:                    2026-08-13T19:57:31Z
[Licensing::Module] Trying to connect to existing licensing client channel...
[Licensing::IpcConnector] Successfully connected to: "LicenseClient-jlashmet" at "2026-08-13T19:57:31.945411Z"
Launching external process: /Applications/Unity/Hub/Editor/6000.5.6f1/Unity.app/Contents/Helpers/PackageManager/Server/UnityPackageManager

COMMAND LINE ARGUMENTS:
/Applications/Unity/Hub/Editor/6000.5.6f1/Unity.app/Contents/MacOS/Unity
-batchmode
-projectPath
/Users/jlashmet/code/voxel
-runTests
-testPlatform
PlayMode
-testFilter
VoxelEngine.Tests.PlayMode.ShowcasePerformanceTests.FullShowcaseConvergesWithinTenSecondsWithoutLaterStalls
-testResults
Artifacts/showcase-performance-castle-stages.xml
-logFile
Artifacts/showcase-performance-castle-stages.log
Successfully changed project path to: /Users/jlashmet/code/voxel
/Users/jlashmet/code/voxel
[UnityMemory] Configuration Parameters - Can be set up in boot.config
    "memorysetup-temp-allocator-size-gi-baking-worker=262144"
    "memorysetup-temp-allocator-size-gi-baking-worker=262144"
    "memorysetup-temp-allocator-size-gi-baking-worker=262144"
    "memorysetup-temp-allocator-size-gi-baking-worker=262144"
    "memorysetup-temp-allocator-size-gi-baking-worker=262144"
    "memorysetup-temp-allocator-size-nav-mesh-worker=65536"
    "memorysetup-temp-allocator-size-audio-worker=65536"
    "memorysetup-temp-allocator-size-cloud-worker=32768"
    "memorysetup-allocator-temp-initial-block-size-main=262144"
    "memorysetup-allocator-temp-initial-block-size-worker=262144"
    "memorysetup-temp-allocator-size-preload-manager=33554432"
    "memorysetup-temp-allocator-size-gfx=262144"
    "memorysetup-temp-allocator-size-background-worker=32768"
    "memorysetup-temp-allocator-size-job-worker=262144"
    "memorysetup-bucket-allocator-granularity=16"
    "memorysetup-bucket-allocator-bucket-count=8"
    "memorysetup-bucket-allocator-block-size=33554432"
    "memorysetup-bucket-allocator-block-count=8"
    "memorysetup-main-allocator-block-size=16777216"
    "memorysetup-thread-allocator-block-size=16777216"
    "memorysetup-main-allocator-mimalloc-enabled=0"
    "memorysetup-gfx-main-allocator-block-size=16777216"
    "memorysetup-gfx-thread-allocator-block-size=16777216"
    "memorysetup-cache-allocator-block-size=4194304"
    "memorysetup-typetree-allocator-block-size=2097152"
    "memorysetup-profiler-bucket-allocator-granularity=16"
    "memorysetup-profiler-bucket-allocator-bucket-count=8"
    "memorysetup-profiler-bucket-allocator-block-size=33554432"
    "memorysetup-profiler-bucket-allocator-block-count=8"
    "memorysetup-profiler-allocator-block-size=16777216"
    "memorysetup-profiler-editor-allocator-block-size=1048576"
    "memorysetup-temp-allocator-size-main=16777216"
    "memorysetup-job-temp-allocator-block-size=2097152"
    "memorysetup-job-temp-allocator-block-size-background=1048576"
    "memorysetup-job-temp-allocator-reduction-small-platforms=262144"
Logging is directed to a specific file, skipping project log.Player connection [8495210240]  Target information:

Player connection [8495210240]  * "[IP] 10.10.54.7 [Port] 55505 [Flags] 2 [Guid] 1538449159 [EditorId] 1538449159 [Version] 1048832 [Id] OSXEditor(0,Jasons-MacBook-Pro.local) [Debug] 1 [PackageName] OSXEditor [ProjectName] Editor" 

Player connection [8495210240] Host joined multi-casting on [225.0.0.222:54997]...
Player connection [8495210240] Host joined alternative multi-casting on [225.0.0.222:34997]...
Input System module state changed to: Initialized.
[Physics::Module] Initialized fallback backend.
[Physics::Module] Id: 0xdecafbad
[Licensing::Client] Error: HandshakeResponse reported an error:
	ResponseCode: 505
	ResponseStatus: Unsupported protocol version '1.18.1'.
[Licensing::Module] Error: Failed to handshake to channel: "LicenseClient-jlashmet"
[Licensing::IpcConnector] LicenseClient-jlashmet channel disconnected successfully.
[Licensing::IpcConnector] Successfully connected to: "LicenseClient-jlashmet-6000.5.6" at "2026-08-13T19:57:32.105873Z"
[Package Manager] Connected to IPC stream "Upm-38728" after 0.1 seconds.
[Licensing::Module] Licensing is not yet initialized.
[Licensing::Client] Handshaking with LicensingClient:
  Version:                 1.18.1+9fbee8e
  Session Id:              fe4ee0e6d1db496b99a9d46e8b323b6f
  Correlation Id:          7118edad0ec3b6a03e534981696bf9f6
  External correlation Id: 9202022534760411181
  Machine Id:              +RIQ8xEkJcR9okhzEI7uTO1sGwM=
[Licensing::Module] Successfully connected to LicensingClient on channel: "LicenseClient-jlashmet-6000.5.6" (connect: 0.00s, validation: 0.00s, handshake: 0.15s)
[Licensing::IpcConnector] Successfully connected to: "LicenseClient-jlashmet-6000.5.6-notifications" at "2026-08-13T19:57:32.257267Z"
[Licensing::Module] Error: Access token is unavailable; failed to update
[Licensing::Client] Successfully resolved entitlement details
[Licensing::Module] License group:
  Id: 3465641-UnityPersXXXX
  Product: Unity Personal
  Type: Assigned
  Expiration: Unlimited
[Licensing::Client] Successfully updated license, isAsync: True, time: 0.00
[Licensing::Module] Licensing Background thread has ended after 0.31s
[Licensing::Module] Licensing is initialized (took 0.12s).
[Licensing::Client] Successfully resolved entitlement details
Library Redirect Path: Library/
[Physics::Module] Selected backend.
[Physics::Module] Name: PhysX
[Physics::Module] Id: 0xf2b8ea05
[Physics::Module] SDK Version: 4.1.2
[Physics::Module] Integration Version: 1.0.0
[Physics::Module] Threading Mode: Multi-Threaded
Initialize engine version: 6000.5.6f1 (0e0577a1a2ac)
[Subsystems] Discovering subsystems at path /Applications/Unity/Hub/Editor/6000.5.6f1/Unity.app/Contents/Resources/UnitySubsystems
[Subsystems] Discovering subsystems at path /Users/jlashmet/code/voxel/Assets
GfxDevice: creating device client; kGfxThreadingModeNonThreaded
 preferred device: Apple M4 Max (high power)
Metal devices available: 1
0: Apple M4 Max (high power)
Using device Apple M4 Max (high power)
Initializing Metal device caps: Apple M4 Max
Mac GPU Family: 2
Apple GPU Family: 9
MSL Version: 3.0
Has Float MSAA: 1
Has Float Filtering: 1
ReadWrite Texture Tier: 2
Initialize mono
Mono path[0] = '/Applications/Unity/Hub/Editor/6000.5.6f1/Unity.app/Contents/Resources/Scripting/Managed'
Mono path[1] = '/Applications/Unity/Hub/Editor/6000.5.6f1/Unity.app/Contents/Resources/Scripting/BCLExtensions/runtime/netstandard2.1'
Mono path[2] = '/Applications/Unity/Hub/Editor/6000.5.6f1/Unity.app/Contents/Resources/Scripting/MonoBleedingEdge/lib/mono/unityjit-macos'
Mono config path = '/Applications/Unity/Hub/Editor/6000.5.6f1/Unity.app/Contents/Resources/Scripting/MonoBleedingEdge/etc'
Using monoOptions --debugger-agent=transport=dt_socket,embedding=1,server=y,suspend=n,address=127.0.0.1:56728
CodeReloadManager initialized
ImportWorker Server TCP listen port: 0
AcceleratorClientConnectionCallback - disconnected - :0
Begin MonoManager ReloadAssembly
Registering precompiled unity dll's ...
Register platform support module: /Applications/Unity/Hub/Editor/6000.5.6f1/PlaybackEngines/WebGLSupport/UnityEditor.WebGL.Extensions.dll
Register platform support module: /Applications/Unity/Hub/Editor/6000.5.6f1/PlaybackEngines/MacStandaloneSupport/UnityEditor.OSXStandalone.Extensions.dll
Registered in 0.000271 seconds.
Native extension for OSXStandalone target not found
Native extension for WebGL target not found
Package Manager log level set to [2]
ScheduleIndexationOnStartup MainProcess:False IndexOnStartup:True
Mono: successfully reloaded assembly
- Finished resetting the current domain, in  0.179 seconds
Domain Reload Profiling: 404ms
	BeginReloadAssembly (54ms)
		CreateAndSetChildDomain (22ms)
	RebuildNativeTypeToScriptingClass (8ms)
	initialDomainReloadingComplete (22ms)
	LoadAllAssembliesAndSetupDomain (135ms)
		LoadAssemblies (33ms)
		AnalyzeDomain (103ms)
			TypeCache.Refresh (103ms)
				TypeCache.ScanAssembly (96ms)
	FinalizeReload (182ms)
		SetupLoadedEditorAssemblies (0ms)
			BeforeProcessingInitializeOnLoad (40ms)
			ProcessInitializeOnLoadAttributes (42ms)
			ProcessInitializeOnLoadMethodAttributes (62ms)
[Licensing::Client] Successfully resolved entitlement details
Application.AssetDatabase Initial Refresh Start
[Package Manager] Restoring resolved packages state from cache
[Licensing::Client] Successfully resolved entitlement details
[Package Manager] Registered 66 packages:
  Packages from [https://packages.unity.com]:
    com.unity.ai.navigation@2.0.14 (location: /Users/jlashmet/code/voxel/Library/PackageCache/com.unity.ai.navigation@134dd6a3b97b)
    com.unity.analytics@3.8.2 (location: /Users/jlashmet/code/voxel/Library/PackageCache/com.unity.analytics@c9d14a6bdec6)
    com.unity.burst@1.8.29 (location: /Users/jlashmet/code/voxel/Library/PackageCache/com.unity.burst@6bb9aca3ef38)
    com.unity.collab-proxy@2.13.3 (location: /Users/jlashmet/code/voxel/Library/PackageCache/com.unity.collab-proxy@4f3be89e8675)
    com.unity.ide.rider@3.0.38 (location: /Users/jlashmet/code/voxel/Library/PackageCache/com.unity.ide.rider@1f60b3138684)
    com.unity.ide.visualstudio@2.0.26 (location: /Users/jlashmet/code/voxel/Library/PackageCache/com.unity.ide.visualstudio@a99d56dec63f)
    com.unity.purchasing@5.4.2 (location: /Users/jlashmet/code/voxel/Library/PackageCache/com.unity.purchasing@290a16a9a099)
    com.unity.timeline@1.8.12 (location: /Users/jlashmet/code/voxel/Library/PackageCache/com.unity.timeline@8cd8509afae5)
    com.unity.xr.legacyinputhelpers@3.0.1 (location: /Users/jlashmet/code/voxel/Library/PackageCache/com.unity.xr.legacyinputhelpers@3f62d634f63b)
    com.unity.services.core@1.18.0 (location: /Users/jlashmet/code/voxel/Library/PackageCache/com.unity.services.core@3464cb68d709)
    com.unity.nuget.mono-cecil@1.11.6 (location: /Users/jlashmet/code/voxel/Library/PackageCache/com.unity.nuget.mono-cecil@ecb9724e46ff)
    com.unity.test-framework.performance@3.5.0 (location: /Users/jlashmet/code/voxel/Library/PackageCache/com.unity.test-framework.performance@8b56083ec0f0)
    com.unity.services.analytics@6.3.0 (location: /Users/jlashmet/code/voxel/Library/PackageCache/com.unity.services.analytics@cde4e6cf92f9)
    com.unity.nuget.newtonsoft-json@3.2.2 (location: /Users/jlashmet/code/voxel/Library/PackageCache/com.unity.nuget.newtonsoft-json@4dfd81071c64)
    com.unity.searcher@4.9.4 (location: /Users/jlashmet/code/voxel/Library/PackageCache/com.unity.searcher@d45a78918735)
  Built-in packages:
    com.unity.2d.sprite@1.0.0 (location: /Users/jlashmet/code/voxel/Library/PackageCache/com.unity.2d.sprite@053a968eab56)
    com.unity.2d.tilemap@1.0.0 (location: /Users/jlashmet/code/voxel/Library/PackageCache/com.unity.2d.tilemap@b959501fd678)
    com.unity.collections@6.5.0 (location: /Users/jlashmet/code/voxel/Library/PackageCache/com.unity.collections@a43cabe808ca)
    com.unity.mathematics@1.4.0 (location: /Users/jlashmet/code/voxel/Library/PackageCache/com.unity.mathematics@981956d94fb6)
    com.unity.multiplayer.center@1.0.1 (location: /Users/jlashmet/code/voxel/Library/PackageCache/com.unity.multiplayer.center@b860850997d0)
    com.unity.render-pipelines.universal@17.5.0 (location: /Users/jlashmet/code/voxel/Library/PackageCache/com.unity.render-pipelines.universal@73b4c4ff130e)
    com.unity.test-framework@1.7.0 (location: /Users/jlashmet/code/voxel/Library/PackageCache/com.unity.test-framework@1405238725ab)
    com.unity.transport@6.5.0 (location: /Users/jlashmet/code/voxel/Library/PackageCache/com.unity.transport@0c07c94c2861)
    com.unity.ugui@2.5.0 (location: /Users/jlashmet/code/voxel/Library/PackageCache/com.unity.ugui@67707a67a4ab)
    com.unity.modules.accessibility@1.0.0 (location: /Users/jlashmet/code/voxel/Library/PackageCache/com.unity.modules.accessibility)
    com.unity.modules.adaptiveperformance@1.0.0 (location: /Users/jlashmet/code/voxel/Library/PackageCache/com.unity.modules.adaptiveperformance)
    com.unity.modules.ai@1.0.0 (location: /Users/jlashmet/code/voxel/Library/PackageCache/com.unity.modules.ai)
    com.unity.modules.androidjni@1.0.0 (location: /Users/jlashmet/code/voxel/Library/PackageCache/com.unity.modules.androidjni)
    com.unity.modules.animation@1.0.0 (location: /Users/jlashmet/code/voxel/Library/PackageCache/com.unity.modules.animation)
    com.unity.modules.assetbundle@1.0.0 (location: /Users/jlashmet/code/voxel/Library/PackageCache/com.unity.modules.assetbundle)
    com.unity.modules.audio@1.0.0 (location: /Users/jlashmet/code/voxel/Library/PackageCache/com.unity.modules.audio)
    com.unity.modules.cloth@1.0.0 (location: /Users/jlashmet/code/voxel/Library/PackageCache/com.unity.modules.cloth)
    com.unity.modules.director@1.0.0 (location: /Users/jlashmet/code/voxel/Library/PackageCache/com.unity.modules.director)
    com.unity.modules.imageconversion@1.0.0 (location: /Users/jlashmet/code/voxel/Library/PackageCache/com.unity.modules.imageconversion)
    com.unity.modules.imgui@1.0.0 (location: /Users/jlashmet/code/voxel/Library/PackageCache/com.unity.modules.imgui)
    com.unity.modules.jsonserialize@1.0.0 (location: /Users/jlashmet/code/voxel/Library/PackageCache/com.unity.modules.jsonserialize)
    com.unity.modules.particlesystem@1.0.0 (location: /Users/jlashmet/code/voxel/Library/PackageCache/com.unity.modules.particlesystem)
    com.unity.modules.physics@1.0.0 (location: /Users/jlashmet/code/voxel/Library/PackageCache/com.unity.modules.physics)
    com.unity.modules.physics2d@1.0.0 (location: /Users/jlashmet/code/voxel/Library/PackageCache/com.unity.modules.physics2d)
    com.unity.modules.physicscore2d@1.0.0 (location: /Users/jlashmet/code/voxel/Library/PackageCache/com.unity.modules.physicscore2d)
    com.unity.modules.screencapture@1.0.0 (location: /Users/jlashmet/code/voxel/Library/PackageCache/com.unity.modules.screencapture)
    com.unity.modules.terrain@1.0.0 (location: /Users/jlashmet/code/voxel/Library/PackageCache/com.unity.modules.terrain)
    com.unity.modules.terrainphysics@1.0.0 (location: /Users/jlashmet/code/voxel/Library/PackageCache/com.unity.modules.terrainphysics)
    com.unity.modules.tilemap@1.0.0 (location: /Users/jlashmet/code/voxel/Library/PackageCache/com.unity.modules.tilemap)
    com.unity.modules.ui@1.0.0 (location: /Users/jlashmet/code/voxel/Library/PackageCache/com.unity.modules.ui)
    com.unity.modules.uielements@1.0.0 (location: /Users/jlashmet/code/voxel/Library/PackageCache/com.unity.modules.uielements)
    com.unity.modules.umbra@1.0.0 (location: /Users/jlashmet/code/voxel/Library/PackageCache/com.unity.modules.umbra)
    com.unity.modules.unityanalytics@1.0.0 (location: /Users/jlashmet/code/voxel/Library/PackageCache/com.unity.modules.unityanalytics)
    com.unity.modules.unitywebrequest@1.0.0 (location: /Users/jlashmet/code/voxel/Library/PackageCache/com.unity.modules.unitywebrequest)
    com.unity.modules.unitywebrequestassetbundle@1.0.0 (location: /Users/jlashmet/code/voxel/Library/PackageCache/com.unity.modules.unitywebrequestassetbundle)
    com.unity.modules.unitywebrequestaudio@1.0.0 (location: /Users/jlashmet/code/voxel/Library/PackageCache/com.unity.modules.unitywebrequestaudio)
    com.unity.modules.unitywebrequesttexture@1.0.0 (location: /Users/jlashmet/code/voxel/Library/PackageCache/com.unity.modules.unitywebrequesttexture)
    com.unity.modules.unitywebrequestwww@1.0.0 (location: /Users/jlashmet/code/voxel/Library/PackageCache/com.unity.modules.unitywebrequestwww)
    com.unity.modules.vectorgraphics@1.0.0 (location: /Users/jlashmet/code/voxel/Library/PackageCache/com.unity.modules.vectorgraphics)
    com.unity.modules.vehicles@1.0.0 (location: /Users/jlashmet/code/voxel/Library/PackageCache/com.unity.modules.vehicles)
    com.unity.modules.video@1.0.0 (location: /Users/jlashmet/code/voxel/Library/PackageCache/com.unity.modules.video)
    com.unity.modules.wind@1.0.0 (location: /Users/jlashmet/code/voxel/Library/PackageCache/com.unity.modules.wind)
    com.unity.modules.xr@1.0.0 (location: /Users/jlashmet/code/voxel/Library/PackageCache/com.unity.modules.xr)
    com.unity.modules.subsystems@1.0.0 (location: /Users/jlashmet/code/voxel/Library/PackageCache/com.unity.modules.subsystems)
    com.unity.modules.hierarchycore@1.0.0 (location: /Users/jlashmet/code/voxel/Library/PackageCache/com.unity.modules.hierarchycore)
    com.unity.ext.nunit@2.1.0 (location: /Users/jlashmet/code/voxel/Library/PackageCache/com.unity.ext.nunit@44f7d31723bd)
    com.unity.render-pipelines.core@17.5.0 (location: /Users/jlashmet/code/voxel/Library/PackageCache/com.unity.render-pipelines.core@645717f21c5f)
    com.unity.shadergraph@17.5.0 (location: /Users/jlashmet/code/voxel/Library/PackageCache/com.unity.shadergraph@8d7376ec43ee)
    com.unity.render-pipelines.universal-config@17.5.0 (location: /Users/jlashmet/code/voxel/Library/PackageCache/com.unity.render-pipelines.universal-config@fdda01c80fe3)
  Embedded packages:
    com.mountingforce.worldgen@file:/Users/jlashmet/code/voxel/Packages/com.mountingforce.worldgen (location: /Users/jlashmet/code/voxel/Packages/com.mountingforce.worldgen)
  Git packages:
    com.coplaydev.unity-mcp@https://github.com/CoplayDev/unity-mcp.git?path=/MCPForUnity#main (location: /Users/jlashmet/code/voxel/Library/PackageCache/com.coplaydev.unity-mcp@8bd91ce7bd3a)
[Subsystems] No new subsystems found in resolved package list.
[Package Manager] Done registering packages in 0.00 seconds
[ScriptCompilation] Requested script compilation because: AssetDatabase observed changes in script compilation related files
Assembly for Assembly Definition File 'Assets/VoxelEngine/Tools/Features/VoxelEngine.Tools.Features.asmdef' will not be compiled, because it has no scripts associated with it.
UnityEngine.Debug:ExtractStackTraceNoAlloc (byte*,int,string)
UnityEngine.StackTraceUtility:ExtractStackTrace () (at /Users/bokken/build/output/unity/unity/Runtime/Export/Scripting/StackTrace.cs:35)
UnityEngine.DebugLogHandler:Internal_Log (UnityEngine.LogType,UnityEngine.LogOption,string,UnityEngine.Object)
UnityEngine.DebugLogHandler:LogFormat (UnityEngine.LogType,UnityEngine.Object,string,object[])
UnityEngine.Logger:LogFormat (UnityEngine.LogType,string,object[])
UnityEngine.Debug:LogWarningFormat (string,object[])
UnityEditor.Scripting.ScriptCompilation.EditorCompilation:WarnIfThereAreAssembliesWithoutAnyScripts (UnityEditor.Scripting.ScriptCompilation.ScriptAssemblySettings,UnityEditor.Scripting.ScriptCompilation.ScriptAssembly[]) (at /Users/bokken/build/output/unity/unity/Editor/Mono/Scripting/ScriptCompilation/EditorCompilation.cs:814)
UnityEditor.Scripting.ScriptCompilation.EditorCompilation:CompileScriptsWithSettings (UnityEditor.Scripting.ScriptCompilation.ScriptAssemblySettings) (at /Users/bokken/build/output/unity/unity/Editor/Mono/Scripting/ScriptCompilation/EditorCompilation.cs:871)
UnityEditor.Scripting.ScriptCompilation.EditorCompilation:CompileScripts (UnityEditor.Scripting.ScriptCompilation.EditorScriptCompilationOptions,UnityEditor.BuildTarget,int,string[]) (at /Users/bokken/build/output/unity/unity/Editor/Mono/Scripting/ScriptCompilation/EditorCompilation.cs:748)
UnityEditor.Scripting.ScriptCompilation.EditorCompilationInterface/<>c__DisplayClass21_0:<CompileScripts>b__0 () (at /Users/bokken/build/output/unity/unity/Editor/Mono/Scripting/ScriptCompilation/EditorCompilationInterface.cs:187)
UnityEditor.Scripting.ScriptCompilation.EditorCompilationInterface:EmitExceptionAsError<UnityEditor.Scripting.ScriptCompilation.EditorCompilation/CompileStatus> (System.Func`1<UnityEditor.Scripting.ScriptCompilation.EditorCompilation/CompileStatus>,UnityEditor.Scripting.ScriptCompilation.EditorCompilation/CompileStatus) (at /Users/bokken/build/output/unity/unity/Editor/Mono/Scripting/ScriptCompilation/EditorCompilationInterface.cs:52)
UnityEditor.Scripting.ScriptCompilation.EditorCompilationInterface:CompileScripts (UnityEditor.Scripting.ScriptCompilation.EditorScriptCompilationOptions,UnityEditor.BuildTarget,int,string[]) (at /Users/bokken/build/output/unity/unity/Editor/Mono/Scripting/ScriptCompilation/EditorCompilationInterface.cs:187)

(Filename: /Users/bokken/build/output/unity/unity/Editor/Mono/Scripting/ScriptCompilation/EditorCompilation.cs Line: 814)

Assembly for Assembly Definition File 'Assets/VoxelEngine/Tools/VoxelEngine.Tools.asmdef' will not be compiled, because it has no scripts associated with it.
UnityEngine.Debug:ExtractStackTraceNoAlloc (byte*,int,string)
UnityEngine.StackTraceUtility:ExtractStackTrace () (at /Users/bokken/build/output/unity/unity/Runtime/Export/Scripting/StackTrace.cs:35)
UnityEngine.DebugLogHandler:Internal_Log (UnityEngine.LogType,UnityEngine.LogOption,string,UnityEngine.Object)
UnityEngine.DebugLogHandler:LogFormat (UnityEngine.LogType,UnityEngine.Object,string,object[])
UnityEngine.Logger:LogFormat (UnityEngine.LogType,string,object[])
UnityEngine.Debug:LogWarningFormat (string,object[])
UnityEditor.Scripting.ScriptCompilation.EditorCompilation:WarnIfThereAreAssembliesWithoutAnyScripts (UnityEditor.Scripting.ScriptCompilation.ScriptAssemblySettings,UnityEditor.Scripting.ScriptCompilation.ScriptAssembly[]) (at /Users/bokken/build/output/unity/unity/Editor/Mono/Scripting/ScriptCompilation/EditorCompilation.cs:814)
UnityEditor.Scripting.ScriptCompilation.EditorCompilation:CompileScriptsWithSettings (UnityEditor.Scripting.ScriptCompilation.ScriptAssemblySettings) (at /Users/bokken/build/output/unity/unity/Editor/Mono/Scripting/ScriptCompilation/EditorCompilation.cs:871)
UnityEditor.Scripting.ScriptCompilation.EditorCompilation:CompileScripts (UnityEditor.Scripting.ScriptCompilation.EditorScriptCompilationOptions,UnityEditor.BuildTarget,int,string[]) (at /Users/bokken/build/output/unity/unity/Editor/Mono/Scripting/ScriptCompilation/EditorCompilation.cs:748)
UnityEditor.Scripting.ScriptCompilation.EditorCompilationInterface/<>c__DisplayClass21_0:<CompileScripts>b__0 () (at /Users/bokken/build/output/unity/unity/Editor/Mono/Scripting/ScriptCompilation/EditorCompilationInterface.cs:187)
UnityEditor.Scripting.ScriptCompilation.EditorCompilationInterface:EmitExceptionAsError<UnityEditor.Scripting.ScriptCompilation.EditorCompilation/CompileStatus> (System.Func`1<UnityEditor.Scripting.ScriptCompilation.EditorCompilation/CompileStatus>,UnityEditor.Scripting.ScriptCompilation.EditorCompilation/CompileStatus) (at /Users/bokken/build/output/unity/unity/Editor/Mono/Scripting/ScriptCompilation/EditorCompilationInterface.cs:52)
UnityEditor.Scripting.ScriptCompilation.EditorCompilationInterface:CompileScripts (UnityEditor.Scripting.ScriptCompilation.EditorScriptCompilationOptions,UnityEditor.BuildTarget,int,string[]) (at /Users/bokken/build/output/unity/unity/Editor/Mono/Scripting/ScriptCompilation/EditorCompilationInterface.cs:187)

(Filename: /Users/bokken/build/output/unity/unity/Editor/Mono/Scripting/ScriptCompilation/EditorCompilation.cs Line: 814)

info: Microsoft.Hosting.Lifetime[14]
      Now listening on: http://unix:/tmp/ilpp.sock-c3b432dd611250ca5bcc2f17f61b6832
info: Microsoft.Hosting.Lifetime[0]
      Application started. Press Ctrl+C to shut down.
info: Microsoft.Hosting.Lifetime[0]
      Hosting environment: Production
info: Microsoft.Hosting.Lifetime[0]
      Content root path: /Users/jlashmet/code/voxel
info: Microsoft.AspNetCore.Hosting.Diagnostics[1]
      Request starting HTTP/2 POST http://ilpp/UnityILPP.PostProcessing/Ping - application/grpc -
info: Microsoft.AspNetCore.Routing.EndpointMiddleware[0]
      Executing endpoint 'gRPC - /UnityILPP.PostProcessing/Ping'
info: Microsoft.AspNetCore.Routing.EndpointMiddleware[1]
      Executed endpoint 'gRPC - /UnityILPP.PostProcessing/Ping'
info: Microsoft.AspNetCore.Hosting.Diagnostics[2]
      Request finished HTTP/2 POST http://ilpp/UnityILPP.PostProcessing/Ping - 200 - application/grpc 13.7770ms
Starting: /Applications/Unity/Hub/Editor/6000.5.6f1/Unity.app/Contents/Resources/BuildPipeline/bee_backend --ipc --defer-dag-verification --dagfile="Library/Bee/200b0aE.dag" --continue-on-failure --profile="Library/Bee/backend1.traceevents" ScriptAssemblies
WorkingDir: /Users/jlashmet/code/voxel
DisplayProgressbar: Compiling Scripts
info: Microsoft.AspNetCore.Hosting.Diagnostics[1]
      Request starting HTTP/2 POST http://ilpp/UnityILPP.PostProcessing/ConfigurePostProcessors - application/grpc -
info: Microsoft.AspNetCore.Routing.EndpointMiddleware[0]
      Executing endpoint 'gRPC - /UnityILPP.PostProcessing/ConfigurePostProcessors'
warn: Unity.ILPP.Runner.PostProcessingAssemblyLoadContext[0]
      Assembly system.runtime.interopservices.windowsruntime has duplicate hint path. Ignoring "/Applications/Unity/Hub/Editor/6000.5.6f1/Unity.app/Contents/Resources/Scripting/UnityReferenceAssemblies/unity-4.8-api/Facades/System.Runtime.InteropServices.WindowsRuntime.dll" in favor of "/Applications/Unity/Hub/Editor/6000.5.6f1/Unity.app/Contents/Resources/Scripting/NetStandard/Extensions/2.0.0/System.Runtime.InteropServices.WindowsRuntime.dll"
warn: Unity.ILPP.Runner.PostProcessingAssemblyLoadContext[0]
      Assembly system.componentmodel.composition has duplicate hint path. Ignoring "/Applications/Unity/Hub/Editor/6000.5.6f1/Unity.app/Contents/Resources/Scripting/UnityReferenceAssemblies/unity-4.8-api/System.ComponentModel.Composition.dll" in favor of "/Applications/Unity/Hub/Editor/6000.5.6f1/Unity.app/Contents/Resources/Scripting/NetStandard/compat/2.1.0/shims/netfx/System.ComponentModel.Composition.dll"
info: Unity.ILPP.Runner.PostProcessingAssemblyLoadContext[0]
      Resolved Unity.Burst.Cecil, Version=0.11.6.0, Culture=neutral, PublicKeyToken=50cebf1cceb9d05e with Library/PackageCache/com.unity.burst@6bb9aca3ef38/Unity.Burst.CodeGen/Unity.Burst.Cecil.dll
info: Unity.ILPP.Runner.PostProcessingAssemblyLoadContext[0]
      Resolved Mono.Cecil, Version=0.11.5.0, Culture=neutral, PublicKeyToken=50cebf1cceb9d05e with Library/PackageCache/com.unity.nuget.mono-cecil@ecb9724e46ff/Mono.Cecil.dll
info: Microsoft.AspNetCore.Routing.EndpointMiddleware[1]
      Executed endpoint 'gRPC - /UnityILPP.PostProcessing/ConfigurePostProcessors'
info: Microsoft.AspNetCore.Hosting.Diagnostics[2]
      Request finished HTTP/2 POST http://ilpp/UnityILPP.PostProcessing/ConfigurePostProcessors - 200 - application/grpc 12.4723ms
info: Microsoft.AspNetCore.Hosting.Diagnostics[1]
      Request starting HTTP/2 POST http://ilpp/UnityILPP.PostProcessing/PostProcessAssembly - application/grpc -
info: Microsoft.AspNetCore.Routing.EndpointMiddleware[0]
      Executing endpoint 'gRPC - /UnityILPP.PostProcessing/PostProcessAssembly'
info: Unity.ILPP.Runner.PostProcessingPipeline[0]
      Processing assembly Library/Bee/artifacts/200b0aE.dag/VoxelEngine.Rendering.dll, with 136 defines and 304 references
info: Unity.ILPP.Runner.PostProcessingPipeline[0]
      processors: Unity.Jobs.CodeGen.JobsILPostProcessor, zzzUnity.Burst.CodeGen.BurstILPostProcessor
info: Unity.ILPP.Runner.PostProcessingPipeline[0]
      running Unity.Jobs.CodeGen.JobsILPostProcessor
info: Unity.ILPP.Runner.PostProcessingAssemblyLoadContext[0]
      Resolved Unity.Collections, Version=0.0.0.0, Culture=neutral, PublicKeyToken=null with Library/Bee/artifacts/200b0aE.dag/Unity.Collections.dll
info: Unity.ILPP.Runner.PostProcessingAssemblyLoadContext[0]
      Resolved UnityEditor.CoreModule, Version=0.0.0.0, Culture=neutral, PublicKeyToken=null with /Applications/Unity/Hub/Editor/6000.5.6f1/Unity.app/Contents/Resources/Scripting/Managed/UnityEngine/UnityEditor.CoreModule.dll
info: Unity.ILPP.Runner.PostProcessingAssemblyLoadContext[0]
      Resolved UnityEngine.CoreModule, Version=0.0.0.0, Culture=neutral, PublicKeyToken=null with /Applications/Unity/Hub/Editor/6000.5.6f1/Unity.app/Contents/Resources/Scripting/Managed/UnityEngine/UnityEngine.CoreModule.dll
info: Unity.ILPP.Runner.PostProcessingAssemblyLoadContext[0]
      Resolved Unity.Scripting, Version=0.0.0.0, Culture=neutral, PublicKeyToken=null with /Applications/Unity/Hub/Editor/6000.5.6f1/Unity.app/Contents/Resources/Scripting/Managed/UnityEngine/Unity.Scripting.dll
info: Unity.ILPP.Runner.PostProcessingAssemblyLoadContext[0]
      Resolved Mono.Cecil.Rocks, Version=0.11.5.0, Culture=neutral, PublicKeyToken=50cebf1cceb9d05e with Library/PackageCache/com.unity.nuget.mono-cecil@ecb9724e46ff/Mono.Cecil.Rocks.dll
info: Unity.ILPP.Runner.PostProcessingPipeline[0]
      running zzzUnity.Burst.CodeGen.BurstILPostProcessor
info: Unity.ILPP.Runner.PostProcessingAssemblyLoadContext[0]
      Resolved Unity.Burst.Cecil.Rocks, Version=0.11.6.0, Culture=neutral, PublicKeyToken=50cebf1cceb9d05e with Library/PackageCache/com.unity.burst@6bb9aca3ef38/Unity.Burst.CodeGen/Unity.Burst.Cecil.Rocks.dll
info: Microsoft.AspNetCore.Hosting.Diagnostics[1]
      Request starting HTTP/2 POST http://ilpp/UnityILPP.PostProcessing/PostProcessAssembly - application/grpc -
info: Microsoft.AspNetCore.Hosting.Diagnostics[1]
      Request starting HTTP/2 POST http://ilpp/UnityILPP.PostProcessing/PostProcessAssembly - application/grpc -
info: Microsoft.AspNetCore.Routing.EndpointMiddleware[0]
      Executing endpoint 'gRPC - /UnityILPP.PostProcessing/PostProcessAssembly'
info: Microsoft.AspNetCore.Routing.EndpointMiddleware[0]
      Executing endpoint 'gRPC - /UnityILPP.PostProcessing/PostProcessAssembly'
info: Unity.ILPP.Runner.PostProcessingPipeline[0]
      Processing assembly Library/Bee/artifacts/200b0aE.dag/VoxelEngine.Showcase.dll, with 136 defines and 307 references
info: Unity.ILPP.Runner.PostProcessingPipeline[0]
      processors: Unity.Jobs.CodeGen.JobsILPostProcessor, zzzUnity.Burst.CodeGen.BurstILPostProcessor
info: Unity.ILPP.Runner.PostProcessingPipeline[0]
      Processing assembly Library/Bee/artifacts/200b0aE.dag/VoxelEngine.Tests.EditMode.dll, with 134 defines and 306 references
info: Unity.ILPP.Runner.PostProcessingPipeline[0]
      processors: Unity.Jobs.CodeGen.JobsILPostProcessor, zzzUnity.Burst.CodeGen.BurstILPostProcessor
info: Unity.ILPP.Runner.PostProcessingPipeline[0]
      running Unity.Jobs.CodeGen.JobsILPostProcessor
info: Unity.ILPP.Runner.PostProcessingPipeline[0]
      running Unity.Jobs.CodeGen.JobsILPostProcessor
info: Unity.ILPP.Runner.PostProcessingPipeline[0]
      running zzzUnity.Burst.CodeGen.BurstILPostProcessor
info: Unity.ILPP.Runner.PostProcessingPipeline[0]
      running zzzUnity.Burst.CodeGen.BurstILPostProcessor
info: Microsoft.AspNetCore.Routing.EndpointMiddleware[1]
      Executed endpoint 'gRPC - /UnityILPP.PostProcessing/PostProcessAssembly'
info: Microsoft.AspNetCore.Routing.EndpointMiddleware[1]
      Executed endpoint 'gRPC - /UnityILPP.PostProcessing/PostProcessAssembly'
info: Microsoft.AspNetCore.Routing.EndpointMiddleware[1]
      Executed endpoint 'gRPC - /UnityILPP.PostProcessing/PostProcessAssembly'
info: Microsoft.AspNetCore.Hosting.Diagnostics[2]
      Request finished HTTP/2 POST http://ilpp/UnityILPP.PostProcessing/PostProcessAssembly - 200 - application/grpc 47.8194ms
info: Microsoft.AspNetCore.Hosting.Diagnostics[2]
      Request finished HTTP/2 POST http://ilpp/UnityILPP.PostProcessing/PostProcessAssembly - 200 - application/grpc 334.5839ms
info: Microsoft.AspNetCore.Hosting.Diagnostics[2]
      Request finished HTTP/2 POST http://ilpp/UnityILPP.PostProcessing/PostProcessAssembly - 200 - application/grpc 47.8238ms
info: Microsoft.AspNetCore.Hosting.Diagnostics[1]
      Request starting HTTP/2 POST http://ilpp/UnityILPP.PostProcessing/PostProcessAssembly - application/grpc -
info: Microsoft.AspNetCore.Routing.EndpointMiddleware[0]
      Executing endpoint 'gRPC - /UnityILPP.PostProcessing/PostProcessAssembly'
info: Microsoft.AspNetCore.Hosting.Diagnostics[1]
      Request starting HTTP/2 POST http://ilpp/UnityILPP.PostProcessing/PostProcessAssembly - application/grpc -
info: Microsoft.AspNetCore.Routing.EndpointMiddleware[0]
      Executing endpoint 'gRPC - /UnityILPP.PostProcessing/PostProcessAssembly'
info: Microsoft.AspNetCore.Hosting.Diagnostics[1]
      Request starting HTTP/2 POST http://ilpp/UnityILPP.PostProcessing/PostProcessAssembly - application/grpc -
info: Microsoft.AspNetCore.Routing.EndpointMiddleware[0]
      Executing endpoint 'gRPC - /UnityILPP.PostProcessing/PostProcessAssembly'
info: Unity.ILPP.Runner.PostProcessingPipeline[0]
      Processing assembly Library/Bee/artifacts/200b0aE.dag/VoxelEngine.CI.Editor.dll, with 134 defines and 314 references
info: Unity.ILPP.Runner.PostProcessingPipeline[0]
      processors: Unity.Jobs.CodeGen.JobsILPostProcessor, zzzUnity.Burst.CodeGen.BurstILPostProcessor
info: Unity.ILPP.Runner.PostProcessingPipeline[0]
      running Unity.Jobs.CodeGen.JobsILPostProcessor
info: Unity.ILPP.Runner.PostProcessingPipeline[0]
      Processing assembly Library/Bee/artifacts/200b0aE.dag/VoxelEngine.Tests.PlayMode.dll, with 136 defines and 294 references
info: Unity.ILPP.Runner.PostProcessingPipeline[0]
      processors: Unity.Jobs.CodeGen.JobsILPostProcessor, zzzUnity.Burst.CodeGen.BurstILPostProcessor
info: Unity.ILPP.Runner.PostProcessingPipeline[0]
      Processing assembly Library/Bee/artifacts/200b0aE.dag/VoxelEngine.CI.PlayMode.dll, with 136 defines and 287 references
info: Unity.ILPP.Runner.PostProcessingPipeline[0]
      processors: Unity.Jobs.CodeGen.JobsILPostProcessor, zzzUnity.Burst.CodeGen.BurstILPostProcessor
info: Unity.ILPP.Runner.PostProcessingPipeline[0]
      running Unity.Jobs.CodeGen.JobsILPostProcessor
info: Unity.ILPP.Runner.PostProcessingPipeline[0]
      running Unity.Jobs.CodeGen.JobsILPostProcessor
info: Unity.ILPP.Runner.PostProcessingPipeline[0]
      running zzzUnity.Burst.CodeGen.BurstILPostProcessor
info: Microsoft.AspNetCore.Routing.EndpointMiddleware[1]
      Executed endpoint 'gRPC - /UnityILPP.PostProcessing/PostProcessAssembly'
info: Microsoft.AspNetCore.Hosting.Diagnostics[2]
      Request finished HTTP/2 POST http://ilpp/UnityILPP.PostProcessing/PostProcessAssembly - 200 - application/grpc 2.0834ms
info: Unity.ILPP.Runner.PostProcessingPipeline[0]
      running zzzUnity.Burst.CodeGen.BurstILPostProcessor
info: Unity.ILPP.Runner.PostProcessingPipeline[0]
      running zzzUnity.Burst.CodeGen.BurstILPostProcessor
info: Microsoft.AspNetCore.Routing.EndpointMiddleware[1]
      Executed endpoint 'gRPC - /UnityILPP.PostProcessing/PostProcessAssembly'
info: Microsoft.AspNetCore.Hosting.Diagnostics[2]
      Request finished HTTP/2 POST http://ilpp/UnityILPP.PostProcessing/PostProcessAssembly - 200 - application/grpc 11.7956ms
info: Microsoft.AspNetCore.Routing.EndpointMiddleware[1]
      Executed endpoint 'gRPC - /UnityILPP.PostProcessing/PostProcessAssembly'
info: Microsoft.AspNetCore.Hosting.Diagnostics[2]
      Request finished HTTP/2 POST http://ilpp/UnityILPP.PostProcessing/PostProcessAssembly - 200 - application/grpc 27.5605ms
ExitCode: 0 Duration: 2s489ms
[ 940/1280  0s] ILPP-Configuration Library/ilpp-configuration.nevergeneratedoutput
[1256/1280  1s] Csc Library/Bee/artifacts/200b0aE.dag/VoxelEngine.Rendering.dll (+2 others)
Assets/VoxelEngine/Rendering/SurfaceExtraction/CpuTransvoxelChunkCache.cs(285,17): warning CS0219: The variable 'cellCount' is assigned but its value is never used
[1257/1280  0s] Csc Library/Bee/artifacts/200b0aE.dag/VoxelEngine.Showcase.dll (+2 others)
Assets/Scenes/Showcase/CompactFpsOverlay.cs(32,17): warning CS0618: 'Object.FindFirstObjectByType<T>()' is obsolete: 'FindFirstObjectByType has been deprecated because it relies on instance ID ordering. Use FindAnyObjectByType instead, which does not depend on ordering.'
[1258/1280  0s] Csc Library/Bee/artifacts/200b0aE.dag/VoxelEngine.Tests.EditMode.dll (+2 others)
[1259/1280  0s] ILPostProcess Library/Bee/artifacts/200b0aE.dag/post-processed/VoxelEngine.Rendering.dll (+pdb)
Processing assembly Library/Bee/artifacts/200b0aE.dag/VoxelEngine.Rendering.dll, with 136 defines and 304 references
processors: Unity.Jobs.CodeGen.JobsILPostProcessor, zzzUnity.Burst.CodeGen.BurstILPostProcessor
running Unity.Jobs.CodeGen.JobsILPostProcessor
running zzzUnity.Burst.CodeGen.BurstILPostProcessor
[1260/1280  0s] ILPostProcess Library/Bee/artifacts/200b0aE.dag/post-processed/VoxelEngine.Tests.EditMode.dll (+pdb)
Processing assembly Library/Bee/artifacts/200b0aE.dag/VoxelEngine.Tests.EditMode.dll, with 134 defines and 306 references
processors: Unity.Jobs.CodeGen.JobsILPostProcessor, zzzUnity.Burst.CodeGen.BurstILPostProcessor
running Unity.Jobs.CodeGen.JobsILPostProcessor
running zzzUnity.Burst.CodeGen.BurstILPostProcessor
[1261/1280  0s] ILPostProcess Library/Bee/artifacts/200b0aE.dag/post-processed/VoxelEngine.Showcase.dll (+pdb)
Processing assembly Library/Bee/artifacts/200b0aE.dag/VoxelEngine.Showcase.dll, with 136 defines and 307 references
processors: Unity.Jobs.CodeGen.JobsILPostProcessor, zzzUnity.Burst.CodeGen.BurstILPostProcessor
running Unity.Jobs.CodeGen.JobsILPostProcessor
running zzzUnity.Burst.CodeGen.BurstILPostProcessor
[1262/1280  0s] CopyFiles Library/ScriptAssemblies/VoxelEngine.Rendering.dll
[1263/1280  0s] CopyFiles Library/ScriptAssemblies/VoxelEngine.Rendering.pdb
[1264/1280  0s] CopyFiles Library/ScriptAssemblies/VoxelEngine.Tests.EditMode.pdb
[1265/1280  0s] CopyFiles Library/ScriptAssemblies/VoxelEngine.Showcase.dll
[1266/1280  0s] CopyFiles Library/ScriptAssemblies/VoxelEngine.Tests.EditMode.dll
[1267/1280  0s] CopyFiles Library/ScriptAssemblies/VoxelEngine.Showcase.pdb
[1268/1280  0s] Csc Library/Bee/artifacts/200b0aE.dag/VoxelEngine.CI.Editor.dll (+2 others)
[1269/1280  0s] Csc Library/Bee/artifacts/200b0aE.dag/VoxelEngine.Tests.PlayMode.dll (+2 others)
Assets/Tests/PlayMode/CastleExteriorLookdevTests.cs(40,28): warning CS0618: 'Object.FindFirstObjectByType<T>()' is obsolete: 'FindFirstObjectByType has been deprecated because it relies on instance ID ordering. Use FindAnyObjectByType instead, which does not depend on ordering.'
Assets/Tests/PlayMode/CastleAccessTests.cs(30,28): warning CS0618: 'Object.FindFirstObjectByType<T>()' is obsolete: 'FindFirstObjectByType has been deprecated because it relies on instance ID ordering. Use FindAnyObjectByType instead, which does not depend on ordering.'
Assets/Tests/PlayMode/CastleAccessTests.cs(63,28): warning CS0618: 'Object.FindFirstObjectByType<T>()' is obsolete: 'FindFirstObjectByType has been deprecated because it relies on instance ID ordering. Use FindAnyObjectByType instead, which does not depend on ordering.'
Assets/Tests/PlayMode/CastleAccessTests.cs(107,28): warning CS0618: 'Object.FindFirstObjectByType<T>()' is obsolete: 'FindFirstObjectByType has been deprecated because it relies on instance ID ordering. Use FindAnyObjectByType instead, which does not depend on ordering.'
Assets/Tests/PlayMode/ShowcaseSpawnTests.cs(22,28): warning CS0618: 'Object.FindFirstObjectByType<T>()' is obsolete: 'FindFirstObjectByType has been deprecated because it relies on instance ID ordering. Use FindAnyObjectByType instead, which does not depend on ordering.'
Assets/Tests/PlayMode/CastleScreenshotTests.cs(44,28): warning CS0618: 'Object.FindFirstObjectByType<T>()' is obsolete: 'FindFirstObjectByType has been deprecated because it relies on instance ID ordering. Use FindAnyObjectByType instead, which does not depend on ordering.'
Assets/Tests/PlayMode/ShowcasePerformanceTests.cs(27,38): warning CS0618: 'Object.FindFirstObjectByType<T>()' is obsolete: 'FindFirstObjectByType has been deprecated because it relies on instance ID ordering. Use FindAnyObjectByType instead, which does not depend on ordering.'
Assets/Tests/PlayMode/CastleAccessTests.cs(200,28): warning CS0618: 'Object.FindFirstObjectByType<T>()' is obsolete: 'FindFirstObjectByType has been deprecated because it relies on instance ID ordering. Use FindAnyObjectByType instead, which does not depend on ordering.'
Assets/Tests/PlayMode/FallingVoxelPhysicsTests.cs(537,28): warning CS0618: 'Object.FindFirstObjectByType<T>()' is obsolete: 'FindFirstObjectByType has been deprecated because it relies on instance ID ordering. Use FindAnyObjectByType instead, which does not depend on ordering.'
Assets/Tests/PlayMode/FallingVoxelPhysicsTests.cs(567,28): warning CS0618: 'Object.FindFirstObjectByType<T>()' is obsolete: 'FindFirstObjectByType has been deprecated because it relies on instance ID ordering. Use FindAnyObjectByType instead, which does not depend on ordering.'
Assets/Tests/PlayMode/FallingVoxelPhysicsTests.cs(594,28): warning CS0618: 'Object.FindFirstObjectByType<T>()' is obsolete: 'FindFirstObjectByType has been deprecated because it relies on instance ID ordering. Use FindAnyObjectByType instead, which does not depend on ordering.'
Assets/Tests/PlayMode/CastleAccessTests.cs(229,28): warning CS0618: 'Object.FindFirstObjectByType<T>()' is obsolete: 'FindFirstObjectByType has been deprecated because it relies on instance ID ordering. Use FindAnyObjectByType instead, which does not depend on ordering.'
[1270/1280  0s] Csc Library/Bee/artifacts/200b0aE.dag/VoxelEngine.CI.PlayMode.dll (+2 others)
Assets/VoxelEngine/CI/PlayMode/ShowcaseTreeDestructionVisualTests.cs(51,38): warning CS0618: 'Object.FindFirstObjectByType<T>()' is obsolete: 'FindFirstObjectByType has been deprecated because it relies on instance ID ordering. Use FindAnyObjectByType instead, which does not depend on ordering.'
[1271/1280  0s] ILPostProcess Library/Bee/artifacts/200b0aE.dag/post-processed/VoxelEngine.CI.Editor.dll (+pdb)
Processing assembly Library/Bee/artifacts/200b0aE.dag/VoxelEngine.CI.Editor.dll, with 134 defines and 314 references
processors: Unity.Jobs.CodeGen.JobsILPostProcessor, zzzUnity.Burst.CodeGen.BurstILPostProcessor
running Unity.Jobs.CodeGen.JobsILPostProcessor
running zzzUnity.Burst.CodeGen.BurstILPostProcessor
[1272/1280  0s] CopyFiles Library/ScriptAssemblies/VoxelEngine.CI.Editor.dll
[1273/1280  0s] CopyFiles Library/ScriptAssemblies/VoxelEngine.CI.Editor.pdb
[1274/1280  0s] ILPostProcess Library/Bee/artifacts/200b0aE.dag/post-processed/VoxelEngine.CI.PlayMode.dll (+pdb)
Processing assembly Library/Bee/artifacts/200b0aE.dag/VoxelEngine.CI.PlayMode.dll, with 136 defines and 287 references
processors: Unity.Jobs.CodeGen.JobsILPostProcessor, zzzUnity.Burst.CodeGen.BurstILPostProcessor
running Unity.Jobs.CodeGen.JobsILPostProcessor
running zzzUnity.Burst.CodeGen.BurstILPostProcessor
[1275/1280  0s] ILPostProcess Library/Bee/artifacts/200b0aE.dag/post-processed/VoxelEngine.Tests.PlayMode.dll (+pdb)
Processing assembly Library/Bee/artifacts/200b0aE.dag/VoxelEngine.Tests.PlayMode.dll, with 136 defines and 294 references
processors: Unity.Jobs.CodeGen.JobsILPostProcessor, zzzUnity.Burst.CodeGen.BurstILPostProcessor
running Unity.Jobs.CodeGen.JobsILPostProcessor
running zzzUnity.Burst.CodeGen.BurstILPostProcessor
[1276/1280  0s] CopyFiles Library/ScriptAssemblies/VoxelEngine.CI.PlayMode.pdb
[1277/1280  0s] CopyFiles Library/ScriptAssemblies/VoxelEngine.CI.PlayMode.dll
[1278/1280  0s] CopyFiles Library/ScriptAssemblies/VoxelEngine.Tests.PlayMode.dll
[1279/1280  0s] CopyFiles Library/ScriptAssemblies/VoxelEngine.Tests.PlayMode.pdb
*** Tundra build success (2.47 seconds), 25 items updated, 1280 evaluated
Assets/VoxelEngine/Rendering/SurfaceExtraction/CpuTransvoxelChunkCache.cs(285,17): warning CS0219: The variable 'cellCount' is assigned but its value is never used
Assets/Scenes/Showcase/CompactFpsOverlay.cs(32,17): warning CS0618: 'Object.FindFirstObjectByType<T>()' is obsolete: 'FindFirstObjectByType has been deprecated because it relies on instance ID ordering. Use FindAnyObjectByType instead, which does not depend on ordering.'
Assets/Tests/PlayMode/CastleExteriorLookdevTests.cs(40,28): warning CS0618: 'Object.FindFirstObjectByType<T>()' is obsolete: 'FindFirstObjectByType has been deprecated because it relies on instance ID ordering. Use FindAnyObjectByType instead, which does not depend on ordering.'
Assets/Tests/PlayMode/CastleAccessTests.cs(30,28): warning CS0618: 'Object.FindFirstObjectByType<T>()' is obsolete: 'FindFirstObjectByType has been deprecated because it relies on instance ID ordering. Use FindAnyObjectByType instead, which does not depend on ordering.'
Assets/Tests/PlayMode/CastleAccessTests.cs(63,28): warning CS0618: 'Object.FindFirstObjectByType<T>()' is obsolete: 'FindFirstObjectByType has been deprecated because it relies on instance ID ordering. Use FindAnyObjectByType instead, which does not depend on ordering.'
Assets/Tests/PlayMode/CastleAccessTests.cs(107,28): warning CS0618: 'Object.FindFirstObjectByType<T>()' is obsolete: 'FindFirstObjectByType has been deprecated because it relies on instance ID ordering. Use FindAnyObjectByType instead, which does not depend on ordering.'
Assets/Tests/PlayMode/ShowcaseSpawnTests.cs(22,28): warning CS0618: 'Object.FindFirstObjectByType<T>()' is obsolete: 'FindFirstObjectByType has been deprecated because it relies on instance ID ordering. Use FindAnyObjectByType instead, which does not depend on ordering.'
Assets/Tests/PlayMode/CastleScreenshotTests.cs(44,28): warning CS0618: 'Object.FindFirstObjectByType<T>()' is obsolete: 'FindFirstObjectByType has been deprecated because it relies on instance ID ordering. Use FindAnyObjectByType instead, which does not depend on ordering.'
Assets/Tests/PlayMode/ShowcasePerformanceTests.cs(27,38): warning CS0618: 'Object.FindFirstObjectByType<T>()' is obsolete: 'FindFirstObjectByType has been deprecated because it relies on instance ID ordering. Use FindAnyObjectByType instead, which does not depend on ordering.'
Assets/Tests/PlayMode/CastleAccessTests.cs(200,28): warning CS0618: 'Object.FindFirstObjectByType<T>()' is obsolete: 'FindFirstObjectByType has been deprecated because it relies on instance ID ordering. Use FindAnyObjectByType instead, which does not depend on ordering.'
Assets/Tests/PlayMode/FallingVoxelPhysicsTests.cs(537,28): warning CS0618: 'Object.FindFirstObjectByType<T>()' is obsolete: 'FindFirstObjectByType has been deprecated because it relies on instance ID ordering. Use FindAnyObjectByType instead, which does not depend on ordering.'
Assets/Tests/PlayMode/FallingVoxelPhysicsTests.cs(567,28): warning CS0618: 'Object.FindFirstObjectByType<T>()' is obsolete: 'FindFirstObjectByType has been deprecated because it relies on instance ID ordering. Use FindAnyObjectByType instead, which does not depend on ordering.'
Assets/Tests/PlayMode/FallingVoxelPhysicsTests.cs(594,28): warning CS0618: 'Object.FindFirstObjectByType<T>()' is obsolete: 'FindFirstObjectByType has been deprecated because it relies on instance ID ordering. Use FindAnyObjectByType instead, which does not depend on ordering.'
Assets/Tests/PlayMode/CastleAccessTests.cs(229,28): warning CS0618: 'Object.FindFirstObjectByType<T>()' is obsolete: 'FindFirstObjectByType has been deprecated because it relies on instance ID ordering. Use FindAnyObjectByType instead, which does not depend on ordering.'
Assets/VoxelEngine/CI/PlayMode/ShowcaseTreeDestructionVisualTests.cs(51,38): warning CS0618: 'Object.FindFirstObjectByType<T>()' is obsolete: 'FindFirstObjectByType has been deprecated because it relies on instance ID ordering. Use FindAnyObjectByType instead, which does not depend on ordering.'
AssetDatabase: script compilation time: 2.832104s
Total cache size 161032424
Total cache size after purge 161032424, took 00:00:00.1239824
Begin MonoManager ReloadAssembly
Symbol file LoadedFromMemory is not a mono symbol file
Native extension for OSXStandalone target not found
Native extension for WebGL target not found
Refreshing native plugins compatible for Editor in 2.02 ms, found 2 plugins.
ScheduleIndexationOnStartup MainProcess:True IndexOnStartup:True
Mono: successfully reloaded assembly
- Finished resetting the current domain, in  1.949 seconds
Domain Reload Profiling: 2344ms
	BeginReloadAssembly (93ms)
		DisableScriptedObjects (9ms)
		CreateAndSetChildDomain (31ms)
	RebuildCommonClasses (4ms)
	RebuildNativeTypeToScriptingClass (8ms)
	initialDomainReloadingComplete (20ms)
	LoadAllAssembliesAndSetupDomain (268ms)
		LoadAssemblies (125ms)
		AnalyzeDomain (122ms)
			TypeCache.Refresh (89ms)
				TypeCache.ScanAssembly (80ms)
			BuildScriptInfoCaches (29ms)
			ResolveRequiredComponents (3ms)
	FinalizeReload (1950ms)
		SetupLoadedEditorAssemblies (0ms)
			BeforeProcessingInitializeOnLoad (38ms)
			ProcessInitializeOnLoadAttributes (1647ms)
			ProcessInitializeOnLoadMethodAttributes (151ms)
		AwakeInstancesAfterBackupRestoration (7ms)
Starting new worker id: 0 with log in /Users/jlashmet/code/voxel/Logs/AssetImportWorkerHW0.log
Refreshing native plugins compatible for Editor in 2.66 ms, found 2 plugins.

Asset Pipeline Refresh (id=6e896d21452e140e9bab4603675fa55d): Total: 6.081 seconds - Initiated by InitialRefreshV2(ForceSynchronousImport)
	(Values over 0.05ms)
	Summary:
		Imports: total=0 (actual=0, local cache=0, cache server=0)
		Asset DB Process Time: managed=0 ms, native=2667 ms
		Asset DB Callback time: managed=126 ms, native=11 ms
		Scripting: domain reloads=1, domain reload time=410 ms, compile time=2837 ms, other=28 ms
		Project Asset Count: scripts=1724, non-scripts=2518
		Asset File Changes: new=0, changed=5, moved=0, deleted=0
		Scan Filter Count: 1
	InvokePackagesCallback: 4.997ms
	ApplyChangesToAssetFolders: 0.189ms
	Scan: 505.871ms
	Collect global state as custom dependencies: 15.074ms
	OnSourceAssetsModified: 0.261ms
	CategorizeScriptCompilationAssets: 18.883ms
	ProcessAssetsWithTransientArtifactChanges: 38.740ms
	CategorizeAssets: 38.947ms
	CompileScripts: 2836.777ms
	ImportOutOfDateAssets: 1996.947ms (1965.927ms without children)
		UnloadImportedAssets: 0.616ms
		EnsureUptoDateAssetsAreRegisteredWithGuidPM: 0.445ms
		ImportSchedulerStart: 29.925ms
	PostProcessAllAssets: 128.245ms
		VCAutoAddAssetPostprocess 1.632ms
		XRBuildSystem.XRAssetImported 0.367ms
		PostProcessCallbackCreateDeferredMaterials 0.051ms
		MonoPostProcessAllAssets: 125.943ms
			AssetPostprocessor.OnPostprocessAllAssets 86.758ms
			StyleCatalogPostProcessor.OnPostprocessAllAssets 9.022ms
			UniversalRenderPipelineGlobalSettingsPostprocessor.OnPostprocessAllAssets 5.066ms
			BuilderAssetPostprocessor.OnPostprocessAllAssets 4.464ms
			SpriteSlicePostprocessor.OnPostprocessAllAssets 1.119ms
			ShaderGraphAssetPostProcessor.OnPostprocessAllAssets 0.902ms
			SpeedTree9Postprocessor.OnPostprocessAllAssets 0.891ms
			WindowAssetPostprocessingWatcher.OnPostprocessAllAssets 0.879ms
			AssetChangedListener.OnPostprocessAllAssets 0.771ms
			RetainedModeAssetPostprocessor.OnPostprocessAllAssets 0.628ms
			EditModeScopePostprocessor.OnPostprocessAllAssets 0.460ms
			MaterialPostprocessor.OnPostprocessAllAssets 0.360ms
			RenderPipelineGlobalSettingsPostprocessor.OnPostprocessAllAssets 0.311ms
			ArtifactBrowserPostProcessor.OnPostprocessAllAssets 0.295ms
			SpriteEditorTexturePostprocessor.OnPostprocessAllAssets 0.280ms
			TextAssetPostProcessor.OnPostprocessAllAssets 0.173ms
			SampleDependencyImporterPostProcessor.OnPostprocessAllAssets 0.162ms
			UVCSAssetPostprocessor.OnPostprocessAllAssets 0.161ms
			AudioMixerPostprocessor.OnPostprocessAllAssets 0.154ms
			TMPro_TexturePostProcessor.OnPostprocessAllAssets 0.144ms
			AssetEvents.OnPostprocessAllAssets 0.135ms
			ReferencedClipsPostProcessor.OnPostprocessAllAssets 0.135ms
			ShaderReflectionAssetPostProcessor.OnPostprocessAllAssets 0.135ms
			PostProcessor.OnPostprocessAllAssets 0.125ms
			AssetProcessor.OnPostprocessAllAssets 0.124ms
			TerrainToolbarOverlayPostProcessor.OnPostprocessAllAssets 0.085ms
			SpeedTreePostProcessor.OnPostprocessAllAssets 0.070ms
			AssetDatabaseCallbacks.OnPostprocessAllAssets 0.064ms
			AssetPostprocessorProxy.OnPostprocessAllAssets 0.062ms
			SyncVS.PostprocessSyncProject 0.053ms
			SamplePostprocessor.OnPostprocessAllAssets 0.051ms
			ConfigAssetsTracker.OnPostprocessAllAssets 0.050ms
	PostAssetChangesProfiler: 4.504ms
	UnloadStreamsBegin: 0.921ms
	PersistCurrentRevisions: 0.087ms
	GenerateScriptTypeHashes: 1.018ms
	GenerateScriptTypeSerializationHashes: 2.087ms
	Untracked: 489.409ms

Application.AssetDatabase Initial Refresh End
Shader Hidden/ChartRasterizerHardware is not supported: GPU does not support conservative rasterization
Launching external process: /Applications/Unity/Hub/Editor/6000.5.6f1/Unity.app/Contents/Helpers/UnityShaderCompiler
Launched and connected shader compiler UnityShaderCompiler after 0.03 seconds
Shader Hidden/ChartRasterizerHardware is not supported: GPU does not support conservative rasterization
Scanning for USB devices : 0.211ms
Initializing Unity extensions:
[MODES] ModeService[none].Initialize
[MODES] ModeService[none].LoadModes
[MODES] Loading mode Default (0) for mode-current-id-voxel
2026-08-13 09:57:39.209 Unity[38728:1476101] NSEventModifierFlagFunction specified to -setKeyEquivalentModifierMask: for item <NSMenuItem: 0x600000aee610 SDF, ke='Command-F12'>, but is only supported for system-provided menu items; will not be used
Unloading 52 Unused Serialized files (Serialized files now loaded: 0)
Unloading 7069 unused Assets / (6.5 MB). Loaded Objects now: 7875.
Memory consumption went from 270.9 MB to 264.5 MB.
Total: 9.120541 ms (FindLiveObjects: 0.303917 ms CreateObjectMapping: 1.535250 ms MarkObjects: 4.878959 ms  DeleteObjects: 2.401875 ms)

2026-08-13 09:57:39.288 Unity[38728:1476101] NSEventModifierFlagFunction specified to -setKeyEquivalentModifierMask: for item <NSMenuItem: 0x600000a24850 SDF, ke='Command-F12'>, but is only supported for system-provided menu items; will not be used
[Project] Loading completed in 7.346 seconds
	Project init time: 				7.184 seconds
		Template init time: 		0.000 seconds
		Package Manager init time: 		0.233 seconds
		Asset Database init time: 		0.162 seconds
		Global illumination init time: 	0.001 seconds
		Assemblies load time: 			0.416 seconds
		Unity extensions init time: 	0.012 seconds
		Asset Database refresh time: 	6.081 seconds
	Scene opening time: 			0.102 seconds
##utp:{"type":"ProjectInfo","version":2,"phase":"Immediate","time":1786651059289,"processId":38728,"projectLoad":7.346314708,"projectInit":7.184199875,"templateInit":0.0,"packageManagerInit":0.232894042,"assetDatabaseInit":0.162232958,"globalIlluminationInit":0.00050225,"assembliesLoad":0.416162542,"unityExtensionsInit":0.011849625,"assetDatabaseRefresh":6.081439375,"sceneOpening":0.101831417}
##utp:{"type":"EditorInfo","version":2,"phase":"Immediate","time":1786651059289,"processId":38728,"editorVersion":"6000.5.6f1 (0e0577a1a2ac)","branch":"6000.5/staging","buildType":"Release","platform":"OSX"}
Subscribe to USB device events
Scanning for USB devices : 0.177ms
[Licensing::Client] Successfully resolved entitlement details
Running tests for ExecutionSettings with details:
targetPlatform = 
playerHeartbeatTimeout = 600
filters[0] = 
   Filter with settings:
   testMode = PlayMode
   targetPlatform = 
   testNames = null
   groupNames = VoxelEngine.Tests.PlayMode.ShowcasePerformanceTests.FullShowcaseConvergesWithinTenSecondsWithoutLaterStalls
   categoryNames = null
   assemblyNames = null
ignoreTests = {}
featureFlags = null

UnityEngine.Debug:ExtractStackTraceNoAlloc (byte*,int,string)
UnityEngine.StackTraceUtility:ExtractStackTrace () (at /Users/bokken/build/output/unity/unity/Runtime/Export/Scripting/StackTrace.cs:35)
UnityEngine.DebugLogHandler:Internal_Log (UnityEngine.LogType,UnityEngine.LogOption,string,UnityEngine.Object)
UnityEngine.DebugLogHandler:LogFormat (UnityEngine.LogType,UnityEngine.Object,string,object[])
UnityEngine.Logger:Log (UnityEngine.LogType,object)
UnityEngine.Debug:Log (object)
UnityEditor.TestTools.TestRunner.CommandLineTest.Executer:InitializeAndExecuteRun (string[]) (at ./Library/PackageCache/com.unity.test-framework@1405238725ab/UnityEditor.TestRunner/CommandLineTest/Executer.cs:53)
UnityEditor.TestTools.TestRunner.CommandLineTest.TestStarter:InitializeAndExecuteRun () (at ./Library/PackageCache/com.unity.test-framework@1405238725ab/UnityEditor.TestRunner/CommandLineTest/TestStarter.cs:64)
UnityEditor.EditorApplication:Internal_CallUpdateFunctions () (at /Users/bokken/build/output/unity/unity/Editor/Mono/EditorApplication.cs:403)

(Filename: ./Library/PackageCache/com.unity.test-framework@1405238725ab/UnityEditor.TestRunner/CommandLineTest/Executer.cs Line: 53)

Start Indexing on Editor startup
[Indexing] Starting Initial Indexing for Assets
[UnityConnectServicesConfig] config is NOT valid, switching to default
Created GICache directory at /Users/jlashmet/Library/Caches/com.unity3d.UnityEditor/GiCache. Took: 0.002s, timestamps: [7.348 - 7.350]
[Licensing::Client] Successfully resolved entitlement details
Worker ready: AssetImportWorkerHW0 0
Unloading 3 Unused Serialized files (Serialized files now loaded: 0)
Unloading 1 unused Assets / (58.3 KB). Loaded Objects now: 7895.
Memory consumption went from 246.6 MB to 246.6 MB.
Total: 6.484333 ms (FindLiveObjects: 0.145334 ms CreateObjectMapping: 0.516750 ms MarkObjects: 5.802125 ms  DeleteObjects: 0.019666 ms)

Importing 'GUID: 3751fdc802c764926892fa181735eee6 - Path: Assets/InitTestScenea3549ee3-2ca7-4c6a-8f4c-72f2e3f3948d.unity' with importer (DefaultImporter)
Imported 'GUID: 3751fdc802c764926892fa181735eee6' -> (Import Result ID: 'c7c33b8ee2b430ad78f72cbb276f0f07') in 0.002 seconds [static dependencies only]. Details - ImportResultOutputID=4a876724432e72f78b463aef766c7608 DependenciesID=0894ac580c8c7b4b079fcf22300c5ccd StaticDependenciesID=6532b66a8f26a4005304a7a49b150237 
Refreshing native plugins compatible for Editor in 2.27 ms, found 2 plugins.
Asset Pipeline Refresh (id=4ea40ce894d9046e8b2d8dac854c477c): Total: 0.099 seconds - Initiated by StopAssetImportingV2(NoUpdateAssetOptions)
Executing IPrebuildSetup for: Unity.PerformanceTesting.Editor.TestRunBuilder.
UnityEngine.Debug:ExtractStackTraceNoAlloc (byte*,int,string)
UnityEngine.StackTraceUtility:ExtractStackTrace () (at /Users/bokken/build/output/unity/unity/Runtime/Export/Scripting/StackTrace.cs:35)
UnityEngine.DebugLogHandler:Internal_Log (UnityEngine.LogType,UnityEngine.LogOption,string,UnityEngine.Object)
UnityEngine.DebugLogHandler:LogFormat (UnityEngine.LogType,UnityEngine.Object,string,object[])
UnityEngine.Logger:Log (UnityEngine.LogType,object)
UnityEngine.Debug:Log (object)
UnityEditor.TestTools.TestRunner.TestRun.Tasks.BuildActionTaskBase`1/<ExecuteMethods>d__8<UnityEngine.TestTools.IPrebuildSetup>:MoveNext () (at ./Library/PackageCache/com.unity.test-framework@1405238725ab/UnityEditor.TestRunner/TestRun/Tasks/BuildActionTaskBase.cs:48)
UnityEditor.TestTools.TestRunner.TestRun.Tasks.BuildActionTaskBase`1/<Execute>d__7<UnityEngine.TestTools.IPrebuildSetup>:MoveNext () (at ./Library/PackageCache/com.unity.test-framework@1405238725ab/UnityEditor.TestRunner/TestRun/Tasks/BuildActionTaskBase.cs:34)
UnityEditor.TestTools.TestRunner.TestRun.TestJobRunner:ExecuteStep () (at ./Library/PackageCache/com.unity.test-framework@1405238725ab/UnityEditor.TestRunner/TestRun/TestJobRunner.cs:194)
UnityEditor.TestTools.TestRunner.TestRun.TestJobRunner:ExecuteCallback () (at ./Library/PackageCache/com.unity.test-framework@1405238725ab/UnityEditor.TestRunner/TestRun/TestJobRunner.cs:129)
UnityEditor.EditorApplication:Internal_CallUpdateFunctions () (at /Users/bokken/build/output/unity/unity/Editor/Mono/EditorApplication.cs:403)

(Filename: ./Library/PackageCache/com.unity.test-framework@1405238725ab/UnityEditor.TestRunner/TestRun/Tasks/BuildActionTaskBase.cs Line: 48)

Thread 0x3330a3000 may have been prematurely finalized
Reloading assemblies for play mode.
Reloading assemblies after forced synchronous recompile.
Begin MonoManager ReloadAssembly
2026-08-13 09:57:40.312 Unity[38728:1476101] NSEventModifierFlagFunction specified to -setKeyEquivalentModifierMask: for item <NSMenuItem: 0x600000a1f950 SDF, ke='Command-F12'>, but is only supported for system-provided menu items; will not be used
2026-08-13 09:57:40.314 Unity[38728:1476101] NSEventModifierFlagFunction specified to -setKeyEquivalentModifierMask: for item <NSMenuItem: 0x600000a04460 SDF, ke='Command-F12'>, but is only supported for system-provided menu items; will not be used
Symbol file LoadedFromMemory is not a mono symbol file
Refreshing native plugins compatible for Editor in 2.03 ms, found 2 plugins.
Native extension for OSXStandalone target not found
Native extension for WebGL target not found
ScheduleIndexationOnStartup MainProcess:True IndexOnStartup:True
Mono: successfully reloaded assembly
- Finished resetting the current domain, in  1.759 seconds
Domain Reload Profiling: 2341ms
	BeginReloadAssembly (379ms)
		DisableScriptedObjects (94ms)
		CreateAndSetChildDomain (166ms)
	RebuildCommonClasses (4ms)
	RebuildNativeTypeToScriptingClass (9ms)
	initialDomainReloadingComplete (23ms)
	LoadAllAssembliesAndSetupDomain (167ms)
		LoadAssemblies (45ms)
		AnalyzeDomain (22ms)
			TypeCache.Refresh (5ms)
			ResolveRequiredComponents (14ms)
	FinalizeReload (1759ms)
		SetupLoadedEditorAssemblies (0ms)
			BeforeProcessingInitializeOnLoad (180ms)
			ProcessInitializeOnLoadAttributes (1208ms)
			ProcessInitializeOnLoadMethodAttributes (143ms)
		AwakeInstancesAfterBackupRestoration (28ms)
No restricted APIs configured; Validation skipped.
Checking 23 assemblies for restricted APIs found 0 usage(s) in 2 ms
Refreshing native plugins compatible for Editor in 2.11 ms, found 2 plugins.

Asset Pipeline Refresh (id=8c69f631a3d3f414aa6f40efb1bbcd1f): Total: 2.961 seconds - Initiated by StopAssetImportingV2(ForceSynchronousImport | ForceDomainReload)
	(Values over 0.05ms)
	Summary:
		Imports: total=0 (actual=0, local cache=0, cache server=0)
		Asset DB Process Time: managed=0 ms, native=1953 ms
		Asset DB Callback time: managed=274 ms, native=133 ms
		Scripting: domain reloads=1, domain reload time=598 ms, compile time=1 ms, other=0 ms
		Project Asset Count: scripts=1724, non-scripts=2519
		Asset File Changes: new=0, changed=0, moved=0, deleted=0
		Scan Filter Count: 0
	InvokePackagesCallback: 0.571ms
	ApplyChangesToAssetFolders: 0.170ms
	Collect global state as custom dependencies: 1.118ms
	ProcessAssetsWithTransientArtifactChanges: 93.491ms
	CategorizeAssets: 41.970ms
	CompileScripts: 0.678ms
	ImportOutOfDateAssets: 1794.659ms (1771.171ms without children)
		CollectScriptTypesHashes: 1.013ms
		ReloadNativeAssets: 0.590ms
		UnloadImportedAssets: 0.109ms
		EnsureUptoDateAssetsAreRegisteredWithGuidPM: 0.437ms
		ImportSchedulerStart: 22.341ms
	PostProcessAllAssets: 400.741ms
		PostProcessCallbackCreateDeferredMaterials 25.005ms
		AssemblyValidation.PostprocessAllAssets 16.700ms
		ShaderAssetModifiedCallback 11.023ms
		RaytracingShaderImportPostprocess 6.954ms
		ComputeShaderImportPostprocess 6.429ms
		SpeedTreeImporter.PostprocessAllAssets 6.197ms
		BlockShaderImporter.PostprocessAllAssets 2.591ms
		LocalizationDatabase.AssetDatabasePostprocessCallback 2.394ms
		XRBuildSystem.XRAssetImported 0.370ms
		MonoPostProcessAllAssets: 273.546ms
			ShaderGraphAssetPostProcessor.OnPostprocessAllAssets 102.756ms
			AssetPostprocessor.OnPostprocessAllAssets 29.522ms
			PostProcessor.OnPostprocessAllAssets 27.015ms
			MaterialPostprocessor.OnPostprocessAllAssets 18.647ms
			TextAssetPostProcessor.OnPostprocessAllAssets 13.989ms
			StyleCatalogPostProcessor.OnPostprocessAllAssets 13.630ms
			SpriteSlicePostprocessor.OnPostprocessAllAssets 12.791ms
			AssetChangedListener.OnPostprocessAllAssets 8.281ms
			UniversalRenderPipelineGlobalSettingsPostprocessor.OnPostprocessAllAssets 4.919ms
			BuilderAssetPostprocessor.OnPostprocessAllAssets 3.847ms
			SpeedTree9Postprocessor.OnPostprocessAllAssets 3.073ms
			RenderPipelineGlobalSettingsPostprocessor.OnPostprocessAllAssets 2.491ms
			RetainedModeAssetPostprocessor.OnPostprocessAllAssets 0.868ms
			WindowAssetPostprocessingWatcher.OnPostprocessAllAssets 0.824ms
			SpriteEditorTexturePostprocessor.OnPostprocessAllAssets 0.322ms
			ArtifactBrowserPostProcessor.OnPostprocessAllAssets 0.277ms
			ShaderReflectionAssetPostProcessor.OnPostprocessAllAssets 0.239ms
			SpeedTreePostProcessor.OnPostprocessAllAssets 0.168ms
			SampleDependencyImporterPostProcessor.OnPostprocessAllAssets 0.164ms
			ReferencedClipsPostProcessor.OnPostprocessAllAssets 0.161ms
			UVCSAssetPostprocessor.OnPostprocessAllAssets 0.160ms
			TMPro_TexturePostProcessor.OnPostprocessAllAssets 0.160ms
			AudioMixerPostprocessor.OnPostprocessAllAssets 0.155ms
			AssetEvents.OnPostprocessAllAssets 0.148ms
			EditModeScopePostprocessor.OnPostprocessAllAssets 0.139ms
			TerrainToolbarOverlayPostProcessor.OnPostprocessAllAssets 0.091ms
			AssetPostprocessorProxy.OnPostprocessAllAssets 0.066ms
			SyncVS.PostprocessSyncProject 0.065ms
			AssetDatabaseCallbacks.OnPostprocessAllAssets 0.059ms
			SamplePostprocessor.OnPostprocessAllAssets 0.058ms
	PostAssetChangesProfiler: 7.057ms
	GatherAllCurrentPrimaryImportResultRevisions: 0.075ms
	UnloadStreamsBegin: 0.111ms
	PersistCurrentRevisions: 0.087ms
	GenerateScriptTypeHashes: 2.141ms
	GenerateScriptTypeSerializationHashes: 3.932ms
	Untracked: 618.597ms

Loaded scene 'Temp/__Backupscenes/0.backup'
	Deserialize:            0.646 ms
	Integration:            392.619 ms
	Integration of assets:  0.001 ms
	Thread Wait Time:       0.007 ms
	Total Operation Time:   393.272 ms
[MODES] ModeService[none].Initialize
[MODES] ModeService[none].LoadModes
[Licensing::Client] Successfully resolved entitlement details
[Licensing::Client] Successfully resolved entitlement details
<b><color=#2EA3FF>MCP-FOR-UNITY</color></b>: [TestRunnerNoThrottle] Applied No Throttling for test run.
UnityEngine.Debug:ExtractStackTraceNoAlloc (byte*,int,string)
UnityEngine.StackTraceUtility:ExtractStackTrace () (at /Users/bokken/build/output/unity/unity/Runtime/Export/Scripting/StackTrace.cs:35)
UnityEngine.DebugLogHandler:Internal_Log (UnityEngine.LogType,UnityEngine.LogOption,string,UnityEngine.Object)
UnityEngine.DebugLogHandler:LogFormat (UnityEngine.LogType,UnityEngine.Object,string,object[])
UnityEngine.Logger:Log (UnityEngine.LogType,object)
UnityEngine.Debug:Log (object)
MCPForUnity.Editor.Helpers.McpLog:Info (string,bool) (at ./Library/PackageCache/com.coplaydev.unity-mcp@8bd91ce7bd3a/Editor/Helpers/McpLog.cs:40)
MCPForUnity.Editor.Services.TestRunnerNoThrottle:ApplyNoThrottling () (at ./Library/PackageCache/com.coplaydev.unity-mcp@8bd91ce7bd3a/Editor/Services/TestRunnerNoThrottle.cs:101)
MCPForUnity.Editor.Services.TestRunnerNoThrottle/TestCallbacks:RunStarted (UnityEditor.TestTools.TestRunner.Api.ITestAdaptor) (at ./Library/PackageCache/com.coplaydev.unity-mcp@8bd91ce7bd3a/Editor/Services/TestRunnerNoThrottle.cs:138)
UnityEditor.TestTools.TestRunner.Api.CallbacksDelegator/<>c__DisplayClass7_0:<RunStarted>b__0 (UnityEditor.TestTools.TestRunner.Api.ICallbacks) (at ./Library/PackageCache/com.unity.test-framework@1405238725ab/UnityEditor.TestRunner/Api/CallbacksDelegator.cs:42)
UnityEditor.TestTools.TestRunner.Api.CallbacksDelegator:TryInvokeAllCallbacks (System.Action`1<UnityEditor.TestTools.TestRunner.Api.ICallbacks>) (at ./Library/PackageCache/com.unity.test-framework@1405238725ab/UnityEditor.TestRunner/Api/CallbacksDelegator.cs:135)
UnityEditor.TestTools.TestRunner.Api.CallbacksDelegator:RunStarted (NUnit.Framework.Interfaces.ITest) (at ./Library/PackageCache/com.unity.test-framework@1405238725ab/UnityEditor.TestRunner/Api/CallbacksDelegator.cs:42)
UnityEngine.Events.InvokableCall`1<NUnit.Framework.Interfaces.ITest>:Invoke (NUnit.Framework.Interfaces.ITest) (at /Users/bokken/build/output/unity/unity/Runtime/Export/UnityEvent/UnityEvent.cs:222)
UnityEngine.Events.UnityEvent`1<NUnit.Framework.Interfaces.ITest>:Invoke (NUnit.Framework.Interfaces.ITest) (at /Users/bokken/build/output/unity/unity/artifacts/generated/UnityEvent/UnityEvent_1.cs:59)
UnityEngine.Events.InvokableCall`1<NUnit.Framework.Interfaces.ITest>:Invoke (NUnit.Framework.Interfaces.ITest) (at /Users/bokken/build/output/unity/unity/Runtime/Export/UnityEvent/UnityEvent.cs:222)
UnityEngine.Events.UnityEvent`1<NUnit.Framework.Interfaces.ITest>:Invoke (NUnit.Framework.Interfaces.ITest) (at /Users/bokken/build/output/unity/unity/artifacts/generated/UnityEvent/UnityEvent_1.cs:59)
UnityEngine.TestTools.TestRunner.PlaymodeTestsController/<Run>d__25:MoveNext () (at ./Library/PackageCache/com.unity.test-framework@1405238725ab/UnityEngine.TestRunner/TestRunner/PlaymodeTestsController.cs:140)
UnityEngine.SetupCoroutine:InvokeMoveNext (System.Collections.IEnumerator,intptr) (at /Users/bokken/build/output/unity/unity/Runtime/Export/Scripting/Coroutines.cs:17)

(Filename: ./Library/PackageCache/com.coplaydev.unity-mcp@8bd91ce7bd3a/Editor/Helpers/McpLog.cs Line: 40)

Unloading 2 Unused Serialized files (Serialized files now loaded: 0)
UnloadTime: 0.271291 ms
Loaded scene 'Assets/Scenes/VoxelShowcase.unity'
	Deserialize:            0.564 ms
	Integration:            419.636 ms
	Integration of assets:  0.001 ms
	Thread Wait Time:       0.007 ms
	Total Operation Time:   420.208 ms
Unloading 6191 unused Assets / (5.7 MB). Loaded Objects now: 7950.
Memory consumption went from 0.81 GB to 0.81 GB.
Total: 15.049208 ms (FindLiveObjects: 0.270625 ms CreateObjectMapping: 1.508208 ms MarkObjects: 10.680583 ms  DeleteObjects: 2.589750 ms)

Procedural vegetation: worldgen published 30 semantic Showcase trees.
UnityEngine.Debug:ExtractStackTraceNoAlloc (byte*,int,string)
UnityEngine.StackTraceUtility:ExtractStackTrace () (at /Users/bokken/build/output/unity/unity/Runtime/Export/Scripting/StackTrace.cs:35)
UnityEngine.DebugLogHandler:Internal_Log (UnityEngine.LogType,UnityEngine.LogOption,string,UnityEngine.Object)
UnityEngine.DebugLogHandler:LogFormat (UnityEngine.LogType,UnityEngine.Object,string,object[])
UnityEngine.Logger:Log (UnityEngine.LogType,object)
UnityEngine.Debug:Log (object)
VoxelEngine.Showcase.ShowcaseTreePopulation:Update () (at Assets/Scenes/Showcase/ShowcaseTreePopulation.cs:55)

(Filename: Assets/Scenes/Showcase/ShowcaseTreePopulation.cs Line: 55)

<b><color=#2EA3FF>MCP-FOR-UNITY</color></b>: [TestRunnerNoThrottle] Restored Interaction Mode after test run.
UnityEngine.Debug:ExtractStackTraceNoAlloc (byte*,int,string)
UnityEngine.StackTraceUtility:ExtractStackTrace () (at /Users/bokken/build/output/unity/unity/Runtime/Export/Scripting/StackTrace.cs:35)
UnityEngine.DebugLogHandler:Internal_Log (UnityEngine.LogType,UnityEngine.LogOption,string,UnityEngine.Object)
UnityEngine.DebugLogHandler:LogFormat (UnityEngine.LogType,UnityEngine.Object,string,object[])
UnityEngine.Logger:Log (UnityEngine.LogType,object)
UnityEngine.Debug:Log (object)
MCPForUnity.Editor.Helpers.McpLog:Info (string,bool) (at ./Library/PackageCache/com.coplaydev.unity-mcp@8bd91ce7bd3a/Editor/Helpers/McpLog.cs:40)
MCPForUnity.Editor.Services.TestRunnerNoThrottle:RestoreThrottling () (at ./Library/PackageCache/com.coplaydev.unity-mcp@8bd91ce7bd3a/Editor/Services/TestRunnerNoThrottle.cs:114)
MCPForUnity.Editor.Services.TestRunnerNoThrottle/TestCallbacks:RunFinished (UnityEditor.TestTools.TestRunner.Api.ITestResultAdaptor) (at ./Library/PackageCache/com.coplaydev.unity-mcp@8bd91ce7bd3a/Editor/Services/TestRunnerNoThrottle.cs:143)
UnityEditor.TestTools.TestRunner.Api.CallbacksDelegator/<>c__DisplayClass9_0:<RunFinished>b__0 (UnityEditor.TestTools.TestRunner.Api.ICallbacks) (at ./Library/PackageCache/com.unity.test-framework@1405238725ab/UnityEditor.TestRunner/Api/CallbacksDelegator.cs:55)
UnityEditor.TestTools.TestRunner.Api.CallbacksDelegator:TryInvokeAllCallbacks (System.Action`1<UnityEditor.TestTools.TestRunner.Api.ICallbacks>) (at ./Library/PackageCache/com.unity.test-framework@1405238725ab/UnityEditor.TestRunner/Api/CallbacksDelegator.cs:135)
UnityEditor.TestTools.TestRunner.Api.CallbacksDelegator:RunFinished (NUnit.Framework.Interfaces.ITestResult) (at ./Library/PackageCache/com.unity.test-framework@1405238725ab/UnityEditor.TestRunner/Api/CallbacksDelegator.cs:55)
UnityEngine.Events.InvokableCall`1<NUnit.Framework.Interfaces.ITestResult>:Invoke (NUnit.Framework.Interfaces.ITestResult) (at /Users/bokken/build/output/unity/unity/Runtime/Export/UnityEvent/UnityEvent.cs:222)
UnityEngine.Events.UnityEvent`1<NUnit.Framework.Interfaces.ITestResult>:Invoke (NUnit.Framework.Interfaces.ITestResult) (at /Users/bokken/build/output/unity/unity/artifacts/generated/UnityEvent/UnityEvent_1.cs:59)
UnityEngine.Events.InvokableCall`1<NUnit.Framework.Interfaces.ITestResult>:Invoke (NUnit.Framework.Interfaces.ITestResult) (at /Users/bokken/build/output/unity/unity/Runtime/Export/UnityEvent/UnityEvent.cs:222)
UnityEngine.Events.UnityEvent`1<NUnit.Framework.Interfaces.ITestResult>:Invoke (NUnit.Framework.Interfaces.ITestResult) (at /Users/bokken/build/output/unity/unity/artifacts/generated/UnityEvent/UnityEvent_1.cs:59)
UnityEngine.TestTools.TestRunner.PlaymodeTestsController/<TestRunnerCoroutine>d__24:MoveNext () (at ./Library/PackageCache/com.unity.test-framework@1405238725ab/UnityEngine.TestRunner/TestRunner/PlaymodeTestsController.cs:110)
UnityEngine.SetupCoroutine:InvokeMoveNext (System.Collections.IEnumerator,intptr) (at /Users/bokken/build/output/unity/unity/Runtime/Export/Scripting/Coroutines.cs:17)

(Filename: ./Library/PackageCache/com.coplaydev.unity-mcp@8bd91ce7bd3a/Editor/Helpers/McpLog.cs Line: 40)

Saving results to: /Users/jlashmet/Library/Application Support/DefaultCompany/voxel/TestResults.xml
Saving results to: Artifacts/showcase-performance-castle-stages.xml
Thread 0x379ee7000 may have been prematurely finalized
Unloading 3 Unused Serialized files (Serialized files now loaded: 0)
Loaded scene 'Temp/__Backupscenes/0.backup'
	Deserialize:            0.313 ms
	Integration:            151.677 ms
	Integration of assets:  0.001 ms
	Thread Wait Time:       0.004 ms
	Total Operation Time:   151.995 ms
Unloading 10 unused Assets / (53.1 KB). Loaded Objects now: 8050.
Memory consumption went from 333.5 MB to 333.5 MB.
Total: 7.965833 ms (FindLiveObjects: 0.188458 ms CreateObjectMapping: 0.571917 ms MarkObjects: 7.066083 ms  DeleteObjects: 0.139083 ms)

Executing IPostBuildCleanup for: Unity.PerformanceTesting.Editor.TestRunBuilder.
UnityEngine.Debug:ExtractStackTraceNoAlloc (byte*,int,string)
UnityEngine.StackTraceUtility:ExtractStackTrace () (at /Users/bokken/build/output/unity/unity/Runtime/Export/Scripting/StackTrace.cs:35)
UnityEngine.DebugLogHandler:Internal_Log (UnityEngine.LogType,UnityEngine.LogOption,string,UnityEngine.Object)
UnityEngine.DebugLogHandler:LogFormat (UnityEngine.LogType,UnityEngine.Object,string,object[])
UnityEngine.Logger:Log (UnityEngine.LogType,object)
UnityEngine.Debug:Log (object)
UnityEditor.TestTools.TestRunner.TestRun.Tasks.BuildActionTaskBase`1/<ExecuteMethods>d__8<UnityEngine.TestTools.IPostBuildCleanup>:MoveNext () (at ./Library/PackageCache/com.unity.test-framework@1405238725ab/UnityEditor.TestRunner/TestRun/Tasks/BuildActionTaskBase.cs:48)
UnityEditor.TestTools.TestRunner.TestRun.Tasks.BuildActionTaskBase`1/<Execute>d__7<UnityEngine.TestTools.IPostBuildCleanup>:MoveNext () (at ./Library/PackageCache/com.unity.test-framework@1405238725ab/UnityEditor.TestRunner/TestRun/Tasks/BuildActionTaskBase.cs:34)
UnityEditor.TestTools.TestRunner.TestRun.TestJobRunner:ExecuteStep () (at ./Library/PackageCache/com.unity.test-framework@1405238725ab/UnityEditor.TestRunner/TestRun/TestJobRunner.cs:194)
UnityEditor.TestTools.TestRunner.TestRun.TestJobRunner:ExecuteCallback () (at ./Library/PackageCache/com.unity.test-framework@1405238725ab/UnityEditor.TestRunner/TestRun/TestJobRunner.cs:129)
UnityEditor.EditorApplication:Internal_CallUpdateFunctions () (at /Users/bokken/build/output/unity/unity/Editor/Mono/EditorApplication.cs:403)

(Filename: ./Library/PackageCache/com.unity.test-framework@1405238725ab/UnityEditor.TestRunner/TestRun/Tasks/BuildActionTaskBase.cs Line: 48)

Unloading 0 Unused Serialized files (Serialized files now loaded: 0)
Unloading 0 unused Assets / (0 B). Loaded Objects now: 8055.
Memory consumption went from 333.4 MB to 333.4 MB.
Total: 7.484333 ms (FindLiveObjects: 0.118542 ms CreateObjectMapping: 0.500542 ms MarkObjects: 6.858625 ms  DeleteObjects: 0.006209 ms)

Asset Pipeline Refresh (id=d50cd26ecb93b4a2da91917a24aba54c): Total: 0.057 seconds - Initiated by StopAssetImportingV2(NoUpdateAssetOptions)
DisplayProgressbar: Undo
Test run completed. Exiting with code 2 (Failed). One or more tests failed.
UnityEngine.Debug:ExtractStackTraceNoAlloc (byte*,int,string)
UnityEngine.StackTraceUtility:ExtractStackTrace () (at /Users/bokken/build/output/unity/unity/Runtime/Export/Scripting/StackTrace.cs:35)
UnityEngine.DebugLogHandler:Internal_Log (UnityEngine.LogType,UnityEngine.LogOption,string,UnityEngine.Object)
UnityEngine.DebugLogHandler:LogFormat (UnityEngine.LogType,UnityEngine.Object,string,object[])
UnityEngine.Logger:Log (UnityEngine.LogType,object)
UnityEngine.Debug:Log (object)
UnityEditor.TestTools.TestRunner.CommandLineTest.Executer:ExitApplication (UnityEditor.TestTools.TestRunner.CommandLineTest.Executer/ReturnCodes,string) (at ./Library/PackageCache/com.unity.test-framework@1405238725ab/UnityEditor.TestRunner/CommandLineTest/Executer.cs:81)
UnityEditor.TestTools.TestRunner.CommandLineTest.Executer:ExitIfRunIsCompleted () (at ./Library/PackageCache/com.unity.test-framework@1405238725ab/UnityEditor.TestRunner/CommandLineTest/Executer.cs:74)
UnityEditor.EditorApplication:Internal_CallUpdateFunctions () (at /Users/bokken/build/output/unity/unity/Editor/Mono/EditorApplication.cs:403)

(Filename: ./Library/PackageCache/com.unity.test-framework@1405238725ab/UnityEditor.TestRunner/CommandLineTest/Executer.cs Line: 81)

MonoPathRemapper: Attempts to remap: 62151; Successful remaps: 23548
Serialized file version minimum: 22, current 23
Importing 'GUID: 00000000000000004000000000000000 - Path: ProjectSettings/ProjectSettings.asset' with importer (LibraryAssetImporter)
Imported 'GUID: 00000000000000004000000000000000' -> (Import Result ID: '6e928d9cae2642ee15ec79fe60fbc8c6') in 0.003 seconds [static dependencies only]. Details - ImportResultOutputID=276a810dac73e1f29404d5e5f692e214 DependenciesID=df1568816d93627c223bf23646671930 StaticDependenciesID=5e23132501ad27b8309ad8613a2ed18a 
Refreshing native plugins compatible for Editor in 2.09 ms, found 2 plugins.
Asset Pipeline Refresh (id=cba0e5c6d459d411b9edc796727ef45c): Total: 0.044 seconds - Initiated by StopAssetImportingV2(NoUpdateAssetOptions)
Thread 0x3b5407000 may have been prematurely finalized
Shutting down MSBuild server...
Shutting down VB/C# compiler server...
VB/C# compiler server shut down successfully.
Input System module state changed to: ShutdownInProgress.
Input Polling Thread exited.
Input System module state changed to: Shutdown.
TreeBatch_1_1_LOD0: Destroy may not be called from edit mode! Use DestroyImmediate instead.
Destroying an object in edit mode destroys it permanently
UnityEngine.Debug:ExtractStackTraceNoAlloc (byte*,int,string)
UnityEngine.StackTraceUtility:ExtractStackTrace () (at /Users/bokken/build/output/unity/unity/Runtime/Export/Scripting/StackTrace.cs:35)
UnityEngine.Object:Destroy (UnityEngine.Object,single)
UnityEngine.Object:Destroy (UnityEngine.Object) (at /Users/bokken/build/output/unity/unity/Runtime/Export/Scripting/UnityEngineObject.bindings.cs:707)
VoxelEngine.Rendering.Vegetation.ProceduralTreeRenderer:DestroyBatchObjects (VoxelEngine.Rendering.Vegetation.ProceduralTreeRenderer/BatchPresentation) (at Assets/VoxelEngine/Rendering/Vegetation/ProceduralTreeRenderer.cs:852)
VoxelEngine.Rendering.Vegetation.ProceduralTreeRenderer:ClearBatches () (at Assets/VoxelEngine/Rendering/Vegetation/ProceduralTreeRenderer.cs:864)
VoxelEngine.Rendering.Vegetation.ProceduralTreeRenderer:ClearGenerated () (at Assets/VoxelEngine/Rendering/Vegetation/ProceduralTreeRenderer.cs:878)
VoxelEngine.Rendering.Vegetation.ProceduralTreeRenderer:OnDestroy () (at Assets/VoxelEngine/Rendering/Vegetation/ProceduralTreeRenderer.cs:887)
UnityEditor.TestTools.TestRunner.CommandLineTest.Executer:ExitApplication (UnityEditor.TestTools.TestRunner.CommandLineTest.Executer/ReturnCodes,string) (at ./Library/PackageCache/com.unity.test-framework@1405238725ab/UnityEditor.TestRunner/CommandLineTest/Executer.cs:83)
UnityEditor.TestTools.TestRunner.CommandLineTest.Executer:ExitIfRunIsCompleted () (at ./Library/PackageCache/com.unity.test-framework@1405238725ab/UnityEditor.TestRunner/CommandLineTest/Executer.cs:74)
UnityEditor.EditorApplication:Internal_CallUpdateFunctions () (at /Users/bokken/build/output/unity/unity/Editor/Mono/EditorApplication.cs:403)

[Assets/VoxelEngine/Rendering/Vegetation/ProceduralTreeRenderer.cs line 852]

TreeBatch_1_1_LOD1: Destroy may not be called from edit mode! Use DestroyImmediate instead.
Destroying an object in edit mode destroys it permanently
UnityEngine.Debug:ExtractStackTraceNoAlloc (byte*,int,string)
UnityEngine.StackTraceUtility:ExtractStackTrace () (at /Users/bokken/build/output/unity/unity/Runtime/Export/Scripting/StackTrace.cs:35)
UnityEngine.Object:Destroy (UnityEngine.Object,single)
UnityEngine.Object:Destroy (UnityEngine.Object) (at /Users/bokken/build/output/unity/unity/Runtime/Export/Scripting/UnityEngineObject.bindings.cs:707)
VoxelEngine.Rendering.Vegetation.ProceduralTreeRenderer:DestroyBatchObjects (VoxelEngine.Rendering.Vegetation.ProceduralTreeRenderer/BatchPresentation) (at Assets/VoxelEngine/Rendering/Vegetation/ProceduralTreeRenderer.cs:852)
VoxelEngine.Rendering.Vegetation.ProceduralTreeRenderer:ClearBatches () (at Assets/VoxelEngine/Rendering/Vegetation/ProceduralTreeRenderer.cs:864)
VoxelEngine.Rendering.Vegetation.ProceduralTreeRenderer:ClearGenerated () (at Assets/VoxelEngine/Rendering/Vegetation/ProceduralTreeRenderer.cs:878)
VoxelEngine.Rendering.Vegetation.ProceduralTreeRenderer:OnDestroy () (at Assets/VoxelEngine/Rendering/Vegetation/ProceduralTreeRenderer.cs:887)
UnityEditor.TestTools.TestRunner.CommandLineTest.Executer:ExitApplication (UnityEditor.TestTools.TestRunner.CommandLineTest.Executer/ReturnCodes,string) (at ./Library/PackageCache/com.unity.test-framework@1405238725ab/UnityEditor.TestRunner/CommandLineTest/Executer.cs:83)
UnityEditor.TestTools.TestRunner.CommandLineTest.Executer:ExitIfRunIsCompleted () (at ./Library/PackageCache/com.unity.test-framework@1405238725ab/UnityEditor.TestRunner/CommandLineTest/Executer.cs:74)
UnityEditor.EditorApplication:Internal_CallUpdateFunctions () (at /Users/bokken/build/output/unity/unity/Editor/Mono/EditorApplication.cs:403)

[Assets/VoxelEngine/Rendering/Vegetation/ProceduralTreeRenderer.cs line 852]

TreeBatch_1_1_LOD2: Destroy may not be called from edit mode! Use DestroyImmediate instead.
Destroying an object in edit mode destroys it permanently
UnityEngine.Debug:ExtractStackTraceNoAlloc (byte*,int,string)
UnityEngine.StackTraceUtility:ExtractStackTrace () (at /Users/bokken/build/output/unity/unity/Runtime/Export/Scripting/StackTrace.cs:35)
UnityEngine.Object:Destroy (UnityEngine.Object,single)
UnityEngine.Object:Destroy (UnityEngine.Object) (at /Users/bokken/build/output/unity/unity/Runtime/Export/Scripting/UnityEngineObject.bindings.cs:707)
VoxelEngine.Rendering.Vegetation.ProceduralTreeRenderer:DestroyBatchObjects (VoxelEngine.Rendering.Vegetation.ProceduralTreeRenderer/BatchPresentation) (at Assets/VoxelEngine/Rendering/Vegetation/ProceduralTreeRenderer.cs:852)
VoxelEngine.Rendering.Vegetation.ProceduralTreeRenderer:ClearBatches () (at Assets/VoxelEngine/Rendering/Vegetation/ProceduralTreeRenderer.cs:864)
VoxelEngine.Rendering.Vegetation.ProceduralTreeRenderer:ClearGenerated () (at Assets/VoxelEngine/Rendering/Vegetation/ProceduralTreeRenderer.cs:878)
VoxelEngine.Rendering.Vegetation.ProceduralTreeRenderer:OnDestroy () (at Assets/VoxelEngine/Rendering/Vegetation/ProceduralTreeRenderer.cs:887)
UnityEditor.TestTools.TestRunner.CommandLineTest.Executer:ExitApplication (UnityEditor.TestTools.TestRunner.CommandLineTest.Executer/ReturnCodes,string) (at ./Library/PackageCache/com.unity.test-framework@1405238725ab/UnityEditor.TestRunner/CommandLineTest/Executer.cs:83)
UnityEditor.TestTools.TestRunner.CommandLineTest.Executer:ExitIfRunIsCompleted () (at ./Library/PackageCache/com.unity.test-framework@1405238725ab/UnityEditor.TestRunner/CommandLineTest/Executer.cs:74)
UnityEditor.EditorApplication:Internal_CallUpdateFunctions () (at /Users/bokken/build/output/unity/unity/Editor/Mono/EditorApplication.cs:403)

[Assets/VoxelEngine/Rendering/Vegetation/ProceduralTreeRenderer.cs line 852]

Tree Batch 1,1: Destroy may not be called from edit mode! Use DestroyImmediate instead.
Destroying an object in edit mode destroys it permanently
UnityEngine.Debug:ExtractStackTraceNoAlloc (byte*,int,string)
UnityEngine.StackTraceUtility:ExtractStackTrace () (at /Users/bokken/build/output/unity/unity/Runtime/Export/Scripting/StackTrace.cs:35)
UnityEngine.Object:Destroy (UnityEngine.Object,single)
UnityEngine.Object:Destroy (UnityEngine.Object) (at /Users/bokken/build/output/unity/unity/Runtime/Export/Scripting/UnityEngineObject.bindings.cs:707)
VoxelEngine.Rendering.Vegetation.ProceduralTreeRenderer:DestroyBatchObjects (VoxelEngine.Rendering.Vegetation.ProceduralTreeRenderer/BatchPresentation) (at Assets/VoxelEngine/Rendering/Vegetation/ProceduralTreeRenderer.cs:857)
VoxelEngine.Rendering.Vegetation.ProceduralTreeRenderer:ClearBatches () (at Assets/VoxelEngine/Rendering/Vegetation/ProceduralTreeRenderer.cs:864)
VoxelEngine.Rendering.Vegetation.ProceduralTreeRenderer:ClearGenerated () (at Assets/VoxelEngine/Rendering/Vegetation/ProceduralTreeRenderer.cs:878)
VoxelEngine.Rendering.Vegetation.ProceduralTreeRenderer:OnDestroy () (at Assets/VoxelEngine/Rendering/Vegetation/ProceduralTreeRenderer.cs:887)
UnityEditor.TestTools.TestRunner.CommandLineTest.Executer:ExitApplication (UnityEditor.TestTools.TestRunner.CommandLineTest.Executer/ReturnCodes,string) (at ./Library/PackageCache/com.unity.test-framework@1405238725ab/UnityEditor.TestRunner/CommandLineTest/Executer.cs:83)
UnityEditor.TestTools.TestRunner.CommandLineTest.Executer:ExitIfRunIsCompleted () (at ./Library/PackageCache/com.unity.test-framework@1405238725ab/UnityEditor.TestRunner/CommandLineTest/Executer.cs:74)
UnityEditor.EditorApplication:Internal_CallUpdateFunctions () (at /Users/bokken/build/output/unity/unity/Editor/Mono/EditorApplication.cs:403)

[Assets/VoxelEngine/Rendering/Vegetation/ProceduralTreeRenderer.cs line 857]

TreeBatch_-1_1_LOD0: Destroy may not be called from edit mode! Use DestroyImmediate instead.
Destroying an object in edit mode destroys it permanently
UnityEngine.Debug:ExtractStackTraceNoAlloc (byte*,int,string)
UnityEngine.StackTraceUtility:ExtractStackTrace () (at /Users/bokken/build/output/unity/unity/Runtime/Export/Scripting/StackTrace.cs:35)
UnityEngine.Object:Destroy (UnityEngine.Object,single)
UnityEngine.Object:Destroy (UnityEngine.Object) (at /Users/bokken/build/output/unity/unity/Runtime/Export/Scripting/UnityEngineObject.bindings.cs:707)
VoxelEngine.Rendering.Vegetation.ProceduralTreeRenderer:DestroyBatchObjects (VoxelEngine.Rendering.Vegetation.ProceduralTreeRenderer/BatchPresentation) (at Assets/VoxelEngine/Rendering/Vegetation/ProceduralTreeRenderer.cs:852)
VoxelEngine.Rendering.Vegetation.ProceduralTreeRenderer:ClearBatches () (at Assets/VoxelEngine/Rendering/Vegetation/ProceduralTreeRenderer.cs:864)
VoxelEngine.Rendering.Vegetation.ProceduralTreeRenderer:ClearGenerated () (at Assets/VoxelEngine/Rendering/Vegetation/ProceduralTreeRenderer.cs:878)
VoxelEngine.Rendering.Vegetation.ProceduralTreeRenderer:OnDestroy () (at Assets/VoxelEngine/Rendering/Vegetation/ProceduralTreeRenderer.cs:887)
UnityEditor.TestTools.TestRunner.CommandLineTest.Executer:ExitApplication (UnityEditor.TestTools.TestRunner.CommandLineTest.Executer/ReturnCodes,string) (at ./Library/PackageCache/com.unity.test-framework@1405238725ab/UnityEditor.TestRunner/CommandLineTest/Executer.cs:83)
UnityEditor.TestTools.TestRunner.CommandLineTest.Executer:ExitIfRunIsCompleted () (at ./Library/PackageCache/com.unity.test-framework@1405238725ab/UnityEditor.TestRunner/CommandLineTest/Executer.cs:74)
UnityEditor.EditorApplication:Internal_CallUpdateFunctions () (at /Users/bokken/build/output/unity/unity/Editor/Mono/EditorApplication.cs:403)

[Assets/VoxelEngine/Rendering/Vegetation/ProceduralTreeRenderer.cs line 852]

TreeBatch_-1_1_LOD1: Destroy may not be called from edit mode! Use DestroyImmediate instead.
Destroying an object in edit mode destroys it permanently
UnityEngine.Debug:ExtractStackTraceNoAlloc (byte*,int,string)
UnityEngine.StackTraceUtility:ExtractStackTrace () (at /Users/bokken/build/output/unity/unity/Runtime/Export/Scripting/StackTrace.cs:35)
UnityEngine.Object:Destroy (UnityEngine.Object,single)
UnityEngine.Object:Destroy (UnityEngine.Object) (at /Users/bokken/build/output/unity/unity/Runtime/Export/Scripting/UnityEngineObject.bindings.cs:707)
VoxelEngine.Rendering.Vegetation.ProceduralTreeRenderer:DestroyBatchObjects (VoxelEngine.Rendering.Vegetation.ProceduralTreeRenderer/BatchPresentation) (at Assets/VoxelEngine/Rendering/Vegetation/ProceduralTreeRenderer.cs:852)
VoxelEngine.Rendering.Vegetation.ProceduralTreeRenderer:ClearBatches () (at Assets/VoxelEngine/Rendering/Vegetation/ProceduralTreeRenderer.cs:864)
VoxelEngine.Rendering.Vegetation.ProceduralTreeRenderer:ClearGenerated () (at Assets/VoxelEngine/Rendering/Vegetation/ProceduralTreeRenderer.cs:878)
VoxelEngine.Rendering.Vegetation.ProceduralTreeRenderer:OnDestroy () (at Assets/VoxelEngine/Rendering/Vegetation/ProceduralTreeRenderer.cs:887)
UnityEditor.TestTools.TestRunner.CommandLineTest.Executer:ExitApplication (UnityEditor.TestTools.TestRunner.CommandLineTest.Executer/ReturnCodes,string) (at ./Library/PackageCache/com.unity.test-framework@1405238725ab/UnityEditor.TestRunner/CommandLineTest/Executer.cs:83)
UnityEditor.TestTools.TestRunner.CommandLineTest.Executer:ExitIfRunIsCompleted () (at ./Library/PackageCache/com.unity.test-framework@1405238725ab/UnityEditor.TestRunner/CommandLineTest/Executer.cs:74)
UnityEditor.EditorApplication:Internal_CallUpdateFunctions () (at /Users/bokken/build/output/unity/unity/Editor/Mono/EditorApplication.cs:403)

[Assets/VoxelEngine/Rendering/Vegetation/ProceduralTreeRenderer.cs line 852]

TreeBatch_-1_1_LOD2: Destroy may not be called from edit mode! Use DestroyImmediate instead.
Destroying an object in edit mode destroys it permanently
UnityEngine.Debug:ExtractStackTraceNoAlloc (byte*,int,string)
UnityEngine.StackTraceUtility:ExtractStackTrace () (at /Users/bokken/build/output/unity/unity/Runtime/Export/Scripting/StackTrace.cs:35)
UnityEngine.Object:Destroy (UnityEngine.Object,single)
UnityEngine.Object:Destroy (UnityEngine.Object) (at /Users/bokken/build/output/unity/unity/Runtime/Export/Scripting/UnityEngineObject.bindings.cs:707)
VoxelEngine.Rendering.Vegetation.ProceduralTreeRenderer:DestroyBatchObjects (VoxelEngine.Rendering.Vegetation.ProceduralTreeRenderer/BatchPresentation) (at Assets/VoxelEngine/Rendering/Vegetation/ProceduralTreeRenderer.cs:852)
VoxelEngine.Rendering.Vegetation.ProceduralTreeRenderer:ClearBatches () (at Assets/VoxelEngine/Rendering/Vegetation/ProceduralTreeRenderer.cs:864)
VoxelEngine.Rendering.Vegetation.ProceduralTreeRenderer:ClearGenerated () (at Assets/VoxelEngine/Rendering/Vegetation/ProceduralTreeRenderer.cs:878)
VoxelEngine.Rendering.Vegetation.ProceduralTreeRenderer:OnDestroy () (at Assets/VoxelEngine/Rendering/Vegetation/ProceduralTreeRenderer.cs:887)
UnityEditor.TestTools.TestRunner.CommandLineTest.Executer:ExitApplication (UnityEditor.TestTools.TestRunner.CommandLineTest.Executer/ReturnCodes,string) (at ./Library/PackageCache/com.unity.test-framework@1405238725ab/UnityEditor.TestRunner/CommandLineTest/Executer.cs:83)
UnityEditor.TestTools.TestRunner.CommandLineTest.Executer:ExitIfRunIsCompleted () (at ./Library/PackageCache/com.unity.test-framework@1405238725ab/UnityEditor.TestRunner/CommandLineTest/Executer.cs:74)
UnityEditor.EditorApplication:Internal_CallUpdateFunctions () (at /Users/bokken/build/output/unity/unity/Editor/Mono/EditorApplication.cs:403)

[Assets/VoxelEngine/Rendering/Vegetation/ProceduralTreeRenderer.cs line 852]

Tree Batch -1,1: Destroy may not be called from edit mode! Use DestroyImmediate instead.
Destroying an object in edit mode destroys it permanently
UnityEngine.Debug:ExtractStackTraceNoAlloc (byte*,int,string)
UnityEngine.StackTraceUtility:ExtractStackTrace () (at /Users/bokken/build/output/unity/unity/Runtime/Export/Scripting/StackTrace.cs:35)
UnityEngine.Object:Destroy (UnityEngine.Object,single)
UnityEngine.Object:Destroy (UnityEngine.Object) (at /Users/bokken/build/output/unity/unity/Runtime/Export/Scripting/UnityEngineObject.bindings.cs:707)
VoxelEngine.Rendering.Vegetation.ProceduralTreeRenderer:DestroyBatchObjects (VoxelEngine.Rendering.Vegetation.ProceduralTreeRenderer/BatchPresentation) (at Assets/VoxelEngine/Rendering/Vegetation/ProceduralTreeRenderer.cs:857)
VoxelEngine.Rendering.Vegetation.ProceduralTreeRenderer:ClearBatches () (at Assets/VoxelEngine/Rendering/Vegetation/ProceduralTreeRenderer.cs:864)
VoxelEngine.Rendering.Vegetation.ProceduralTreeRenderer:ClearGenerated () (at Assets/VoxelEngine/Rendering/Vegetation/ProceduralTreeRenderer.cs:878)
VoxelEngine.Rendering.Vegetation.ProceduralTreeRenderer:OnDestroy () (at Assets/VoxelEngine/Rendering/Vegetation/ProceduralTreeRenderer.cs:887)
UnityEditor.TestTools.TestRunner.CommandLineTest.Executer:ExitApplication (UnityEditor.TestTools.TestRunner.CommandLineTest.Executer/ReturnCodes,string) (at ./Library/PackageCache/com.unity.test-framework@1405238725ab/UnityEditor.TestRunner/CommandLineTest/Executer.cs:83)
UnityEditor.TestTools.TestRunner.CommandLineTest.Executer:ExitIfRunIsCompleted () (at ./Library/PackageCache/com.unity.test-framework@1405238725ab/UnityEditor.TestRunner/CommandLineTest/Executer.cs:74)
UnityEditor.EditorApplication:Internal_CallUpdateFunctions () (at /Users/bokken/build/output/unity/unity/Editor/Mono/EditorApplication.cs:403)

[Assets/VoxelEngine/Rendering/Vegetation/ProceduralTreeRenderer.cs line 857]

TreeBatch_1_2_LOD0: Destroy may not be called from edit mode! Use DestroyImmediate instead.
Destroying an object in edit mode destroys it permanently
UnityEngine.Debug:ExtractStackTraceNoAlloc (byte*,int,string)
UnityEngine.StackTraceUtility:ExtractStackTrace () (at /Users/bokken/build/output/unity/unity/Runtime/Export/Scripting/StackTrace.cs:35)
UnityEngine.Object:Destroy (UnityEngine.Object,single)
UnityEngine.Object:Destroy (UnityEngine.Object) (at /Users/bokken/build/output/unity/unity/Runtime/Export/Scripting/UnityEngineObject.bindings.cs:707)
VoxelEngine.Rendering.Vegetation.ProceduralTreeRenderer:DestroyBatchObjects (VoxelEngine.Rendering.Vegetation.ProceduralTreeRenderer/BatchPresentation) (at Assets/VoxelEngine/Rendering/Vegetation/ProceduralTreeRenderer.cs:852)
VoxelEngine.Rendering.Vegetation.ProceduralTreeRenderer:ClearBatches () (at Assets/VoxelEngine/Rendering/Vegetation/ProceduralTreeRenderer.cs:864)
VoxelEngine.Rendering.Vegetation.ProceduralTreeRenderer:ClearGenerated () (at Assets/VoxelEngine/Rendering/Vegetation/ProceduralTreeRenderer.cs:878)
VoxelEngine.Rendering.Vegetation.ProceduralTreeRenderer:OnDestroy () (at Assets/VoxelEngine/Rendering/Vegetation/ProceduralTreeRenderer.cs:887)
UnityEditor.TestTools.TestRunner.CommandLineTest.Executer:ExitApplication (UnityEditor.TestTools.TestRunner.CommandLineTest.Executer/ReturnCodes,string) (at ./Library/PackageCache/com.unity.test-framework@1405238725ab/UnityEditor.TestRunner/CommandLineTest/Executer.cs:83)
UnityEditor.TestTools.TestRunner.CommandLineTest.Executer:ExitIfRunIsCompleted () (at ./Library/PackageCache/com.unity.test-framework@1405238725ab/UnityEditor.TestRunner/CommandLineTest/Executer.cs:74)
UnityEditor.EditorApplication:Internal_CallUpdateFunctions () (at /Users/bokken/build/output/unity/unity/Editor/Mono/EditorApplication.cs:403)

[Assets/VoxelEngine/Rendering/Vegetation/ProceduralTreeRenderer.cs line 852]

TreeBatch_1_2_LOD1: Destroy may not be called from edit mode! Use DestroyImmediate instead.
Destroying an object in edit mode destroys it permanently
UnityEngine.Debug:ExtractStackTraceNoAlloc (byte*,int,string)
UnityEngine.StackTraceUtility:ExtractStackTrace () (at /Users/bokken/build/output/unity/unity/Runtime/Export/Scripting/StackTrace.cs:35)
UnityEngine.Object:Destroy (UnityEngine.Object,single)
UnityEngine.Object:Destroy (UnityEngine.Object) (at /Users/bokken/build/output/unity/unity/Runtime/Export/Scripting/UnityEngineObject.bindings.cs:707)
VoxelEngine.Rendering.Vegetation.ProceduralTreeRenderer:DestroyBatchObjects (VoxelEngine.Rendering.Vegetation.ProceduralTreeRenderer/BatchPresentation) (at Assets/VoxelEngine/Rendering/Vegetation/ProceduralTreeRenderer.cs:852)
VoxelEngine.Rendering.Vegetation.ProceduralTreeRenderer:ClearBatches () (at Assets/VoxelEngine/Rendering/Vegetation/ProceduralTreeRenderer.cs:864)
VoxelEngine.Rendering.Vegetation.ProceduralTreeRenderer:ClearGenerated () (at Assets/VoxelEngine/Rendering/Vegetation/ProceduralTreeRenderer.cs:878)
VoxelEngine.Rendering.Vegetation.ProceduralTreeRenderer:OnDestroy () (at Assets/VoxelEngine/Rendering/Vegetation/ProceduralTreeRenderer.cs:887)
UnityEditor.TestTools.TestRunner.CommandLineTest.Executer:ExitApplication (UnityEditor.TestTools.TestRunner.CommandLineTest.Executer/ReturnCodes,string) (at ./Library/PackageCache/com.unity.test-framework@1405238725ab/UnityEditor.TestRunner/CommandLineTest/Executer.cs:83)
UnityEditor.TestTools.TestRunner.CommandLineTest.Executer:ExitIfRunIsCompleted () (at ./Library/PackageCache/com.unity.test-framework@1405238725ab/UnityEditor.TestRunner/CommandLineTest/Executer.cs:74)
UnityEditor.EditorApplication:Internal_CallUpdateFunctions () (at /Users/bokken/build/output/unity/unity/Editor/Mono/EditorApplication.cs:403)

[Assets/VoxelEngine/Rendering/Vegetation/ProceduralTreeRenderer.cs line 852]

TreeBatch_1_2_LOD2: Destroy may not be called from edit mode! Use DestroyImmediate instead.
Destroying an object in edit mode destroys it permanently
UnityEngine.Debug:ExtractStackTraceNoAlloc (byte*,int,string)
UnityEngine.StackTraceUtility:ExtractStackTrace () (at /Users/bokken/build/output/unity/unity/Runtime/Export/Scripting/StackTrace.cs:35)
UnityEngine.Object:Destroy (UnityEngine.Object,single)
UnityEngine.Object:Destroy (UnityEngine.Object) (at /Users/bokken/build/output/unity/unity/Runtime/Export/Scripting/UnityEngineObject.bindings.cs:707)
VoxelEngine.Rendering.Vegetation.ProceduralTreeRenderer:DestroyBatchObjects (VoxelEngine.Rendering.Vegetation.ProceduralTreeRenderer/BatchPresentation) (at Assets/VoxelEngine/Rendering/Vegetation/ProceduralTreeRenderer.cs:852)
VoxelEngine.Rendering.Vegetation.ProceduralTreeRenderer:ClearBatches () (at Assets/VoxelEngine/Rendering/Vegetation/ProceduralTreeRenderer.cs:864)
VoxelEngine.Rendering.Vegetation.ProceduralTreeRenderer:ClearGenerated () (at Assets/VoxelEngine/Rendering/Vegetation/ProceduralTreeRenderer.cs:878)
VoxelEngine.Rendering.Vegetation.ProceduralTreeRenderer:OnDestroy () (at Assets/VoxelEngine/Rendering/Vegetation/ProceduralTreeRenderer.cs:887)
UnityEditor.TestTools.TestRunner.CommandLineTest.Executer:ExitApplication (UnityEditor.TestTools.TestRunner.CommandLineTest.Executer/ReturnCodes,string) (at ./Library/PackageCache/com.unity.test-framework@1405238725ab/UnityEditor.TestRunner/CommandLineTest/Executer.cs:83)
UnityEditor.TestTools.TestRunner.CommandLineTest.Executer:ExitIfRunIsCompleted () (at ./Library/PackageCache/com.unity.test-framework@1405238725ab/UnityEditor.TestRunner/CommandLineTest/Executer.cs:74)
UnityEditor.EditorApplication:Internal_CallUpdateFunctions () (at /Users/bokken/build/output/unity/unity/Editor/Mono/EditorApplication.cs:403)

[Assets/VoxelEngine/Rendering/Vegetation/ProceduralTreeRenderer.cs line 852]

Tree Batch 1,2: Destroy may not be called from edit mode! Use DestroyImmediate instead.
Destroying an object in edit mode destroys it permanently
UnityEngine.Debug:ExtractStackTraceNoAlloc (byte*,int,string)
UnityEngine.StackTraceUtility:ExtractStackTrace () (at /Users/bokken/build/output/unity/unity/Runtime/Export/Scripting/StackTrace.cs:35)
UnityEngine.Object:Destroy (UnityEngine.Object,single)
UnityEngine.Object:Destroy (UnityEngine.Object) (at /Users/bokken/build/output/unity/unity/Runtime/Export/Scripting/UnityEngineObject.bindings.cs:707)
VoxelEngine.Rendering.Vegetation.ProceduralTreeRenderer:DestroyBatchObjects (VoxelEngine.Rendering.Vegetation.ProceduralTreeRenderer/BatchPresentation) (at Assets/VoxelEngine/Rendering/Vegetation/ProceduralTreeRenderer.cs:857)
VoxelEngine.Rendering.Vegetation.ProceduralTreeRenderer:ClearBatches () (at Assets/VoxelEngine/Rendering/Vegetation/ProceduralTreeRenderer.cs:864)
VoxelEngine.Rendering.Vegetation.ProceduralTreeRenderer:ClearGenerated () (at Assets/VoxelEngine/Rendering/Vegetation/ProceduralTreeRenderer.cs:878)
VoxelEngine.Rendering.Vegetation.ProceduralTreeRenderer:OnDestroy () (at Assets/VoxelEngine/Rendering/Vegetation/ProceduralTreeRenderer.cs:887)
UnityEditor.TestTools.TestRunner.CommandLineTest.Executer:ExitApplication (UnityEditor.TestTools.TestRunner.CommandLineTest.Executer/ReturnCodes,string) (at ./Library/PackageCache/com.unity.test-framework@1405238725ab/UnityEditor.TestRunner/CommandLineTest/Executer.cs:83)
UnityEditor.TestTools.TestRunner.CommandLineTest.Executer:ExitIfRunIsCompleted () (at ./Library/PackageCache/com.unity.test-framework@1405238725ab/UnityEditor.TestRunner/CommandLineTest/Executer.cs:74)
UnityEditor.EditorApplication:Internal_CallUpdateFunctions () (at /Users/bokken/build/output/unity/unity/Editor/Mono/EditorApplication.cs:403)

[Assets/VoxelEngine/Rendering/Vegetation/ProceduralTreeRenderer.cs line 857]

TreeBatch_0_2_LOD0: Destroy may not be called from edit mode! Use DestroyImmediate instead.
Destroying an object in edit mode destroys it permanently
UnityEngine.Debug:ExtractStackTraceNoAlloc (byte*,int,string)
UnityEngine.StackTraceUtility:ExtractStackTrace () (at /Users/bokken/build/output/unity/unity/Runtime/Export/Scripting/StackTrace.cs:35)
UnityEngine.Object:Destroy (UnityEngine.Object,single)
UnityEngine.Object:Destroy (UnityEngine.Object) (at /Users/bokken/build/output/unity/unity/Runtime/Export/Scripting/UnityEngineObject.bindings.cs:707)
VoxelEngine.Rendering.Vegetation.ProceduralTreeRenderer:DestroyBatchObjects (VoxelEngine.Rendering.Vegetation.ProceduralTreeRenderer/BatchPresentation) (at Assets/VoxelEngine/Rendering/Vegetation/ProceduralTreeRenderer.cs:852)
VoxelEngine.Rendering.Vegetation.ProceduralTreeRenderer:ClearBatches () (at Assets/VoxelEngine/Rendering/Vegetation/ProceduralTreeRenderer.cs:864)
VoxelEngine.Rendering.Vegetation.ProceduralTreeRenderer:ClearGenerated () (at Assets/VoxelEngine/Rendering/Vegetation/ProceduralTreeRenderer.cs:878)
VoxelEngine.Rendering.Vegetation.ProceduralTreeRenderer:OnDestroy () (at Assets/VoxelEngine/Rendering/Vegetation/ProceduralTreeRenderer.cs:887)
UnityEditor.TestTools.TestRunner.CommandLineTest.Executer:ExitApplication (UnityEditor.TestTools.TestRunner.CommandLineTest.Executer/ReturnCodes,string) (at ./Library/PackageCache/com.unity.test-framework@1405238725ab/UnityEditor.TestRunner/CommandLineTest/Executer.cs:83)
UnityEditor.TestTools.TestRunner.CommandLineTest.Executer:ExitIfRunIsCompleted () (at ./Library/PackageCache/com.unity.test-framework@1405238725ab/UnityEditor.TestRunner/CommandLineTest/Executer.cs:74)
UnityEditor.EditorApplication:Internal_CallUpdateFunctions () (at /Users/bokken/build/output/unity/unity/Editor/Mono/EditorApplication.cs:403)

[Assets/VoxelEngine/Rendering/Vegetation/ProceduralTreeRenderer.cs line 852]

TreeBatch_0_2_LOD1: Destroy may not be called from edit mode! Use DestroyImmediate instead.
Destroying an object in edit mode destroys it permanently
UnityEngine.Debug:ExtractStackTraceNoAlloc (byte*,int,string)
UnityEngine.StackTraceUtility:ExtractStackTrace () (at /Users/bokken/build/output/unity/unity/Runtime/Export/Scripting/StackTrace.cs:35)
UnityEngine.Object:Destroy (UnityEngine.Object,single)
UnityEngine.Object:Destroy (UnityEngine.Object) (at /Users/bokken/build/output/unity/unity/Runtime/Export/Scripting/UnityEngineObject.bindings.cs:707)
VoxelEngine.Rendering.Vegetation.ProceduralTreeRenderer:DestroyBatchObjects (VoxelEngine.Rendering.Vegetation.ProceduralTreeRenderer/BatchPresentation) (at Assets/VoxelEngine/Rendering/Vegetation/ProceduralTreeRenderer.cs:852)
VoxelEngine.Rendering.Vegetation.ProceduralTreeRenderer:ClearBatches () (at Assets/VoxelEngine/Rendering/Vegetation/ProceduralTreeRenderer.cs:864)
VoxelEngine.Rendering.Vegetation.ProceduralTreeRenderer:ClearGenerated () (at Assets/VoxelEngine/Rendering/Vegetation/ProceduralTreeRenderer.cs:878)
VoxelEngine.Rendering.Vegetation.ProceduralTreeRenderer:OnDestroy () (at Assets/VoxelEngine/Rendering/Vegetation/ProceduralTreeRenderer.cs:887)
UnityEditor.TestTools.TestRunner.CommandLineTest.Executer:ExitApplication (UnityEditor.TestTools.TestRunner.CommandLineTest.Executer/ReturnCodes,string) (at ./Library/PackageCache/com.unity.test-framework@1405238725ab/UnityEditor.TestRunner/CommandLineTest/Executer.cs:83)
UnityEditor.TestTools.TestRunner.CommandLineTest.Executer:ExitIfRunIsCompleted () (at ./Library/PackageCache/com.unity.test-framework@1405238725ab/UnityEditor.TestRunner/CommandLineTest/Executer.cs:74)
UnityEditor.EditorApplication:Internal_CallUpdateFunctions () (at /Users/bokken/build/output/unity/unity/Editor/Mono/EditorApplication.cs:403)

[Assets/VoxelEngine/Rendering/Vegetation/ProceduralTreeRenderer.cs line 852]

TreeBatch_0_2_LOD2: Destroy may not be called from edit mode! Use DestroyImmediate instead.
Destroying an object in edit mode destroys it permanently
UnityEngine.Debug:ExtractStackTraceNoAlloc (byte*,int,string)
UnityEngine.StackTraceUtility:ExtractStackTrace () (at /Users/bokken/build/output/unity/unity/Runtime/Export/Scripting/StackTrace.cs:35)
UnityEngine.Object:Destroy (UnityEngine.Object,single)
UnityEngine.Object:Destroy (UnityEngine.Object) (at /Users/bokken/build/output/unity/unity/Runtime/Export/Scripting/UnityEngineObject.bindings.cs:707)
VoxelEngine.Rendering.Vegetation.ProceduralTreeRenderer:DestroyBatchObjects (VoxelEngine.Rendering.Vegetation.ProceduralTreeRenderer/BatchPresentation) (at Assets/VoxelEngine/Rendering/Vegetation/ProceduralTreeRenderer.cs:852)
VoxelEngine.Rendering.Vegetation.ProceduralTreeRenderer:ClearBatches () (at Assets/VoxelEngine/Rendering/Vegetation/ProceduralTreeRenderer.cs:864)
VoxelEngine.Rendering.Vegetation.ProceduralTreeRenderer:ClearGenerated () (at Assets/VoxelEngine/Rendering/Vegetation/ProceduralTreeRenderer.cs:878)
VoxelEngine.Rendering.Vegetation.ProceduralTreeRenderer:OnDestroy () (at Assets/VoxelEngine/Rendering/Vegetation/ProceduralTreeRenderer.cs:887)
UnityEditor.TestTools.TestRunner.CommandLineTest.Executer:ExitApplication (UnityEditor.TestTools.TestRunner.CommandLineTest.Executer/ReturnCodes,string) (at ./Library/PackageCache/com.unity.test-framework@1405238725ab/UnityEditor.TestRunner/CommandLineTest/Executer.cs:83)
UnityEditor.TestTools.TestRunner.CommandLineTest.Executer:ExitIfRunIsCompleted () (at ./Library/PackageCache/com.unity.test-framework@1405238725ab/UnityEditor.TestRunner/CommandLineTest/Executer.cs:74)
UnityEditor.EditorApplication:Internal_CallUpdateFunctions () (at /Users/bokken/build/output/unity/unity/Editor/Mono/EditorApplication.cs:403)

[Assets/VoxelEngine/Rendering/Vegetation/ProceduralTreeRenderer.cs line 852]

Tree Batch 0,2: Destroy may not be called from edit mode! Use DestroyImmediate instead.
Destroying an object in edit mode destroys it permanently
UnityEngine.Debug:ExtractStackTraceNoAlloc (byte*,int,string)
UnityEngine.StackTraceUtility:ExtractStackTrace () (at /Users/bokken/build/output/unity/unity/Runtime/Export/Scripting/StackTrace.cs:35)
UnityEngine.Object:Destroy (UnityEngine.Object,single)
UnityEngine.Object:Destroy (UnityEngine.Object) (at /Users/bokken/build/output/unity/unity/Runtime/Export/Scripting/UnityEngineObject.bindings.cs:707)
VoxelEngine.Rendering.Vegetation.ProceduralTreeRenderer:DestroyBatchObjects (VoxelEngine.Rendering.Vegetation.ProceduralTreeRenderer/BatchPresentation) (at Assets/VoxelEngine/Rendering/Vegetation/ProceduralTreeRenderer.cs:857)
VoxelEngine.Rendering.Vegetation.ProceduralTreeRenderer:ClearBatches () (at Assets/VoxelEngine/Rendering/Vegetation/ProceduralTreeRenderer.cs:864)
VoxelEngine.Rendering.Vegetation.ProceduralTreeRenderer:ClearGenerated () (at Assets/VoxelEngine/Rendering/Vegetation/ProceduralTreeRenderer.cs:878)
VoxelEngine.Rendering.Vegetation.ProceduralTreeRenderer:OnDestroy () (at Assets/VoxelEngine/Rendering/Vegetation/ProceduralTreeRenderer.cs:887)
UnityEditor.TestTools.TestRunner.CommandLineTest.Executer:ExitApplication (UnityEditor.TestTools.TestRunner.CommandLineTest.Executer/ReturnCodes,string) (at ./Library/PackageCache/com.unity.test-framework@1405238725ab/UnityEditor.TestRunner/CommandLineTest/Executer.cs:83)
UnityEditor.TestTools.TestRunner.CommandLineTest.Executer:ExitIfRunIsCompleted () (at ./Library/PackageCache/com.unity.test-framework@1405238725ab/UnityEditor.TestRunner/CommandLineTest/Executer.cs:74)
UnityEditor.EditorApplication:Internal_CallUpdateFunctions () (at /Users/bokken/build/output/unity/unity/Editor/Mono/EditorApplication.cs:403)

[Assets/VoxelEngine/Rendering/Vegetation/ProceduralTreeRenderer.cs line 857]

TreeBatch_-1_0_LOD0: Destroy may not be called from edit mode! Use DestroyImmediate instead.
Destroying an object in edit mode destroys it permanently
UnityEngine.Debug:ExtractStackTraceNoAlloc (byte*,int,string)
UnityEngine.StackTraceUtility:ExtractStackTrace () (at /Users/bokken/build/output/unity/unity/Runtime/Export/Scripting/StackTrace.cs:35)
UnityEngine.Object:Destroy (UnityEngine.Object,single)
UnityEngine.Object:Destroy (UnityEngine.Object) (at /Users/bokken/build/output/unity/unity/Runtime/Export/Scripting/UnityEngineObject.bindings.cs:707)
VoxelEngine.Rendering.Vegetation.ProceduralTreeRenderer:DestroyBatchObjects (VoxelEngine.Rendering.Vegetation.ProceduralTreeRenderer/BatchPresentation) (at Assets/VoxelEngine/Rendering/Vegetation/ProceduralTreeRenderer.cs:852)
VoxelEngine.Rendering.Vegetation.ProceduralTreeRenderer:ClearBatches () (at Assets/VoxelEngine/Rendering/Vegetation/ProceduralTreeRenderer.cs:864)
VoxelEngine.Rendering.Vegetation.ProceduralTreeRenderer:ClearGenerated () (at Assets/VoxelEngine/Rendering/Vegetation/ProceduralTreeRenderer.cs:878)
VoxelEngine.Rendering.Vegetation.ProceduralTreeRenderer:OnDestroy () (at Assets/VoxelEngine/Rendering/Vegetation/ProceduralTreeRenderer.cs:887)
UnityEditor.TestTools.TestRunner.CommandLineTest.Executer:ExitApplication (UnityEditor.TestTools.TestRunner.CommandLineTest.Executer/ReturnCodes,string) (at ./Library/PackageCache/com.unity.test-framework@1405238725ab/UnityEditor.TestRunner/CommandLineTest/Executer.cs:83)
UnityEditor.TestTools.TestRunner.CommandLineTest.Executer:ExitIfRunIsCompleted () (at ./Library/PackageCache/com.unity.test-framework@1405238725ab/UnityEditor.TestRunner/CommandLineTest/Executer.cs:74)
UnityEditor.EditorApplication:Internal_CallUpdateFunctions () (at /Users/bokken/build/output/unity/unity/Editor/Mono/EditorApplication.cs:403)

[Assets/VoxelEngine/Rendering/Vegetation/ProceduralTreeRenderer.cs line 852]

TreeBatch_-1_0_LOD1: Destroy may not be called from edit mode! Use DestroyImmediate instead.
Destroying an object in edit mode destroys it permanently
UnityEngine.Debug:ExtractStackTraceNoAlloc (byte*,int,string)
UnityEngine.StackTraceUtility:ExtractStackTrace () (at /Users/bokken/build/output/unity/unity/Runtime/Export/Scripting/StackTrace.cs:35)
UnityEngine.Object:Destroy (UnityEngine.Object,single)
UnityEngine.Object:Destroy (UnityEngine.Object) (at /Users/bokken/build/output/unity/unity/Runtime/Export/Scripting/UnityEngineObject.bindings.cs:707)
VoxelEngine.Rendering.Vegetation.ProceduralTreeRenderer:DestroyBatchObjects (VoxelEngine.Rendering.Vegetation.ProceduralTreeRenderer/BatchPresentation) (at Assets/VoxelEngine/Rendering/Vegetation/ProceduralTreeRenderer.cs:852)
VoxelEngine.Rendering.Vegetation.ProceduralTreeRenderer:ClearBatches () (at Assets/VoxelEngine/Rendering/Vegetation/ProceduralTreeRenderer.cs:864)
VoxelEngine.Rendering.Vegetation.ProceduralTreeRenderer:ClearGenerated () (at Assets/VoxelEngine/Rendering/Vegetation/ProceduralTreeRenderer.cs:878)
VoxelEngine.Rendering.Vegetation.ProceduralTreeRenderer:OnDestroy () (at Assets/VoxelEngine/Rendering/Vegetation/ProceduralTreeRenderer.cs:887)
UnityEditor.TestTools.TestRunner.CommandLineTest.Executer:ExitApplication (UnityEditor.TestTools.TestRunner.CommandLineTest.Executer/ReturnCodes,string) (at ./Library/PackageCache/com.unity.test-framework@1405238725ab/UnityEditor.TestRunner/CommandLineTest/Executer.cs:83)
UnityEditor.TestTools.TestRunner.CommandLineTest.Executer:ExitIfRunIsCompleted () (at ./Library/PackageCache/com.unity.test-framework@1405238725ab/UnityEditor.TestRunner/CommandLineTest/Executer.cs:74)
UnityEditor.EditorApplication:Internal_CallUpdateFunctions () (at /Users/bokken/build/output/unity/unity/Editor/Mono/EditorApplication.cs:403)

[Assets/VoxelEngine/Rendering/Vegetation/ProceduralTreeRenderer.cs line 852]

TreeBatch_-1_0_LOD2: Destroy may not be called from edit mode! Use DestroyImmediate instead.
Destroying an object in edit mode destroys it permanently
UnityEngine.Debug:ExtractStackTraceNoAlloc (byte*,int,string)
UnityEngine.StackTraceUtility:ExtractStackTrace () (at /Users/bokken/build/output/unity/unity/Runtime/Export/Scripting/StackTrace.cs:35)
UnityEngine.Object:Destroy (UnityEngine.Object,single)
UnityEngine.Object:Destroy (UnityEngine.Object) (at /Users/bokken/build/output/unity/unity/Runtime/Export/Scripting/UnityEngineObject.bindings.cs:707)
VoxelEngine.Rendering.Vegetation.ProceduralTreeRenderer:DestroyBatchObjects (VoxelEngine.Rendering.Vegetation.ProceduralTreeRenderer/BatchPresentation) (at Assets/VoxelEngine/Rendering/Vegetation/ProceduralTreeRenderer.cs:852)
VoxelEngine.Rendering.Vegetation.ProceduralTreeRenderer:ClearBatches () (at Assets/VoxelEngine/Rendering/Vegetation/ProceduralTreeRenderer.cs:864)
VoxelEngine.Rendering.Vegetation.ProceduralTreeRenderer:ClearGenerated () (at Assets/VoxelEngine/Rendering/Vegetation/ProceduralTreeRenderer.cs:878)
VoxelEngine.Rendering.Vegetation.ProceduralTreeRenderer:OnDestroy () (at Assets/VoxelEngine/Rendering/Vegetation/ProceduralTreeRenderer.cs:887)
UnityEditor.TestTools.TestRunner.CommandLineTest.Executer:ExitApplication (UnityEditor.TestTools.TestRunner.CommandLineTest.Executer/ReturnCodes,string) (at ./Library/PackageCache/com.unity.test-framework@1405238725ab/UnityEditor.TestRunner/CommandLineTest/Executer.cs:83)
UnityEditor.TestTools.TestRunner.CommandLineTest.Executer:ExitIfRunIsCompleted () (at ./Library/PackageCache/com.unity.test-framework@1405238725ab/UnityEditor.TestRunner/CommandLineTest/Executer.cs:74)
UnityEditor.EditorApplication:Internal_CallUpdateFunctions () (at /Users/bokken/build/output/unity/unity/Editor/Mono/EditorApplication.cs:403)

[Assets/VoxelEngine/Rendering/Vegetation/ProceduralTreeRenderer.cs line 852]

Tree Batch -1,0: Destroy may not be called from edit mode! Use DestroyImmediate instead.
Destroying an object in edit mode destroys it permanently
UnityEngine.Debug:ExtractStackTraceNoAlloc (byte*,int,string)
UnityEngine.StackTraceUtility:ExtractStackTrace () (at /Users/bokken/build/output/unity/unity/Runtime/Export/Scripting/StackTrace.cs:35)
UnityEngine.Object:Destroy (UnityEngine.Object,single)
UnityEngine.Object:Destroy (UnityEngine.Object) (at /Users/bokken/build/output/unity/unity/Runtime/Export/Scripting/UnityEngineObject.bindings.cs:707)
VoxelEngine.Rendering.Vegetation.ProceduralTreeRenderer:DestroyBatchObjects (VoxelEngine.Rendering.Vegetation.ProceduralTreeRenderer/BatchPresentation) (at Assets/VoxelEngine/Rendering/Vegetation/ProceduralTreeRenderer.cs:857)
VoxelEngine.Rendering.Vegetation.ProceduralTreeRenderer:ClearBatches () (at Assets/VoxelEngine/Rendering/Vegetation/ProceduralTreeRenderer.cs:864)
VoxelEngine.Rendering.Vegetation.ProceduralTreeRenderer:ClearGenerated () (at Assets/VoxelEngine/Rendering/Vegetation/ProceduralTreeRenderer.cs:878)
VoxelEngine.Rendering.Vegetation.ProceduralTreeRenderer:OnDestroy () (at Assets/VoxelEngine/Rendering/Vegetation/ProceduralTreeRenderer.cs:887)
UnityEditor.TestTools.TestRunner.CommandLineTest.Executer:ExitApplication (UnityEditor.TestTools.TestRunner.CommandLineTest.Executer/ReturnCodes,string) (at ./Library/PackageCache/com.unity.test-framework@1405238725ab/UnityEditor.TestRunner/CommandLineTest/Executer.cs:83)
UnityEditor.TestTools.TestRunner.CommandLineTest.Executer:ExitIfRunIsCompleted () (at ./Library/PackageCache/com.unity.test-framework@1405238725ab/UnityEditor.TestRunner/CommandLineTest/Executer.cs:74)
UnityEditor.EditorApplication:Internal_CallUpdateFunctions () (at /Users/bokken/build/output/unity/unity/Editor/Mono/EditorApplication.cs:403)

[Assets/VoxelEngine/Rendering/Vegetation/ProceduralTreeRenderer.cs line 857]

TreeBatch_0_0_LOD0: Destroy may not be called from edit mode! Use DestroyImmediate instead.
Destroying an object in edit mode destroys it permanently
UnityEngine.Debug:ExtractStackTraceNoAlloc (byte*,int,string)
UnityEngine.StackTraceUtility:ExtractStackTrace () (at /Users/bokken/build/output/unity/unity/Runtime/Export/Scripting/StackTrace.cs:35)
UnityEngine.Object:Destroy (UnityEngine.Object,single)
UnityEngine.Object:Destroy (UnityEngine.Object) (at /Users/bokken/build/output/unity/unity/Runtime/Export/Scripting/UnityEngineObject.bindings.cs:707)
VoxelEngine.Rendering.Vegetation.ProceduralTreeRenderer:DestroyBatchObjects (VoxelEngine.Rendering.Vegetation.ProceduralTreeRenderer/BatchPresentation) (at Assets/VoxelEngine/Rendering/Vegetation/ProceduralTreeRenderer.cs:852)
VoxelEngine.Rendering.Vegetation.ProceduralTreeRenderer:ClearBatches () (at Assets/VoxelEngine/Rendering/Vegetation/ProceduralTreeRenderer.cs:864)
VoxelEngine.Rendering.Vegetation.ProceduralTreeRenderer:ClearGenerated () (at Assets/VoxelEngine/Rendering/Vegetation/ProceduralTreeRenderer.cs:878)
VoxelEngine.Rendering.Vegetation.ProceduralTreeRenderer:OnDestroy () (at Assets/VoxelEngine/Rendering/Vegetation/ProceduralTreeRenderer.cs:887)
UnityEditor.TestTools.TestRunner.CommandLineTest.Executer:ExitApplication (UnityEditor.TestTools.TestRunner.CommandLineTest.Executer/ReturnCodes,string) (at ./Library/PackageCache/com.unity.test-framework@1405238725ab/UnityEditor.TestRunner/CommandLineTest/Executer.cs:83)
UnityEditor.TestTools.TestRunner.CommandLineTest.Executer:ExitIfRunIsCompleted () (at ./Library/PackageCache/com.unity.test-framework@1405238725ab/UnityEditor.TestRunner/CommandLineTest/Executer.cs:74)
UnityEditor.EditorApplication:Internal_CallUpdateFunctions () (at /Users/bokken/build/output/unity/unity/Editor/Mono/EditorApplication.cs:403)

[Assets/VoxelEngine/Rendering/Vegetation/ProceduralTreeRenderer.cs line 852]

TreeBatch_0_0_LOD1: Destroy may not be called from edit mode! Use DestroyImmediate instead.
Destroying an object in edit mode destroys it permanently
UnityEngine.Debug:ExtractStackTraceNoAlloc (byte*,int,string)
UnityEngine.StackTraceUtility:ExtractStackTrace () (at /Users/bokken/build/output/unity/unity/Runtime/Export/Scripting/StackTrace.cs:35)
UnityEngine.Object:Destroy (UnityEngine.Object,single)
UnityEngine.Object:Destroy (UnityEngine.Object) (at /Users/bokken/build/output/unity/unity/Runtime/Export/Scripting/UnityEngineObject.bindings.cs:707)
VoxelEngine.Rendering.Vegetation.ProceduralTreeRenderer:DestroyBatchObjects (VoxelEngine.Rendering.Vegetation.ProceduralTreeRenderer/BatchPresentation) (at Assets/VoxelEngine/Rendering/Vegetation/ProceduralTreeRenderer.cs:852)
VoxelEngine.Rendering.Vegetation.ProceduralTreeRenderer:ClearBatches () (at Assets/VoxelEngine/Rendering/Vegetation/ProceduralTreeRenderer.cs:864)
VoxelEngine.Rendering.Vegetation.ProceduralTreeRenderer:ClearGenerated () (at Assets/VoxelEngine/Rendering/Vegetation/ProceduralTreeRenderer.cs:878)
VoxelEngine.Rendering.Vegetation.ProceduralTreeRenderer:OnDestroy () (at Assets/VoxelEngine/Rendering/Vegetation/ProceduralTreeRenderer.cs:887)
UnityEditor.TestTools.TestRunner.CommandLineTest.Executer:ExitApplication (UnityEditor.TestTools.TestRunner.CommandLineTest.Executer/ReturnCodes,string) (at ./Library/PackageCache/com.unity.test-framework@1405238725ab/UnityEditor.TestRunner/CommandLineTest/Executer.cs:83)
UnityEditor.TestTools.TestRunner.CommandLineTest.Executer:ExitIfRunIsCompleted () (at ./Library/PackageCache/com.unity.test-framework@1405238725ab/UnityEditor.TestRunner/CommandLineTest/Executer.cs:74)
UnityEditor.EditorApplication:Internal_CallUpdateFunctions () (at /Users/bokken/build/output/unity/unity/Editor/Mono/EditorApplication.cs:403)

[Assets/VoxelEngine/Rendering/Vegetation/ProceduralTreeRenderer.cs line 852]

TreeBatch_0_0_LOD2: Destroy may not be called from edit mode! Use DestroyImmediate instead.
Destroying an object in edit mode destroys it permanently
UnityEngine.Debug:ExtractStackTraceNoAlloc (byte*,int,string)
UnityEngine.StackTraceUtility:ExtractStackTrace () (at /Users/bokken/build/output/unity/unity/Runtime/Export/Scripting/StackTrace.cs:35)
UnityEngine.Object:Destroy (UnityEngine.Object,single)
UnityEngine.Object:Destroy (UnityEngine.Object) (at /Users/bokken/build/output/unity/unity/Runtime/Export/Scripting/UnityEngineObject.bindings.cs:707)
VoxelEngine.Rendering.Vegetation.ProceduralTreeRenderer:DestroyBatchObjects (VoxelEngine.Rendering.Vegetation.ProceduralTreeRenderer/BatchPresentation) (at Assets/VoxelEngine/Rendering/Vegetation/ProceduralTreeRenderer.cs:852)
VoxelEngine.Rendering.Vegetation.ProceduralTreeRenderer:ClearBatches () (at Assets/VoxelEngine/Rendering/Vegetation/ProceduralTreeRenderer.cs:864)
VoxelEngine.Rendering.Vegetation.ProceduralTreeRenderer:ClearGenerated () (at Assets/VoxelEngine/Rendering/Vegetation/ProceduralTreeRenderer.cs:878)
VoxelEngine.Rendering.Vegetation.ProceduralTreeRenderer:OnDestroy () (at Assets/VoxelEngine/Rendering/Vegetation/ProceduralTreeRenderer.cs:887)
UnityEditor.TestTools.TestRunner.CommandLineTest.Executer:ExitApplication (UnityEditor.TestTools.TestRunner.CommandLineTest.Executer/ReturnCodes,string) (at ./Library/PackageCache/com.unity.test-framework@1405238725ab/UnityEditor.TestRunner/CommandLineTest/Executer.cs:83)
UnityEditor.TestTools.TestRunner.CommandLineTest.Executer:ExitIfRunIsCompleted () (at ./Library/PackageCache/com.unity.test-framework@1405238725ab/UnityEditor.TestRunner/CommandLineTest/Executer.cs:74)
UnityEditor.EditorApplication:Internal_CallUpdateFunctions () (at /Users/bokken/build/output/unity/unity/Editor/Mono/EditorApplication.cs:403)

[Assets/VoxelEngine/Rendering/Vegetation/ProceduralTreeRenderer.cs line 852]

Tree Batch 0,0: Destroy may not be called from edit mode! Use DestroyImmediate instead.
Destroying an object in edit mode destroys it permanently
UnityEngine.Debug:ExtractStackTraceNoAlloc (byte*,int,string)
UnityEngine.StackTraceUtility:ExtractStackTrace () (at /Users/bokken/build/output/unity/unity/Runtime/Export/Scripting/StackTrace.cs:35)
UnityEngine.Object:Destroy (UnityEngine.Object,single)
UnityEngine.Object:Destroy (UnityEngine.Object) (at /Users/bokken/build/output/unity/unity/Runtime/Export/Scripting/UnityEngineObject.bindings.cs:707)
VoxelEngine.Rendering.Vegetation.ProceduralTreeRenderer:DestroyBatchObjects (VoxelEngine.Rendering.Vegetation.ProceduralTreeRenderer/BatchPresentation) (at Assets/VoxelEngine/Rendering/Vegetation/ProceduralTreeRenderer.cs:857)
VoxelEngine.Rendering.Vegetation.ProceduralTreeRenderer:ClearBatches () (at Assets/VoxelEngine/Rendering/Vegetation/ProceduralTreeRenderer.cs:864)
VoxelEngine.Rendering.Vegetation.ProceduralTreeRenderer:ClearGenerated () (at Assets/VoxelEngine/Rendering/Vegetation/ProceduralTreeRenderer.cs:878)
VoxelEngine.Rendering.Vegetation.ProceduralTreeRenderer:OnDestroy () (at Assets/VoxelEngine/Rendering/Vegetation/ProceduralTreeRenderer.cs:887)
UnityEditor.TestTools.TestRunner.CommandLineTest.Executer:ExitApplication (UnityEditor.TestTools.TestRunner.CommandLineTest.Executer/ReturnCodes,string) (at ./Library/PackageCache/com.unity.test-framework@1405238725ab/UnityEditor.TestRunner/CommandLineTest/Executer.cs:83)
UnityEditor.TestTools.TestRunner.CommandLineTest.Executer:ExitIfRunIsCompleted () (at ./Library/PackageCache/com.unity.test-framework@1405238725ab/UnityEditor.TestRunner/CommandLineTest/Executer.cs:74)
UnityEditor.EditorApplication:Internal_CallUpdateFunctions () (at /Users/bokken/build/output/unity/unity/Editor/Mono/EditorApplication.cs:403)

[Assets/VoxelEngine/Rendering/Vegetation/ProceduralTreeRenderer.cs line 857]

TreeBatch_1_0_LOD0: Destroy may not be called from edit mode! Use DestroyImmediate instead.
Destroying an object in edit mode destroys it permanently
UnityEngine.Debug:ExtractStackTraceNoAlloc (byte*,int,string)
UnityEngine.StackTraceUtility:ExtractStackTrace () (at /Users/bokken/build/output/unity/unity/Runtime/Export/Scripting/StackTrace.cs:35)
UnityEngine.Object:Destroy (UnityEngine.Object,single)
UnityEngine.Object:Destroy (UnityEngine.Object) (at /Users/bokken/build/output/unity/unity/Runtime/Export/Scripting/UnityEngineObject.bindings.cs:707)
VoxelEngine.Rendering.Vegetation.ProceduralTreeRenderer:DestroyBatchObjects (VoxelEngine.Rendering.Vegetation.ProceduralTreeRenderer/BatchPresentation) (at Assets/VoxelEngine/Rendering/Vegetation/ProceduralTreeRenderer.cs:852)
VoxelEngine.Rendering.Vegetation.ProceduralTreeRenderer:ClearBatches () (at Assets/VoxelEngine/Rendering/Vegetation/ProceduralTreeRenderer.cs:864)
VoxelEngine.Rendering.Vegetation.ProceduralTreeRenderer:ClearGenerated () (at Assets/VoxelEngine/Rendering/Vegetation/ProceduralTreeRenderer.cs:878)
VoxelEngine.Rendering.Vegetation.ProceduralTreeRenderer:OnDestroy () (at Assets/VoxelEngine/Rendering/Vegetation/ProceduralTreeRenderer.cs:887)
UnityEditor.TestTools.TestRunner.CommandLineTest.Executer:ExitApplication (UnityEditor.TestTools.TestRunner.CommandLineTest.Executer/ReturnCodes,string) (at ./Library/PackageCache/com.unity.test-framework@1405238725ab/UnityEditor.TestRunner/CommandLineTest/Executer.cs:83)
UnityEditor.TestTools.TestRunner.CommandLineTest.Executer:ExitIfRunIsCompleted () (at ./Library/PackageCache/com.unity.test-framework@1405238725ab/UnityEditor.TestRunner/CommandLineTest/Executer.cs:74)
UnityEditor.EditorApplication:Internal_CallUpdateFunctions () (at /Users/bokken/build/output/unity/unity/Editor/Mono/EditorApplication.cs:403)

[Assets/VoxelEngine/Rendering/Vegetation/ProceduralTreeRenderer.cs line 852]

TreeBatch_1_0_LOD1: Destroy may not be called from edit mode! Use DestroyImmediate instead.
Destroying an object in edit mode destroys it permanently
UnityEngine.Debug:ExtractStackTraceNoAlloc (byte*,int,string)
UnityEngine.StackTraceUtility:ExtractStackTrace () (at /Users/bokken/build/output/unity/unity/Runtime/Export/Scripting/StackTrace.cs:35)
UnityEngine.Object:Destroy (UnityEngine.Object,single)
UnityEngine.Object:Destroy (UnityEngine.Object) (at /Users/bokken/build/output/unity/unity/Runtime/Export/Scripting/UnityEngineObject.bindings.cs:707)
VoxelEngine.Rendering.Vegetation.ProceduralTreeRenderer:DestroyBatchObjects (VoxelEngine.Rendering.Vegetation.ProceduralTreeRenderer/BatchPresentation) (at Assets/VoxelEngine/Rendering/Vegetation/ProceduralTreeRenderer.cs:852)
VoxelEngine.Rendering.Vegetation.ProceduralTreeRenderer:ClearBatches () (at Assets/VoxelEngine/Rendering/Vegetation/ProceduralTreeRenderer.cs:864)
VoxelEngine.Rendering.Vegetation.ProceduralTreeRenderer:ClearGenerated () (at Assets/VoxelEngine/Rendering/Vegetation/ProceduralTreeRenderer.cs:878)
VoxelEngine.Rendering.Vegetation.ProceduralTreeRenderer:OnDestroy () (at Assets/VoxelEngine/Rendering/Vegetation/ProceduralTreeRenderer.cs:887)
UnityEditor.TestTools.TestRunner.CommandLineTest.Executer:ExitApplication (UnityEditor.TestTools.TestRunner.CommandLineTest.Executer/ReturnCodes,string) (at ./Library/PackageCache/com.unity.test-framework@1405238725ab/UnityEditor.TestRunner/CommandLineTest/Executer.cs:83)
UnityEditor.TestTools.TestRunner.CommandLineTest.Executer:ExitIfRunIsCompleted () (at ./Library/PackageCache/com.unity.test-framework@1405238725ab/UnityEditor.TestRunner/CommandLineTest/Executer.cs:74)
UnityEditor.EditorApplication:Internal_CallUpdateFunctions () (at /Users/bokken/build/output/unity/unity/Editor/Mono/EditorApplication.cs:403)

[Assets/VoxelEngine/Rendering/Vegetation/ProceduralTreeRenderer.cs line 852]

TreeBatch_1_0_LOD2: Destroy may not be called from edit mode! Use DestroyImmediate instead.
Destroying an object in edit mode destroys it permanently
UnityEngine.Debug:ExtractStackTraceNoAlloc (byte*,int,string)
UnityEngine.StackTraceUtility:ExtractStackTrace () (at /Users/bokken/build/output/unity/unity/Runtime/Export/Scripting/StackTrace.cs:35)
UnityEngine.Object:Destroy (UnityEngine.Object,single)
UnityEngine.Object:Destroy (UnityEngine.Object) (at /Users/bokken/build/output/unity/unity/Runtime/Export/Scripting/UnityEngineObject.bindings.cs:707)
VoxelEngine.Rendering.Vegetation.ProceduralTreeRenderer:DestroyBatchObjects (VoxelEngine.Rendering.Vegetation.ProceduralTreeRenderer/BatchPresentation) (at Assets/VoxelEngine/Rendering/Vegetation/ProceduralTreeRenderer.cs:852)
VoxelEngine.Rendering.Vegetation.ProceduralTreeRenderer:ClearBatches () (at Assets/VoxelEngine/Rendering/Vegetation/ProceduralTreeRenderer.cs:864)
VoxelEngine.Rendering.Vegetation.ProceduralTreeRenderer:ClearGenerated () (at Assets/VoxelEngine/Rendering/Vegetation/ProceduralTreeRenderer.cs:878)
VoxelEngine.Rendering.Vegetation.ProceduralTreeRenderer:OnDestroy () (at Assets/VoxelEngine/Rendering/Vegetation/ProceduralTreeRenderer.cs:887)
UnityEditor.TestTools.TestRunner.CommandLineTest.Executer:ExitApplication (UnityEditor.TestTools.TestRunner.CommandLineTest.Executer/ReturnCodes,string) (at ./Library/PackageCache/com.unity.test-framework@1405238725ab/UnityEditor.TestRunner/CommandLineTest/Executer.cs:83)
UnityEditor.TestTools.TestRunner.CommandLineTest.Executer:ExitIfRunIsCompleted () (at ./Library/PackageCache/com.unity.test-framework@1405238725ab/UnityEditor.TestRunner/CommandLineTest/Executer.cs:74)
UnityEditor.EditorApplication:Internal_CallUpdateFunctions () (at /Users/bokken/build/output/unity/unity/Editor/Mono/EditorApplication.cs:403)

[Assets/VoxelEngine/Rendering/Vegetation/ProceduralTreeRenderer.cs line 852]

Tree Batch 1,0: Destroy may not be called from edit mode! Use DestroyImmediate instead.
Destroying an object in edit mode destroys it permanently
UnityEngine.Debug:ExtractStackTraceNoAlloc (byte*,int,string)
UnityEngine.StackTraceUtility:ExtractStackTrace () (at /Users/bokken/build/output/unity/unity/Runtime/Export/Scripting/StackTrace.cs:35)
UnityEngine.Object:Destroy (UnityEngine.Object,single)
UnityEngine.Object:Destroy (UnityEngine.Object) (at /Users/bokken/build/output/unity/unity/Runtime/Export/Scripting/UnityEngineObject.bindings.cs:707)
VoxelEngine.Rendering.Vegetation.ProceduralTreeRenderer:DestroyBatchObjects (VoxelEngine.Rendering.Vegetation.ProceduralTreeRenderer/BatchPresentation) (at Assets/VoxelEngine/Rendering/Vegetation/ProceduralTreeRenderer.cs:857)
VoxelEngine.Rendering.Vegetation.ProceduralTreeRenderer:ClearBatches () (at Assets/VoxelEngine/Rendering/Vegetation/ProceduralTreeRenderer.cs:864)
VoxelEngine.Rendering.Vegetation.ProceduralTreeRenderer:ClearGenerated () (at Assets/VoxelEngine/Rendering/Vegetation/ProceduralTreeRenderer.cs:878)
VoxelEngine.Rendering.Vegetation.ProceduralTreeRenderer:OnDestroy () (at Assets/VoxelEngine/Rendering/Vegetation/ProceduralTreeRenderer.cs:887)
UnityEditor.TestTools.TestRunner.CommandLineTest.Executer:ExitApplication (UnityEditor.TestTools.TestRunner.CommandLineTest.Executer/ReturnCodes,string) (at ./Library/PackageCache/com.unity.test-framework@1405238725ab/UnityEditor.TestRunner/CommandLineTest/Executer.cs:83)
UnityEditor.TestTools.TestRunner.CommandLineTest.Executer:ExitIfRunIsCompleted () (at ./Library/PackageCache/com.unity.test-framework@1405238725ab/UnityEditor.TestRunner/CommandLineTest/Executer.cs:74)
UnityEditor.EditorApplication:Internal_CallUpdateFunctions () (at /Users/bokken/build/output/unity/unity/Editor/Mono/EditorApplication.cs:403)

[Assets/VoxelEngine/Rendering/Vegetation/ProceduralTreeRenderer.cs line 857]

[Physics::Module] Cleanup current backend.
[Physics::Module] Id: 0xf2b8ea05
[Licensing::IpcConnector] LicenseClient-jlashmet-6000.5.6-notifications channel disconnected successfully.
[Licensing::IpcConnector] LicenseClient-jlashmet-6000.5.6 channel disconnected successfully.
Thread 0x177b3f000 may have been prematurely finalized
Thread 0x177bcb000 may have been prematurely finalized
Thread 0x177ce3000 may have been prematurely finalized
Thread 0x177d6f000 may have been prematurely finalized
Thread 0x177dfb000 may have been prematurely finalized
Thread 0x177c57000 may have been prematurely finalized
Thread 0x177e87000 may have been prematurely finalized
Thread 0x177f13000 may have been prematurely finalized
Thread 0x330087000 may have been prematurely finalized
Thread 0x177f9f000 may have been prematurely finalized
Thread 0x330113000 may have been prematurely finalized
Thread 0x33022b000 may have been prematurely finalized
Thread 0x3302b7000 may have been prematurely finalized
Thread 0x33019f000 may have been prematurely finalized
Thread 0x330343000 may have been prematurely finalized
MSBuild server shut down successfully.
AcceleratorClientConnectionCallback - disconnected - :0
Thread 0x331d3b000 may have been prematurely finalized
info: Microsoft.Hosting.Lifetime[0]
      Application is shutting down...
Cleanup mono
CodeReloadManager destroyed
info: Unity.ILPP.Runner.PostProcessingAssemblyLoadContext[0]
      ALC ILPP context 1 is unloading
Leak Detected : Persistent allocates 2 individual allocations. To find out more please enable 'Settings > Jobs > Leak Detection Level > Enabled With Stack Trace' and reproduce the leak again.
debugger-agent: Unable to listen on 44
